Condition,Setting,NoisePct,RepeatID,Threshold,NPredicted,TP,FP,FN,Precision,Recall,F1
Data_LLbetween_0100_LH_075_noise_000pct_rep_01,Full_HG,0,1,0,330,75,255,0,0.227272727272727,1,0.37037037037037
Data_LLbetween_0100_LH_075_noise_000pct_rep_01,Full_HG,0,1,0.00130242180512358,329,75,254,0,0.227963525835866,1,0.371287128712871
Data_LLbetween_0100_LH_075_noise_000pct_rep_01,Full_HG,0,1,0.00260484361024716,327,75,252,0,0.229357798165138,1,0.373134328358209
Data_LLbetween_0100_LH_075_noise_000pct_rep_01,Full_HG,0,1,0.00390726541537074,326,75,251,0,0.230061349693252,1,0.374064837905237
Data_LLbetween_0100_LH_075_noise_000pct_rep_01,Full_HG,0,1,0.00520968722049432,324,75,249,0,0.231481481481481,1,0.37593984962406
Data_LLbetween_0100_LH_075_noise_000pct_rep_01,Full_HG,0,1,0.0065121090256179,321,75,246,0,0.233644859813084,1,0.378787878787879
Data_LLbetween_0100_LH_075_noise_000pct_rep_01,Full_HG,0,1,0.00781453083074148,315,75,240,0,0.238095238095238,1,0.384615384615385
Data_LLbetween_0100_LH_075_noise_000pct_rep_01,Full_HG,0,1,0.00911695263586506,308,75,233,0,0.243506493506494,1,0.391644908616188
Data_LLbetween_0100_LH_075_noise_000pct_rep_01,Full_HG,0,1,0.0104193744409886,292,75,217,0,0.256849315068493,1,0.408719346049046
Data_LLbetween_0100_LH_075_noise_000pct_rep_01,Full_HG,0,1,0.0117217962461122,281,75,206,0,0.266903914590747,1,0.421348314606742
Data_LLbetween_0100_LH_075_noise_000pct_rep_01,Full_HG,0,1,0.0130242180512358,262,75,187,0,0.286259541984733,1,0.445103857566766
Data_LLbetween_0100_LH_075_noise_000pct_rep_01,Full_HG,0,1,0.0143266398563594,249,75,174,0,0.301204819277108,1,0.462962962962963
Data_LLbetween_0100_LH_075_noise_000pct_rep_01,Full_HG,0,1,0.015629061661483,235,75,160,0,0.319148936170213,1,0.483870967741936
Data_LLbetween_0100_LH_075_noise_000pct_rep_01,Full_HG,0,1,0.0169314834666065,215,75,140,0,0.348837209302326,1,0.517241379310345
Data_LLbetween_0100_LH_075_noise_000pct_rep_01,Full_HG,0,1,0.0182339052717301,192,75,117,0,0.390625,1,0.561797752808989
Data_LLbetween_0100_LH_075_noise_000pct_rep_01,Full_HG,0,1,0.0195363270768537,166,75,91,0,0.451807228915663,1,0.622406639004149
Data_LLbetween_0100_LH_075_noise_000pct_rep_01,Full_HG,0,1,0.0208387488819773,150,75,75,0,0.5,1,0.666666666666667
Data_LLbetween_0100_LH_075_noise_000pct_rep_01,Full_HG,0,1,0.0221411706871009,136,75,61,0,0.551470588235294,1,0.710900473933649
Data_LLbetween_0100_LH_075_noise_000pct_rep_01,Full_HG,0,1,0.0234435924922244,118,75,43,0,0.635593220338983,1,0.77720207253886
Data_LLbetween_0100_LH_075_noise_000pct_rep_01,Full_HG,0,1,0.024746014297348,105,75,30,0,0.714285714285714,1,0.833333333333333
Data_LLbetween_0100_LH_075_noise_000pct_rep_01,Full_HG,0,1,0.0260484361024716,92,75,17,0,0.815217391304348,1,0.898203592814371
Data_LLbetween_0100_LH_075_noise_000pct_rep_01,Full_HG,0,1,0.0273508579075952,88,75,13,0,0.852272727272727,1,0.920245398773006
Data_LLbetween_0100_LH_075_noise_000pct_rep_01,Full_HG,0,1,0.0286532797127187,84,75,9,0,0.892857142857143,1,0.943396226415094
Data_LLbetween_0100_LH_075_noise_000pct_rep_01,Full_HG,0,1,0.0299557015178423,82,75,7,0,0.914634146341463,1,0.955414012738854
Data_LLbetween_0100_LH_075_noise_000pct_rep_01,Full_HG,0,1,0.0312581233229659,78,75,3,0,0.961538461538462,1,0.980392156862745
Data_LLbetween_0100_LH_075_noise_000pct_rep_01,Full_HG,0,1,0.0325605451280895,77,75,2,0,0.974025974025974,1,0.986842105263158
Data_LLbetween_0100_LH_075_noise_000pct_rep_01,Full_HG,0,1,0.0338629669332131,76,75,1,0,0.986842105263158,1,0.993377483443709
Data_LLbetween_0100_LH_075_noise_000pct_rep_01,Full_HG,0,1,0.0351653887383366,76,75,1,0,0.986842105263158,1,0.993377483443709
Data_LLbetween_0100_LH_075_noise_000pct_rep_01,Full_HG,0,1,0.0364678105434602,75,75,0,0,1,1,1
Data_LLbetween_0100_LH_075_noise_000pct_rep_01,Full_HG,0,1,0.0377702323485838,75,75,0,0,1,1,1
Data_LLbetween_0100_LH_075_noise_000pct_rep_01,Full_HG,0,1,0.0390726541537074,75,75,0,0,1,1,1
Data_LLbetween_0100_LH_075_noise_000pct_rep_01,Full_HG,0,1,0.040375075958831,75,75,0,0,1,1,1
Data_LLbetween_0100_LH_075_noise_000pct_rep_01,Full_HG,0,1,0.0416774977639545,75,75,0,0,1,1,1
Data_LLbetween_0100_LH_075_noise_000pct_rep_01,Full_HG,0,1,0.0429799195690781,75,75,0,0,1,1,1
Data_LLbetween_0100_LH_075_noise_000pct_rep_01,Full_HG,0,1,0.0442823413742017,75,75,0,0,1,1,1
Data_LLbetween_0100_LH_075_noise_000pct_rep_01,Full_HG,0,1,0.0455847631793253,75,75,0,0,1,1,1
Data_LLbetween_0100_LH_075_noise_000pct_rep_01,Full_HG,0,1,0.0468871849844489,75,75,0,0,1,1,1
Data_LLbetween_0100_LH_075_noise_000pct_rep_01,Full_HG,0,1,0.0481896067895724,75,75,0,0,1,1,1
Data_LLbetween_0100_LH_075_noise_000pct_rep_01,Full_HG,0,1,0.049492028594696,75,75,0,0,1,1,1
Data_LLbetween_0100_LH_075_noise_000pct_rep_01,Full_HG,0,1,0.0507944503998196,75,75,0,0,1,1,1
Data_LLbetween_0100_LH_075_noise_000pct_rep_01,Full_HG,0,1,0.0520968722049432,75,75,0,0,1,1,1
Data_LLbetween_0100_LH_075_noise_000pct_rep_01,Full_HG,0,1,0.0533992940100668,75,75,0,0,1,1,1
Data_LLbetween_0100_LH_075_noise_000pct_rep_01,Full_HG,0,1,0.0547017158151903,75,75,0,0,1,1,1
Data_LLbetween_0100_LH_075_noise_000pct_rep_01,Full_HG,0,1,0.0560041376203139,75,75,0,0,1,1,1
Data_LLbetween_0100_LH_075_noise_000pct_rep_01,Full_HG,0,1,0.0573065594254375,75,75,0,0,1,1,1
Data_LLbetween_0100_LH_075_noise_000pct_rep_01,Full_HG,0,1,0.0586089812305611,75,75,0,0,1,1,1
Data_LLbetween_0100_LH_075_noise_000pct_rep_01,Full_HG,0,1,0.0599114030356847,75,75,0,0,1,1,1
Data_LLbetween_0100_LH_075_noise_000pct_rep_01,Full_HG,0,1,0.0612138248408082,75,75,0,0,1,1,1
Data_LLbetween_0100_LH_075_noise_000pct_rep_01,Full_HG,0,1,0.0625162466459318,75,75,0,0,1,1,1
Data_LLbetween_0100_LH_075_noise_000pct_rep_01,Full_HG,0,1,0.0638186684510554,75,75,0,0,1,1,1
Data_LLbetween_0100_LH_075_noise_000pct_rep_01,Full_HG,0,1,0.065121090256179,75,75,0,0,1,1,1
Data_LLbetween_0100_LH_075_noise_000pct_rep_01,Full_HG,0,1,0.0664235120613026,75,75,0,0,1,1,1
Data_LLbetween_0100_LH_075_noise_000pct_rep_01,Full_HG,0,1,0.0677259338664261,75,75,0,0,1,1,1
Data_LLbetween_0100_LH_075_noise_000pct_rep_01,Full_HG,0,1,0.0690283556715497,75,75,0,0,1,1,1
Data_LLbetween_0100_LH_075_noise_000pct_rep_01,Full_HG,0,1,0.0703307774766733,75,75,0,0,1,1,1
Data_LLbetween_0100_LH_075_noise_000pct_rep_01,Full_HG,0,1,0.0716331992817969,75,75,0,0,1,1,1
Data_LLbetween_0100_LH_075_noise_000pct_rep_01,Full_HG,0,1,0.0729356210869204,75,75,0,0,1,1,1
Data_LLbetween_0100_LH_075_noise_000pct_rep_01,Full_HG,0,1,0.074238042892044,75,75,0,0,1,1,1
Data_LLbetween_0100_LH_075_noise_000pct_rep_01,Full_HG,0,1,0.0755404646971676,75,75,0,0,1,1,1
Data_LLbetween_0100_LH_075_noise_000pct_rep_01,Full_HG,0,1,0.0768428865022912,75,75,0,0,1,1,1
Data_LLbetween_0100_LH_075_noise_000pct_rep_01,Full_HG,0,1,0.0781453083074148,75,75,0,0,1,1,1
Data_LLbetween_0100_LH_075_noise_000pct_rep_01,Full_HG,0,1,0.0794477301125383,75,75,0,0,1,1,1
Data_LLbetween_0100_LH_075_noise_000pct_rep_01,Full_HG,0,1,0.0807501519176619,75,75,0,0,1,1,1
Data_LLbetween_0100_LH_075_noise_000pct_rep_01,Full_HG,0,1,0.0820525737227855,75,75,0,0,1,1,1
Data_LLbetween_0100_LH_075_noise_000pct_rep_01,Full_HG,0,1,0.0833549955279091,75,75,0,0,1,1,1
Data_LLbetween_0100_LH_075_noise_000pct_rep_01,Full_HG,0,1,0.0846574173330327,75,75,0,0,1,1,1
Data_LLbetween_0100_LH_075_noise_000pct_rep_01,Full_HG,0,1,0.0859598391381562,75,75,0,0,1,1,1
Data_LLbetween_0100_LH_075_noise_000pct_rep_01,Full_HG,0,1,0.0872622609432798,75,75,0,0,1,1,1
Data_LLbetween_0100_LH_075_noise_000pct_rep_01,Full_HG,0,1,0.0885646827484034,75,75,0,0,1,1,1
Data_LLbetween_0100_LH_075_noise_000pct_rep_01,Full_HG,0,1,0.089867104553527,75,75,0,0,1,1,1
Data_LLbetween_0100_LH_075_noise_000pct_rep_01,Full_HG,0,1,0.0911695263586506,75,75,0,0,1,1,1
Data_LLbetween_0100_LH_075_noise_000pct_rep_01,Full_HG,0,1,0.0924719481637741,75,75,0,0,1,1,1
Data_LLbetween_0100_LH_075_noise_000pct_rep_01,Full_HG,0,1,0.0937743699688977,75,75,0,0,1,1,1
Data_LLbetween_0100_LH_075_noise_000pct_rep_01,Full_HG,0,1,0.0950767917740213,75,75,0,0,1,1,1
Data_LLbetween_0100_LH_075_noise_000pct_rep_01,Full_HG,0,1,0.0963792135791449,75,75,0,0,1,1,1
Data_LLbetween_0100_LH_075_noise_000pct_rep_01,Full_HG,0,1,0.0976816353842685,75,75,0,0,1,1,1
Data_LLbetween_0100_LH_075_noise_000pct_rep_01,Full_HG,0,1,0.098984057189392,75,75,0,0,1,1,1
Data_LLbetween_0100_LH_075_noise_000pct_rep_01,Full_HG,0,1,0.100286478994516,75,75,0,0,1,1,1
Data_LLbetween_0100_LH_075_noise_000pct_rep_01,Full_HG,0,1,0.101588900799639,75,75,0,0,1,1,1
Data_LLbetween_0100_LH_075_noise_000pct_rep_01,Full_HG,0,1,0.102891322604763,75,75,0,0,1,1,1
Data_LLbetween_0100_LH_075_noise_000pct_rep_01,Full_HG,0,1,0.104193744409886,75,75,0,0,1,1,1
Data_LLbetween_0100_LH_075_noise_000pct_rep_01,Full_HG,0,1,0.10549616621501,75,75,0,0,1,1,1
Data_LLbetween_0100_LH_075_noise_000pct_rep_01,Full_HG,0,1,0.106798588020134,75,75,0,0,1,1,1
Data_LLbetween_0100_LH_075_noise_000pct_rep_01,Full_HG,0,1,0.108101009825257,75,75,0,0,1,1,1
Data_LLbetween_0100_LH_075_noise_000pct_rep_01,Full_HG,0,1,0.109403431630381,75,75,0,0,1,1,1
Data_LLbetween_0100_LH_075_noise_000pct_rep_01,Full_HG,0,1,0.110705853435504,75,75,0,0,1,1,1
Data_LLbetween_0100_LH_075_noise_000pct_rep_01,Full_HG,0,1,0.112008275240628,75,75,0,0,1,1,1
Data_LLbetween_0100_LH_075_noise_000pct_rep_01,Full_HG,0,1,0.113310697045751,75,75,0,0,1,1,1
Data_LLbetween_0100_LH_075_noise_000pct_rep_01,Full_HG,0,1,0.114613118850875,75,75,0,0,1,1,1
Data_LLbetween_0100_LH_075_noise_000pct_rep_01,Full_HG,0,1,0.115915540655999,75,75,0,0,1,1,1
Data_LLbetween_0100_LH_075_noise_000pct_rep_01,Full_HG,0,1,0.117217962461122,75,75,0,0,1,1,1
Data_LLbetween_0100_LH_075_noise_000pct_rep_01,Full_HG,0,1,0.118520384266246,75,75,0,0,1,1,1
Data_LLbetween_0100_LH_075_noise_000pct_rep_01,Full_HG,0,1,0.119822806071369,75,75,0,0,1,1,1
Data_LLbetween_0100_LH_075_noise_000pct_rep_01,Full_HG,0,1,0.121125227876493,75,75,0,0,1,1,1
Data_LLbetween_0100_LH_075_noise_000pct_rep_01,Full_HG,0,1,0.122427649681616,75,75,0,0,1,1,1
Data_LLbetween_0100_LH_075_noise_000pct_rep_01,Full_HG,0,1,0.12373007148674,75,75,0,0,1,1,1
Data_LLbetween_0100_LH_075_noise_000pct_rep_01,Full_HG,0,1,0.125032493291864,75,75,0,0,1,1,1
Data_LLbetween_0100_LH_075_noise_000pct_rep_01,Full_HG,0,1,0.126334915096987,75,75,0,0,1,1,1
Data_LLbetween_0100_LH_075_noise_000pct_rep_01,Full_HG,0,1,0.127637336902111,75,75,0,0,1,1,1
Data_LLbetween_0100_LH_075_noise_000pct_rep_01,Full_HG,0,1,0.128939758707234,75,75,0,0,1,1,1
Data_LLbetween_0100_LH_075_noise_000pct_rep_01,Full_HG,0,1,0.130242180512358,75,75,0,0,1,1,1
Data_LLbetween_0100_LH_075_noise_000pct_rep_01,Full_HG,0,1,0.131544602317482,75,75,0,0,1,1,1
Data_LLbetween_0100_LH_075_noise_000pct_rep_01,Full_HG,0,1,0.132847024122605,75,75,0,0,1,1,1
Data_LLbetween_0100_LH_075_noise_000pct_rep_01,Full_HG,0,1,0.134149445927729,75,75,0,0,1,1,1
Data_LLbetween_0100_LH_075_noise_000pct_rep_01,Full_HG,0,1,0.135451867732852,75,75,0,0,1,1,1
Data_LLbetween_0100_LH_075_noise_000pct_rep_01,Full_HG,0,1,0.136754289537976,75,75,0,0,1,1,1
Data_LLbetween_0100_LH_075_noise_000pct_rep_01,Full_HG,0,1,0.138056711343099,75,75,0,0,1,1,1
Data_LLbetween_0100_LH_075_noise_000pct_rep_01,Full_HG,0,1,0.139359133148223,75,75,0,0,1,1,1
Data_LLbetween_0100_LH_075_noise_000pct_rep_01,Full_HG,0,1,0.140661554953347,75,75,0,0,1,1,1
Data_LLbetween_0100_LH_075_noise_000pct_rep_01,Full_HG,0,1,0.14196397675847,75,75,0,0,1,1,1
Data_LLbetween_0100_LH_075_noise_000pct_rep_01,Full_HG,0,1,0.143266398563594,75,75,0,0,1,1,1
Data_LLbetween_0100_LH_075_noise_000pct_rep_01,Full_HG,0,1,0.144568820368717,75,75,0,0,1,1,1
Data_LLbetween_0100_LH_075_noise_000pct_rep_01,Full_HG,0,1,0.145871242173841,75,75,0,0,1,1,1
Data_LLbetween_0100_LH_075_noise_000pct_rep_01,Full_HG,0,1,0.147173663978964,75,75,0,0,1,1,1
Data_LLbetween_0100_LH_075_noise_000pct_rep_01,Full_HG,0,1,0.148476085784088,75,75,0,0,1,1,1
Data_LLbetween_0100_LH_075_noise_000pct_rep_01,Full_HG,0,1,0.149778507589212,75,75,0,0,1,1,1
Data_LLbetween_0100_LH_075_noise_000pct_rep_01,Full_HG,0,1,0.151080929394335,75,75,0,0,1,1,1
Data_LLbetween_0100_LH_075_noise_000pct_rep_01,Full_HG,0,1,0.152383351199459,75,75,0,0,1,1,1
Data_LLbetween_0100_LH_075_noise_000pct_rep_01,Full_HG,0,1,0.153685773004582,75,75,0,0,1,1,1
Data_LLbetween_0100_LH_075_noise_000pct_rep_01,Full_HG,0,1,0.154988194809706,75,75,0,0,1,1,1
Data_LLbetween_0100_LH_075_noise_000pct_rep_01,Full_HG,0,1,0.15629061661483,75,75,0,0,1,1,1
Data_LLbetween_0100_LH_075_noise_000pct_rep_01,Full_HG,0,1,0.157593038419953,75,75,0,0,1,1,1
Data_LLbetween_0100_LH_075_noise_000pct_rep_01,Full_HG,0,1,0.158895460225077,75,75,0,0,1,1,1
Data_LLbetween_0100_LH_075_noise_000pct_rep_01,Full_HG,0,1,0.1601978820302,75,75,0,0,1,1,1
Data_LLbetween_0100_LH_075_noise_000pct_rep_01,Full_HG,0,1,0.161500303835324,75,75,0,0,1,1,1
Data_LLbetween_0100_LH_075_noise_000pct_rep_01,Full_HG,0,1,0.162802725640447,75,75,0,0,1,1,1
Data_LLbetween_0100_LH_075_noise_000pct_rep_01,Full_HG,0,1,0.164105147445571,75,75,0,0,1,1,1
Data_LLbetween_0100_LH_075_noise_000pct_rep_01,Full_HG,0,1,0.165407569250695,75,75,0,0,1,1,1
Data_LLbetween_0100_LH_075_noise_000pct_rep_01,Full_HG,0,1,0.166709991055818,75,75,0,0,1,1,1
Data_LLbetween_0100_LH_075_noise_000pct_rep_01,Full_HG,0,1,0.168012412860942,75,75,0,0,1,1,1
Data_LLbetween_0100_LH_075_noise_000pct_rep_01,Full_HG,0,1,0.169314834666065,75,75,0,0,1,1,1
Data_LLbetween_0100_LH_075_noise_000pct_rep_01,Full_HG,0,1,0.170617256471189,75,75,0,0,1,1,1
Data_LLbetween_0100_LH_075_noise_000pct_rep_01,Full_HG,0,1,0.171919678276312,75,75,0,0,1,1,1
Data_LLbetween_0100_LH_075_noise_000pct_rep_01,Full_HG,0,1,0.173222100081436,75,75,0,0,1,1,1
Data_LLbetween_0100_LH_075_noise_000pct_rep_01,Full_HG,0,1,0.17452452188656,75,75,0,0,1,1,1
Data_LLbetween_0100_LH_075_noise_000pct_rep_01,Full_HG,0,1,0.175826943691683,75,75,0,0,1,1,1
Data_LLbetween_0100_LH_075_noise_000pct_rep_01,Full_HG,0,1,0.177129365496807,75,75,0,0,1,1,1
Data_LLbetween_0100_LH_075_noise_000pct_rep_01,Full_HG,0,1,0.17843178730193,75,75,0,0,1,1,1
Data_LLbetween_0100_LH_075_noise_000pct_rep_01,Full_HG,0,1,0.179734209107054,75,75,0,0,1,1,1
Data_LLbetween_0100_LH_075_noise_000pct_rep_01,Full_HG,0,1,0.181036630912178,75,75,0,0,1,1,1
Data_LLbetween_0100_LH_075_noise_000pct_rep_01,Full_HG,0,1,0.182339052717301,75,75,0,0,1,1,1
Data_LLbetween_0100_LH_075_noise_000pct_rep_01,Full_HG,0,1,0.183641474522425,75,75,0,0,1,1,1
Data_LLbetween_0100_LH_075_noise_000pct_rep_01,Full_HG,0,1,0.184943896327548,75,75,0,0,1,1,1
Data_LLbetween_0100_LH_075_noise_000pct_rep_01,Full_HG,0,1,0.186246318132672,75,75,0,0,1,1,1
Data_LLbetween_0100_LH_075_noise_000pct_rep_01,Full_HG,0,1,0.187548739937795,75,75,0,0,1,1,1
Data_LLbetween_0100_LH_075_noise_000pct_rep_01,Full_HG,0,1,0.188851161742919,75,75,0,0,1,1,1
Data_LLbetween_0100_LH_075_noise_000pct_rep_01,Full_HG,0,1,0.190153583548043,75,75,0,0,1,1,1
Data_LLbetween_0100_LH_075_noise_000pct_rep_01,Full_HG,0,1,0.191456005353166,75,75,0,0,1,1,1
Data_LLbetween_0100_LH_075_noise_000pct_rep_01,Full_HG,0,1,0.19275842715829,75,75,0,0,1,1,1
Data_LLbetween_0100_LH_075_noise_000pct_rep_01,Full_HG,0,1,0.194060848963413,75,75,0,0,1,1,1
Data_LLbetween_0100_LH_075_noise_000pct_rep_01,Full_HG,0,1,0.195363270768537,75,75,0,0,1,1,1
Data_LLbetween_0100_LH_075_noise_000pct_rep_01,Full_HG,0,1,0.19666569257366,75,75,0,0,1,1,1
Data_LLbetween_0100_LH_075_noise_000pct_rep_01,Full_HG,0,1,0.197968114378784,75,75,0,0,1,1,1
Data_LLbetween_0100_LH_075_noise_000pct_rep_01,Full_HG,0,1,0.199270536183908,75,75,0,0,1,1,1
Data_LLbetween_0100_LH_075_noise_000pct_rep_01,Full_HG,0,1,0.200572957989031,75,75,0,0,1,1,1
Data_LLbetween_0100_LH_075_noise_000pct_rep_01,Full_HG,0,1,0.201875379794155,75,75,0,0,1,1,1
Data_LLbetween_0100_LH_075_noise_000pct_rep_01,Full_HG,0,1,0.203177801599278,75,75,0,0,1,1,1
Data_LLbetween_0100_LH_075_noise_000pct_rep_01,Full_HG,0,1,0.204480223404402,75,75,0,0,1,1,1
Data_LLbetween_0100_LH_075_noise_000pct_rep_01,Full_HG,0,1,0.205782645209526,75,75,0,0,1,1,1
Data_LLbetween_0100_LH_075_noise_000pct_rep_01,Full_HG,0,1,0.207085067014649,75,75,0,0,1,1,1
Data_LLbetween_0100_LH_075_noise_000pct_rep_01,Full_HG,0,1,0.208387488819773,75,75,0,0,1,1,1
Data_LLbetween_0100_LH_075_noise_000pct_rep_01,Full_HG,0,1,0.209689910624896,75,75,0,0,1,1,1
Data_LLbetween_0100_LH_075_noise_000pct_rep_01,Full_HG,0,1,0.21099233243002,75,75,0,0,1,1,1
Data_LLbetween_0100_LH_075_noise_000pct_rep_01,Full_HG,0,1,0.212294754235143,75,75,0,0,1,1,1
Data_LLbetween_0100_LH_075_noise_000pct_rep_01,Full_HG,0,1,0.213597176040267,75,75,0,0,1,1,1
Data_LLbetween_0100_LH_075_noise_000pct_rep_01,Full_HG,0,1,0.214899597845391,75,75,0,0,1,1,1
Data_LLbetween_0100_LH_075_noise_000pct_rep_01,Full_HG,0,1,0.216202019650514,75,75,0,0,1,1,1
Data_LLbetween_0100_LH_075_noise_000pct_rep_01,Full_HG,0,1,0.217504441455638,75,75,0,0,1,1,1
Data_LLbetween_0100_LH_075_noise_000pct_rep_01,Full_HG,0,1,0.218806863260761,75,75,0,0,1,1,1
Data_LLbetween_0100_LH_075_noise_000pct_rep_01,Full_HG,0,1,0.220109285065885,75,75,0,0,1,1,1
Data_LLbetween_0100_LH_075_noise_000pct_rep_01,Full_HG,0,1,0.221411706871009,75,75,0,0,1,1,1
Data_LLbetween_0100_LH_075_noise_000pct_rep_01,Full_HG,0,1,0.222714128676132,75,75,0,0,1,1,1
Data_LLbetween_0100_LH_075_noise_000pct_rep_01,Full_HG,0,1,0.224016550481256,75,75,0,0,1,1,1
Data_LLbetween_0100_LH_075_noise_000pct_rep_01,Full_HG,0,1,0.225318972286379,75,75,0,0,1,1,1
Data_LLbetween_0100_LH_075_noise_000pct_rep_01,Full_HG,0,1,0.226621394091503,75,75,0,0,1,1,1
Data_LLbetween_0100_LH_075_noise_000pct_rep_01,Full_HG,0,1,0.227923815896626,75,75,0,0,1,1,1
Data_LLbetween_0100_LH_075_noise_000pct_rep_01,Full_HG,0,1,0.22922623770175,75,75,0,0,1,1,1
Data_LLbetween_0100_LH_075_noise_000pct_rep_01,Full_HG,0,1,0.230528659506874,74,74,0,1,1,0.986666666666667,0.993288590604027
Data_LLbetween_0100_LH_075_noise_000pct_rep_01,Full_HG,0,1,0.231831081311997,74,74,0,1,1,0.986666666666667,0.993288590604027
Data_LLbetween_0100_LH_075_noise_000pct_rep_01,Full_HG,0,1,0.233133503117121,74,74,0,1,1,0.986666666666667,0.993288590604027
Data_LLbetween_0100_LH_075_noise_000pct_rep_01,Full_HG,0,1,0.234435924922244,74,74,0,1,1,0.986666666666667,0.993288590604027
Data_LLbetween_0100_LH_075_noise_000pct_rep_01,Full_HG,0,1,0.235738346727368,74,74,0,1,1,0.986666666666667,0.993288590604027
Data_LLbetween_0100_LH_075_noise_000pct_rep_01,Full_HG,0,1,0.237040768532491,74,74,0,1,1,0.986666666666667,0.993288590604027
Data_LLbetween_0100_LH_075_noise_000pct_rep_01,Full_HG,0,1,0.238343190337615,74,74,0,1,1,0.986666666666667,0.993288590604027
Data_LLbetween_0100_LH_075_noise_000pct_rep_01,Full_HG,0,1,0.239645612142739,74,74,0,1,1,0.986666666666667,0.993288590604027
Data_LLbetween_0100_LH_075_noise_000pct_rep_01,Full_HG,0,1,0.240948033947862,74,74,0,1,1,0.986666666666667,0.993288590604027
Data_LLbetween_0100_LH_075_noise_000pct_rep_01,Full_HG,0,1,0.242250455752986,74,74,0,1,1,0.986666666666667,0.993288590604027
Data_LLbetween_0100_LH_075_noise_000pct_rep_01,Full_HG,0,1,0.243552877558109,73,73,0,2,1,0.973333333333333,0.986486486486487
Data_LLbetween_0100_LH_075_noise_000pct_rep_01,Full_HG,0,1,0.244855299363233,73,73,0,2,1,0.973333333333333,0.986486486486487
Data_LLbetween_0100_LH_075_noise_000pct_rep_01,Full_HG,0,1,0.246157721168356,73,73,0,2,1,0.973333333333333,0.986486486486487
Data_LLbetween_0100_LH_075_noise_000pct_rep_01,Full_HG,0,1,0.24746014297348,73,73,0,2,1,0.973333333333333,0.986486486486487
Data_LLbetween_0100_LH_075_noise_000pct_rep_01,Full_HG,0,1,0.248762564778604,72,72,0,3,1,0.96,0.979591836734694
Data_LLbetween_0100_LH_075_noise_000pct_rep_01,Full_HG,0,1,0.250064986583727,72,72,0,3,1,0.96,0.979591836734694
Data_LLbetween_0100_LH_075_noise_000pct_rep_01,Full_HG,0,1,0.251367408388851,72,72,0,3,1,0.96,0.979591836734694
Data_LLbetween_0100_LH_075_noise_000pct_rep_01,Full_HG,0,1,0.252669830193974,72,72,0,3,1,0.96,0.979591836734694
Data_LLbetween_0100_LH_075_noise_000pct_rep_01,Full_HG,0,1,0.253972251999098,72,72,0,3,1,0.96,0.979591836734694
Data_LLbetween_0100_LH_075_noise_000pct_rep_01,Full_HG,0,1,0.255274673804222,71,71,0,4,1,0.946666666666667,0.972602739726027
Data_LLbetween_0100_LH_075_noise_000pct_rep_01,Full_HG,0,1,0.256577095609345,71,71,0,4,1,0.946666666666667,0.972602739726027
Data_LLbetween_0100_LH_075_noise_000pct_rep_01,Full_HG,0,1,0.257879517414469,71,71,0,4,1,0.946666666666667,0.972602739726027
Data_LLbetween_0100_LH_075_noise_000pct_rep_01,Full_HG,0,1,0.259181939219592,71,71,0,4,1,0.946666666666667,0.972602739726027
Data_LLbetween_0100_LH_075_noise_000pct_rep_01,Full_HG,0,1,0.260484361024716,70,70,0,5,1,0.933333333333333,0.96551724137931
Data_LLbetween_0100_LH_075_noise_000pct_rep_01,Full_HG,0,1,0.261786782829839,69,69,0,6,1,0.92,0.958333333333333
Data_LLbetween_0100_LH_075_noise_000pct_rep_01,Full_HG,0,1,0.263089204634963,69,69,0,6,1,0.92,0.958333333333333
Data_LLbetween_0100_LH_075_noise_000pct_rep_01,Full_HG,0,1,0.264391626440087,69,69,0,6,1,0.92,0.958333333333333
Data_LLbetween_0100_LH_075_noise_000pct_rep_01,Full_HG,0,1,0.26569404824521,68,68,0,7,1,0.906666666666667,0.951048951048951
Data_LLbetween_0100_LH_075_noise_000pct_rep_01,Full_HG,0,1,0.266996470050334,68,68,0,7,1,0.906666666666667,0.951048951048951
Data_LLbetween_0100_LH_075_noise_000pct_rep_01,Full_HG,0,1,0.268298891855457,68,68,0,7,1,0.906666666666667,0.951048951048951
Data_LLbetween_0100_LH_075_noise_000pct_rep_01,Full_HG,0,1,0.269601313660581,68,68,0,7,1,0.906666666666667,0.951048951048951
Data_LLbetween_0100_LH_075_noise_000pct_rep_01,Full_HG,0,1,0.270903735465705,68,68,0,7,1,0.906666666666667,0.951048951048951
Data_LLbetween_0100_LH_075_noise_000pct_rep_01,Full_HG,0,1,0.272206157270828,68,68,0,7,1,0.906666666666667,0.951048951048951
Data_LLbetween_0100_LH_075_noise_000pct_rep_01,Full_HG,0,1,0.273508579075952,68,68,0,7,1,0.906666666666667,0.951048951048951
Data_LLbetween_0100_LH_075_noise_000pct_rep_01,Full_HG,0,1,0.274811000881075,68,68,0,7,1,0.906666666666667,0.951048951048951
Data_LLbetween_0100_LH_075_noise_000pct_rep_01,Full_HG,0,1,0.276113422686199,68,68,0,7,1,0.906666666666667,0.951048951048951
Data_LLbetween_0100_LH_075_noise_000pct_rep_01,Full_HG,0,1,0.277415844491322,67,67,0,8,1,0.893333333333333,0.943661971830986
Data_LLbetween_0100_LH_075_noise_000pct_rep_01,Full_HG,0,1,0.278718266296446,67,67,0,8,1,0.893333333333333,0.943661971830986
Data_LLbetween_0100_LH_075_noise_000pct_rep_01,Full_HG,0,1,0.28002068810157,67,67,0,8,1,0.893333333333333,0.943661971830986
Data_LLbetween_0100_LH_075_noise_000pct_rep_01,Full_HG,0,1,0.281323109906693,67,67,0,8,1,0.893333333333333,0.943661971830986
Data_LLbetween_0100_LH_075_noise_000pct_rep_01,Full_HG,0,1,0.282625531711817,67,67,0,8,1,0.893333333333333,0.943661971830986
Data_LLbetween_0100_LH_075_noise_000pct_rep_01,Full_HG,0,1,0.28392795351694,67,67,0,8,1,0.893333333333333,0.943661971830986
Data_LLbetween_0100_LH_075_noise_000pct_rep_01,Full_HG,0,1,0.285230375322064,67,67,0,8,1,0.893333333333333,0.943661971830986
Data_LLbetween_0100_LH_075_noise_000pct_rep_01,Full_HG,0,1,0.286532797127187,67,67,0,8,1,0.893333333333333,0.943661971830986
Data_LLbetween_0100_LH_075_noise_000pct_rep_01,Full_HG,0,1,0.287835218932311,67,67,0,8,1,0.893333333333333,0.943661971830986
Data_LLbetween_0100_LH_075_noise_000pct_rep_01,Full_HG,0,1,0.289137640737435,67,67,0,8,1,0.893333333333333,0.943661971830986
Data_LLbetween_0100_LH_075_noise_000pct_rep_01,Full_HG,0,1,0.290440062542558,67,67,0,8,1,0.893333333333333,0.943661971830986
Data_LLbetween_0100_LH_075_noise_000pct_rep_01,Full_HG,0,1,0.291742484347682,67,67,0,8,1,0.893333333333333,0.943661971830986
Data_LLbetween_0100_LH_075_noise_000pct_rep_01,Full_HG,0,1,0.293044906152805,67,67,0,8,1,0.893333333333333,0.943661971830986
Data_LLbetween_0100_LH_075_noise_000pct_rep_01,Full_HG,0,1,0.294347327957929,67,67,0,8,1,0.893333333333333,0.943661971830986
Data_LLbetween_0100_LH_075_noise_000pct_rep_01,Full_HG,0,1,0.295649749763053,67,67,0,8,1,0.893333333333333,0.943661971830986
Data_LLbetween_0100_LH_075_noise_000pct_rep_01,Full_HG,0,1,0.296952171568176,67,67,0,8,1,0.893333333333333,0.943661971830986
Data_LLbetween_0100_LH_075_noise_000pct_rep_01,Full_HG,0,1,0.2982545933733,67,67,0,8,1,0.893333333333333,0.943661971830986
Data_LLbetween_0100_LH_075_noise_000pct_rep_01,Full_HG,0,1,0.299557015178423,67,67,0,8,1,0.893333333333333,0.943661971830986
Data_LLbetween_0100_LH_075_noise_000pct_rep_01,Full_HG,0,1,0.300859436983547,67,67,0,8,1,0.893333333333333,0.943661971830986
Data_LLbetween_0100_LH_075_noise_000pct_rep_01,Full_HG,0,1,0.30216185878867,67,67,0,8,1,0.893333333333333,0.943661971830986
Data_LLbetween_0100_LH_075_noise_000pct_rep_01,Full_HG,0,1,0.303464280593794,67,67,0,8,1,0.893333333333333,0.943661971830986
Data_LLbetween_0100_LH_075_noise_000pct_rep_01,Full_HG,0,1,0.304766702398918,67,67,0,8,1,0.893333333333333,0.943661971830986
Data_LLbetween_0100_LH_075_noise_000pct_rep_01,Full_HG,0,1,0.306069124204041,67,67,0,8,1,0.893333333333333,0.943661971830986
Data_LLbetween_0100_LH_075_noise_000pct_rep_01,Full_HG,0,1,0.307371546009165,67,67,0,8,1,0.893333333333333,0.943661971830986
Data_LLbetween_0100_LH_075_noise_000pct_rep_01,Full_HG,0,1,0.308673967814288,67,67,0,8,1,0.893333333333333,0.943661971830986
Data_LLbetween_0100_LH_075_noise_000pct_rep_01,Full_HG,0,1,0.309976389619412,67,67,0,8,1,0.893333333333333,0.943661971830986
Data_LLbetween_0100_LH_075_noise_000pct_rep_01,Full_HG,0,1,0.311278811424536,67,67,0,8,1,0.893333333333333,0.943661971830986
Data_LLbetween_0100_LH_075_noise_000pct_rep_01,Full_HG,0,1,0.312581233229659,67,67,0,8,1,0.893333333333333,0.943661971830986
Data_LLbetween_0100_LH_075_noise_000pct_rep_01,Full_HG,0,1,0.313883655034783,67,67,0,8,1,0.893333333333333,0.943661971830986
Data_LLbetween_0100_LH_075_noise_000pct_rep_01,Full_HG,0,1,0.315186076839906,67,67,0,8,1,0.893333333333333,0.943661971830986
Data_LLbetween_0100_LH_075_noise_000pct_rep_01,Full_HG,0,1,0.31648849864503,67,67,0,8,1,0.893333333333333,0.943661971830986
Data_LLbetween_0100_LH_075_noise_000pct_rep_01,Full_HG,0,1,0.317790920450153,66,66,0,9,1,0.88,0.936170212765957
Data_LLbetween_0100_LH_075_noise_000pct_rep_01,Full_HG,0,1,0.319093342255277,66,66,0,9,1,0.88,0.936170212765957
Data_LLbetween_0100_LH_075_noise_000pct_rep_01,Full_HG,0,1,0.320395764060401,66,66,0,9,1,0.88,0.936170212765957
Data_LLbetween_0100_LH_075_noise_000pct_rep_01,Full_HG,0,1,0.321698185865524,65,65,0,10,1,0.866666666666667,0.928571428571429
Data_LLbetween_0100_LH_075_noise_000pct_rep_01,Full_HG,0,1,0.323000607670648,65,65,0,10,1,0.866666666666667,0.928571428571429
Data_LLbetween_0100_LH_075_noise_000pct_rep_01,Full_HG,0,1,0.324303029475771,64,64,0,11,1,0.853333333333333,0.920863309352518
Data_LLbetween_0100_LH_075_noise_000pct_rep_01,Full_HG,0,1,0.325605451280895,64,64,0,11,1,0.853333333333333,0.920863309352518
Data_LLbetween_0100_LH_075_noise_000pct_rep_01,Full_HG,0,1,0.326907873086018,64,64,0,11,1,0.853333333333333,0.920863309352518
Data_LLbetween_0100_LH_075_noise_000pct_rep_01,Full_HG,0,1,0.328210294891142,63,63,0,12,1,0.84,0.91304347826087
Data_LLbetween_0100_LH_075_noise_000pct_rep_01,Full_HG,0,1,0.329512716696266,62,62,0,13,1,0.826666666666667,0.905109489051095
Data_LLbetween_0100_LH_075_noise_000pct_rep_01,Full_HG,0,1,0.330815138501389,62,62,0,13,1,0.826666666666667,0.905109489051095
Data_LLbetween_0100_LH_075_noise_000pct_rep_01,Full_HG,0,1,0.332117560306513,62,62,0,13,1,0.826666666666667,0.905109489051095
Data_LLbetween_0100_LH_075_noise_000pct_rep_01,Full_HG,0,1,0.333419982111636,61,61,0,14,1,0.813333333333333,0.897058823529412
Data_LLbetween_0100_LH_075_noise_000pct_rep_01,Full_HG,0,1,0.33472240391676,61,61,0,14,1,0.813333333333333,0.897058823529412
Data_LLbetween_0100_LH_075_noise_000pct_rep_01,Full_HG,0,1,0.336024825721884,61,61,0,14,1,0.813333333333333,0.897058823529412
Data_LLbetween_0100_LH_075_noise_000pct_rep_01,Full_HG,0,1,0.337327247527007,61,61,0,14,1,0.813333333333333,0.897058823529412
Data_LLbetween_0100_LH_075_noise_000pct_rep_01,Full_HG,0,1,0.338629669332131,61,61,0,14,1,0.813333333333333,0.897058823529412
Data_LLbetween_0100_LH_075_noise_000pct_rep_01,Full_HG,0,1,0.339932091137254,61,61,0,14,1,0.813333333333333,0.897058823529412
Data_LLbetween_0100_LH_075_noise_000pct_rep_01,Full_HG,0,1,0.341234512942378,61,61,0,14,1,0.813333333333333,0.897058823529412
Data_LLbetween_0100_LH_075_noise_000pct_rep_01,Full_HG,0,1,0.342536934747501,60,60,0,15,1,0.8,0.888888888888889
Data_LLbetween_0100_LH_075_noise_000pct_rep_01,Full_HG,0,1,0.343839356552625,60,60,0,15,1,0.8,0.888888888888889
Data_LLbetween_0100_LH_075_noise_000pct_rep_01,Full_HG,0,1,0.345141778357749,60,60,0,15,1,0.8,0.888888888888889
Data_LLbetween_0100_LH_075_noise_000pct_rep_01,Full_HG,0,1,0.346444200162872,58,58,0,17,1,0.773333333333333,0.87218045112782
Data_LLbetween_0100_LH_075_noise_000pct_rep_01,Full_HG,0,1,0.347746621967996,58,58,0,17,1,0.773333333333333,0.87218045112782
Data_LLbetween_0100_LH_075_noise_000pct_rep_01,Full_HG,0,1,0.349049043773119,58,58,0,17,1,0.773333333333333,0.87218045112782
Data_LLbetween_0100_LH_075_noise_000pct_rep_01,Full_HG,0,1,0.350351465578243,57,57,0,18,1,0.76,0.863636363636364
Data_LLbetween_0100_LH_075_noise_000pct_rep_01,Full_HG,0,1,0.351653887383366,55,55,0,20,1,0.733333333333333,0.846153846153846
Data_LLbetween_0100_LH_075_noise_000pct_rep_01,Full_HG,0,1,0.35295630918849,55,55,0,20,1,0.733333333333333,0.846153846153846
Data_LLbetween_0100_LH_075_noise_000pct_rep_01,Full_HG,0,1,0.354258730993614,54,54,0,21,1,0.72,0.837209302325581
Data_LLbetween_0100_LH_075_noise_000pct_rep_01,Full_HG,0,1,0.355561152798737,53,53,0,22,1,0.706666666666667,0.828125
Data_LLbetween_0100_LH_075_noise_000pct_rep_01,Full_HG,0,1,0.356863574603861,52,52,0,23,1,0.693333333333333,0.818897637795276
Data_LLbetween_0100_LH_075_noise_000pct_rep_01,Full_HG,0,1,0.358165996408984,52,52,0,23,1,0.693333333333333,0.818897637795276
Data_LLbetween_0100_LH_075_noise_000pct_rep_01,Full_HG,0,1,0.359468418214108,52,52,0,23,1,0.693333333333333,0.818897637795276
Data_LLbetween_0100_LH_075_noise_000pct_rep_01,Full_HG,0,1,0.360770840019232,52,52,0,23,1,0.693333333333333,0.818897637795276
Data_LLbetween_0100_LH_075_noise_000pct_rep_01,Full_HG,0,1,0.362073261824355,51,51,0,24,1,0.68,0.80952380952381
Data_LLbetween_0100_LH_075_noise_000pct_rep_01,Full_HG,0,1,0.363375683629479,50,50,0,25,1,0.666666666666667,0.8
Data_LLbetween_0100_LH_075_noise_000pct_rep_01,Full_HG,0,1,0.364678105434602,50,50,0,25,1,0.666666666666667,0.8
Data_LLbetween_0100_LH_075_noise_000pct_rep_01,Full_HG,0,1,0.365980527239726,50,50,0,25,1,0.666666666666667,0.8
Data_LLbetween_0100_LH_075_noise_000pct_rep_01,Full_HG,0,1,0.367282949044849,49,49,0,26,1,0.653333333333333,0.790322580645161
Data_LLbetween_0100_LH_075_noise_000pct_rep_01,Full_HG,0,1,0.368585370849973,47,47,0,28,1,0.626666666666667,0.770491803278689
Data_LLbetween_0100_LH_075_noise_000pct_rep_01,Full_HG,0,1,0.369887792655097,47,47,0,28,1,0.626666666666667,0.770491803278689
Data_LLbetween_0100_LH_075_noise_000pct_rep_01,Full_HG,0,1,0.37119021446022,47,47,0,28,1,0.626666666666667,0.770491803278689
Data_LLbetween_0100_LH_075_noise_000pct_rep_01,Full_HG,0,1,0.372492636265344,46,46,0,29,1,0.613333333333333,0.760330578512397
Data_LLbetween_0100_LH_075_noise_000pct_rep_01,Full_HG,0,1,0.373795058070467,43,43,0,32,1,0.573333333333333,0.728813559322034
Data_LLbetween_0100_LH_075_noise_000pct_rep_01,Full_HG,0,1,0.375097479875591,42,42,0,33,1,0.56,0.717948717948718
Data_LLbetween_0100_LH_075_noise_000pct_rep_01,Full_HG,0,1,0.376399901680714,42,42,0,33,1,0.56,0.717948717948718
Data_LLbetween_0100_LH_075_noise_000pct_rep_01,Full_HG,0,1,0.377702323485838,40,40,0,35,1,0.533333333333333,0.695652173913044
Data_LLbetween_0100_LH_075_noise_000pct_rep_01,Full_HG,0,1,0.379004745290962,40,40,0,35,1,0.533333333333333,0.695652173913044
Data_LLbetween_0100_LH_075_noise_000pct_rep_01,Full_HG,0,1,0.380307167096085,40,40,0,35,1,0.533333333333333,0.695652173913044
Data_LLbetween_0100_LH_075_noise_000pct_rep_01,Full_HG,0,1,0.381609588901209,40,40,0,35,1,0.533333333333333,0.695652173913044
Data_LLbetween_0100_LH_075_noise_000pct_rep_01,Full_HG,0,1,0.382912010706332,38,38,0,37,1,0.506666666666667,0.672566371681416
Data_LLbetween_0100_LH_075_noise_000pct_rep_01,Full_HG,0,1,0.384214432511456,38,38,0,37,1,0.506666666666667,0.672566371681416
Data_LLbetween_0100_LH_075_noise_000pct_rep_01,Full_HG,0,1,0.38551685431658,37,37,0,38,1,0.493333333333333,0.660714285714286
Data_LLbetween_0100_LH_075_noise_000pct_rep_01,Full_HG,0,1,0.386819276121703,37,37,0,38,1,0.493333333333333,0.660714285714286
Data_LLbetween_0100_LH_075_noise_000pct_rep_01,Full_HG,0,1,0.388121697926827,36,36,0,39,1,0.48,0.648648648648649
Data_LLbetween_0100_LH_075_noise_000pct_rep_01,Full_HG,0,1,0.38942411973195,36,36,0,39,1,0.48,0.648648648648649
Data_LLbetween_0100_LH_075_noise_000pct_rep_01,Full_HG,0,1,0.390726541537074,35,35,0,40,1,0.466666666666667,0.636363636363636
Data_LLbetween_0100_LH_075_noise_000pct_rep_01,Full_HG,0,1,0.392028963342197,35,35,0,40,1,0.466666666666667,0.636363636363636
Data_LLbetween_0100_LH_075_noise_000pct_rep_01,Full_HG,0,1,0.393331385147321,35,35,0,40,1,0.466666666666667,0.636363636363636
Data_LLbetween_0100_LH_075_noise_000pct_rep_01,Full_HG,0,1,0.394633806952445,34,34,0,41,1,0.453333333333333,0.623853211009174
Data_LLbetween_0100_LH_075_noise_000pct_rep_01,Full_HG,0,1,0.395936228757568,31,31,0,44,1,0.413333333333333,0.584905660377358
Data_LLbetween_0100_LH_075_noise_000pct_rep_01,Full_HG,0,1,0.397238650562692,29,29,0,46,1,0.386666666666667,0.557692307692308
Data_LLbetween_0100_LH_075_noise_000pct_rep_01,Full_HG,0,1,0.398541072367815,27,27,0,48,1,0.36,0.529411764705882
Data_LLbetween_0100_LH_075_noise_000pct_rep_01,Full_HG,0,1,0.399843494172939,26,26,0,49,1,0.346666666666667,0.514851485148515
Data_LLbetween_0100_LH_075_noise_000pct_rep_01,Full_HG,0,1,0.401145915978062,24,24,0,51,1,0.32,0.484848484848485
Data_LLbetween_0100_LH_075_noise_000pct_rep_01,Full_HG,0,1,0.402448337783186,24,24,0,51,1,0.32,0.484848484848485
Data_LLbetween_0100_LH_075_noise_000pct_rep_01,Full_HG,0,1,0.40375075958831,24,24,0,51,1,0.32,0.484848484848485
Data_LLbetween_0100_LH_075_noise_000pct_rep_01,Full_HG,0,1,0.405053181393433,24,24,0,51,1,0.32,0.484848484848485
Data_LLbetween_0100_LH_075_noise_000pct_rep_01,Full_HG,0,1,0.406355603198557,24,24,0,51,1,0.32,0.484848484848485
Data_LLbetween_0100_LH_075_noise_000pct_rep_01,Full_HG,0,1,0.40765802500368,23,23,0,52,1,0.306666666666667,0.469387755102041
Data_LLbetween_0100_LH_075_noise_000pct_rep_01,Full_HG,0,1,0.408960446808804,22,22,0,53,1,0.293333333333333,0.45360824742268
Data_LLbetween_0100_LH_075_noise_000pct_rep_01,Full_HG,0,1,0.410262868613928,20,20,0,55,1,0.266666666666667,0.421052631578947
Data_LLbetween_0100_LH_075_noise_000pct_rep_01,Full_HG,0,1,0.411565290419051,20,20,0,55,1,0.266666666666667,0.421052631578947
Data_LLbetween_0100_LH_075_noise_000pct_rep_01,Full_HG,0,1,0.412867712224175,20,20,0,55,1,0.266666666666667,0.421052631578947
Data_LLbetween_0100_LH_075_noise_000pct_rep_01,Full_HG,0,1,0.414170134029298,19,19,0,56,1,0.253333333333333,0.404255319148936
Data_LLbetween_0100_LH_075_noise_000pct_rep_01,Full_HG,0,1,0.415472555834422,19,19,0,56,1,0.253333333333333,0.404255319148936
Data_LLbetween_0100_LH_075_noise_000pct_rep_01,Full_HG,0,1,0.416774977639545,19,19,0,56,1,0.253333333333333,0.404255319148936
Data_LLbetween_0100_LH_075_noise_000pct_rep_01,Full_HG,0,1,0.418077399444669,19,19,0,56,1,0.253333333333333,0.404255319148936
Data_LLbetween_0100_LH_075_noise_000pct_rep_01,Full_HG,0,1,0.419379821249793,19,19,0,56,1,0.253333333333333,0.404255319148936
Data_LLbetween_0100_LH_075_noise_000pct_rep_01,Full_HG,0,1,0.420682243054916,17,17,0,58,1,0.226666666666667,0.369565217391304
Data_LLbetween_0100_LH_075_noise_000pct_rep_01,Full_HG,0,1,0.42198466486004,17,17,0,58,1,0.226666666666667,0.369565217391304
Data_LLbetween_0100_LH_075_noise_000pct_rep_01,Full_HG,0,1,0.423287086665163,16,16,0,59,1,0.213333333333333,0.351648351648352
Data_LLbetween_0100_LH_075_noise_000pct_rep_01,Full_HG,0,1,0.424589508470287,15,15,0,60,1,0.2,0.333333333333333
Data_LLbetween_0100_LH_075_noise_000pct_rep_01,Full_HG,0,1,0.425891930275411,15,15,0,60,1,0.2,0.333333333333333
Data_LLbetween_0100_LH_075_noise_000pct_rep_01,Full_HG,0,1,0.427194352080534,14,14,0,61,1,0.186666666666667,0.314606741573034
Data_LLbetween_0100_LH_075_noise_000pct_rep_01,Full_HG,0,1,0.428496773885658,14,14,0,61,1,0.186666666666667,0.314606741573034
Data_LLbetween_0100_LH_075_noise_000pct_rep_01,Full_HG,0,1,0.429799195690781,13,13,0,62,1,0.173333333333333,0.295454545454545
Data_LLbetween_0100_LH_075_noise_000pct_rep_01,Full_HG,0,1,0.431101617495905,11,11,0,64,1,0.146666666666667,0.255813953488372
Data_LLbetween_0100_LH_075_noise_000pct_rep_01,Full_HG,0,1,0.432404039301028,11,11,0,64,1,0.146666666666667,0.255813953488372
Data_LLbetween_0100_LH_075_noise_000pct_rep_01,Full_HG,0,1,0.433706461106152,9,9,0,66,1,0.12,0.214285714285714
Data_LLbetween_0100_LH_075_noise_000pct_rep_01,Full_HG,0,1,0.435008882911276,8,8,0,67,1,0.106666666666667,0.192771084337349
Data_LLbetween_0100_LH_075_noise_000pct_rep_01,Full_HG,0,1,0.436311304716399,7,7,0,68,1,0.0933333333333333,0.170731707317073
Data_LLbetween_0100_LH_075_noise_000pct_rep_01,Full_HG,0,1,0.437613726521523,7,7,0,68,1,0.0933333333333333,0.170731707317073
Data_LLbetween_0100_LH_075_noise_000pct_rep_01,Full_HG,0,1,0.438916148326646,7,7,0,68,1,0.0933333333333333,0.170731707317073
Data_LLbetween_0100_LH_075_noise_000pct_rep_01,Full_HG,0,1,0.44021857013177,6,6,0,69,1,0.08,0.148148148148148
Data_LLbetween_0100_LH_075_noise_000pct_rep_01,Full_HG,0,1,0.441520991936893,5,5,0,70,1,0.0666666666666667,0.125
Data_LLbetween_0100_LH_075_noise_000pct_rep_01,Full_HG,0,1,0.442823413742017,4,4,0,71,1,0.0533333333333333,0.10126582278481
Data_LLbetween_0100_LH_075_noise_000pct_rep_01,Full_HG,0,1,0.444125835547141,3,3,0,72,1,0.04,0.0769230769230769
Data_LLbetween_0100_LH_075_noise_000pct_rep_01,Full_HG,0,1,0.445428257352264,3,3,0,72,1,0.04,0.0769230769230769
Data_LLbetween_0100_LH_075_noise_000pct_rep_01,Full_HG,0,1,0.446730679157388,3,3,0,72,1,0.04,0.0769230769230769
Data_LLbetween_0100_LH_075_noise_000pct_rep_01,Full_HG,0,1,0.448033100962511,3,3,0,72,1,0.04,0.0769230769230769
Data_LLbetween_0100_LH_075_noise_000pct_rep_01,Full_HG,0,1,0.449335522767635,2,2,0,73,1,0.0266666666666667,0.051948051948052
Data_LLbetween_0100_LH_075_noise_000pct_rep_01,Full_HG,0,1,0.450637944572758,2,2,0,73,1,0.0266666666666667,0.051948051948052
Data_LLbetween_0100_LH_075_noise_000pct_rep_01,Full_HG,0,1,0.451940366377882,2,2,0,73,1,0.0266666666666667,0.051948051948052
Data_LLbetween_0100_LH_075_noise_000pct_rep_01,Full_HG,0,1,0.453242788183006,2,2,0,73,1,0.0266666666666667,0.051948051948052
Data_LLbetween_0100_LH_075_noise_000pct_rep_01,Full_HG,0,1,0.454545209988129,2,2,0,73,1,0.0266666666666667,0.051948051948052
Data_LLbetween_0100_LH_075_noise_000pct_rep_01,Full_HG,0,1,0.455847631793253,1,1,0,74,1,0.0133333333333333,0.0263157894736842
Data_LLbetween_0100_LH_075_noise_000pct_rep_01,Full_HG,0,1,0.457150053598376,1,1,0,74,1,0.0133333333333333,0.0263157894736842
Data_LLbetween_0100_LH_075_noise_000pct_rep_01,Full_HG,0,1,0.4584524754035,1,1,0,74,1,0.0133333333333333,0.0263157894736842
Data_LLbetween_0100_LH_075_noise_000pct_rep_01,Full_HG,0,1,0.459754897208624,1,1,0,74,1,0.0133333333333333,0.0263157894736842
Data_LLbetween_0100_LH_075_noise_000pct_rep_01,Full_HG,0,1,0.461057319013747,1,1,0,74,1,0.0133333333333333,0.0263157894736842
Data_LLbetween_0100_LH_075_noise_000pct_rep_01,Full_HG,0,1,0.462359740818871,1,1,0,74,1,0.0133333333333333,0.0263157894736842
Data_LLbetween_0100_LH_075_noise_000pct_rep_01,Full_HG,0,1,0.463662162623994,1,1,0,74,1,0.0133333333333333,0.0263157894736842
Data_LLbetween_0100_LH_075_noise_000pct_rep_01,Full_HG,0,1,0.464964584429118,0,0,0,75,NaN,0,0
Data_LLbetween_0100_LH_075_noise_000pct_rep_01,Full_HG,0,1,0.466267006234241,0,0,0,75,NaN,0,0
Data_LLbetween_0100_LH_075_noise_000pct_rep_01,Full_HG,0,1,0.467569428039365,0,0,0,75,NaN,0,0
Data_LLbetween_0100_LH_075_noise_000pct_rep_01,Full_HG,0,1,0.468871849844489,0,0,0,75,NaN,0,0
Data_LLbetween_0100_LH_075_noise_000pct_rep_01,Full_HG,0,1,0.470174271649612,0,0,0,75,NaN,0,0
Data_LLbetween_0100_LH_075_noise_000pct_rep_01,Full_HG,0,1,0.471476693454736,0,0,0,75,NaN,0,0
Data_LLbetween_0100_LH_075_noise_000pct_rep_01,Full_HG,0,1,0.472779115259859,0,0,0,75,NaN,0,0
Data_LLbetween_0100_LH_075_noise_000pct_rep_01,Full_HG,0,1,0.474081537064983,0,0,0,75,NaN,0,0
Data_LLbetween_0100_LH_075_noise_000pct_rep_01,Full_HG,0,1,0.475383958870107,0,0,0,75,NaN,0,0
Data_LLbetween_0100_LH_075_noise_000pct_rep_01,Full_HG,0,1,0.47668638067523,0,0,0,75,NaN,0,0
Data_LLbetween_0100_LH_075_noise_000pct_rep_01,Full_HG,0,1,0.477988802480354,0,0,0,75,NaN,0,0
Data_LLbetween_0100_LH_075_noise_000pct_rep_01,Full_HG,0,1,0.479291224285477,0,0,0,75,NaN,0,0
Data_LLbetween_0100_LH_075_noise_000pct_rep_01,Full_HG,0,1,0.480593646090601,0,0,0,75,NaN,0,0
Data_LLbetween_0100_LH_075_noise_000pct_rep_01,Full_HG,0,1,0.481896067895724,0,0,0,75,NaN,0,0
Data_LLbetween_0100_LH_075_noise_000pct_rep_01,Full_HG,0,1,0.483198489700848,0,0,0,75,NaN,0,0
Data_LLbetween_0100_LH_075_noise_000pct_rep_01,Full_HG,0,1,0.484500911505972,0,0,0,75,NaN,0,0
Data_LLbetween_0100_LH_075_noise_000pct_rep_01,Full_HG,0,1,0.485803333311095,0,0,0,75,NaN,0,0
Data_LLbetween_0100_LH_075_noise_000pct_rep_01,Full_HG,0,1,0.487105755116219,0,0,0,75,NaN,0,0
Data_LLbetween_0100_LH_075_noise_000pct_rep_01,Full_HG,0,1,0.488408176921342,0,0,0,75,NaN,0,0
Data_LLbetween_0100_LH_075_noise_000pct_rep_01,Full_HG,0,1,0.489710598726466,0,0,0,75,NaN,0,0
Data_LLbetween_0100_LH_075_noise_000pct_rep_01,Full_HG,0,1,0.491013020531589,0,0,0,75,NaN,0,0
Data_LLbetween_0100_LH_075_noise_000pct_rep_01,Full_HG,0,1,0.492315442336713,0,0,0,75,NaN,0,0
Data_LLbetween_0100_LH_075_noise_000pct_rep_01,Full_HG,0,1,0.493617864141837,0,0,0,75,NaN,0,0
Data_LLbetween_0100_LH_075_noise_000pct_rep_01,Full_HG,0,1,0.49492028594696,0,0,0,75,NaN,0,0
Data_LLbetween_0100_LH_075_noise_000pct_rep_01,Full_HG,0,1,0.496222707752084,0,0,0,75,NaN,0,0
Data_LLbetween_0100_LH_075_noise_000pct_rep_01,Full_HG,0,1,0.497525129557207,0,0,0,75,NaN,0,0
Data_LLbetween_0100_LH_075_noise_000pct_rep_01,Full_HG,0,1,0.498827551362331,0,0,0,75,NaN,0,0
Data_LLbetween_0100_LH_075_noise_000pct_rep_01,Full_HG,0,1,0.500129973167455,0,0,0,75,NaN,0,0
Data_LLbetween_0100_LH_075_noise_000pct_rep_01,Full_HG,0,1,0.501432394972578,0,0,0,75,NaN,0,0
Data_LLbetween_0100_LH_075_noise_000pct_rep_01,Full_HG,0,1,0.502734816777702,0,0,0,75,NaN,0,0
Data_LLbetween_0100_LH_075_noise_000pct_rep_01,Full_HG,0,1,0.504037238582825,0,0,0,75,NaN,0,0
Data_LLbetween_0100_LH_075_noise_000pct_rep_01,Full_HG,0,1,0.505339660387949,0,0,0,75,NaN,0,0
Data_LLbetween_0100_LH_075_noise_000pct_rep_01,Full_HG,0,1,0.506642082193072,0,0,0,75,NaN,0,0
Data_LLbetween_0100_LH_075_noise_000pct_rep_01,Full_HG,0,1,0.507944503998196,0,0,0,75,NaN,0,0
Data_LLbetween_0100_LH_075_noise_000pct_rep_01,Full_HG,0,1,0.50924692580332,0,0,0,75,NaN,0,0
Data_LLbetween_0100_LH_075_noise_000pct_rep_01,Full_HG,0,1,0.510549347608443,0,0,0,75,NaN,0,0
Data_LLbetween_0100_LH_075_noise_000pct_rep_01,Full_HG,0,1,0.511851769413567,0,0,0,75,NaN,0,0
Data_LLbetween_0100_LH_075_noise_000pct_rep_01,Full_HG,0,1,0.51315419121869,0,0,0,75,NaN,0,0
Data_LLbetween_0100_LH_075_noise_000pct_rep_01,Full_HG,0,1,0.514456613023814,0,0,0,75,NaN,0,0
Data_LLbetween_0100_LH_075_noise_000pct_rep_01,Full_HG,0,1,0.515759034828937,0,0,0,75,NaN,0,0
Data_LLbetween_0100_LH_075_noise_000pct_rep_01,Full_HG,0,1,0.517061456634061,0,0,0,75,NaN,0,0
Data_LLbetween_0100_LH_075_noise_000pct_rep_01,Full_HG,0,1,0.518363878439185,0,0,0,75,NaN,0,0
Data_LLbetween_0100_LH_075_noise_000pct_rep_01,Full_HG,0,1,0.519666300244308,0,0,0,75,NaN,0,0
Data_LLbetween_0100_LH_075_noise_000pct_rep_01,Full_HG,0,1,0.520968722049432,0,0,0,75,NaN,0,0
Data_LLbetween_0100_LH_075_noise_000pct_rep_02,Full_HG,0,2,0,78,75,3,0,0.961538461538462,1,0.980392156862745
Data_LLbetween_0100_LH_075_noise_000pct_rep_02,Full_HG,0,2,0.00130242180512358,77,75,2,0,0.974025974025974,1,0.986842105263158
Data_LLbetween_0100_LH_075_noise_000pct_rep_02,Full_HG,0,2,0.00260484361024716,77,75,2,0,0.974025974025974,1,0.986842105263158
Data_LLbetween_0100_LH_075_noise_000pct_rep_02,Full_HG,0,2,0.00390726541537074,76,75,1,0,0.986842105263158,1,0.993377483443709
Data_LLbetween_0100_LH_075_noise_000pct_rep_02,Full_HG,0,2,0.00520968722049432,75,75,0,0,1,1,1
Data_LLbetween_0100_LH_075_noise_000pct_rep_02,Full_HG,0,2,0.0065121090256179,75,75,0,0,1,1,1
Data_LLbetween_0100_LH_075_noise_000pct_rep_02,Full_HG,0,2,0.00781453083074148,75,75,0,0,1,1,1
Data_LLbetween_0100_LH_075_noise_000pct_rep_02,Full_HG,0,2,0.00911695263586506,75,75,0,0,1,1,1
Data_LLbetween_0100_LH_075_noise_000pct_rep_02,Full_HG,0,2,0.0104193744409886,75,75,0,0,1,1,1
Data_LLbetween_0100_LH_075_noise_000pct_rep_02,Full_HG,0,2,0.0117217962461122,75,75,0,0,1,1,1
Data_LLbetween_0100_LH_075_noise_000pct_rep_02,Full_HG,0,2,0.0130242180512358,75,75,0,0,1,1,1
Data_LLbetween_0100_LH_075_noise_000pct_rep_02,Full_HG,0,2,0.0143266398563594,75,75,0,0,1,1,1
Data_LLbetween_0100_LH_075_noise_000pct_rep_02,Full_HG,0,2,0.015629061661483,75,75,0,0,1,1,1
Data_LLbetween_0100_LH_075_noise_000pct_rep_02,Full_HG,0,2,0.0169314834666065,75,75,0,0,1,1,1
Data_LLbetween_0100_LH_075_noise_000pct_rep_02,Full_HG,0,2,0.0182339052717301,75,75,0,0,1,1,1
Data_LLbetween_0100_LH_075_noise_000pct_rep_02,Full_HG,0,2,0.0195363270768537,75,75,0,0,1,1,1
Data_LLbetween_0100_LH_075_noise_000pct_rep_02,Full_HG,0,2,0.0208387488819773,75,75,0,0,1,1,1
Data_LLbetween_0100_LH_075_noise_000pct_rep_02,Full_HG,0,2,0.0221411706871009,75,75,0,0,1,1,1
Data_LLbetween_0100_LH_075_noise_000pct_rep_02,Full_HG,0,2,0.0234435924922244,75,75,0,0,1,1,1
Data_LLbetween_0100_LH_075_noise_000pct_rep_02,Full_HG,0,2,0.024746014297348,75,75,0,0,1,1,1
Data_LLbetween_0100_LH_075_noise_000pct_rep_02,Full_HG,0,2,0.0260484361024716,75,75,0,0,1,1,1
Data_LLbetween_0100_LH_075_noise_000pct_rep_02,Full_HG,0,2,0.0273508579075952,75,75,0,0,1,1,1
Data_LLbetween_0100_LH_075_noise_000pct_rep_02,Full_HG,0,2,0.0286532797127187,75,75,0,0,1,1,1
Data_LLbetween_0100_LH_075_noise_000pct_rep_02,Full_HG,0,2,0.0299557015178423,75,75,0,0,1,1,1
Data_LLbetween_0100_LH_075_noise_000pct_rep_02,Full_HG,0,2,0.0312581233229659,75,75,0,0,1,1,1
Data_LLbetween_0100_LH_075_noise_000pct_rep_02,Full_HG,0,2,0.0325605451280895,75,75,0,0,1,1,1
Data_LLbetween_0100_LH_075_noise_000pct_rep_02,Full_HG,0,2,0.0338629669332131,75,75,0,0,1,1,1
Data_LLbetween_0100_LH_075_noise_000pct_rep_02,Full_HG,0,2,0.0351653887383366,75,75,0,0,1,1,1
Data_LLbetween_0100_LH_075_noise_000pct_rep_02,Full_HG,0,2,0.0364678105434602,75,75,0,0,1,1,1
Data_LLbetween_0100_LH_075_noise_000pct_rep_02,Full_HG,0,2,0.0377702323485838,75,75,0,0,1,1,1
Data_LLbetween_0100_LH_075_noise_000pct_rep_02,Full_HG,0,2,0.0390726541537074,75,75,0,0,1,1,1
Data_LLbetween_0100_LH_075_noise_000pct_rep_02,Full_HG,0,2,0.040375075958831,75,75,0,0,1,1,1
Data_LLbetween_0100_LH_075_noise_000pct_rep_02,Full_HG,0,2,0.0416774977639545,75,75,0,0,1,1,1
Data_LLbetween_0100_LH_075_noise_000pct_rep_02,Full_HG,0,2,0.0429799195690781,75,75,0,0,1,1,1
Data_LLbetween_0100_LH_075_noise_000pct_rep_02,Full_HG,0,2,0.0442823413742017,75,75,0,0,1,1,1
Data_LLbetween_0100_LH_075_noise_000pct_rep_02,Full_HG,0,2,0.0455847631793253,75,75,0,0,1,1,1
Data_LLbetween_0100_LH_075_noise_000pct_rep_02,Full_HG,0,2,0.0468871849844489,75,75,0,0,1,1,1
Data_LLbetween_0100_LH_075_noise_000pct_rep_02,Full_HG,0,2,0.0481896067895724,75,75,0,0,1,1,1
Data_LLbetween_0100_LH_075_noise_000pct_rep_02,Full_HG,0,2,0.049492028594696,75,75,0,0,1,1,1
Data_LLbetween_0100_LH_075_noise_000pct_rep_02,Full_HG,0,2,0.0507944503998196,75,75,0,0,1,1,1
Data_LLbetween_0100_LH_075_noise_000pct_rep_02,Full_HG,0,2,0.0520968722049432,75,75,0,0,1,1,1
Data_LLbetween_0100_LH_075_noise_000pct_rep_02,Full_HG,0,2,0.0533992940100668,75,75,0,0,1,1,1
Data_LLbetween_0100_LH_075_noise_000pct_rep_02,Full_HG,0,2,0.0547017158151903,75,75,0,0,1,1,1
Data_LLbetween_0100_LH_075_noise_000pct_rep_02,Full_HG,0,2,0.0560041376203139,75,75,0,0,1,1,1
Data_LLbetween_0100_LH_075_noise_000pct_rep_02,Full_HG,0,2,0.0573065594254375,75,75,0,0,1,1,1
Data_LLbetween_0100_LH_075_noise_000pct_rep_02,Full_HG,0,2,0.0586089812305611,75,75,0,0,1,1,1
Data_LLbetween_0100_LH_075_noise_000pct_rep_02,Full_HG,0,2,0.0599114030356847,75,75,0,0,1,1,1
Data_LLbetween_0100_LH_075_noise_000pct_rep_02,Full_HG,0,2,0.0612138248408082,75,75,0,0,1,1,1
Data_LLbetween_0100_LH_075_noise_000pct_rep_02,Full_HG,0,2,0.0625162466459318,75,75,0,0,1,1,1
Data_LLbetween_0100_LH_075_noise_000pct_rep_02,Full_HG,0,2,0.0638186684510554,75,75,0,0,1,1,1
Data_LLbetween_0100_LH_075_noise_000pct_rep_02,Full_HG,0,2,0.065121090256179,75,75,0,0,1,1,1
Data_LLbetween_0100_LH_075_noise_000pct_rep_02,Full_HG,0,2,0.0664235120613026,75,75,0,0,1,1,1
Data_LLbetween_0100_LH_075_noise_000pct_rep_02,Full_HG,0,2,0.0677259338664261,75,75,0,0,1,1,1
Data_LLbetween_0100_LH_075_noise_000pct_rep_02,Full_HG,0,2,0.0690283556715497,75,75,0,0,1,1,1
Data_LLbetween_0100_LH_075_noise_000pct_rep_02,Full_HG,0,2,0.0703307774766733,75,75,0,0,1,1,1
Data_LLbetween_0100_LH_075_noise_000pct_rep_02,Full_HG,0,2,0.0716331992817969,75,75,0,0,1,1,1
Data_LLbetween_0100_LH_075_noise_000pct_rep_02,Full_HG,0,2,0.0729356210869204,75,75,0,0,1,1,1
Data_LLbetween_0100_LH_075_noise_000pct_rep_02,Full_HG,0,2,0.074238042892044,75,75,0,0,1,1,1
Data_LLbetween_0100_LH_075_noise_000pct_rep_02,Full_HG,0,2,0.0755404646971676,75,75,0,0,1,1,1
Data_LLbetween_0100_LH_075_noise_000pct_rep_02,Full_HG,0,2,0.0768428865022912,75,75,0,0,1,1,1
Data_LLbetween_0100_LH_075_noise_000pct_rep_02,Full_HG,0,2,0.0781453083074148,75,75,0,0,1,1,1
Data_LLbetween_0100_LH_075_noise_000pct_rep_02,Full_HG,0,2,0.0794477301125383,75,75,0,0,1,1,1
Data_LLbetween_0100_LH_075_noise_000pct_rep_02,Full_HG,0,2,0.0807501519176619,75,75,0,0,1,1,1
Data_LLbetween_0100_LH_075_noise_000pct_rep_02,Full_HG,0,2,0.0820525737227855,75,75,0,0,1,1,1
Data_LLbetween_0100_LH_075_noise_000pct_rep_02,Full_HG,0,2,0.0833549955279091,75,75,0,0,1,1,1
Data_LLbetween_0100_LH_075_noise_000pct_rep_02,Full_HG,0,2,0.0846574173330327,75,75,0,0,1,1,1
Data_LLbetween_0100_LH_075_noise_000pct_rep_02,Full_HG,0,2,0.0859598391381562,75,75,0,0,1,1,1
Data_LLbetween_0100_LH_075_noise_000pct_rep_02,Full_HG,0,2,0.0872622609432798,75,75,0,0,1,1,1
Data_LLbetween_0100_LH_075_noise_000pct_rep_02,Full_HG,0,2,0.0885646827484034,75,75,0,0,1,1,1
Data_LLbetween_0100_LH_075_noise_000pct_rep_02,Full_HG,0,2,0.089867104553527,75,75,0,0,1,1,1
Data_LLbetween_0100_LH_075_noise_000pct_rep_02,Full_HG,0,2,0.0911695263586506,75,75,0,0,1,1,1
Data_LLbetween_0100_LH_075_noise_000pct_rep_02,Full_HG,0,2,0.0924719481637741,75,75,0,0,1,1,1
Data_LLbetween_0100_LH_075_noise_000pct_rep_02,Full_HG,0,2,0.0937743699688977,75,75,0,0,1,1,1
Data_LLbetween_0100_LH_075_noise_000pct_rep_02,Full_HG,0,2,0.0950767917740213,75,75,0,0,1,1,1
Data_LLbetween_0100_LH_075_noise_000pct_rep_02,Full_HG,0,2,0.0963792135791449,75,75,0,0,1,1,1
Data_LLbetween_0100_LH_075_noise_000pct_rep_02,Full_HG,0,2,0.0976816353842685,75,75,0,0,1,1,1
Data_LLbetween_0100_LH_075_noise_000pct_rep_02,Full_HG,0,2,0.098984057189392,75,75,0,0,1,1,1
Data_LLbetween_0100_LH_075_noise_000pct_rep_02,Full_HG,0,2,0.100286478994516,75,75,0,0,1,1,1
Data_LLbetween_0100_LH_075_noise_000pct_rep_02,Full_HG,0,2,0.101588900799639,75,75,0,0,1,1,1
Data_LLbetween_0100_LH_075_noise_000pct_rep_02,Full_HG,0,2,0.102891322604763,75,75,0,0,1,1,1
Data_LLbetween_0100_LH_075_noise_000pct_rep_02,Full_HG,0,2,0.104193744409886,75,75,0,0,1,1,1
Data_LLbetween_0100_LH_075_noise_000pct_rep_02,Full_HG,0,2,0.10549616621501,75,75,0,0,1,1,1
Data_LLbetween_0100_LH_075_noise_000pct_rep_02,Full_HG,0,2,0.106798588020134,75,75,0,0,1,1,1
Data_LLbetween_0100_LH_075_noise_000pct_rep_02,Full_HG,0,2,0.108101009825257,75,75,0,0,1,1,1
Data_LLbetween_0100_LH_075_noise_000pct_rep_02,Full_HG,0,2,0.109403431630381,75,75,0,0,1,1,1
Data_LLbetween_0100_LH_075_noise_000pct_rep_02,Full_HG,0,2,0.110705853435504,75,75,0,0,1,1,1
Data_LLbetween_0100_LH_075_noise_000pct_rep_02,Full_HG,0,2,0.112008275240628,75,75,0,0,1,1,1
Data_LLbetween_0100_LH_075_noise_000pct_rep_02,Full_HG,0,2,0.113310697045751,75,75,0,0,1,1,1
Data_LLbetween_0100_LH_075_noise_000pct_rep_02,Full_HG,0,2,0.114613118850875,75,75,0,0,1,1,1
Data_LLbetween_0100_LH_075_noise_000pct_rep_02,Full_HG,0,2,0.115915540655999,75,75,0,0,1,1,1
Data_LLbetween_0100_LH_075_noise_000pct_rep_02,Full_HG,0,2,0.117217962461122,75,75,0,0,1,1,1
Data_LLbetween_0100_LH_075_noise_000pct_rep_02,Full_HG,0,2,0.118520384266246,75,75,0,0,1,1,1
Data_LLbetween_0100_LH_075_noise_000pct_rep_02,Full_HG,0,2,0.119822806071369,75,75,0,0,1,1,1
Data_LLbetween_0100_LH_075_noise_000pct_rep_02,Full_HG,0,2,0.121125227876493,75,75,0,0,1,1,1
Data_LLbetween_0100_LH_075_noise_000pct_rep_02,Full_HG,0,2,0.122427649681616,75,75,0,0,1,1,1
Data_LLbetween_0100_LH_075_noise_000pct_rep_02,Full_HG,0,2,0.12373007148674,75,75,0,0,1,1,1
Data_LLbetween_0100_LH_075_noise_000pct_rep_02,Full_HG,0,2,0.125032493291864,75,75,0,0,1,1,1
Data_LLbetween_0100_LH_075_noise_000pct_rep_02,Full_HG,0,2,0.126334915096987,75,75,0,0,1,1,1
Data_LLbetween_0100_LH_075_noise_000pct_rep_02,Full_HG,0,2,0.127637336902111,75,75,0,0,1,1,1
Data_LLbetween_0100_LH_075_noise_000pct_rep_02,Full_HG,0,2,0.128939758707234,75,75,0,0,1,1,1
Data_LLbetween_0100_LH_075_noise_000pct_rep_02,Full_HG,0,2,0.130242180512358,75,75,0,0,1,1,1
Data_LLbetween_0100_LH_075_noise_000pct_rep_02,Full_HG,0,2,0.131544602317482,75,75,0,0,1,1,1
Data_LLbetween_0100_LH_075_noise_000pct_rep_02,Full_HG,0,2,0.132847024122605,75,75,0,0,1,1,1
Data_LLbetween_0100_LH_075_noise_000pct_rep_02,Full_HG,0,2,0.134149445927729,75,75,0,0,1,1,1
Data_LLbetween_0100_LH_075_noise_000pct_rep_02,Full_HG,0,2,0.135451867732852,75,75,0,0,1,1,1
Data_LLbetween_0100_LH_075_noise_000pct_rep_02,Full_HG,0,2,0.136754289537976,75,75,0,0,1,1,1
Data_LLbetween_0100_LH_075_noise_000pct_rep_02,Full_HG,0,2,0.138056711343099,75,75,0,0,1,1,1
Data_LLbetween_0100_LH_075_noise_000pct_rep_02,Full_HG,0,2,0.139359133148223,75,75,0,0,1,1,1
Data_LLbetween_0100_LH_075_noise_000pct_rep_02,Full_HG,0,2,0.140661554953347,75,75,0,0,1,1,1
Data_LLbetween_0100_LH_075_noise_000pct_rep_02,Full_HG,0,2,0.14196397675847,75,75,0,0,1,1,1
Data_LLbetween_0100_LH_075_noise_000pct_rep_02,Full_HG,0,2,0.143266398563594,75,75,0,0,1,1,1
Data_LLbetween_0100_LH_075_noise_000pct_rep_02,Full_HG,0,2,0.144568820368717,75,75,0,0,1,1,1
Data_LLbetween_0100_LH_075_noise_000pct_rep_02,Full_HG,0,2,0.145871242173841,75,75,0,0,1,1,1
Data_LLbetween_0100_LH_075_noise_000pct_rep_02,Full_HG,0,2,0.147173663978964,75,75,0,0,1,1,1
Data_LLbetween_0100_LH_075_noise_000pct_rep_02,Full_HG,0,2,0.148476085784088,75,75,0,0,1,1,1
Data_LLbetween_0100_LH_075_noise_000pct_rep_02,Full_HG,0,2,0.149778507589212,75,75,0,0,1,1,1
Data_LLbetween_0100_LH_075_noise_000pct_rep_02,Full_HG,0,2,0.151080929394335,75,75,0,0,1,1,1
Data_LLbetween_0100_LH_075_noise_000pct_rep_02,Full_HG,0,2,0.152383351199459,75,75,0,0,1,1,1
Data_LLbetween_0100_LH_075_noise_000pct_rep_02,Full_HG,0,2,0.153685773004582,75,75,0,0,1,1,1
Data_LLbetween_0100_LH_075_noise_000pct_rep_02,Full_HG,0,2,0.154988194809706,75,75,0,0,1,1,1
Data_LLbetween_0100_LH_075_noise_000pct_rep_02,Full_HG,0,2,0.15629061661483,75,75,0,0,1,1,1
Data_LLbetween_0100_LH_075_noise_000pct_rep_02,Full_HG,0,2,0.157593038419953,75,75,0,0,1,1,1
Data_LLbetween_0100_LH_075_noise_000pct_rep_02,Full_HG,0,2,0.158895460225077,75,75,0,0,1,1,1
Data_LLbetween_0100_LH_075_noise_000pct_rep_02,Full_HG,0,2,0.1601978820302,75,75,0,0,1,1,1
Data_LLbetween_0100_LH_075_noise_000pct_rep_02,Full_HG,0,2,0.161500303835324,75,75,0,0,1,1,1
Data_LLbetween_0100_LH_075_noise_000pct_rep_02,Full_HG,0,2,0.162802725640447,75,75,0,0,1,1,1
Data_LLbetween_0100_LH_075_noise_000pct_rep_02,Full_HG,0,2,0.164105147445571,75,75,0,0,1,1,1
Data_LLbetween_0100_LH_075_noise_000pct_rep_02,Full_HG,0,2,0.165407569250695,75,75,0,0,1,1,1
Data_LLbetween_0100_LH_075_noise_000pct_rep_02,Full_HG,0,2,0.166709991055818,75,75,0,0,1,1,1
Data_LLbetween_0100_LH_075_noise_000pct_rep_02,Full_HG,0,2,0.168012412860942,75,75,0,0,1,1,1
Data_LLbetween_0100_LH_075_noise_000pct_rep_02,Full_HG,0,2,0.169314834666065,75,75,0,0,1,1,1
Data_LLbetween_0100_LH_075_noise_000pct_rep_02,Full_HG,0,2,0.170617256471189,75,75,0,0,1,1,1
Data_LLbetween_0100_LH_075_noise_000pct_rep_02,Full_HG,0,2,0.171919678276312,75,75,0,0,1,1,1
Data_LLbetween_0100_LH_075_noise_000pct_rep_02,Full_HG,0,2,0.173222100081436,75,75,0,0,1,1,1
Data_LLbetween_0100_LH_075_noise_000pct_rep_02,Full_HG,0,2,0.17452452188656,75,75,0,0,1,1,1
Data_LLbetween_0100_LH_075_noise_000pct_rep_02,Full_HG,0,2,0.175826943691683,75,75,0,0,1,1,1
Data_LLbetween_0100_LH_075_noise_000pct_rep_02,Full_HG,0,2,0.177129365496807,75,75,0,0,1,1,1
Data_LLbetween_0100_LH_075_noise_000pct_rep_02,Full_HG,0,2,0.17843178730193,75,75,0,0,1,1,1
Data_LLbetween_0100_LH_075_noise_000pct_rep_02,Full_HG,0,2,0.179734209107054,75,75,0,0,1,1,1
Data_LLbetween_0100_LH_075_noise_000pct_rep_02,Full_HG,0,2,0.181036630912178,75,75,0,0,1,1,1
Data_LLbetween_0100_LH_075_noise_000pct_rep_02,Full_HG,0,2,0.182339052717301,75,75,0,0,1,1,1
Data_LLbetween_0100_LH_075_noise_000pct_rep_02,Full_HG,0,2,0.183641474522425,75,75,0,0,1,1,1
Data_LLbetween_0100_LH_075_noise_000pct_rep_02,Full_HG,0,2,0.184943896327548,75,75,0,0,1,1,1
Data_LLbetween_0100_LH_075_noise_000pct_rep_02,Full_HG,0,2,0.186246318132672,75,75,0,0,1,1,1
Data_LLbetween_0100_LH_075_noise_000pct_rep_02,Full_HG,0,2,0.187548739937795,75,75,0,0,1,1,1
Data_LLbetween_0100_LH_075_noise_000pct_rep_02,Full_HG,0,2,0.188851161742919,75,75,0,0,1,1,1
Data_LLbetween_0100_LH_075_noise_000pct_rep_02,Full_HG,0,2,0.190153583548043,75,75,0,0,1,1,1
Data_LLbetween_0100_LH_075_noise_000pct_rep_02,Full_HG,0,2,0.191456005353166,75,75,0,0,1,1,1
Data_LLbetween_0100_LH_075_noise_000pct_rep_02,Full_HG,0,2,0.19275842715829,75,75,0,0,1,1,1
Data_LLbetween_0100_LH_075_noise_000pct_rep_02,Full_HG,0,2,0.194060848963413,75,75,0,0,1,1,1
Data_LLbetween_0100_LH_075_noise_000pct_rep_02,Full_HG,0,2,0.195363270768537,75,75,0,0,1,1,1
Data_LLbetween_0100_LH_075_noise_000pct_rep_02,Full_HG,0,2,0.19666569257366,75,75,0,0,1,1,1
Data_LLbetween_0100_LH_075_noise_000pct_rep_02,Full_HG,0,2,0.197968114378784,75,75,0,0,1,1,1
Data_LLbetween_0100_LH_075_noise_000pct_rep_02,Full_HG,0,2,0.199270536183908,75,75,0,0,1,1,1
Data_LLbetween_0100_LH_075_noise_000pct_rep_02,Full_HG,0,2,0.200572957989031,75,75,0,0,1,1,1
Data_LLbetween_0100_LH_075_noise_000pct_rep_02,Full_HG,0,2,0.201875379794155,75,75,0,0,1,1,1
Data_LLbetween_0100_LH_075_noise_000pct_rep_02,Full_HG,0,2,0.203177801599278,75,75,0,0,1,1,1
Data_LLbetween_0100_LH_075_noise_000pct_rep_02,Full_HG,0,2,0.204480223404402,75,75,0,0,1,1,1
Data_LLbetween_0100_LH_075_noise_000pct_rep_02,Full_HG,0,2,0.205782645209526,75,75,0,0,1,1,1
Data_LLbetween_0100_LH_075_noise_000pct_rep_02,Full_HG,0,2,0.207085067014649,75,75,0,0,1,1,1
Data_LLbetween_0100_LH_075_noise_000pct_rep_02,Full_HG,0,2,0.208387488819773,75,75,0,0,1,1,1
Data_LLbetween_0100_LH_075_noise_000pct_rep_02,Full_HG,0,2,0.209689910624896,75,75,0,0,1,1,1
Data_LLbetween_0100_LH_075_noise_000pct_rep_02,Full_HG,0,2,0.21099233243002,75,75,0,0,1,1,1
Data_LLbetween_0100_LH_075_noise_000pct_rep_02,Full_HG,0,2,0.212294754235143,75,75,0,0,1,1,1
Data_LLbetween_0100_LH_075_noise_000pct_rep_02,Full_HG,0,2,0.213597176040267,75,75,0,0,1,1,1
Data_LLbetween_0100_LH_075_noise_000pct_rep_02,Full_HG,0,2,0.214899597845391,75,75,0,0,1,1,1
Data_LLbetween_0100_LH_075_noise_000pct_rep_02,Full_HG,0,2,0.216202019650514,75,75,0,0,1,1,1
Data_LLbetween_0100_LH_075_noise_000pct_rep_02,Full_HG,0,2,0.217504441455638,75,75,0,0,1,1,1
Data_LLbetween_0100_LH_075_noise_000pct_rep_02,Full_HG,0,2,0.218806863260761,75,75,0,0,1,1,1
Data_LLbetween_0100_LH_075_noise_000pct_rep_02,Full_HG,0,2,0.220109285065885,75,75,0,0,1,1,1
Data_LLbetween_0100_LH_075_noise_000pct_rep_02,Full_HG,0,2,0.221411706871009,75,75,0,0,1,1,1
Data_LLbetween_0100_LH_075_noise_000pct_rep_02,Full_HG,0,2,0.222714128676132,75,75,0,0,1,1,1
Data_LLbetween_0100_LH_075_noise_000pct_rep_02,Full_HG,0,2,0.224016550481256,75,75,0,0,1,1,1
Data_LLbetween_0100_LH_075_noise_000pct_rep_02,Full_HG,0,2,0.225318972286379,75,75,0,0,1,1,1
Data_LLbetween_0100_LH_075_noise_000pct_rep_02,Full_HG,0,2,0.226621394091503,75,75,0,0,1,1,1
Data_LLbetween_0100_LH_075_noise_000pct_rep_02,Full_HG,0,2,0.227923815896626,75,75,0,0,1,1,1
Data_LLbetween_0100_LH_075_noise_000pct_rep_02,Full_HG,0,2,0.22922623770175,75,75,0,0,1,1,1
Data_LLbetween_0100_LH_075_noise_000pct_rep_02,Full_HG,0,2,0.230528659506874,75,75,0,0,1,1,1
Data_LLbetween_0100_LH_075_noise_000pct_rep_02,Full_HG,0,2,0.231831081311997,75,75,0,0,1,1,1
Data_LLbetween_0100_LH_075_noise_000pct_rep_02,Full_HG,0,2,0.233133503117121,75,75,0,0,1,1,1
Data_LLbetween_0100_LH_075_noise_000pct_rep_02,Full_HG,0,2,0.234435924922244,75,75,0,0,1,1,1
Data_LLbetween_0100_LH_075_noise_000pct_rep_02,Full_HG,0,2,0.235738346727368,75,75,0,0,1,1,1
Data_LLbetween_0100_LH_075_noise_000pct_rep_02,Full_HG,0,2,0.237040768532491,75,75,0,0,1,1,1
Data_LLbetween_0100_LH_075_noise_000pct_rep_02,Full_HG,0,2,0.238343190337615,75,75,0,0,1,1,1
Data_LLbetween_0100_LH_075_noise_000pct_rep_02,Full_HG,0,2,0.239645612142739,75,75,0,0,1,1,1
Data_LLbetween_0100_LH_075_noise_000pct_rep_02,Full_HG,0,2,0.240948033947862,74,74,0,1,1,0.986666666666667,0.993288590604027
Data_LLbetween_0100_LH_075_noise_000pct_rep_02,Full_HG,0,2,0.242250455752986,74,74,0,1,1,0.986666666666667,0.993288590604027
Data_LLbetween_0100_LH_075_noise_000pct_rep_02,Full_HG,0,2,0.243552877558109,74,74,0,1,1,0.986666666666667,0.993288590604027
Data_LLbetween_0100_LH_075_noise_000pct_rep_02,Full_HG,0,2,0.244855299363233,73,73,0,2,1,0.973333333333333,0.986486486486487
Data_LLbetween_0100_LH_075_noise_000pct_rep_02,Full_HG,0,2,0.246157721168356,73,73,0,2,1,0.973333333333333,0.986486486486487
Data_LLbetween_0100_LH_075_noise_000pct_rep_02,Full_HG,0,2,0.24746014297348,73,73,0,2,1,0.973333333333333,0.986486486486487
Data_LLbetween_0100_LH_075_noise_000pct_rep_02,Full_HG,0,2,0.248762564778604,73,73,0,2,1,0.973333333333333,0.986486486486487
Data_LLbetween_0100_LH_075_noise_000pct_rep_02,Full_HG,0,2,0.250064986583727,73,73,0,2,1,0.973333333333333,0.986486486486487
Data_LLbetween_0100_LH_075_noise_000pct_rep_02,Full_HG,0,2,0.251367408388851,73,73,0,2,1,0.973333333333333,0.986486486486487
Data_LLbetween_0100_LH_075_noise_000pct_rep_02,Full_HG,0,2,0.252669830193974,73,73,0,2,1,0.973333333333333,0.986486486486487
Data_LLbetween_0100_LH_075_noise_000pct_rep_02,Full_HG,0,2,0.253972251999098,73,73,0,2,1,0.973333333333333,0.986486486486487
Data_LLbetween_0100_LH_075_noise_000pct_rep_02,Full_HG,0,2,0.255274673804222,73,73,0,2,1,0.973333333333333,0.986486486486487
Data_LLbetween_0100_LH_075_noise_000pct_rep_02,Full_HG,0,2,0.256577095609345,73,73,0,2,1,0.973333333333333,0.986486486486487
Data_LLbetween_0100_LH_075_noise_000pct_rep_02,Full_HG,0,2,0.257879517414469,73,73,0,2,1,0.973333333333333,0.986486486486487
Data_LLbetween_0100_LH_075_noise_000pct_rep_02,Full_HG,0,2,0.259181939219592,73,73,0,2,1,0.973333333333333,0.986486486486487
Data_LLbetween_0100_LH_075_noise_000pct_rep_02,Full_HG,0,2,0.260484361024716,73,73,0,2,1,0.973333333333333,0.986486486486487
Data_LLbetween_0100_LH_075_noise_000pct_rep_02,Full_HG,0,2,0.261786782829839,73,73,0,2,1,0.973333333333333,0.986486486486487
Data_LLbetween_0100_LH_075_noise_000pct_rep_02,Full_HG,0,2,0.263089204634963,72,72,0,3,1,0.96,0.979591836734694
Data_LLbetween_0100_LH_075_noise_000pct_rep_02,Full_HG,0,2,0.264391626440087,72,72,0,3,1,0.96,0.979591836734694
Data_LLbetween_0100_LH_075_noise_000pct_rep_02,Full_HG,0,2,0.26569404824521,72,72,0,3,1,0.96,0.979591836734694
Data_LLbetween_0100_LH_075_noise_000pct_rep_02,Full_HG,0,2,0.266996470050334,72,72,0,3,1,0.96,0.979591836734694
Data_LLbetween_0100_LH_075_noise_000pct_rep_02,Full_HG,0,2,0.268298891855457,72,72,0,3,1,0.96,0.979591836734694
Data_LLbetween_0100_LH_075_noise_000pct_rep_02,Full_HG,0,2,0.269601313660581,72,72,0,3,1,0.96,0.979591836734694
Data_LLbetween_0100_LH_075_noise_000pct_rep_02,Full_HG,0,2,0.270903735465705,72,72,0,3,1,0.96,0.979591836734694
Data_LLbetween_0100_LH_075_noise_000pct_rep_02,Full_HG,0,2,0.272206157270828,72,72,0,3,1,0.96,0.979591836734694
Data_LLbetween_0100_LH_075_noise_000pct_rep_02,Full_HG,0,2,0.273508579075952,72,72,0,3,1,0.96,0.979591836734694
Data_LLbetween_0100_LH_075_noise_000pct_rep_02,Full_HG,0,2,0.274811000881075,72,72,0,3,1,0.96,0.979591836734694
Data_LLbetween_0100_LH_075_noise_000pct_rep_02,Full_HG,0,2,0.276113422686199,72,72,0,3,1,0.96,0.979591836734694
Data_LLbetween_0100_LH_075_noise_000pct_rep_02,Full_HG,0,2,0.277415844491322,72,72,0,3,1,0.96,0.979591836734694
Data_LLbetween_0100_LH_075_noise_000pct_rep_02,Full_HG,0,2,0.278718266296446,72,72,0,3,1,0.96,0.979591836734694
Data_LLbetween_0100_LH_075_noise_000pct_rep_02,Full_HG,0,2,0.28002068810157,72,72,0,3,1,0.96,0.979591836734694
Data_LLbetween_0100_LH_075_noise_000pct_rep_02,Full_HG,0,2,0.281323109906693,72,72,0,3,1,0.96,0.979591836734694
Data_LLbetween_0100_LH_075_noise_000pct_rep_02,Full_HG,0,2,0.282625531711817,72,72,0,3,1,0.96,0.979591836734694
Data_LLbetween_0100_LH_075_noise_000pct_rep_02,Full_HG,0,2,0.28392795351694,72,72,0,3,1,0.96,0.979591836734694
Data_LLbetween_0100_LH_075_noise_000pct_rep_02,Full_HG,0,2,0.285230375322064,72,72,0,3,1,0.96,0.979591836734694
Data_LLbetween_0100_LH_075_noise_000pct_rep_02,Full_HG,0,2,0.286532797127187,72,72,0,3,1,0.96,0.979591836734694
Data_LLbetween_0100_LH_075_noise_000pct_rep_02,Full_HG,0,2,0.287835218932311,72,72,0,3,1,0.96,0.979591836734694
Data_LLbetween_0100_LH_075_noise_000pct_rep_02,Full_HG,0,2,0.289137640737435,72,72,0,3,1,0.96,0.979591836734694
Data_LLbetween_0100_LH_075_noise_000pct_rep_02,Full_HG,0,2,0.290440062542558,72,72,0,3,1,0.96,0.979591836734694
Data_LLbetween_0100_LH_075_noise_000pct_rep_02,Full_HG,0,2,0.291742484347682,72,72,0,3,1,0.96,0.979591836734694
Data_LLbetween_0100_LH_075_noise_000pct_rep_02,Full_HG,0,2,0.293044906152805,72,72,0,3,1,0.96,0.979591836734694
Data_LLbetween_0100_LH_075_noise_000pct_rep_02,Full_HG,0,2,0.294347327957929,72,72,0,3,1,0.96,0.979591836734694
Data_LLbetween_0100_LH_075_noise_000pct_rep_02,Full_HG,0,2,0.295649749763053,71,71,0,4,1,0.946666666666667,0.972602739726027
Data_LLbetween_0100_LH_075_noise_000pct_rep_02,Full_HG,0,2,0.296952171568176,71,71,0,4,1,0.946666666666667,0.972602739726027
Data_LLbetween_0100_LH_075_noise_000pct_rep_02,Full_HG,0,2,0.2982545933733,71,71,0,4,1,0.946666666666667,0.972602739726027
Data_LLbetween_0100_LH_075_noise_000pct_rep_02,Full_HG,0,2,0.299557015178423,71,71,0,4,1,0.946666666666667,0.972602739726027
Data_LLbetween_0100_LH_075_noise_000pct_rep_02,Full_HG,0,2,0.300859436983547,71,71,0,4,1,0.946666666666667,0.972602739726027
Data_LLbetween_0100_LH_075_noise_000pct_rep_02,Full_HG,0,2,0.30216185878867,71,71,0,4,1,0.946666666666667,0.972602739726027
Data_LLbetween_0100_LH_075_noise_000pct_rep_02,Full_HG,0,2,0.303464280593794,70,70,0,5,1,0.933333333333333,0.96551724137931
Data_LLbetween_0100_LH_075_noise_000pct_rep_02,Full_HG,0,2,0.304766702398918,70,70,0,5,1,0.933333333333333,0.96551724137931
Data_LLbetween_0100_LH_075_noise_000pct_rep_02,Full_HG,0,2,0.306069124204041,70,70,0,5,1,0.933333333333333,0.96551724137931
Data_LLbetween_0100_LH_075_noise_000pct_rep_02,Full_HG,0,2,0.307371546009165,69,69,0,6,1,0.92,0.958333333333333
Data_LLbetween_0100_LH_075_noise_000pct_rep_02,Full_HG,0,2,0.308673967814288,69,69,0,6,1,0.92,0.958333333333333
Data_LLbetween_0100_LH_075_noise_000pct_rep_02,Full_HG,0,2,0.309976389619412,69,69,0,6,1,0.92,0.958333333333333
Data_LLbetween_0100_LH_075_noise_000pct_rep_02,Full_HG,0,2,0.311278811424536,69,69,0,6,1,0.92,0.958333333333333
Data_LLbetween_0100_LH_075_noise_000pct_rep_02,Full_HG,0,2,0.312581233229659,69,69,0,6,1,0.92,0.958333333333333
Data_LLbetween_0100_LH_075_noise_000pct_rep_02,Full_HG,0,2,0.313883655034783,69,69,0,6,1,0.92,0.958333333333333
Data_LLbetween_0100_LH_075_noise_000pct_rep_02,Full_HG,0,2,0.315186076839906,69,69,0,6,1,0.92,0.958333333333333
Data_LLbetween_0100_LH_075_noise_000pct_rep_02,Full_HG,0,2,0.31648849864503,69,69,0,6,1,0.92,0.958333333333333
Data_LLbetween_0100_LH_075_noise_000pct_rep_02,Full_HG,0,2,0.317790920450153,69,69,0,6,1,0.92,0.958333333333333
Data_LLbetween_0100_LH_075_noise_000pct_rep_02,Full_HG,0,2,0.319093342255277,69,69,0,6,1,0.92,0.958333333333333
Data_LLbetween_0100_LH_075_noise_000pct_rep_02,Full_HG,0,2,0.320395764060401,69,69,0,6,1,0.92,0.958333333333333
Data_LLbetween_0100_LH_075_noise_000pct_rep_02,Full_HG,0,2,0.321698185865524,68,68,0,7,1,0.906666666666667,0.951048951048951
Data_LLbetween_0100_LH_075_noise_000pct_rep_02,Full_HG,0,2,0.323000607670648,68,68,0,7,1,0.906666666666667,0.951048951048951
Data_LLbetween_0100_LH_075_noise_000pct_rep_02,Full_HG,0,2,0.324303029475771,68,68,0,7,1,0.906666666666667,0.951048951048951
Data_LLbetween_0100_LH_075_noise_000pct_rep_02,Full_HG,0,2,0.325605451280895,67,67,0,8,1,0.893333333333333,0.943661971830986
Data_LLbetween_0100_LH_075_noise_000pct_rep_02,Full_HG,0,2,0.326907873086018,67,67,0,8,1,0.893333333333333,0.943661971830986
Data_LLbetween_0100_LH_075_noise_000pct_rep_02,Full_HG,0,2,0.328210294891142,67,67,0,8,1,0.893333333333333,0.943661971830986
Data_LLbetween_0100_LH_075_noise_000pct_rep_02,Full_HG,0,2,0.329512716696266,67,67,0,8,1,0.893333333333333,0.943661971830986
Data_LLbetween_0100_LH_075_noise_000pct_rep_02,Full_HG,0,2,0.330815138501389,65,65,0,10,1,0.866666666666667,0.928571428571429
Data_LLbetween_0100_LH_075_noise_000pct_rep_02,Full_HG,0,2,0.332117560306513,64,64,0,11,1,0.853333333333333,0.920863309352518
Data_LLbetween_0100_LH_075_noise_000pct_rep_02,Full_HG,0,2,0.333419982111636,64,64,0,11,1,0.853333333333333,0.920863309352518
Data_LLbetween_0100_LH_075_noise_000pct_rep_02,Full_HG,0,2,0.33472240391676,63,63,0,12,1,0.84,0.91304347826087
Data_LLbetween_0100_LH_075_noise_000pct_rep_02,Full_HG,0,2,0.336024825721884,63,63,0,12,1,0.84,0.91304347826087
Data_LLbetween_0100_LH_075_noise_000pct_rep_02,Full_HG,0,2,0.337327247527007,62,62,0,13,1,0.826666666666667,0.905109489051095
Data_LLbetween_0100_LH_075_noise_000pct_rep_02,Full_HG,0,2,0.338629669332131,62,62,0,13,1,0.826666666666667,0.905109489051095
Data_LLbetween_0100_LH_075_noise_000pct_rep_02,Full_HG,0,2,0.339932091137254,61,61,0,14,1,0.813333333333333,0.897058823529412
Data_LLbetween_0100_LH_075_noise_000pct_rep_02,Full_HG,0,2,0.341234512942378,61,61,0,14,1,0.813333333333333,0.897058823529412
Data_LLbetween_0100_LH_075_noise_000pct_rep_02,Full_HG,0,2,0.342536934747501,59,59,0,16,1,0.786666666666667,0.880597014925373
Data_LLbetween_0100_LH_075_noise_000pct_rep_02,Full_HG,0,2,0.343839356552625,59,59,0,16,1,0.786666666666667,0.880597014925373
Data_LLbetween_0100_LH_075_noise_000pct_rep_02,Full_HG,0,2,0.345141778357749,59,59,0,16,1,0.786666666666667,0.880597014925373
Data_LLbetween_0100_LH_075_noise_000pct_rep_02,Full_HG,0,2,0.346444200162872,59,59,0,16,1,0.786666666666667,0.880597014925373
Data_LLbetween_0100_LH_075_noise_000pct_rep_02,Full_HG,0,2,0.347746621967996,59,59,0,16,1,0.786666666666667,0.880597014925373
Data_LLbetween_0100_LH_075_noise_000pct_rep_02,Full_HG,0,2,0.349049043773119,58,58,0,17,1,0.773333333333333,0.87218045112782
Data_LLbetween_0100_LH_075_noise_000pct_rep_02,Full_HG,0,2,0.350351465578243,57,57,0,18,1,0.76,0.863636363636364
Data_LLbetween_0100_LH_075_noise_000pct_rep_02,Full_HG,0,2,0.351653887383366,57,57,0,18,1,0.76,0.863636363636364
Data_LLbetween_0100_LH_075_noise_000pct_rep_02,Full_HG,0,2,0.35295630918849,56,56,0,19,1,0.746666666666667,0.854961832061069
Data_LLbetween_0100_LH_075_noise_000pct_rep_02,Full_HG,0,2,0.354258730993614,55,55,0,20,1,0.733333333333333,0.846153846153846
Data_LLbetween_0100_LH_075_noise_000pct_rep_02,Full_HG,0,2,0.355561152798737,55,55,0,20,1,0.733333333333333,0.846153846153846
Data_LLbetween_0100_LH_075_noise_000pct_rep_02,Full_HG,0,2,0.356863574603861,54,54,0,21,1,0.72,0.837209302325581
Data_LLbetween_0100_LH_075_noise_000pct_rep_02,Full_HG,0,2,0.358165996408984,54,54,0,21,1,0.72,0.837209302325581
Data_LLbetween_0100_LH_075_noise_000pct_rep_02,Full_HG,0,2,0.359468418214108,53,53,0,22,1,0.706666666666667,0.828125
Data_LLbetween_0100_LH_075_noise_000pct_rep_02,Full_HG,0,2,0.360770840019232,53,53,0,22,1,0.706666666666667,0.828125
Data_LLbetween_0100_LH_075_noise_000pct_rep_02,Full_HG,0,2,0.362073261824355,52,52,0,23,1,0.693333333333333,0.818897637795276
Data_LLbetween_0100_LH_075_noise_000pct_rep_02,Full_HG,0,2,0.363375683629479,52,52,0,23,1,0.693333333333333,0.818897637795276
Data_LLbetween_0100_LH_075_noise_000pct_rep_02,Full_HG,0,2,0.364678105434602,52,52,0,23,1,0.693333333333333,0.818897637795276
Data_LLbetween_0100_LH_075_noise_000pct_rep_02,Full_HG,0,2,0.365980527239726,50,50,0,25,1,0.666666666666667,0.8
Data_LLbetween_0100_LH_075_noise_000pct_rep_02,Full_HG,0,2,0.367282949044849,49,49,0,26,1,0.653333333333333,0.790322580645161
Data_LLbetween_0100_LH_075_noise_000pct_rep_02,Full_HG,0,2,0.368585370849973,49,49,0,26,1,0.653333333333333,0.790322580645161
Data_LLbetween_0100_LH_075_noise_000pct_rep_02,Full_HG,0,2,0.369887792655097,48,48,0,27,1,0.64,0.780487804878049
Data_LLbetween_0100_LH_075_noise_000pct_rep_02,Full_HG,0,2,0.37119021446022,48,48,0,27,1,0.64,0.780487804878049
Data_LLbetween_0100_LH_075_noise_000pct_rep_02,Full_HG,0,2,0.372492636265344,47,47,0,28,1,0.626666666666667,0.770491803278689
Data_LLbetween_0100_LH_075_noise_000pct_rep_02,Full_HG,0,2,0.373795058070467,46,46,0,29,1,0.613333333333333,0.760330578512397
Data_LLbetween_0100_LH_075_noise_000pct_rep_02,Full_HG,0,2,0.375097479875591,46,46,0,29,1,0.613333333333333,0.760330578512397
Data_LLbetween_0100_LH_075_noise_000pct_rep_02,Full_HG,0,2,0.376399901680714,45,45,0,30,1,0.6,0.75
Data_LLbetween_0100_LH_075_noise_000pct_rep_02,Full_HG,0,2,0.377702323485838,45,45,0,30,1,0.6,0.75
Data_LLbetween_0100_LH_075_noise_000pct_rep_02,Full_HG,0,2,0.379004745290962,44,44,0,31,1,0.586666666666667,0.739495798319328
Data_LLbetween_0100_LH_075_noise_000pct_rep_02,Full_HG,0,2,0.380307167096085,44,44,0,31,1,0.586666666666667,0.739495798319328
Data_LLbetween_0100_LH_075_noise_000pct_rep_02,Full_HG,0,2,0.381609588901209,44,44,0,31,1,0.586666666666667,0.739495798319328
Data_LLbetween_0100_LH_075_noise_000pct_rep_02,Full_HG,0,2,0.382912010706332,44,44,0,31,1,0.586666666666667,0.739495798319328
Data_LLbetween_0100_LH_075_noise_000pct_rep_02,Full_HG,0,2,0.384214432511456,43,43,0,32,1,0.573333333333333,0.728813559322034
Data_LLbetween_0100_LH_075_noise_000pct_rep_02,Full_HG,0,2,0.38551685431658,42,42,0,33,1,0.56,0.717948717948718
Data_LLbetween_0100_LH_075_noise_000pct_rep_02,Full_HG,0,2,0.386819276121703,42,42,0,33,1,0.56,0.717948717948718
Data_LLbetween_0100_LH_075_noise_000pct_rep_02,Full_HG,0,2,0.388121697926827,40,40,0,35,1,0.533333333333333,0.695652173913044
Data_LLbetween_0100_LH_075_noise_000pct_rep_02,Full_HG,0,2,0.38942411973195,40,40,0,35,1,0.533333333333333,0.695652173913044
Data_LLbetween_0100_LH_075_noise_000pct_rep_02,Full_HG,0,2,0.390726541537074,39,39,0,36,1,0.52,0.684210526315789
Data_LLbetween_0100_LH_075_noise_000pct_rep_02,Full_HG,0,2,0.392028963342197,37,37,0,38,1,0.493333333333333,0.660714285714286
Data_LLbetween_0100_LH_075_noise_000pct_rep_02,Full_HG,0,2,0.393331385147321,36,36,0,39,1,0.48,0.648648648648649
Data_LLbetween_0100_LH_075_noise_000pct_rep_02,Full_HG,0,2,0.394633806952445,33,33,0,42,1,0.44,0.611111111111111
Data_LLbetween_0100_LH_075_noise_000pct_rep_02,Full_HG,0,2,0.395936228757568,31,31,0,44,1,0.413333333333333,0.584905660377358
Data_LLbetween_0100_LH_075_noise_000pct_rep_02,Full_HG,0,2,0.397238650562692,30,30,0,45,1,0.4,0.571428571428572
Data_LLbetween_0100_LH_075_noise_000pct_rep_02,Full_HG,0,2,0.398541072367815,30,30,0,45,1,0.4,0.571428571428572
Data_LLbetween_0100_LH_075_noise_000pct_rep_02,Full_HG,0,2,0.399843494172939,30,30,0,45,1,0.4,0.571428571428572
Data_LLbetween_0100_LH_075_noise_000pct_rep_02,Full_HG,0,2,0.401145915978062,28,28,0,47,1,0.373333333333333,0.54368932038835
Data_LLbetween_0100_LH_075_noise_000pct_rep_02,Full_HG,0,2,0.402448337783186,27,27,0,48,1,0.36,0.529411764705882
Data_LLbetween_0100_LH_075_noise_000pct_rep_02,Full_HG,0,2,0.40375075958831,25,25,0,50,1,0.333333333333333,0.5
Data_LLbetween_0100_LH_075_noise_000pct_rep_02,Full_HG,0,2,0.405053181393433,25,25,0,50,1,0.333333333333333,0.5
Data_LLbetween_0100_LH_075_noise_000pct_rep_02,Full_HG,0,2,0.406355603198557,24,24,0,51,1,0.32,0.484848484848485
Data_LLbetween_0100_LH_075_noise_000pct_rep_02,Full_HG,0,2,0.40765802500368,24,24,0,51,1,0.32,0.484848484848485
Data_LLbetween_0100_LH_075_noise_000pct_rep_02,Full_HG,0,2,0.408960446808804,23,23,0,52,1,0.306666666666667,0.469387755102041
Data_LLbetween_0100_LH_075_noise_000pct_rep_02,Full_HG,0,2,0.410262868613928,20,20,0,55,1,0.266666666666667,0.421052631578947
Data_LLbetween_0100_LH_075_noise_000pct_rep_02,Full_HG,0,2,0.411565290419051,20,20,0,55,1,0.266666666666667,0.421052631578947
Data_LLbetween_0100_LH_075_noise_000pct_rep_02,Full_HG,0,2,0.412867712224175,19,19,0,56,1,0.253333333333333,0.404255319148936
Data_LLbetween_0100_LH_075_noise_000pct_rep_02,Full_HG,0,2,0.414170134029298,18,18,0,57,1,0.24,0.387096774193548
Data_LLbetween_0100_LH_075_noise_000pct_rep_02,Full_HG,0,2,0.415472555834422,18,18,0,57,1,0.24,0.387096774193548
Data_LLbetween_0100_LH_075_noise_000pct_rep_02,Full_HG,0,2,0.416774977639545,17,17,0,58,1,0.226666666666667,0.369565217391304
Data_LLbetween_0100_LH_075_noise_000pct_rep_02,Full_HG,0,2,0.418077399444669,17,17,0,58,1,0.226666666666667,0.369565217391304
Data_LLbetween_0100_LH_075_noise_000pct_rep_02,Full_HG,0,2,0.419379821249793,15,15,0,60,1,0.2,0.333333333333333
Data_LLbetween_0100_LH_075_noise_000pct_rep_02,Full_HG,0,2,0.420682243054916,15,15,0,60,1,0.2,0.333333333333333
Data_LLbetween_0100_LH_075_noise_000pct_rep_02,Full_HG,0,2,0.42198466486004,15,15,0,60,1,0.2,0.333333333333333
Data_LLbetween_0100_LH_075_noise_000pct_rep_02,Full_HG,0,2,0.423287086665163,14,14,0,61,1,0.186666666666667,0.314606741573034
Data_LLbetween_0100_LH_075_noise_000pct_rep_02,Full_HG,0,2,0.424589508470287,12,12,0,63,1,0.16,0.275862068965517
Data_LLbetween_0100_LH_075_noise_000pct_rep_02,Full_HG,0,2,0.425891930275411,12,12,0,63,1,0.16,0.275862068965517
Data_LLbetween_0100_LH_075_noise_000pct_rep_02,Full_HG,0,2,0.427194352080534,12,12,0,63,1,0.16,0.275862068965517
Data_LLbetween_0100_LH_075_noise_000pct_rep_02,Full_HG,0,2,0.428496773885658,12,12,0,63,1,0.16,0.275862068965517
Data_LLbetween_0100_LH_075_noise_000pct_rep_02,Full_HG,0,2,0.429799195690781,11,11,0,64,1,0.146666666666667,0.255813953488372
Data_LLbetween_0100_LH_075_noise_000pct_rep_02,Full_HG,0,2,0.431101617495905,11,11,0,64,1,0.146666666666667,0.255813953488372
Data_LLbetween_0100_LH_075_noise_000pct_rep_02,Full_HG,0,2,0.432404039301028,8,8,0,67,1,0.106666666666667,0.192771084337349
Data_LLbetween_0100_LH_075_noise_000pct_rep_02,Full_HG,0,2,0.433706461106152,6,6,0,69,1,0.08,0.148148148148148
Data_LLbetween_0100_LH_075_noise_000pct_rep_02,Full_HG,0,2,0.435008882911276,6,6,0,69,1,0.08,0.148148148148148
Data_LLbetween_0100_LH_075_noise_000pct_rep_02,Full_HG,0,2,0.436311304716399,6,6,0,69,1,0.08,0.148148148148148
Data_LLbetween_0100_LH_075_noise_000pct_rep_02,Full_HG,0,2,0.437613726521523,4,4,0,71,1,0.0533333333333333,0.10126582278481
Data_LLbetween_0100_LH_075_noise_000pct_rep_02,Full_HG,0,2,0.438916148326646,4,4,0,71,1,0.0533333333333333,0.10126582278481
Data_LLbetween_0100_LH_075_noise_000pct_rep_02,Full_HG,0,2,0.44021857013177,2,2,0,73,1,0.0266666666666667,0.051948051948052
Data_LLbetween_0100_LH_075_noise_000pct_rep_02,Full_HG,0,2,0.441520991936893,2,2,0,73,1,0.0266666666666667,0.051948051948052
Data_LLbetween_0100_LH_075_noise_000pct_rep_02,Full_HG,0,2,0.442823413742017,2,2,0,73,1,0.0266666666666667,0.051948051948052
Data_LLbetween_0100_LH_075_noise_000pct_rep_02,Full_HG,0,2,0.444125835547141,2,2,0,73,1,0.0266666666666667,0.051948051948052
Data_LLbetween_0100_LH_075_noise_000pct_rep_02,Full_HG,0,2,0.445428257352264,2,2,0,73,1,0.0266666666666667,0.051948051948052
Data_LLbetween_0100_LH_075_noise_000pct_rep_02,Full_HG,0,2,0.446730679157388,0,0,0,75,NaN,0,0
Data_LLbetween_0100_LH_075_noise_000pct_rep_02,Full_HG,0,2,0.448033100962511,0,0,0,75,NaN,0,0
Data_LLbetween_0100_LH_075_noise_000pct_rep_02,Full_HG,0,2,0.449335522767635,0,0,0,75,NaN,0,0
Data_LLbetween_0100_LH_075_noise_000pct_rep_02,Full_HG,0,2,0.450637944572758,0,0,0,75,NaN,0,0
Data_LLbetween_0100_LH_075_noise_000pct_rep_02,Full_HG,0,2,0.451940366377882,0,0,0,75,NaN,0,0
Data_LLbetween_0100_LH_075_noise_000pct_rep_02,Full_HG,0,2,0.453242788183006,0,0,0,75,NaN,0,0
Data_LLbetween_0100_LH_075_noise_000pct_rep_02,Full_HG,0,2,0.454545209988129,0,0,0,75,NaN,0,0
Data_LLbetween_0100_LH_075_noise_000pct_rep_02,Full_HG,0,2,0.455847631793253,0,0,0,75,NaN,0,0
Data_LLbetween_0100_LH_075_noise_000pct_rep_02,Full_HG,0,2,0.457150053598376,0,0,0,75,NaN,0,0
Data_LLbetween_0100_LH_075_noise_000pct_rep_02,Full_HG,0,2,0.4584524754035,0,0,0,75,NaN,0,0
Data_LLbetween_0100_LH_075_noise_000pct_rep_02,Full_HG,0,2,0.459754897208624,0,0,0,75,NaN,0,0
Data_LLbetween_0100_LH_075_noise_000pct_rep_02,Full_HG,0,2,0.461057319013747,0,0,0,75,NaN,0,0
Data_LLbetween_0100_LH_075_noise_000pct_rep_02,Full_HG,0,2,0.462359740818871,0,0,0,75,NaN,0,0
Data_LLbetween_0100_LH_075_noise_000pct_rep_02,Full_HG,0,2,0.463662162623994,0,0,0,75,NaN,0,0
Data_LLbetween_0100_LH_075_noise_000pct_rep_02,Full_HG,0,2,0.464964584429118,0,0,0,75,NaN,0,0
Data_LLbetween_0100_LH_075_noise_000pct_rep_02,Full_HG,0,2,0.466267006234241,0,0,0,75,NaN,0,0
Data_LLbetween_0100_LH_075_noise_000pct_rep_02,Full_HG,0,2,0.467569428039365,0,0,0,75,NaN,0,0
Data_LLbetween_0100_LH_075_noise_000pct_rep_02,Full_HG,0,2,0.468871849844489,0,0,0,75,NaN,0,0
Data_LLbetween_0100_LH_075_noise_000pct_rep_02,Full_HG,0,2,0.470174271649612,0,0,0,75,NaN,0,0
Data_LLbetween_0100_LH_075_noise_000pct_rep_02,Full_HG,0,2,0.471476693454736,0,0,0,75,NaN,0,0
Data_LLbetween_0100_LH_075_noise_000pct_rep_02,Full_HG,0,2,0.472779115259859,0,0,0,75,NaN,0,0
Data_LLbetween_0100_LH_075_noise_000pct_rep_02,Full_HG,0,2,0.474081537064983,0,0,0,75,NaN,0,0
Data_LLbetween_0100_LH_075_noise_000pct_rep_02,Full_HG,0,2,0.475383958870107,0,0,0,75,NaN,0,0
Data_LLbetween_0100_LH_075_noise_000pct_rep_02,Full_HG,0,2,0.47668638067523,0,0,0,75,NaN,0,0
Data_LLbetween_0100_LH_075_noise_000pct_rep_02,Full_HG,0,2,0.477988802480354,0,0,0,75,NaN,0,0
Data_LLbetween_0100_LH_075_noise_000pct_rep_02,Full_HG,0,2,0.479291224285477,0,0,0,75,NaN,0,0
Data_LLbetween_0100_LH_075_noise_000pct_rep_02,Full_HG,0,2,0.480593646090601,0,0,0,75,NaN,0,0
Data_LLbetween_0100_LH_075_noise_000pct_rep_02,Full_HG,0,2,0.481896067895724,0,0,0,75,NaN,0,0
Data_LLbetween_0100_LH_075_noise_000pct_rep_02,Full_HG,0,2,0.483198489700848,0,0,0,75,NaN,0,0
Data_LLbetween_0100_LH_075_noise_000pct_rep_02,Full_HG,0,2,0.484500911505972,0,0,0,75,NaN,0,0
Data_LLbetween_0100_LH_075_noise_000pct_rep_02,Full_HG,0,2,0.485803333311095,0,0,0,75,NaN,0,0
Data_LLbetween_0100_LH_075_noise_000pct_rep_02,Full_HG,0,2,0.487105755116219,0,0,0,75,NaN,0,0
Data_LLbetween_0100_LH_075_noise_000pct_rep_02,Full_HG,0,2,0.488408176921342,0,0,0,75,NaN,0,0
Data_LLbetween_0100_LH_075_noise_000pct_rep_02,Full_HG,0,2,0.489710598726466,0,0,0,75,NaN,0,0
Data_LLbetween_0100_LH_075_noise_000pct_rep_02,Full_HG,0,2,0.491013020531589,0,0,0,75,NaN,0,0
Data_LLbetween_0100_LH_075_noise_000pct_rep_02,Full_HG,0,2,0.492315442336713,0,0,0,75,NaN,0,0
Data_LLbetween_0100_LH_075_noise_000pct_rep_02,Full_HG,0,2,0.493617864141837,0,0,0,75,NaN,0,0
Data_LLbetween_0100_LH_075_noise_000pct_rep_02,Full_HG,0,2,0.49492028594696,0,0,0,75,NaN,0,0
Data_LLbetween_0100_LH_075_noise_000pct_rep_02,Full_HG,0,2,0.496222707752084,0,0,0,75,NaN,0,0
Data_LLbetween_0100_LH_075_noise_000pct_rep_02,Full_HG,0,2,0.497525129557207,0,0,0,75,NaN,0,0
Data_LLbetween_0100_LH_075_noise_000pct_rep_02,Full_HG,0,2,0.498827551362331,0,0,0,75,NaN,0,0
Data_LLbetween_0100_LH_075_noise_000pct_rep_02,Full_HG,0,2,0.500129973167455,0,0,0,75,NaN,0,0
Data_LLbetween_0100_LH_075_noise_000pct_rep_02,Full_HG,0,2,0.501432394972578,0,0,0,75,NaN,0,0
Data_LLbetween_0100_LH_075_noise_000pct_rep_02,Full_HG,0,2,0.502734816777702,0,0,0,75,NaN,0,0
Data_LLbetween_0100_LH_075_noise_000pct_rep_02,Full_HG,0,2,0.504037238582825,0,0,0,75,NaN,0,0
Data_LLbetween_0100_LH_075_noise_000pct_rep_02,Full_HG,0,2,0.505339660387949,0,0,0,75,NaN,0,0
Data_LLbetween_0100_LH_075_noise_000pct_rep_02,Full_HG,0,2,0.506642082193072,0,0,0,75,NaN,0,0
Data_LLbetween_0100_LH_075_noise_000pct_rep_02,Full_HG,0,2,0.507944503998196,0,0,0,75,NaN,0,0
Data_LLbetween_0100_LH_075_noise_000pct_rep_02,Full_HG,0,2,0.50924692580332,0,0,0,75,NaN,0,0
Data_LLbetween_0100_LH_075_noise_000pct_rep_02,Full_HG,0,2,0.510549347608443,0,0,0,75,NaN,0,0
Data_LLbetween_0100_LH_075_noise_000pct_rep_02,Full_HG,0,2,0.511851769413567,0,0,0,75,NaN,0,0
Data_LLbetween_0100_LH_075_noise_000pct_rep_02,Full_HG,0,2,0.51315419121869,0,0,0,75,NaN,0,0
Data_LLbetween_0100_LH_075_noise_000pct_rep_02,Full_HG,0,2,0.514456613023814,0,0,0,75,NaN,0,0
Data_LLbetween_0100_LH_075_noise_000pct_rep_02,Full_HG,0,2,0.515759034828937,0,0,0,75,NaN,0,0
Data_LLbetween_0100_LH_075_noise_000pct_rep_02,Full_HG,0,2,0.517061456634061,0,0,0,75,NaN,0,0
Data_LLbetween_0100_LH_075_noise_000pct_rep_02,Full_HG,0,2,0.518363878439185,0,0,0,75,NaN,0,0
Data_LLbetween_0100_LH_075_noise_000pct_rep_02,Full_HG,0,2,0.519666300244308,0,0,0,75,NaN,0,0
Data_LLbetween_0100_LH_075_noise_000pct_rep_02,Full_HG,0,2,0.520968722049432,0,0,0,75,NaN,0,0
Data_LLbetween_0100_LH_075_noise_000pct_rep_03,Full_HG,0,3,0,248,75,173,0,0.30241935483871,1,0.464396284829721
Data_LLbetween_0100_LH_075_noise_000pct_rep_03,Full_HG,0,3,0.00130242180512358,233,75,158,0,0.321888412017167,1,0.487012987012987
Data_LLbetween_0100_LH_075_noise_000pct_rep_03,Full_HG,0,3,0.00260484361024716,218,75,143,0,0.344036697247706,1,0.511945392491468
Data_LLbetween_0100_LH_075_noise_000pct_rep_03,Full_HG,0,3,0.00390726541537074,204,75,129,0,0.367647058823529,1,0.537634408602151
Data_LLbetween_0100_LH_075_noise_000pct_rep_03,Full_HG,0,3,0.00520968722049432,191,75,116,0,0.392670157068063,1,0.56390977443609
Data_LLbetween_0100_LH_075_noise_000pct_rep_03,Full_HG,0,3,0.0065121090256179,176,75,101,0,0.426136363636364,1,0.597609561752988
Data_LLbetween_0100_LH_075_noise_000pct_rep_03,Full_HG,0,3,0.00781453083074148,166,75,91,0,0.451807228915663,1,0.622406639004149
Data_LLbetween_0100_LH_075_noise_000pct_rep_03,Full_HG,0,3,0.00911695263586506,153,75,78,0,0.490196078431373,1,0.657894736842105
Data_LLbetween_0100_LH_075_noise_000pct_rep_03,Full_HG,0,3,0.0104193744409886,145,75,70,0,0.517241379310345,1,0.681818181818182
Data_LLbetween_0100_LH_075_noise_000pct_rep_03,Full_HG,0,3,0.0117217962461122,129,75,54,0,0.581395348837209,1,0.735294117647059
Data_LLbetween_0100_LH_075_noise_000pct_rep_03,Full_HG,0,3,0.0130242180512358,118,75,43,0,0.635593220338983,1,0.77720207253886
Data_LLbetween_0100_LH_075_noise_000pct_rep_03,Full_HG,0,3,0.0143266398563594,104,75,29,0,0.721153846153846,1,0.837988826815642
Data_LLbetween_0100_LH_075_noise_000pct_rep_03,Full_HG,0,3,0.015629061661483,99,75,24,0,0.757575757575758,1,0.862068965517241
Data_LLbetween_0100_LH_075_noise_000pct_rep_03,Full_HG,0,3,0.0169314834666065,92,75,17,0,0.815217391304348,1,0.898203592814371
Data_LLbetween_0100_LH_075_noise_000pct_rep_03,Full_HG,0,3,0.0182339052717301,86,75,11,0,0.872093023255814,1,0.93167701863354
Data_LLbetween_0100_LH_075_noise_000pct_rep_03,Full_HG,0,3,0.0195363270768537,83,75,8,0,0.903614457831325,1,0.949367088607595
Data_LLbetween_0100_LH_075_noise_000pct_rep_03,Full_HG,0,3,0.0208387488819773,81,75,6,0,0.925925925925926,1,0.961538461538461
Data_LLbetween_0100_LH_075_noise_000pct_rep_03,Full_HG,0,3,0.0221411706871009,80,75,5,0,0.9375,1,0.967741935483871
Data_LLbetween_0100_LH_075_noise_000pct_rep_03,Full_HG,0,3,0.0234435924922244,79,75,4,0,0.949367088607595,1,0.974025974025974
Data_LLbetween_0100_LH_075_noise_000pct_rep_03,Full_HG,0,3,0.024746014297348,77,75,2,0,0.974025974025974,1,0.986842105263158
Data_LLbetween_0100_LH_075_noise_000pct_rep_03,Full_HG,0,3,0.0260484361024716,77,75,2,0,0.974025974025974,1,0.986842105263158
Data_LLbetween_0100_LH_075_noise_000pct_rep_03,Full_HG,0,3,0.0273508579075952,75,75,0,0,1,1,1
Data_LLbetween_0100_LH_075_noise_000pct_rep_03,Full_HG,0,3,0.0286532797127187,75,75,0,0,1,1,1
Data_LLbetween_0100_LH_075_noise_000pct_rep_03,Full_HG,0,3,0.0299557015178423,75,75,0,0,1,1,1
Data_LLbetween_0100_LH_075_noise_000pct_rep_03,Full_HG,0,3,0.0312581233229659,75,75,0,0,1,1,1
Data_LLbetween_0100_LH_075_noise_000pct_rep_03,Full_HG,0,3,0.0325605451280895,75,75,0,0,1,1,1
Data_LLbetween_0100_LH_075_noise_000pct_rep_03,Full_HG,0,3,0.0338629669332131,75,75,0,0,1,1,1
Data_LLbetween_0100_LH_075_noise_000pct_rep_03,Full_HG,0,3,0.0351653887383366,75,75,0,0,1,1,1
Data_LLbetween_0100_LH_075_noise_000pct_rep_03,Full_HG,0,3,0.0364678105434602,75,75,0,0,1,1,1
Data_LLbetween_0100_LH_075_noise_000pct_rep_03,Full_HG,0,3,0.0377702323485838,75,75,0,0,1,1,1
Data_LLbetween_0100_LH_075_noise_000pct_rep_03,Full_HG,0,3,0.0390726541537074,75,75,0,0,1,1,1
Data_LLbetween_0100_LH_075_noise_000pct_rep_03,Full_HG,0,3,0.040375075958831,75,75,0,0,1,1,1
Data_LLbetween_0100_LH_075_noise_000pct_rep_03,Full_HG,0,3,0.0416774977639545,75,75,0,0,1,1,1
Data_LLbetween_0100_LH_075_noise_000pct_rep_03,Full_HG,0,3,0.0429799195690781,75,75,0,0,1,1,1
Data_LLbetween_0100_LH_075_noise_000pct_rep_03,Full_HG,0,3,0.0442823413742017,75,75,0,0,1,1,1
Data_LLbetween_0100_LH_075_noise_000pct_rep_03,Full_HG,0,3,0.0455847631793253,75,75,0,0,1,1,1
Data_LLbetween_0100_LH_075_noise_000pct_rep_03,Full_HG,0,3,0.0468871849844489,75,75,0,0,1,1,1
Data_LLbetween_0100_LH_075_noise_000pct_rep_03,Full_HG,0,3,0.0481896067895724,75,75,0,0,1,1,1
Data_LLbetween_0100_LH_075_noise_000pct_rep_03,Full_HG,0,3,0.049492028594696,75,75,0,0,1,1,1
Data_LLbetween_0100_LH_075_noise_000pct_rep_03,Full_HG,0,3,0.0507944503998196,75,75,0,0,1,1,1
Data_LLbetween_0100_LH_075_noise_000pct_rep_03,Full_HG,0,3,0.0520968722049432,75,75,0,0,1,1,1
Data_LLbetween_0100_LH_075_noise_000pct_rep_03,Full_HG,0,3,0.0533992940100668,75,75,0,0,1,1,1
Data_LLbetween_0100_LH_075_noise_000pct_rep_03,Full_HG,0,3,0.0547017158151903,75,75,0,0,1,1,1
Data_LLbetween_0100_LH_075_noise_000pct_rep_03,Full_HG,0,3,0.0560041376203139,75,75,0,0,1,1,1
Data_LLbetween_0100_LH_075_noise_000pct_rep_03,Full_HG,0,3,0.0573065594254375,75,75,0,0,1,1,1
Data_LLbetween_0100_LH_075_noise_000pct_rep_03,Full_HG,0,3,0.0586089812305611,75,75,0,0,1,1,1
Data_LLbetween_0100_LH_075_noise_000pct_rep_03,Full_HG,0,3,0.0599114030356847,75,75,0,0,1,1,1
Data_LLbetween_0100_LH_075_noise_000pct_rep_03,Full_HG,0,3,0.0612138248408082,75,75,0,0,1,1,1
Data_LLbetween_0100_LH_075_noise_000pct_rep_03,Full_HG,0,3,0.0625162466459318,75,75,0,0,1,1,1
Data_LLbetween_0100_LH_075_noise_000pct_rep_03,Full_HG,0,3,0.0638186684510554,75,75,0,0,1,1,1
Data_LLbetween_0100_LH_075_noise_000pct_rep_03,Full_HG,0,3,0.065121090256179,75,75,0,0,1,1,1
Data_LLbetween_0100_LH_075_noise_000pct_rep_03,Full_HG,0,3,0.0664235120613026,75,75,0,0,1,1,1
Data_LLbetween_0100_LH_075_noise_000pct_rep_03,Full_HG,0,3,0.0677259338664261,75,75,0,0,1,1,1
Data_LLbetween_0100_LH_075_noise_000pct_rep_03,Full_HG,0,3,0.0690283556715497,75,75,0,0,1,1,1
Data_LLbetween_0100_LH_075_noise_000pct_rep_03,Full_HG,0,3,0.0703307774766733,75,75,0,0,1,1,1
Data_LLbetween_0100_LH_075_noise_000pct_rep_03,Full_HG,0,3,0.0716331992817969,75,75,0,0,1,1,1
Data_LLbetween_0100_LH_075_noise_000pct_rep_03,Full_HG,0,3,0.0729356210869204,75,75,0,0,1,1,1
Data_LLbetween_0100_LH_075_noise_000pct_rep_03,Full_HG,0,3,0.074238042892044,75,75,0,0,1,1,1
Data_LLbetween_0100_LH_075_noise_000pct_rep_03,Full_HG,0,3,0.0755404646971676,75,75,0,0,1,1,1
Data_LLbetween_0100_LH_075_noise_000pct_rep_03,Full_HG,0,3,0.0768428865022912,75,75,0,0,1,1,1
Data_LLbetween_0100_LH_075_noise_000pct_rep_03,Full_HG,0,3,0.0781453083074148,75,75,0,0,1,1,1
Data_LLbetween_0100_LH_075_noise_000pct_rep_03,Full_HG,0,3,0.0794477301125383,75,75,0,0,1,1,1
Data_LLbetween_0100_LH_075_noise_000pct_rep_03,Full_HG,0,3,0.0807501519176619,75,75,0,0,1,1,1
Data_LLbetween_0100_LH_075_noise_000pct_rep_03,Full_HG,0,3,0.0820525737227855,75,75,0,0,1,1,1
Data_LLbetween_0100_LH_075_noise_000pct_rep_03,Full_HG,0,3,0.0833549955279091,75,75,0,0,1,1,1
Data_LLbetween_0100_LH_075_noise_000pct_rep_03,Full_HG,0,3,0.0846574173330327,75,75,0,0,1,1,1
Data_LLbetween_0100_LH_075_noise_000pct_rep_03,Full_HG,0,3,0.0859598391381562,75,75,0,0,1,1,1
Data_LLbetween_0100_LH_075_noise_000pct_rep_03,Full_HG,0,3,0.0872622609432798,75,75,0,0,1,1,1
Data_LLbetween_0100_LH_075_noise_000pct_rep_03,Full_HG,0,3,0.0885646827484034,75,75,0,0,1,1,1
Data_LLbetween_0100_LH_075_noise_000pct_rep_03,Full_HG,0,3,0.089867104553527,75,75,0,0,1,1,1
Data_LLbetween_0100_LH_075_noise_000pct_rep_03,Full_HG,0,3,0.0911695263586506,75,75,0,0,1,1,1
Data_LLbetween_0100_LH_075_noise_000pct_rep_03,Full_HG,0,3,0.0924719481637741,75,75,0,0,1,1,1
Data_LLbetween_0100_LH_075_noise_000pct_rep_03,Full_HG,0,3,0.0937743699688977,75,75,0,0,1,1,1
Data_LLbetween_0100_LH_075_noise_000pct_rep_03,Full_HG,0,3,0.0950767917740213,75,75,0,0,1,1,1
Data_LLbetween_0100_LH_075_noise_000pct_rep_03,Full_HG,0,3,0.0963792135791449,75,75,0,0,1,1,1
Data_LLbetween_0100_LH_075_noise_000pct_rep_03,Full_HG,0,3,0.0976816353842685,75,75,0,0,1,1,1
Data_LLbetween_0100_LH_075_noise_000pct_rep_03,Full_HG,0,3,0.098984057189392,75,75,0,0,1,1,1
Data_LLbetween_0100_LH_075_noise_000pct_rep_03,Full_HG,0,3,0.100286478994516,75,75,0,0,1,1,1
Data_LLbetween_0100_LH_075_noise_000pct_rep_03,Full_HG,0,3,0.101588900799639,75,75,0,0,1,1,1
Data_LLbetween_0100_LH_075_noise_000pct_rep_03,Full_HG,0,3,0.102891322604763,75,75,0,0,1,1,1
Data_LLbetween_0100_LH_075_noise_000pct_rep_03,Full_HG,0,3,0.104193744409886,75,75,0,0,1,1,1
Data_LLbetween_0100_LH_075_noise_000pct_rep_03,Full_HG,0,3,0.10549616621501,75,75,0,0,1,1,1
Data_LLbetween_0100_LH_075_noise_000pct_rep_03,Full_HG,0,3,0.106798588020134,75,75,0,0,1,1,1
Data_LLbetween_0100_LH_075_noise_000pct_rep_03,Full_HG,0,3,0.108101009825257,75,75,0,0,1,1,1
Data_LLbetween_0100_LH_075_noise_000pct_rep_03,Full_HG,0,3,0.109403431630381,75,75,0,0,1,1,1
Data_LLbetween_0100_LH_075_noise_000pct_rep_03,Full_HG,0,3,0.110705853435504,75,75,0,0,1,1,1
Data_LLbetween_0100_LH_075_noise_000pct_rep_03,Full_HG,0,3,0.112008275240628,75,75,0,0,1,1,1
Data_LLbetween_0100_LH_075_noise_000pct_rep_03,Full_HG,0,3,0.113310697045751,75,75,0,0,1,1,1
Data_LLbetween_0100_LH_075_noise_000pct_rep_03,Full_HG,0,3,0.114613118850875,75,75,0,0,1,1,1
Data_LLbetween_0100_LH_075_noise_000pct_rep_03,Full_HG,0,3,0.115915540655999,75,75,0,0,1,1,1
Data_LLbetween_0100_LH_075_noise_000pct_rep_03,Full_HG,0,3,0.117217962461122,75,75,0,0,1,1,1
Data_LLbetween_0100_LH_075_noise_000pct_rep_03,Full_HG,0,3,0.118520384266246,75,75,0,0,1,1,1
Data_LLbetween_0100_LH_075_noise_000pct_rep_03,Full_HG,0,3,0.119822806071369,75,75,0,0,1,1,1
Data_LLbetween_0100_LH_075_noise_000pct_rep_03,Full_HG,0,3,0.121125227876493,75,75,0,0,1,1,1
Data_LLbetween_0100_LH_075_noise_000pct_rep_03,Full_HG,0,3,0.122427649681616,75,75,0,0,1,1,1
Data_LLbetween_0100_LH_075_noise_000pct_rep_03,Full_HG,0,3,0.12373007148674,75,75,0,0,1,1,1
Data_LLbetween_0100_LH_075_noise_000pct_rep_03,Full_HG,0,3,0.125032493291864,75,75,0,0,1,1,1
Data_LLbetween_0100_LH_075_noise_000pct_rep_03,Full_HG,0,3,0.126334915096987,75,75,0,0,1,1,1
Data_LLbetween_0100_LH_075_noise_000pct_rep_03,Full_HG,0,3,0.127637336902111,75,75,0,0,1,1,1
Data_LLbetween_0100_LH_075_noise_000pct_rep_03,Full_HG,0,3,0.128939758707234,75,75,0,0,1,1,1
Data_LLbetween_0100_LH_075_noise_000pct_rep_03,Full_HG,0,3,0.130242180512358,75,75,0,0,1,1,1
Data_LLbetween_0100_LH_075_noise_000pct_rep_03,Full_HG,0,3,0.131544602317482,75,75,0,0,1,1,1
Data_LLbetween_0100_LH_075_noise_000pct_rep_03,Full_HG,0,3,0.132847024122605,75,75,0,0,1,1,1
Data_LLbetween_0100_LH_075_noise_000pct_rep_03,Full_HG,0,3,0.134149445927729,75,75,0,0,1,1,1
Data_LLbetween_0100_LH_075_noise_000pct_rep_03,Full_HG,0,3,0.135451867732852,75,75,0,0,1,1,1
Data_LLbetween_0100_LH_075_noise_000pct_rep_03,Full_HG,0,3,0.136754289537976,75,75,0,0,1,1,1
Data_LLbetween_0100_LH_075_noise_000pct_rep_03,Full_HG,0,3,0.138056711343099,75,75,0,0,1,1,1
Data_LLbetween_0100_LH_075_noise_000pct_rep_03,Full_HG,0,3,0.139359133148223,75,75,0,0,1,1,1
Data_LLbetween_0100_LH_075_noise_000pct_rep_03,Full_HG,0,3,0.140661554953347,75,75,0,0,1,1,1
Data_LLbetween_0100_LH_075_noise_000pct_rep_03,Full_HG,0,3,0.14196397675847,75,75,0,0,1,1,1
Data_LLbetween_0100_LH_075_noise_000pct_rep_03,Full_HG,0,3,0.143266398563594,75,75,0,0,1,1,1
Data_LLbetween_0100_LH_075_noise_000pct_rep_03,Full_HG,0,3,0.144568820368717,75,75,0,0,1,1,1
Data_LLbetween_0100_LH_075_noise_000pct_rep_03,Full_HG,0,3,0.145871242173841,75,75,0,0,1,1,1
Data_LLbetween_0100_LH_075_noise_000pct_rep_03,Full_HG,0,3,0.147173663978964,75,75,0,0,1,1,1
Data_LLbetween_0100_LH_075_noise_000pct_rep_03,Full_HG,0,3,0.148476085784088,75,75,0,0,1,1,1
Data_LLbetween_0100_LH_075_noise_000pct_rep_03,Full_HG,0,3,0.149778507589212,75,75,0,0,1,1,1
Data_LLbetween_0100_LH_075_noise_000pct_rep_03,Full_HG,0,3,0.151080929394335,75,75,0,0,1,1,1
Data_LLbetween_0100_LH_075_noise_000pct_rep_03,Full_HG,0,3,0.152383351199459,75,75,0,0,1,1,1
Data_LLbetween_0100_LH_075_noise_000pct_rep_03,Full_HG,0,3,0.153685773004582,75,75,0,0,1,1,1
Data_LLbetween_0100_LH_075_noise_000pct_rep_03,Full_HG,0,3,0.154988194809706,75,75,0,0,1,1,1
Data_LLbetween_0100_LH_075_noise_000pct_rep_03,Full_HG,0,3,0.15629061661483,75,75,0,0,1,1,1
Data_LLbetween_0100_LH_075_noise_000pct_rep_03,Full_HG,0,3,0.157593038419953,75,75,0,0,1,1,1
Data_LLbetween_0100_LH_075_noise_000pct_rep_03,Full_HG,0,3,0.158895460225077,75,75,0,0,1,1,1
Data_LLbetween_0100_LH_075_noise_000pct_rep_03,Full_HG,0,3,0.1601978820302,75,75,0,0,1,1,1
Data_LLbetween_0100_LH_075_noise_000pct_rep_03,Full_HG,0,3,0.161500303835324,75,75,0,0,1,1,1
Data_LLbetween_0100_LH_075_noise_000pct_rep_03,Full_HG,0,3,0.162802725640447,75,75,0,0,1,1,1
Data_LLbetween_0100_LH_075_noise_000pct_rep_03,Full_HG,0,3,0.164105147445571,75,75,0,0,1,1,1
Data_LLbetween_0100_LH_075_noise_000pct_rep_03,Full_HG,0,3,0.165407569250695,75,75,0,0,1,1,1
Data_LLbetween_0100_LH_075_noise_000pct_rep_03,Full_HG,0,3,0.166709991055818,75,75,0,0,1,1,1
Data_LLbetween_0100_LH_075_noise_000pct_rep_03,Full_HG,0,3,0.168012412860942,75,75,0,0,1,1,1
Data_LLbetween_0100_LH_075_noise_000pct_rep_03,Full_HG,0,3,0.169314834666065,75,75,0,0,1,1,1
Data_LLbetween_0100_LH_075_noise_000pct_rep_03,Full_HG,0,3,0.170617256471189,75,75,0,0,1,1,1
Data_LLbetween_0100_LH_075_noise_000pct_rep_03,Full_HG,0,3,0.171919678276312,75,75,0,0,1,1,1
Data_LLbetween_0100_LH_075_noise_000pct_rep_03,Full_HG,0,3,0.173222100081436,75,75,0,0,1,1,1
Data_LLbetween_0100_LH_075_noise_000pct_rep_03,Full_HG,0,3,0.17452452188656,75,75,0,0,1,1,1
Data_LLbetween_0100_LH_075_noise_000pct_rep_03,Full_HG,0,3,0.175826943691683,75,75,0,0,1,1,1
Data_LLbetween_0100_LH_075_noise_000pct_rep_03,Full_HG,0,3,0.177129365496807,75,75,0,0,1,1,1
Data_LLbetween_0100_LH_075_noise_000pct_rep_03,Full_HG,0,3,0.17843178730193,75,75,0,0,1,1,1
Data_LLbetween_0100_LH_075_noise_000pct_rep_03,Full_HG,0,3,0.179734209107054,75,75,0,0,1,1,1
Data_LLbetween_0100_LH_075_noise_000pct_rep_03,Full_HG,0,3,0.181036630912178,75,75,0,0,1,1,1
Data_LLbetween_0100_LH_075_noise_000pct_rep_03,Full_HG,0,3,0.182339052717301,75,75,0,0,1,1,1
Data_LLbetween_0100_LH_075_noise_000pct_rep_03,Full_HG,0,3,0.183641474522425,75,75,0,0,1,1,1
Data_LLbetween_0100_LH_075_noise_000pct_rep_03,Full_HG,0,3,0.184943896327548,75,75,0,0,1,1,1
Data_LLbetween_0100_LH_075_noise_000pct_rep_03,Full_HG,0,3,0.186246318132672,75,75,0,0,1,1,1
Data_LLbetween_0100_LH_075_noise_000pct_rep_03,Full_HG,0,3,0.187548739937795,75,75,0,0,1,1,1
Data_LLbetween_0100_LH_075_noise_000pct_rep_03,Full_HG,0,3,0.188851161742919,75,75,0,0,1,1,1
Data_LLbetween_0100_LH_075_noise_000pct_rep_03,Full_HG,0,3,0.190153583548043,75,75,0,0,1,1,1
Data_LLbetween_0100_LH_075_noise_000pct_rep_03,Full_HG,0,3,0.191456005353166,75,75,0,0,1,1,1
Data_LLbetween_0100_LH_075_noise_000pct_rep_03,Full_HG,0,3,0.19275842715829,75,75,0,0,1,1,1
Data_LLbetween_0100_LH_075_noise_000pct_rep_03,Full_HG,0,3,0.194060848963413,75,75,0,0,1,1,1
Data_LLbetween_0100_LH_075_noise_000pct_rep_03,Full_HG,0,3,0.195363270768537,75,75,0,0,1,1,1
Data_LLbetween_0100_LH_075_noise_000pct_rep_03,Full_HG,0,3,0.19666569257366,75,75,0,0,1,1,1
Data_LLbetween_0100_LH_075_noise_000pct_rep_03,Full_HG,0,3,0.197968114378784,75,75,0,0,1,1,1
Data_LLbetween_0100_LH_075_noise_000pct_rep_03,Full_HG,0,3,0.199270536183908,75,75,0,0,1,1,1
Data_LLbetween_0100_LH_075_noise_000pct_rep_03,Full_HG,0,3,0.200572957989031,75,75,0,0,1,1,1
Data_LLbetween_0100_LH_075_noise_000pct_rep_03,Full_HG,0,3,0.201875379794155,75,75,0,0,1,1,1
Data_LLbetween_0100_LH_075_noise_000pct_rep_03,Full_HG,0,3,0.203177801599278,75,75,0,0,1,1,1
Data_LLbetween_0100_LH_075_noise_000pct_rep_03,Full_HG,0,3,0.204480223404402,75,75,0,0,1,1,1
Data_LLbetween_0100_LH_075_noise_000pct_rep_03,Full_HG,0,3,0.205782645209526,75,75,0,0,1,1,1
Data_LLbetween_0100_LH_075_noise_000pct_rep_03,Full_HG,0,3,0.207085067014649,75,75,0,0,1,1,1
Data_LLbetween_0100_LH_075_noise_000pct_rep_03,Full_HG,0,3,0.208387488819773,75,75,0,0,1,1,1
Data_LLbetween_0100_LH_075_noise_000pct_rep_03,Full_HG,0,3,0.209689910624896,75,75,0,0,1,1,1
Data_LLbetween_0100_LH_075_noise_000pct_rep_03,Full_HG,0,3,0.21099233243002,75,75,0,0,1,1,1
Data_LLbetween_0100_LH_075_noise_000pct_rep_03,Full_HG,0,3,0.212294754235143,75,75,0,0,1,1,1
Data_LLbetween_0100_LH_075_noise_000pct_rep_03,Full_HG,0,3,0.213597176040267,75,75,0,0,1,1,1
Data_LLbetween_0100_LH_075_noise_000pct_rep_03,Full_HG,0,3,0.214899597845391,75,75,0,0,1,1,1
Data_LLbetween_0100_LH_075_noise_000pct_rep_03,Full_HG,0,3,0.216202019650514,75,75,0,0,1,1,1
Data_LLbetween_0100_LH_075_noise_000pct_rep_03,Full_HG,0,3,0.217504441455638,75,75,0,0,1,1,1
Data_LLbetween_0100_LH_075_noise_000pct_rep_03,Full_HG,0,3,0.218806863260761,75,75,0,0,1,1,1
Data_LLbetween_0100_LH_075_noise_000pct_rep_03,Full_HG,0,3,0.220109285065885,75,75,0,0,1,1,1
Data_LLbetween_0100_LH_075_noise_000pct_rep_03,Full_HG,0,3,0.221411706871009,75,75,0,0,1,1,1
Data_LLbetween_0100_LH_075_noise_000pct_rep_03,Full_HG,0,3,0.222714128676132,75,75,0,0,1,1,1
Data_LLbetween_0100_LH_075_noise_000pct_rep_03,Full_HG,0,3,0.224016550481256,75,75,0,0,1,1,1
Data_LLbetween_0100_LH_075_noise_000pct_rep_03,Full_HG,0,3,0.225318972286379,75,75,0,0,1,1,1
Data_LLbetween_0100_LH_075_noise_000pct_rep_03,Full_HG,0,3,0.226621394091503,75,75,0,0,1,1,1
Data_LLbetween_0100_LH_075_noise_000pct_rep_03,Full_HG,0,3,0.227923815896626,75,75,0,0,1,1,1
Data_LLbetween_0100_LH_075_noise_000pct_rep_03,Full_HG,0,3,0.22922623770175,75,75,0,0,1,1,1
Data_LLbetween_0100_LH_075_noise_000pct_rep_03,Full_HG,0,3,0.230528659506874,75,75,0,0,1,1,1
Data_LLbetween_0100_LH_075_noise_000pct_rep_03,Full_HG,0,3,0.231831081311997,75,75,0,0,1,1,1
Data_LLbetween_0100_LH_075_noise_000pct_rep_03,Full_HG,0,3,0.233133503117121,75,75,0,0,1,1,1
Data_LLbetween_0100_LH_075_noise_000pct_rep_03,Full_HG,0,3,0.234435924922244,75,75,0,0,1,1,1
Data_LLbetween_0100_LH_075_noise_000pct_rep_03,Full_HG,0,3,0.235738346727368,75,75,0,0,1,1,1
Data_LLbetween_0100_LH_075_noise_000pct_rep_03,Full_HG,0,3,0.237040768532491,75,75,0,0,1,1,1
Data_LLbetween_0100_LH_075_noise_000pct_rep_03,Full_HG,0,3,0.238343190337615,75,75,0,0,1,1,1
Data_LLbetween_0100_LH_075_noise_000pct_rep_03,Full_HG,0,3,0.239645612142739,75,75,0,0,1,1,1
Data_LLbetween_0100_LH_075_noise_000pct_rep_03,Full_HG,0,3,0.240948033947862,75,75,0,0,1,1,1
Data_LLbetween_0100_LH_075_noise_000pct_rep_03,Full_HG,0,3,0.242250455752986,75,75,0,0,1,1,1
Data_LLbetween_0100_LH_075_noise_000pct_rep_03,Full_HG,0,3,0.243552877558109,75,75,0,0,1,1,1
Data_LLbetween_0100_LH_075_noise_000pct_rep_03,Full_HG,0,3,0.244855299363233,75,75,0,0,1,1,1
Data_LLbetween_0100_LH_075_noise_000pct_rep_03,Full_HG,0,3,0.246157721168356,75,75,0,0,1,1,1
Data_LLbetween_0100_LH_075_noise_000pct_rep_03,Full_HG,0,3,0.24746014297348,74,74,0,1,1,0.986666666666667,0.993288590604027
Data_LLbetween_0100_LH_075_noise_000pct_rep_03,Full_HG,0,3,0.248762564778604,74,74,0,1,1,0.986666666666667,0.993288590604027
Data_LLbetween_0100_LH_075_noise_000pct_rep_03,Full_HG,0,3,0.250064986583727,74,74,0,1,1,0.986666666666667,0.993288590604027
Data_LLbetween_0100_LH_075_noise_000pct_rep_03,Full_HG,0,3,0.251367408388851,74,74,0,1,1,0.986666666666667,0.993288590604027
Data_LLbetween_0100_LH_075_noise_000pct_rep_03,Full_HG,0,3,0.252669830193974,74,74,0,1,1,0.986666666666667,0.993288590604027
Data_LLbetween_0100_LH_075_noise_000pct_rep_03,Full_HG,0,3,0.253972251999098,74,74,0,1,1,0.986666666666667,0.993288590604027
Data_LLbetween_0100_LH_075_noise_000pct_rep_03,Full_HG,0,3,0.255274673804222,74,74,0,1,1,0.986666666666667,0.993288590604027
Data_LLbetween_0100_LH_075_noise_000pct_rep_03,Full_HG,0,3,0.256577095609345,74,74,0,1,1,0.986666666666667,0.993288590604027
Data_LLbetween_0100_LH_075_noise_000pct_rep_03,Full_HG,0,3,0.257879517414469,73,73,0,2,1,0.973333333333333,0.986486486486487
Data_LLbetween_0100_LH_075_noise_000pct_rep_03,Full_HG,0,3,0.259181939219592,72,72,0,3,1,0.96,0.979591836734694
Data_LLbetween_0100_LH_075_noise_000pct_rep_03,Full_HG,0,3,0.260484361024716,72,72,0,3,1,0.96,0.979591836734694
Data_LLbetween_0100_LH_075_noise_000pct_rep_03,Full_HG,0,3,0.261786782829839,72,72,0,3,1,0.96,0.979591836734694
Data_LLbetween_0100_LH_075_noise_000pct_rep_03,Full_HG,0,3,0.263089204634963,72,72,0,3,1,0.96,0.979591836734694
Data_LLbetween_0100_LH_075_noise_000pct_rep_03,Full_HG,0,3,0.264391626440087,71,71,0,4,1,0.946666666666667,0.972602739726027
Data_LLbetween_0100_LH_075_noise_000pct_rep_03,Full_HG,0,3,0.26569404824521,71,71,0,4,1,0.946666666666667,0.972602739726027
Data_LLbetween_0100_LH_075_noise_000pct_rep_03,Full_HG,0,3,0.266996470050334,71,71,0,4,1,0.946666666666667,0.972602739726027
Data_LLbetween_0100_LH_075_noise_000pct_rep_03,Full_HG,0,3,0.268298891855457,71,71,0,4,1,0.946666666666667,0.972602739726027
Data_LLbetween_0100_LH_075_noise_000pct_rep_03,Full_HG,0,3,0.269601313660581,71,71,0,4,1,0.946666666666667,0.972602739726027
Data_LLbetween_0100_LH_075_noise_000pct_rep_03,Full_HG,0,3,0.270903735465705,70,70,0,5,1,0.933333333333333,0.96551724137931
Data_LLbetween_0100_LH_075_noise_000pct_rep_03,Full_HG,0,3,0.272206157270828,70,70,0,5,1,0.933333333333333,0.96551724137931
Data_LLbetween_0100_LH_075_noise_000pct_rep_03,Full_HG,0,3,0.273508579075952,70,70,0,5,1,0.933333333333333,0.96551724137931
Data_LLbetween_0100_LH_075_noise_000pct_rep_03,Full_HG,0,3,0.274811000881075,70,70,0,5,1,0.933333333333333,0.96551724137931
Data_LLbetween_0100_LH_075_noise_000pct_rep_03,Full_HG,0,3,0.276113422686199,70,70,0,5,1,0.933333333333333,0.96551724137931
Data_LLbetween_0100_LH_075_noise_000pct_rep_03,Full_HG,0,3,0.277415844491322,70,70,0,5,1,0.933333333333333,0.96551724137931
Data_LLbetween_0100_LH_075_noise_000pct_rep_03,Full_HG,0,3,0.278718266296446,70,70,0,5,1,0.933333333333333,0.96551724137931
Data_LLbetween_0100_LH_075_noise_000pct_rep_03,Full_HG,0,3,0.28002068810157,70,70,0,5,1,0.933333333333333,0.96551724137931
Data_LLbetween_0100_LH_075_noise_000pct_rep_03,Full_HG,0,3,0.281323109906693,70,70,0,5,1,0.933333333333333,0.96551724137931
Data_LLbetween_0100_LH_075_noise_000pct_rep_03,Full_HG,0,3,0.282625531711817,69,69,0,6,1,0.92,0.958333333333333
Data_LLbetween_0100_LH_075_noise_000pct_rep_03,Full_HG,0,3,0.28392795351694,69,69,0,6,1,0.92,0.958333333333333
Data_LLbetween_0100_LH_075_noise_000pct_rep_03,Full_HG,0,3,0.285230375322064,69,69,0,6,1,0.92,0.958333333333333
Data_LLbetween_0100_LH_075_noise_000pct_rep_03,Full_HG,0,3,0.286532797127187,69,69,0,6,1,0.92,0.958333333333333
Data_LLbetween_0100_LH_075_noise_000pct_rep_03,Full_HG,0,3,0.287835218932311,69,69,0,6,1,0.92,0.958333333333333
Data_LLbetween_0100_LH_075_noise_000pct_rep_03,Full_HG,0,3,0.289137640737435,69,69,0,6,1,0.92,0.958333333333333
Data_LLbetween_0100_LH_075_noise_000pct_rep_03,Full_HG,0,3,0.290440062542558,69,69,0,6,1,0.92,0.958333333333333
Data_LLbetween_0100_LH_075_noise_000pct_rep_03,Full_HG,0,3,0.291742484347682,69,69,0,6,1,0.92,0.958333333333333
Data_LLbetween_0100_LH_075_noise_000pct_rep_03,Full_HG,0,3,0.293044906152805,69,69,0,6,1,0.92,0.958333333333333
Data_LLbetween_0100_LH_075_noise_000pct_rep_03,Full_HG,0,3,0.294347327957929,69,69,0,6,1,0.92,0.958333333333333
Data_LLbetween_0100_LH_075_noise_000pct_rep_03,Full_HG,0,3,0.295649749763053,69,69,0,6,1,0.92,0.958333333333333
Data_LLbetween_0100_LH_075_noise_000pct_rep_03,Full_HG,0,3,0.296952171568176,69,69,0,6,1,0.92,0.958333333333333
Data_LLbetween_0100_LH_075_noise_000pct_rep_03,Full_HG,0,3,0.2982545933733,68,68,0,7,1,0.906666666666667,0.951048951048951
Data_LLbetween_0100_LH_075_noise_000pct_rep_03,Full_HG,0,3,0.299557015178423,68,68,0,7,1,0.906666666666667,0.951048951048951
Data_LLbetween_0100_LH_075_noise_000pct_rep_03,Full_HG,0,3,0.300859436983547,68,68,0,7,1,0.906666666666667,0.951048951048951
Data_LLbetween_0100_LH_075_noise_000pct_rep_03,Full_HG,0,3,0.30216185878867,68,68,0,7,1,0.906666666666667,0.951048951048951
Data_LLbetween_0100_LH_075_noise_000pct_rep_03,Full_HG,0,3,0.303464280593794,68,68,0,7,1,0.906666666666667,0.951048951048951
Data_LLbetween_0100_LH_075_noise_000pct_rep_03,Full_HG,0,3,0.304766702398918,68,68,0,7,1,0.906666666666667,0.951048951048951
Data_LLbetween_0100_LH_075_noise_000pct_rep_03,Full_HG,0,3,0.306069124204041,68,68,0,7,1,0.906666666666667,0.951048951048951
Data_LLbetween_0100_LH_075_noise_000pct_rep_03,Full_HG,0,3,0.307371546009165,68,68,0,7,1,0.906666666666667,0.951048951048951
Data_LLbetween_0100_LH_075_noise_000pct_rep_03,Full_HG,0,3,0.308673967814288,68,68,0,7,1,0.906666666666667,0.951048951048951
Data_LLbetween_0100_LH_075_noise_000pct_rep_03,Full_HG,0,3,0.309976389619412,68,68,0,7,1,0.906666666666667,0.951048951048951
Data_LLbetween_0100_LH_075_noise_000pct_rep_03,Full_HG,0,3,0.311278811424536,68,68,0,7,1,0.906666666666667,0.951048951048951
Data_LLbetween_0100_LH_075_noise_000pct_rep_03,Full_HG,0,3,0.312581233229659,68,68,0,7,1,0.906666666666667,0.951048951048951
Data_LLbetween_0100_LH_075_noise_000pct_rep_03,Full_HG,0,3,0.313883655034783,68,68,0,7,1,0.906666666666667,0.951048951048951
Data_LLbetween_0100_LH_075_noise_000pct_rep_03,Full_HG,0,3,0.315186076839906,68,68,0,7,1,0.906666666666667,0.951048951048951
Data_LLbetween_0100_LH_075_noise_000pct_rep_03,Full_HG,0,3,0.31648849864503,68,68,0,7,1,0.906666666666667,0.951048951048951
Data_LLbetween_0100_LH_075_noise_000pct_rep_03,Full_HG,0,3,0.317790920450153,67,67,0,8,1,0.893333333333333,0.943661971830986
Data_LLbetween_0100_LH_075_noise_000pct_rep_03,Full_HG,0,3,0.319093342255277,67,67,0,8,1,0.893333333333333,0.943661971830986
Data_LLbetween_0100_LH_075_noise_000pct_rep_03,Full_HG,0,3,0.320395764060401,67,67,0,8,1,0.893333333333333,0.943661971830986
Data_LLbetween_0100_LH_075_noise_000pct_rep_03,Full_HG,0,3,0.321698185865524,67,67,0,8,1,0.893333333333333,0.943661971830986
Data_LLbetween_0100_LH_075_noise_000pct_rep_03,Full_HG,0,3,0.323000607670648,67,67,0,8,1,0.893333333333333,0.943661971830986
Data_LLbetween_0100_LH_075_noise_000pct_rep_03,Full_HG,0,3,0.324303029475771,67,67,0,8,1,0.893333333333333,0.943661971830986
Data_LLbetween_0100_LH_075_noise_000pct_rep_03,Full_HG,0,3,0.325605451280895,67,67,0,8,1,0.893333333333333,0.943661971830986
Data_LLbetween_0100_LH_075_noise_000pct_rep_03,Full_HG,0,3,0.326907873086018,67,67,0,8,1,0.893333333333333,0.943661971830986
Data_LLbetween_0100_LH_075_noise_000pct_rep_03,Full_HG,0,3,0.328210294891142,65,65,0,10,1,0.866666666666667,0.928571428571429
Data_LLbetween_0100_LH_075_noise_000pct_rep_03,Full_HG,0,3,0.329512716696266,65,65,0,10,1,0.866666666666667,0.928571428571429
Data_LLbetween_0100_LH_075_noise_000pct_rep_03,Full_HG,0,3,0.330815138501389,65,65,0,10,1,0.866666666666667,0.928571428571429
Data_LLbetween_0100_LH_075_noise_000pct_rep_03,Full_HG,0,3,0.332117560306513,65,65,0,10,1,0.866666666666667,0.928571428571429
Data_LLbetween_0100_LH_075_noise_000pct_rep_03,Full_HG,0,3,0.333419982111636,65,65,0,10,1,0.866666666666667,0.928571428571429
Data_LLbetween_0100_LH_075_noise_000pct_rep_03,Full_HG,0,3,0.33472240391676,63,63,0,12,1,0.84,0.91304347826087
Data_LLbetween_0100_LH_075_noise_000pct_rep_03,Full_HG,0,3,0.336024825721884,63,63,0,12,1,0.84,0.91304347826087
Data_LLbetween_0100_LH_075_noise_000pct_rep_03,Full_HG,0,3,0.337327247527007,63,63,0,12,1,0.84,0.91304347826087
Data_LLbetween_0100_LH_075_noise_000pct_rep_03,Full_HG,0,3,0.338629669332131,62,62,0,13,1,0.826666666666667,0.905109489051095
Data_LLbetween_0100_LH_075_noise_000pct_rep_03,Full_HG,0,3,0.339932091137254,61,61,0,14,1,0.813333333333333,0.897058823529412
Data_LLbetween_0100_LH_075_noise_000pct_rep_03,Full_HG,0,3,0.341234512942378,60,60,0,15,1,0.8,0.888888888888889
Data_LLbetween_0100_LH_075_noise_000pct_rep_03,Full_HG,0,3,0.342536934747501,58,58,0,17,1,0.773333333333333,0.87218045112782
Data_LLbetween_0100_LH_075_noise_000pct_rep_03,Full_HG,0,3,0.343839356552625,58,58,0,17,1,0.773333333333333,0.87218045112782
Data_LLbetween_0100_LH_075_noise_000pct_rep_03,Full_HG,0,3,0.345141778357749,58,58,0,17,1,0.773333333333333,0.87218045112782
Data_LLbetween_0100_LH_075_noise_000pct_rep_03,Full_HG,0,3,0.346444200162872,55,55,0,20,1,0.733333333333333,0.846153846153846
Data_LLbetween_0100_LH_075_noise_000pct_rep_03,Full_HG,0,3,0.347746621967996,55,55,0,20,1,0.733333333333333,0.846153846153846
Data_LLbetween_0100_LH_075_noise_000pct_rep_03,Full_HG,0,3,0.349049043773119,55,55,0,20,1,0.733333333333333,0.846153846153846
Data_LLbetween_0100_LH_075_noise_000pct_rep_03,Full_HG,0,3,0.350351465578243,55,55,0,20,1,0.733333333333333,0.846153846153846
Data_LLbetween_0100_LH_075_noise_000pct_rep_03,Full_HG,0,3,0.351653887383366,54,54,0,21,1,0.72,0.837209302325581
Data_LLbetween_0100_LH_075_noise_000pct_rep_03,Full_HG,0,3,0.35295630918849,54,54,0,21,1,0.72,0.837209302325581
Data_LLbetween_0100_LH_075_noise_000pct_rep_03,Full_HG,0,3,0.354258730993614,54,54,0,21,1,0.72,0.837209302325581
Data_LLbetween_0100_LH_075_noise_000pct_rep_03,Full_HG,0,3,0.355561152798737,54,54,0,21,1,0.72,0.837209302325581
Data_LLbetween_0100_LH_075_noise_000pct_rep_03,Full_HG,0,3,0.356863574603861,52,52,0,23,1,0.693333333333333,0.818897637795276
Data_LLbetween_0100_LH_075_noise_000pct_rep_03,Full_HG,0,3,0.358165996408984,52,52,0,23,1,0.693333333333333,0.818897637795276
Data_LLbetween_0100_LH_075_noise_000pct_rep_03,Full_HG,0,3,0.359468418214108,50,50,0,25,1,0.666666666666667,0.8
Data_LLbetween_0100_LH_075_noise_000pct_rep_03,Full_HG,0,3,0.360770840019232,50,50,0,25,1,0.666666666666667,0.8
Data_LLbetween_0100_LH_075_noise_000pct_rep_03,Full_HG,0,3,0.362073261824355,48,48,0,27,1,0.64,0.780487804878049
Data_LLbetween_0100_LH_075_noise_000pct_rep_03,Full_HG,0,3,0.363375683629479,47,47,0,28,1,0.626666666666667,0.770491803278689
Data_LLbetween_0100_LH_075_noise_000pct_rep_03,Full_HG,0,3,0.364678105434602,46,46,0,29,1,0.613333333333333,0.760330578512397
Data_LLbetween_0100_LH_075_noise_000pct_rep_03,Full_HG,0,3,0.365980527239726,46,46,0,29,1,0.613333333333333,0.760330578512397
Data_LLbetween_0100_LH_075_noise_000pct_rep_03,Full_HG,0,3,0.367282949044849,46,46,0,29,1,0.613333333333333,0.760330578512397
Data_LLbetween_0100_LH_075_noise_000pct_rep_03,Full_HG,0,3,0.368585370849973,46,46,0,29,1,0.613333333333333,0.760330578512397
Data_LLbetween_0100_LH_075_noise_000pct_rep_03,Full_HG,0,3,0.369887792655097,45,45,0,30,1,0.6,0.75
Data_LLbetween_0100_LH_075_noise_000pct_rep_03,Full_HG,0,3,0.37119021446022,45,45,0,30,1,0.6,0.75
Data_LLbetween_0100_LH_075_noise_000pct_rep_03,Full_HG,0,3,0.372492636265344,44,44,0,31,1,0.586666666666667,0.739495798319328
Data_LLbetween_0100_LH_075_noise_000pct_rep_03,Full_HG,0,3,0.373795058070467,42,42,0,33,1,0.56,0.717948717948718
Data_LLbetween_0100_LH_075_noise_000pct_rep_03,Full_HG,0,3,0.375097479875591,42,42,0,33,1,0.56,0.717948717948718
Data_LLbetween_0100_LH_075_noise_000pct_rep_03,Full_HG,0,3,0.376399901680714,40,40,0,35,1,0.533333333333333,0.695652173913044
Data_LLbetween_0100_LH_075_noise_000pct_rep_03,Full_HG,0,3,0.377702323485838,39,39,0,36,1,0.52,0.684210526315789
Data_LLbetween_0100_LH_075_noise_000pct_rep_03,Full_HG,0,3,0.379004745290962,39,39,0,36,1,0.52,0.684210526315789
Data_LLbetween_0100_LH_075_noise_000pct_rep_03,Full_HG,0,3,0.380307167096085,38,38,0,37,1,0.506666666666667,0.672566371681416
Data_LLbetween_0100_LH_075_noise_000pct_rep_03,Full_HG,0,3,0.381609588901209,37,37,0,38,1,0.493333333333333,0.660714285714286
Data_LLbetween_0100_LH_075_noise_000pct_rep_03,Full_HG,0,3,0.382912010706332,37,37,0,38,1,0.493333333333333,0.660714285714286
Data_LLbetween_0100_LH_075_noise_000pct_rep_03,Full_HG,0,3,0.384214432511456,37,37,0,38,1,0.493333333333333,0.660714285714286
Data_LLbetween_0100_LH_075_noise_000pct_rep_03,Full_HG,0,3,0.38551685431658,37,37,0,38,1,0.493333333333333,0.660714285714286
Data_LLbetween_0100_LH_075_noise_000pct_rep_03,Full_HG,0,3,0.386819276121703,36,36,0,39,1,0.48,0.648648648648649
Data_LLbetween_0100_LH_075_noise_000pct_rep_03,Full_HG,0,3,0.388121697926827,34,34,0,41,1,0.453333333333333,0.623853211009174
Data_LLbetween_0100_LH_075_noise_000pct_rep_03,Full_HG,0,3,0.38942411973195,33,33,0,42,1,0.44,0.611111111111111
Data_LLbetween_0100_LH_075_noise_000pct_rep_03,Full_HG,0,3,0.390726541537074,33,33,0,42,1,0.44,0.611111111111111
Data_LLbetween_0100_LH_075_noise_000pct_rep_03,Full_HG,0,3,0.392028963342197,33,33,0,42,1,0.44,0.611111111111111
Data_LLbetween_0100_LH_075_noise_000pct_rep_03,Full_HG,0,3,0.393331385147321,32,32,0,43,1,0.426666666666667,0.598130841121495
Data_LLbetween_0100_LH_075_noise_000pct_rep_03,Full_HG,0,3,0.394633806952445,32,32,0,43,1,0.426666666666667,0.598130841121495
Data_LLbetween_0100_LH_075_noise_000pct_rep_03,Full_HG,0,3,0.395936228757568,30,30,0,45,1,0.4,0.571428571428572
Data_LLbetween_0100_LH_075_noise_000pct_rep_03,Full_HG,0,3,0.397238650562692,29,29,0,46,1,0.386666666666667,0.557692307692308
Data_LLbetween_0100_LH_075_noise_000pct_rep_03,Full_HG,0,3,0.398541072367815,29,29,0,46,1,0.386666666666667,0.557692307692308
Data_LLbetween_0100_LH_075_noise_000pct_rep_03,Full_HG,0,3,0.399843494172939,29,29,0,46,1,0.386666666666667,0.557692307692308
Data_LLbetween_0100_LH_075_noise_000pct_rep_03,Full_HG,0,3,0.401145915978062,29,29,0,46,1,0.386666666666667,0.557692307692308
Data_LLbetween_0100_LH_075_noise_000pct_rep_03,Full_HG,0,3,0.402448337783186,29,29,0,46,1,0.386666666666667,0.557692307692308
Data_LLbetween_0100_LH_075_noise_000pct_rep_03,Full_HG,0,3,0.40375075958831,29,29,0,46,1,0.386666666666667,0.557692307692308
Data_LLbetween_0100_LH_075_noise_000pct_rep_03,Full_HG,0,3,0.405053181393433,29,29,0,46,1,0.386666666666667,0.557692307692308
Data_LLbetween_0100_LH_075_noise_000pct_rep_03,Full_HG,0,3,0.406355603198557,29,29,0,46,1,0.386666666666667,0.557692307692308
Data_LLbetween_0100_LH_075_noise_000pct_rep_03,Full_HG,0,3,0.40765802500368,29,29,0,46,1,0.386666666666667,0.557692307692308
Data_LLbetween_0100_LH_075_noise_000pct_rep_03,Full_HG,0,3,0.408960446808804,28,28,0,47,1,0.373333333333333,0.54368932038835
Data_LLbetween_0100_LH_075_noise_000pct_rep_03,Full_HG,0,3,0.410262868613928,27,27,0,48,1,0.36,0.529411764705882
Data_LLbetween_0100_LH_075_noise_000pct_rep_03,Full_HG,0,3,0.411565290419051,27,27,0,48,1,0.36,0.529411764705882
Data_LLbetween_0100_LH_075_noise_000pct_rep_03,Full_HG,0,3,0.412867712224175,26,26,0,49,1,0.346666666666667,0.514851485148515
Data_LLbetween_0100_LH_075_noise_000pct_rep_03,Full_HG,0,3,0.414170134029298,26,26,0,49,1,0.346666666666667,0.514851485148515
Data_LLbetween_0100_LH_075_noise_000pct_rep_03,Full_HG,0,3,0.415472555834422,23,23,0,52,1,0.306666666666667,0.469387755102041
Data_LLbetween_0100_LH_075_noise_000pct_rep_03,Full_HG,0,3,0.416774977639545,22,22,0,53,1,0.293333333333333,0.45360824742268
Data_LLbetween_0100_LH_075_noise_000pct_rep_03,Full_HG,0,3,0.418077399444669,22,22,0,53,1,0.293333333333333,0.45360824742268
Data_LLbetween_0100_LH_075_noise_000pct_rep_03,Full_HG,0,3,0.419379821249793,21,21,0,54,1,0.28,0.4375
Data_LLbetween_0100_LH_075_noise_000pct_rep_03,Full_HG,0,3,0.420682243054916,21,21,0,54,1,0.28,0.4375
Data_LLbetween_0100_LH_075_noise_000pct_rep_03,Full_HG,0,3,0.42198466486004,21,21,0,54,1,0.28,0.4375
Data_LLbetween_0100_LH_075_noise_000pct_rep_03,Full_HG,0,3,0.423287086665163,21,21,0,54,1,0.28,0.4375
Data_LLbetween_0100_LH_075_noise_000pct_rep_03,Full_HG,0,3,0.424589508470287,19,19,0,56,1,0.253333333333333,0.404255319148936
Data_LLbetween_0100_LH_075_noise_000pct_rep_03,Full_HG,0,3,0.425891930275411,17,17,0,58,1,0.226666666666667,0.369565217391304
Data_LLbetween_0100_LH_075_noise_000pct_rep_03,Full_HG,0,3,0.427194352080534,17,17,0,58,1,0.226666666666667,0.369565217391304
Data_LLbetween_0100_LH_075_noise_000pct_rep_03,Full_HG,0,3,0.428496773885658,16,16,0,59,1,0.213333333333333,0.351648351648352
Data_LLbetween_0100_LH_075_noise_000pct_rep_03,Full_HG,0,3,0.429799195690781,16,16,0,59,1,0.213333333333333,0.351648351648352
Data_LLbetween_0100_LH_075_noise_000pct_rep_03,Full_HG,0,3,0.431101617495905,15,15,0,60,1,0.2,0.333333333333333
Data_LLbetween_0100_LH_075_noise_000pct_rep_03,Full_HG,0,3,0.432404039301028,14,14,0,61,1,0.186666666666667,0.314606741573034
Data_LLbetween_0100_LH_075_noise_000pct_rep_03,Full_HG,0,3,0.433706461106152,14,14,0,61,1,0.186666666666667,0.314606741573034
Data_LLbetween_0100_LH_075_noise_000pct_rep_03,Full_HG,0,3,0.435008882911276,14,14,0,61,1,0.186666666666667,0.314606741573034
Data_LLbetween_0100_LH_075_noise_000pct_rep_03,Full_HG,0,3,0.436311304716399,13,13,0,62,1,0.173333333333333,0.295454545454545
Data_LLbetween_0100_LH_075_noise_000pct_rep_03,Full_HG,0,3,0.437613726521523,12,12,0,63,1,0.16,0.275862068965517
Data_LLbetween_0100_LH_075_noise_000pct_rep_03,Full_HG,0,3,0.438916148326646,11,11,0,64,1,0.146666666666667,0.255813953488372
Data_LLbetween_0100_LH_075_noise_000pct_rep_03,Full_HG,0,3,0.44021857013177,10,10,0,65,1,0.133333333333333,0.235294117647059
Data_LLbetween_0100_LH_075_noise_000pct_rep_03,Full_HG,0,3,0.441520991936893,10,10,0,65,1,0.133333333333333,0.235294117647059
Data_LLbetween_0100_LH_075_noise_000pct_rep_03,Full_HG,0,3,0.442823413742017,10,10,0,65,1,0.133333333333333,0.235294117647059
Data_LLbetween_0100_LH_075_noise_000pct_rep_03,Full_HG,0,3,0.444125835547141,9,9,0,66,1,0.12,0.214285714285714
Data_LLbetween_0100_LH_075_noise_000pct_rep_03,Full_HG,0,3,0.445428257352264,7,7,0,68,1,0.0933333333333333,0.170731707317073
Data_LLbetween_0100_LH_075_noise_000pct_rep_03,Full_HG,0,3,0.446730679157388,6,6,0,69,1,0.08,0.148148148148148
Data_LLbetween_0100_LH_075_noise_000pct_rep_03,Full_HG,0,3,0.448033100962511,3,3,0,72,1,0.04,0.0769230769230769
Data_LLbetween_0100_LH_075_noise_000pct_rep_03,Full_HG,0,3,0.449335522767635,3,3,0,72,1,0.04,0.0769230769230769
Data_LLbetween_0100_LH_075_noise_000pct_rep_03,Full_HG,0,3,0.450637944572758,2,2,0,73,1,0.0266666666666667,0.051948051948052
Data_LLbetween_0100_LH_075_noise_000pct_rep_03,Full_HG,0,3,0.451940366377882,2,2,0,73,1,0.0266666666666667,0.051948051948052
Data_LLbetween_0100_LH_075_noise_000pct_rep_03,Full_HG,0,3,0.453242788183006,2,2,0,73,1,0.0266666666666667,0.051948051948052
Data_LLbetween_0100_LH_075_noise_000pct_rep_03,Full_HG,0,3,0.454545209988129,2,2,0,73,1,0.0266666666666667,0.051948051948052
Data_LLbetween_0100_LH_075_noise_000pct_rep_03,Full_HG,0,3,0.455847631793253,2,2,0,73,1,0.0266666666666667,0.051948051948052
Data_LLbetween_0100_LH_075_noise_000pct_rep_03,Full_HG,0,3,0.457150053598376,2,2,0,73,1,0.0266666666666667,0.051948051948052
Data_LLbetween_0100_LH_075_noise_000pct_rep_03,Full_HG,0,3,0.4584524754035,2,2,0,73,1,0.0266666666666667,0.051948051948052
Data_LLbetween_0100_LH_075_noise_000pct_rep_03,Full_HG,0,3,0.459754897208624,2,2,0,73,1,0.0266666666666667,0.051948051948052
Data_LLbetween_0100_LH_075_noise_000pct_rep_03,Full_HG,0,3,0.461057319013747,2,2,0,73,1,0.0266666666666667,0.051948051948052
Data_LLbetween_0100_LH_075_noise_000pct_rep_03,Full_HG,0,3,0.462359740818871,1,1,0,74,1,0.0133333333333333,0.0263157894736842
Data_LLbetween_0100_LH_075_noise_000pct_rep_03,Full_HG,0,3,0.463662162623994,0,0,0,75,NaN,0,0
Data_LLbetween_0100_LH_075_noise_000pct_rep_03,Full_HG,0,3,0.464964584429118,0,0,0,75,NaN,0,0
Data_LLbetween_0100_LH_075_noise_000pct_rep_03,Full_HG,0,3,0.466267006234241,0,0,0,75,NaN,0,0
Data_LLbetween_0100_LH_075_noise_000pct_rep_03,Full_HG,0,3,0.467569428039365,0,0,0,75,NaN,0,0
Data_LLbetween_0100_LH_075_noise_000pct_rep_03,Full_HG,0,3,0.468871849844489,0,0,0,75,NaN,0,0
Data_LLbetween_0100_LH_075_noise_000pct_rep_03,Full_HG,0,3,0.470174271649612,0,0,0,75,NaN,0,0
Data_LLbetween_0100_LH_075_noise_000pct_rep_03,Full_HG,0,3,0.471476693454736,0,0,0,75,NaN,0,0
Data_LLbetween_0100_LH_075_noise_000pct_rep_03,Full_HG,0,3,0.472779115259859,0,0,0,75,NaN,0,0
Data_LLbetween_0100_LH_075_noise_000pct_rep_03,Full_HG,0,3,0.474081537064983,0,0,0,75,NaN,0,0
Data_LLbetween_0100_LH_075_noise_000pct_rep_03,Full_HG,0,3,0.475383958870107,0,0,0,75,NaN,0,0
Data_LLbetween_0100_LH_075_noise_000pct_rep_03,Full_HG,0,3,0.47668638067523,0,0,0,75,NaN,0,0
Data_LLbetween_0100_LH_075_noise_000pct_rep_03,Full_HG,0,3,0.477988802480354,0,0,0,75,NaN,0,0
Data_LLbetween_0100_LH_075_noise_000pct_rep_03,Full_HG,0,3,0.479291224285477,0,0,0,75,NaN,0,0
Data_LLbetween_0100_LH_075_noise_000pct_rep_03,Full_HG,0,3,0.480593646090601,0,0,0,75,NaN,0,0
Data_LLbetween_0100_LH_075_noise_000pct_rep_03,Full_HG,0,3,0.481896067895724,0,0,0,75,NaN,0,0
Data_LLbetween_0100_LH_075_noise_000pct_rep_03,Full_HG,0,3,0.483198489700848,0,0,0,75,NaN,0,0
Data_LLbetween_0100_LH_075_noise_000pct_rep_03,Full_HG,0,3,0.484500911505972,0,0,0,75,NaN,0,0
Data_LLbetween_0100_LH_075_noise_000pct_rep_03,Full_HG,0,3,0.485803333311095,0,0,0,75,NaN,0,0
Data_LLbetween_0100_LH_075_noise_000pct_rep_03,Full_HG,0,3,0.487105755116219,0,0,0,75,NaN,0,0
Data_LLbetween_0100_LH_075_noise_000pct_rep_03,Full_HG,0,3,0.488408176921342,0,0,0,75,NaN,0,0
Data_LLbetween_0100_LH_075_noise_000pct_rep_03,Full_HG,0,3,0.489710598726466,0,0,0,75,NaN,0,0
Data_LLbetween_0100_LH_075_noise_000pct_rep_03,Full_HG,0,3,0.491013020531589,0,0,0,75,NaN,0,0
Data_LLbetween_0100_LH_075_noise_000pct_rep_03,Full_HG,0,3,0.492315442336713,0,0,0,75,NaN,0,0
Data_LLbetween_0100_LH_075_noise_000pct_rep_03,Full_HG,0,3,0.493617864141837,0,0,0,75,NaN,0,0
Data_LLbetween_0100_LH_075_noise_000pct_rep_03,Full_HG,0,3,0.49492028594696,0,0,0,75,NaN,0,0
Data_LLbetween_0100_LH_075_noise_000pct_rep_03,Full_HG,0,3,0.496222707752084,0,0,0,75,NaN,0,0
Data_LLbetween_0100_LH_075_noise_000pct_rep_03,Full_HG,0,3,0.497525129557207,0,0,0,75,NaN,0,0
Data_LLbetween_0100_LH_075_noise_000pct_rep_03,Full_HG,0,3,0.498827551362331,0,0,0,75,NaN,0,0
Data_LLbetween_0100_LH_075_noise_000pct_rep_03,Full_HG,0,3,0.500129973167455,0,0,0,75,NaN,0,0
Data_LLbetween_0100_LH_075_noise_000pct_rep_03,Full_HG,0,3,0.501432394972578,0,0,0,75,NaN,0,0
Data_LLbetween_0100_LH_075_noise_000pct_rep_03,Full_HG,0,3,0.502734816777702,0,0,0,75,NaN,0,0
Data_LLbetween_0100_LH_075_noise_000pct_rep_03,Full_HG,0,3,0.504037238582825,0,0,0,75,NaN,0,0
Data_LLbetween_0100_LH_075_noise_000pct_rep_03,Full_HG,0,3,0.505339660387949,0,0,0,75,NaN,0,0
Data_LLbetween_0100_LH_075_noise_000pct_rep_03,Full_HG,0,3,0.506642082193072,0,0,0,75,NaN,0,0
Data_LLbetween_0100_LH_075_noise_000pct_rep_03,Full_HG,0,3,0.507944503998196,0,0,0,75,NaN,0,0
Data_LLbetween_0100_LH_075_noise_000pct_rep_03,Full_HG,0,3,0.50924692580332,0,0,0,75,NaN,0,0
Data_LLbetween_0100_LH_075_noise_000pct_rep_03,Full_HG,0,3,0.510549347608443,0,0,0,75,NaN,0,0
Data_LLbetween_0100_LH_075_noise_000pct_rep_03,Full_HG,0,3,0.511851769413567,0,0,0,75,NaN,0,0
Data_LLbetween_0100_LH_075_noise_000pct_rep_03,Full_HG,0,3,0.51315419121869,0,0,0,75,NaN,0,0
Data_LLbetween_0100_LH_075_noise_000pct_rep_03,Full_HG,0,3,0.514456613023814,0,0,0,75,NaN,0,0
Data_LLbetween_0100_LH_075_noise_000pct_rep_03,Full_HG,0,3,0.515759034828937,0,0,0,75,NaN,0,0
Data_LLbetween_0100_LH_075_noise_000pct_rep_03,Full_HG,0,3,0.517061456634061,0,0,0,75,NaN,0,0
Data_LLbetween_0100_LH_075_noise_000pct_rep_03,Full_HG,0,3,0.518363878439185,0,0,0,75,NaN,0,0
Data_LLbetween_0100_LH_075_noise_000pct_rep_03,Full_HG,0,3,0.519666300244308,0,0,0,75,NaN,0,0
Data_LLbetween_0100_LH_075_noise_000pct_rep_03,Full_HG,0,3,0.520968722049432,0,0,0,75,NaN,0,0
Data_LLbetween_0100_LH_075_noise_010pct_rep_01,Full_HG,10,1,0,333,75,258,0,0.225225225225225,1,0.367647058823529
Data_LLbetween_0100_LH_075_noise_010pct_rep_01,Full_HG,10,1,0.00130242180512358,328,75,253,0,0.228658536585366,1,0.372208436724566
Data_LLbetween_0100_LH_075_noise_010pct_rep_01,Full_HG,10,1,0.00260484361024716,328,75,253,0,0.228658536585366,1,0.372208436724566
Data_LLbetween_0100_LH_075_noise_010pct_rep_01,Full_HG,10,1,0.00390726541537074,324,75,249,0,0.231481481481481,1,0.37593984962406
Data_LLbetween_0100_LH_075_noise_010pct_rep_01,Full_HG,10,1,0.00520968722049432,319,75,244,0,0.235109717868339,1,0.380710659898477
Data_LLbetween_0100_LH_075_noise_010pct_rep_01,Full_HG,10,1,0.0065121090256179,307,75,232,0,0.244299674267101,1,0.392670157068063
Data_LLbetween_0100_LH_075_noise_010pct_rep_01,Full_HG,10,1,0.00781453083074148,297,75,222,0,0.252525252525253,1,0.403225806451613
Data_LLbetween_0100_LH_075_noise_010pct_rep_01,Full_HG,10,1,0.00911695263586506,286,75,211,0,0.262237762237762,1,0.415512465373961
Data_LLbetween_0100_LH_075_noise_010pct_rep_01,Full_HG,10,1,0.0104193744409886,271,75,196,0,0.276752767527675,1,0.433526011560694
Data_LLbetween_0100_LH_075_noise_010pct_rep_01,Full_HG,10,1,0.0117217962461122,255,75,180,0,0.294117647058824,1,0.454545454545455
Data_LLbetween_0100_LH_075_noise_010pct_rep_01,Full_HG,10,1,0.0130242180512358,243,75,168,0,0.308641975308642,1,0.471698113207547
Data_LLbetween_0100_LH_075_noise_010pct_rep_01,Full_HG,10,1,0.0143266398563594,218,75,143,0,0.344036697247706,1,0.511945392491468
Data_LLbetween_0100_LH_075_noise_010pct_rep_01,Full_HG,10,1,0.015629061661483,193,75,118,0,0.38860103626943,1,0.559701492537313
Data_LLbetween_0100_LH_075_noise_010pct_rep_01,Full_HG,10,1,0.0169314834666065,176,75,101,0,0.426136363636364,1,0.597609561752988
Data_LLbetween_0100_LH_075_noise_010pct_rep_01,Full_HG,10,1,0.0182339052717301,164,75,89,0,0.457317073170732,1,0.627615062761506
Data_LLbetween_0100_LH_075_noise_010pct_rep_01,Full_HG,10,1,0.0195363270768537,146,75,71,0,0.513698630136986,1,0.678733031674208
Data_LLbetween_0100_LH_075_noise_010pct_rep_01,Full_HG,10,1,0.0208387488819773,130,75,55,0,0.576923076923077,1,0.731707317073171
Data_LLbetween_0100_LH_075_noise_010pct_rep_01,Full_HG,10,1,0.0221411706871009,115,75,40,0,0.652173913043478,1,0.789473684210526
Data_LLbetween_0100_LH_075_noise_010pct_rep_01,Full_HG,10,1,0.0234435924922244,106,75,31,0,0.707547169811321,1,0.828729281767956
Data_LLbetween_0100_LH_075_noise_010pct_rep_01,Full_HG,10,1,0.024746014297348,98,75,23,0,0.76530612244898,1,0.867052023121387
Data_LLbetween_0100_LH_075_noise_010pct_rep_01,Full_HG,10,1,0.0260484361024716,93,75,18,0,0.806451612903226,1,0.892857142857143
Data_LLbetween_0100_LH_075_noise_010pct_rep_01,Full_HG,10,1,0.0273508579075952,87,75,12,0,0.862068965517241,1,0.925925925925926
Data_LLbetween_0100_LH_075_noise_010pct_rep_01,Full_HG,10,1,0.0286532797127187,85,75,10,0,0.882352941176471,1,0.9375
Data_LLbetween_0100_LH_075_noise_010pct_rep_01,Full_HG,10,1,0.0299557015178423,82,75,7,0,0.914634146341463,1,0.955414012738854
Data_LLbetween_0100_LH_075_noise_010pct_rep_01,Full_HG,10,1,0.0312581233229659,80,75,5,0,0.9375,1,0.967741935483871
Data_LLbetween_0100_LH_075_noise_010pct_rep_01,Full_HG,10,1,0.0325605451280895,79,75,4,0,0.949367088607595,1,0.974025974025974
Data_LLbetween_0100_LH_075_noise_010pct_rep_01,Full_HG,10,1,0.0338629669332131,78,75,3,0,0.961538461538462,1,0.980392156862745
Data_LLbetween_0100_LH_075_noise_010pct_rep_01,Full_HG,10,1,0.0351653887383366,76,75,1,0,0.986842105263158,1,0.993377483443709
Data_LLbetween_0100_LH_075_noise_010pct_rep_01,Full_HG,10,1,0.0364678105434602,75,75,0,0,1,1,1
Data_LLbetween_0100_LH_075_noise_010pct_rep_01,Full_HG,10,1,0.0377702323485838,75,75,0,0,1,1,1
Data_LLbetween_0100_LH_075_noise_010pct_rep_01,Full_HG,10,1,0.0390726541537074,75,75,0,0,1,1,1
Data_LLbetween_0100_LH_075_noise_010pct_rep_01,Full_HG,10,1,0.040375075958831,75,75,0,0,1,1,1
Data_LLbetween_0100_LH_075_noise_010pct_rep_01,Full_HG,10,1,0.0416774977639545,75,75,0,0,1,1,1
Data_LLbetween_0100_LH_075_noise_010pct_rep_01,Full_HG,10,1,0.0429799195690781,75,75,0,0,1,1,1
Data_LLbetween_0100_LH_075_noise_010pct_rep_01,Full_HG,10,1,0.0442823413742017,75,75,0,0,1,1,1
Data_LLbetween_0100_LH_075_noise_010pct_rep_01,Full_HG,10,1,0.0455847631793253,75,75,0,0,1,1,1
Data_LLbetween_0100_LH_075_noise_010pct_rep_01,Full_HG,10,1,0.0468871849844489,75,75,0,0,1,1,1
Data_LLbetween_0100_LH_075_noise_010pct_rep_01,Full_HG,10,1,0.0481896067895724,75,75,0,0,1,1,1
Data_LLbetween_0100_LH_075_noise_010pct_rep_01,Full_HG,10,1,0.049492028594696,75,75,0,0,1,1,1
Data_LLbetween_0100_LH_075_noise_010pct_rep_01,Full_HG,10,1,0.0507944503998196,75,75,0,0,1,1,1
Data_LLbetween_0100_LH_075_noise_010pct_rep_01,Full_HG,10,1,0.0520968722049432,75,75,0,0,1,1,1
Data_LLbetween_0100_LH_075_noise_010pct_rep_01,Full_HG,10,1,0.0533992940100668,75,75,0,0,1,1,1
Data_LLbetween_0100_LH_075_noise_010pct_rep_01,Full_HG,10,1,0.0547017158151903,75,75,0,0,1,1,1
Data_LLbetween_0100_LH_075_noise_010pct_rep_01,Full_HG,10,1,0.0560041376203139,75,75,0,0,1,1,1
Data_LLbetween_0100_LH_075_noise_010pct_rep_01,Full_HG,10,1,0.0573065594254375,75,75,0,0,1,1,1
Data_LLbetween_0100_LH_075_noise_010pct_rep_01,Full_HG,10,1,0.0586089812305611,75,75,0,0,1,1,1
Data_LLbetween_0100_LH_075_noise_010pct_rep_01,Full_HG,10,1,0.0599114030356847,75,75,0,0,1,1,1
Data_LLbetween_0100_LH_075_noise_010pct_rep_01,Full_HG,10,1,0.0612138248408082,75,75,0,0,1,1,1
Data_LLbetween_0100_LH_075_noise_010pct_rep_01,Full_HG,10,1,0.0625162466459318,75,75,0,0,1,1,1
Data_LLbetween_0100_LH_075_noise_010pct_rep_01,Full_HG,10,1,0.0638186684510554,75,75,0,0,1,1,1
Data_LLbetween_0100_LH_075_noise_010pct_rep_01,Full_HG,10,1,0.065121090256179,75,75,0,0,1,1,1
Data_LLbetween_0100_LH_075_noise_010pct_rep_01,Full_HG,10,1,0.0664235120613026,75,75,0,0,1,1,1
Data_LLbetween_0100_LH_075_noise_010pct_rep_01,Full_HG,10,1,0.0677259338664261,75,75,0,0,1,1,1
Data_LLbetween_0100_LH_075_noise_010pct_rep_01,Full_HG,10,1,0.0690283556715497,75,75,0,0,1,1,1
Data_LLbetween_0100_LH_075_noise_010pct_rep_01,Full_HG,10,1,0.0703307774766733,75,75,0,0,1,1,1
Data_LLbetween_0100_LH_075_noise_010pct_rep_01,Full_HG,10,1,0.0716331992817969,75,75,0,0,1,1,1
Data_LLbetween_0100_LH_075_noise_010pct_rep_01,Full_HG,10,1,0.0729356210869204,75,75,0,0,1,1,1
Data_LLbetween_0100_LH_075_noise_010pct_rep_01,Full_HG,10,1,0.074238042892044,75,75,0,0,1,1,1
Data_LLbetween_0100_LH_075_noise_010pct_rep_01,Full_HG,10,1,0.0755404646971676,75,75,0,0,1,1,1
Data_LLbetween_0100_LH_075_noise_010pct_rep_01,Full_HG,10,1,0.0768428865022912,75,75,0,0,1,1,1
Data_LLbetween_0100_LH_075_noise_010pct_rep_01,Full_HG,10,1,0.0781453083074148,75,75,0,0,1,1,1
Data_LLbetween_0100_LH_075_noise_010pct_rep_01,Full_HG,10,1,0.0794477301125383,75,75,0,0,1,1,1
Data_LLbetween_0100_LH_075_noise_010pct_rep_01,Full_HG,10,1,0.0807501519176619,75,75,0,0,1,1,1
Data_LLbetween_0100_LH_075_noise_010pct_rep_01,Full_HG,10,1,0.0820525737227855,75,75,0,0,1,1,1
Data_LLbetween_0100_LH_075_noise_010pct_rep_01,Full_HG,10,1,0.0833549955279091,75,75,0,0,1,1,1
Data_LLbetween_0100_LH_075_noise_010pct_rep_01,Full_HG,10,1,0.0846574173330327,75,75,0,0,1,1,1
Data_LLbetween_0100_LH_075_noise_010pct_rep_01,Full_HG,10,1,0.0859598391381562,75,75,0,0,1,1,1
Data_LLbetween_0100_LH_075_noise_010pct_rep_01,Full_HG,10,1,0.0872622609432798,75,75,0,0,1,1,1
Data_LLbetween_0100_LH_075_noise_010pct_rep_01,Full_HG,10,1,0.0885646827484034,75,75,0,0,1,1,1
Data_LLbetween_0100_LH_075_noise_010pct_rep_01,Full_HG,10,1,0.089867104553527,75,75,0,0,1,1,1
Data_LLbetween_0100_LH_075_noise_010pct_rep_01,Full_HG,10,1,0.0911695263586506,75,75,0,0,1,1,1
Data_LLbetween_0100_LH_075_noise_010pct_rep_01,Full_HG,10,1,0.0924719481637741,75,75,0,0,1,1,1
Data_LLbetween_0100_LH_075_noise_010pct_rep_01,Full_HG,10,1,0.0937743699688977,75,75,0,0,1,1,1
Data_LLbetween_0100_LH_075_noise_010pct_rep_01,Full_HG,10,1,0.0950767917740213,75,75,0,0,1,1,1
Data_LLbetween_0100_LH_075_noise_010pct_rep_01,Full_HG,10,1,0.0963792135791449,75,75,0,0,1,1,1
Data_LLbetween_0100_LH_075_noise_010pct_rep_01,Full_HG,10,1,0.0976816353842685,75,75,0,0,1,1,1
Data_LLbetween_0100_LH_075_noise_010pct_rep_01,Full_HG,10,1,0.098984057189392,75,75,0,0,1,1,1
Data_LLbetween_0100_LH_075_noise_010pct_rep_01,Full_HG,10,1,0.100286478994516,75,75,0,0,1,1,1
Data_LLbetween_0100_LH_075_noise_010pct_rep_01,Full_HG,10,1,0.101588900799639,75,75,0,0,1,1,1
Data_LLbetween_0100_LH_075_noise_010pct_rep_01,Full_HG,10,1,0.102891322604763,75,75,0,0,1,1,1
Data_LLbetween_0100_LH_075_noise_010pct_rep_01,Full_HG,10,1,0.104193744409886,75,75,0,0,1,1,1
Data_LLbetween_0100_LH_075_noise_010pct_rep_01,Full_HG,10,1,0.10549616621501,75,75,0,0,1,1,1
Data_LLbetween_0100_LH_075_noise_010pct_rep_01,Full_HG,10,1,0.106798588020134,75,75,0,0,1,1,1
Data_LLbetween_0100_LH_075_noise_010pct_rep_01,Full_HG,10,1,0.108101009825257,75,75,0,0,1,1,1
Data_LLbetween_0100_LH_075_noise_010pct_rep_01,Full_HG,10,1,0.109403431630381,75,75,0,0,1,1,1
Data_LLbetween_0100_LH_075_noise_010pct_rep_01,Full_HG,10,1,0.110705853435504,75,75,0,0,1,1,1
Data_LLbetween_0100_LH_075_noise_010pct_rep_01,Full_HG,10,1,0.112008275240628,75,75,0,0,1,1,1
Data_LLbetween_0100_LH_075_noise_010pct_rep_01,Full_HG,10,1,0.113310697045751,75,75,0,0,1,1,1
Data_LLbetween_0100_LH_075_noise_010pct_rep_01,Full_HG,10,1,0.114613118850875,75,75,0,0,1,1,1
Data_LLbetween_0100_LH_075_noise_010pct_rep_01,Full_HG,10,1,0.115915540655999,75,75,0,0,1,1,1
Data_LLbetween_0100_LH_075_noise_010pct_rep_01,Full_HG,10,1,0.117217962461122,75,75,0,0,1,1,1
Data_LLbetween_0100_LH_075_noise_010pct_rep_01,Full_HG,10,1,0.118520384266246,75,75,0,0,1,1,1
Data_LLbetween_0100_LH_075_noise_010pct_rep_01,Full_HG,10,1,0.119822806071369,75,75,0,0,1,1,1
Data_LLbetween_0100_LH_075_noise_010pct_rep_01,Full_HG,10,1,0.121125227876493,75,75,0,0,1,1,1
Data_LLbetween_0100_LH_075_noise_010pct_rep_01,Full_HG,10,1,0.122427649681616,75,75,0,0,1,1,1
Data_LLbetween_0100_LH_075_noise_010pct_rep_01,Full_HG,10,1,0.12373007148674,75,75,0,0,1,1,1
Data_LLbetween_0100_LH_075_noise_010pct_rep_01,Full_HG,10,1,0.125032493291864,75,75,0,0,1,1,1
Data_LLbetween_0100_LH_075_noise_010pct_rep_01,Full_HG,10,1,0.126334915096987,75,75,0,0,1,1,1
Data_LLbetween_0100_LH_075_noise_010pct_rep_01,Full_HG,10,1,0.127637336902111,75,75,0,0,1,1,1
Data_LLbetween_0100_LH_075_noise_010pct_rep_01,Full_HG,10,1,0.128939758707234,75,75,0,0,1,1,1
Data_LLbetween_0100_LH_075_noise_010pct_rep_01,Full_HG,10,1,0.130242180512358,75,75,0,0,1,1,1
Data_LLbetween_0100_LH_075_noise_010pct_rep_01,Full_HG,10,1,0.131544602317482,75,75,0,0,1,1,1
Data_LLbetween_0100_LH_075_noise_010pct_rep_01,Full_HG,10,1,0.132847024122605,75,75,0,0,1,1,1
Data_LLbetween_0100_LH_075_noise_010pct_rep_01,Full_HG,10,1,0.134149445927729,75,75,0,0,1,1,1
Data_LLbetween_0100_LH_075_noise_010pct_rep_01,Full_HG,10,1,0.135451867732852,75,75,0,0,1,1,1
Data_LLbetween_0100_LH_075_noise_010pct_rep_01,Full_HG,10,1,0.136754289537976,75,75,0,0,1,1,1
Data_LLbetween_0100_LH_075_noise_010pct_rep_01,Full_HG,10,1,0.138056711343099,75,75,0,0,1,1,1
Data_LLbetween_0100_LH_075_noise_010pct_rep_01,Full_HG,10,1,0.139359133148223,75,75,0,0,1,1,1
Data_LLbetween_0100_LH_075_noise_010pct_rep_01,Full_HG,10,1,0.140661554953347,75,75,0,0,1,1,1
Data_LLbetween_0100_LH_075_noise_010pct_rep_01,Full_HG,10,1,0.14196397675847,75,75,0,0,1,1,1
Data_LLbetween_0100_LH_075_noise_010pct_rep_01,Full_HG,10,1,0.143266398563594,75,75,0,0,1,1,1
Data_LLbetween_0100_LH_075_noise_010pct_rep_01,Full_HG,10,1,0.144568820368717,75,75,0,0,1,1,1
Data_LLbetween_0100_LH_075_noise_010pct_rep_01,Full_HG,10,1,0.145871242173841,75,75,0,0,1,1,1
Data_LLbetween_0100_LH_075_noise_010pct_rep_01,Full_HG,10,1,0.147173663978964,75,75,0,0,1,1,1
Data_LLbetween_0100_LH_075_noise_010pct_rep_01,Full_HG,10,1,0.148476085784088,75,75,0,0,1,1,1
Data_LLbetween_0100_LH_075_noise_010pct_rep_01,Full_HG,10,1,0.149778507589212,75,75,0,0,1,1,1
Data_LLbetween_0100_LH_075_noise_010pct_rep_01,Full_HG,10,1,0.151080929394335,75,75,0,0,1,1,1
Data_LLbetween_0100_LH_075_noise_010pct_rep_01,Full_HG,10,1,0.152383351199459,75,75,0,0,1,1,1
Data_LLbetween_0100_LH_075_noise_010pct_rep_01,Full_HG,10,1,0.153685773004582,75,75,0,0,1,1,1
Data_LLbetween_0100_LH_075_noise_010pct_rep_01,Full_HG,10,1,0.154988194809706,75,75,0,0,1,1,1
Data_LLbetween_0100_LH_075_noise_010pct_rep_01,Full_HG,10,1,0.15629061661483,75,75,0,0,1,1,1
Data_LLbetween_0100_LH_075_noise_010pct_rep_01,Full_HG,10,1,0.157593038419953,75,75,0,0,1,1,1
Data_LLbetween_0100_LH_075_noise_010pct_rep_01,Full_HG,10,1,0.158895460225077,75,75,0,0,1,1,1
Data_LLbetween_0100_LH_075_noise_010pct_rep_01,Full_HG,10,1,0.1601978820302,75,75,0,0,1,1,1
Data_LLbetween_0100_LH_075_noise_010pct_rep_01,Full_HG,10,1,0.161500303835324,75,75,0,0,1,1,1
Data_LLbetween_0100_LH_075_noise_010pct_rep_01,Full_HG,10,1,0.162802725640447,75,75,0,0,1,1,1
Data_LLbetween_0100_LH_075_noise_010pct_rep_01,Full_HG,10,1,0.164105147445571,75,75,0,0,1,1,1
Data_LLbetween_0100_LH_075_noise_010pct_rep_01,Full_HG,10,1,0.165407569250695,75,75,0,0,1,1,1
Data_LLbetween_0100_LH_075_noise_010pct_rep_01,Full_HG,10,1,0.166709991055818,75,75,0,0,1,1,1
Data_LLbetween_0100_LH_075_noise_010pct_rep_01,Full_HG,10,1,0.168012412860942,75,75,0,0,1,1,1
Data_LLbetween_0100_LH_075_noise_010pct_rep_01,Full_HG,10,1,0.169314834666065,75,75,0,0,1,1,1
Data_LLbetween_0100_LH_075_noise_010pct_rep_01,Full_HG,10,1,0.170617256471189,75,75,0,0,1,1,1
Data_LLbetween_0100_LH_075_noise_010pct_rep_01,Full_HG,10,1,0.171919678276312,75,75,0,0,1,1,1
Data_LLbetween_0100_LH_075_noise_010pct_rep_01,Full_HG,10,1,0.173222100081436,75,75,0,0,1,1,1
Data_LLbetween_0100_LH_075_noise_010pct_rep_01,Full_HG,10,1,0.17452452188656,75,75,0,0,1,1,1
Data_LLbetween_0100_LH_075_noise_010pct_rep_01,Full_HG,10,1,0.175826943691683,75,75,0,0,1,1,1
Data_LLbetween_0100_LH_075_noise_010pct_rep_01,Full_HG,10,1,0.177129365496807,75,75,0,0,1,1,1
Data_LLbetween_0100_LH_075_noise_010pct_rep_01,Full_HG,10,1,0.17843178730193,75,75,0,0,1,1,1
Data_LLbetween_0100_LH_075_noise_010pct_rep_01,Full_HG,10,1,0.179734209107054,75,75,0,0,1,1,1
Data_LLbetween_0100_LH_075_noise_010pct_rep_01,Full_HG,10,1,0.181036630912178,75,75,0,0,1,1,1
Data_LLbetween_0100_LH_075_noise_010pct_rep_01,Full_HG,10,1,0.182339052717301,75,75,0,0,1,1,1
Data_LLbetween_0100_LH_075_noise_010pct_rep_01,Full_HG,10,1,0.183641474522425,75,75,0,0,1,1,1
Data_LLbetween_0100_LH_075_noise_010pct_rep_01,Full_HG,10,1,0.184943896327548,75,75,0,0,1,1,1
Data_LLbetween_0100_LH_075_noise_010pct_rep_01,Full_HG,10,1,0.186246318132672,75,75,0,0,1,1,1
Data_LLbetween_0100_LH_075_noise_010pct_rep_01,Full_HG,10,1,0.187548739937795,75,75,0,0,1,1,1
Data_LLbetween_0100_LH_075_noise_010pct_rep_01,Full_HG,10,1,0.188851161742919,75,75,0,0,1,1,1
Data_LLbetween_0100_LH_075_noise_010pct_rep_01,Full_HG,10,1,0.190153583548043,75,75,0,0,1,1,1
Data_LLbetween_0100_LH_075_noise_010pct_rep_01,Full_HG,10,1,0.191456005353166,75,75,0,0,1,1,1
Data_LLbetween_0100_LH_075_noise_010pct_rep_01,Full_HG,10,1,0.19275842715829,75,75,0,0,1,1,1
Data_LLbetween_0100_LH_075_noise_010pct_rep_01,Full_HG,10,1,0.194060848963413,75,75,0,0,1,1,1
Data_LLbetween_0100_LH_075_noise_010pct_rep_01,Full_HG,10,1,0.195363270768537,75,75,0,0,1,1,1
Data_LLbetween_0100_LH_075_noise_010pct_rep_01,Full_HG,10,1,0.19666569257366,75,75,0,0,1,1,1
Data_LLbetween_0100_LH_075_noise_010pct_rep_01,Full_HG,10,1,0.197968114378784,75,75,0,0,1,1,1
Data_LLbetween_0100_LH_075_noise_010pct_rep_01,Full_HG,10,1,0.199270536183908,75,75,0,0,1,1,1
Data_LLbetween_0100_LH_075_noise_010pct_rep_01,Full_HG,10,1,0.200572957989031,75,75,0,0,1,1,1
Data_LLbetween_0100_LH_075_noise_010pct_rep_01,Full_HG,10,1,0.201875379794155,75,75,0,0,1,1,1
Data_LLbetween_0100_LH_075_noise_010pct_rep_01,Full_HG,10,1,0.203177801599278,75,75,0,0,1,1,1
Data_LLbetween_0100_LH_075_noise_010pct_rep_01,Full_HG,10,1,0.204480223404402,75,75,0,0,1,1,1
Data_LLbetween_0100_LH_075_noise_010pct_rep_01,Full_HG,10,1,0.205782645209526,75,75,0,0,1,1,1
Data_LLbetween_0100_LH_075_noise_010pct_rep_01,Full_HG,10,1,0.207085067014649,75,75,0,0,1,1,1
Data_LLbetween_0100_LH_075_noise_010pct_rep_01,Full_HG,10,1,0.208387488819773,75,75,0,0,1,1,1
Data_LLbetween_0100_LH_075_noise_010pct_rep_01,Full_HG,10,1,0.209689910624896,75,75,0,0,1,1,1
Data_LLbetween_0100_LH_075_noise_010pct_rep_01,Full_HG,10,1,0.21099233243002,75,75,0,0,1,1,1
Data_LLbetween_0100_LH_075_noise_010pct_rep_01,Full_HG,10,1,0.212294754235143,75,75,0,0,1,1,1
Data_LLbetween_0100_LH_075_noise_010pct_rep_01,Full_HG,10,1,0.213597176040267,75,75,0,0,1,1,1
Data_LLbetween_0100_LH_075_noise_010pct_rep_01,Full_HG,10,1,0.214899597845391,75,75,0,0,1,1,1
Data_LLbetween_0100_LH_075_noise_010pct_rep_01,Full_HG,10,1,0.216202019650514,75,75,0,0,1,1,1
Data_LLbetween_0100_LH_075_noise_010pct_rep_01,Full_HG,10,1,0.217504441455638,75,75,0,0,1,1,1
Data_LLbetween_0100_LH_075_noise_010pct_rep_01,Full_HG,10,1,0.218806863260761,75,75,0,0,1,1,1
Data_LLbetween_0100_LH_075_noise_010pct_rep_01,Full_HG,10,1,0.220109285065885,75,75,0,0,1,1,1
Data_LLbetween_0100_LH_075_noise_010pct_rep_01,Full_HG,10,1,0.221411706871009,75,75,0,0,1,1,1
Data_LLbetween_0100_LH_075_noise_010pct_rep_01,Full_HG,10,1,0.222714128676132,75,75,0,0,1,1,1
Data_LLbetween_0100_LH_075_noise_010pct_rep_01,Full_HG,10,1,0.224016550481256,75,75,0,0,1,1,1
Data_LLbetween_0100_LH_075_noise_010pct_rep_01,Full_HG,10,1,0.225318972286379,75,75,0,0,1,1,1
Data_LLbetween_0100_LH_075_noise_010pct_rep_01,Full_HG,10,1,0.226621394091503,75,75,0,0,1,1,1
Data_LLbetween_0100_LH_075_noise_010pct_rep_01,Full_HG,10,1,0.227923815896626,75,75,0,0,1,1,1
Data_LLbetween_0100_LH_075_noise_010pct_rep_01,Full_HG,10,1,0.22922623770175,75,75,0,0,1,1,1
Data_LLbetween_0100_LH_075_noise_010pct_rep_01,Full_HG,10,1,0.230528659506874,74,74,0,1,1,0.986666666666667,0.993288590604027
Data_LLbetween_0100_LH_075_noise_010pct_rep_01,Full_HG,10,1,0.231831081311997,74,74,0,1,1,0.986666666666667,0.993288590604027
Data_LLbetween_0100_LH_075_noise_010pct_rep_01,Full_HG,10,1,0.233133503117121,74,74,0,1,1,0.986666666666667,0.993288590604027
Data_LLbetween_0100_LH_075_noise_010pct_rep_01,Full_HG,10,1,0.234435924922244,74,74,0,1,1,0.986666666666667,0.993288590604027
Data_LLbetween_0100_LH_075_noise_010pct_rep_01,Full_HG,10,1,0.235738346727368,74,74,0,1,1,0.986666666666667,0.993288590604027
Data_LLbetween_0100_LH_075_noise_010pct_rep_01,Full_HG,10,1,0.237040768532491,74,74,0,1,1,0.986666666666667,0.993288590604027
Data_LLbetween_0100_LH_075_noise_010pct_rep_01,Full_HG,10,1,0.238343190337615,74,74,0,1,1,0.986666666666667,0.993288590604027
Data_LLbetween_0100_LH_075_noise_010pct_rep_01,Full_HG,10,1,0.239645612142739,74,74,0,1,1,0.986666666666667,0.993288590604027
Data_LLbetween_0100_LH_075_noise_010pct_rep_01,Full_HG,10,1,0.240948033947862,73,73,0,2,1,0.973333333333333,0.986486486486487
Data_LLbetween_0100_LH_075_noise_010pct_rep_01,Full_HG,10,1,0.242250455752986,73,73,0,2,1,0.973333333333333,0.986486486486487
Data_LLbetween_0100_LH_075_noise_010pct_rep_01,Full_HG,10,1,0.243552877558109,72,72,0,3,1,0.96,0.979591836734694
Data_LLbetween_0100_LH_075_noise_010pct_rep_01,Full_HG,10,1,0.244855299363233,72,72,0,3,1,0.96,0.979591836734694
Data_LLbetween_0100_LH_075_noise_010pct_rep_01,Full_HG,10,1,0.246157721168356,72,72,0,3,1,0.96,0.979591836734694
Data_LLbetween_0100_LH_075_noise_010pct_rep_01,Full_HG,10,1,0.24746014297348,72,72,0,3,1,0.96,0.979591836734694
Data_LLbetween_0100_LH_075_noise_010pct_rep_01,Full_HG,10,1,0.248762564778604,72,72,0,3,1,0.96,0.979591836734694
Data_LLbetween_0100_LH_075_noise_010pct_rep_01,Full_HG,10,1,0.250064986583727,71,71,0,4,1,0.946666666666667,0.972602739726027
Data_LLbetween_0100_LH_075_noise_010pct_rep_01,Full_HG,10,1,0.251367408388851,71,71,0,4,1,0.946666666666667,0.972602739726027
Data_LLbetween_0100_LH_075_noise_010pct_rep_01,Full_HG,10,1,0.252669830193974,69,69,0,6,1,0.92,0.958333333333333
Data_LLbetween_0100_LH_075_noise_010pct_rep_01,Full_HG,10,1,0.253972251999098,69,69,0,6,1,0.92,0.958333333333333
Data_LLbetween_0100_LH_075_noise_010pct_rep_01,Full_HG,10,1,0.255274673804222,69,69,0,6,1,0.92,0.958333333333333
Data_LLbetween_0100_LH_075_noise_010pct_rep_01,Full_HG,10,1,0.256577095609345,69,69,0,6,1,0.92,0.958333333333333
Data_LLbetween_0100_LH_075_noise_010pct_rep_01,Full_HG,10,1,0.257879517414469,69,69,0,6,1,0.92,0.958333333333333
Data_LLbetween_0100_LH_075_noise_010pct_rep_01,Full_HG,10,1,0.259181939219592,68,68,0,7,1,0.906666666666667,0.951048951048951
Data_LLbetween_0100_LH_075_noise_010pct_rep_01,Full_HG,10,1,0.260484361024716,68,68,0,7,1,0.906666666666667,0.951048951048951
Data_LLbetween_0100_LH_075_noise_010pct_rep_01,Full_HG,10,1,0.261786782829839,68,68,0,7,1,0.906666666666667,0.951048951048951
Data_LLbetween_0100_LH_075_noise_010pct_rep_01,Full_HG,10,1,0.263089204634963,68,68,0,7,1,0.906666666666667,0.951048951048951
Data_LLbetween_0100_LH_075_noise_010pct_rep_01,Full_HG,10,1,0.264391626440087,68,68,0,7,1,0.906666666666667,0.951048951048951
Data_LLbetween_0100_LH_075_noise_010pct_rep_01,Full_HG,10,1,0.26569404824521,68,68,0,7,1,0.906666666666667,0.951048951048951
Data_LLbetween_0100_LH_075_noise_010pct_rep_01,Full_HG,10,1,0.266996470050334,68,68,0,7,1,0.906666666666667,0.951048951048951
Data_LLbetween_0100_LH_075_noise_010pct_rep_01,Full_HG,10,1,0.268298891855457,67,67,0,8,1,0.893333333333333,0.943661971830986
Data_LLbetween_0100_LH_075_noise_010pct_rep_01,Full_HG,10,1,0.269601313660581,67,67,0,8,1,0.893333333333333,0.943661971830986
Data_LLbetween_0100_LH_075_noise_010pct_rep_01,Full_HG,10,1,0.270903735465705,67,67,0,8,1,0.893333333333333,0.943661971830986
Data_LLbetween_0100_LH_075_noise_010pct_rep_01,Full_HG,10,1,0.272206157270828,67,67,0,8,1,0.893333333333333,0.943661971830986
Data_LLbetween_0100_LH_075_noise_010pct_rep_01,Full_HG,10,1,0.273508579075952,67,67,0,8,1,0.893333333333333,0.943661971830986
Data_LLbetween_0100_LH_075_noise_010pct_rep_01,Full_HG,10,1,0.274811000881075,67,67,0,8,1,0.893333333333333,0.943661971830986
Data_LLbetween_0100_LH_075_noise_010pct_rep_01,Full_HG,10,1,0.276113422686199,67,67,0,8,1,0.893333333333333,0.943661971830986
Data_LLbetween_0100_LH_075_noise_010pct_rep_01,Full_HG,10,1,0.277415844491322,67,67,0,8,1,0.893333333333333,0.943661971830986
Data_LLbetween_0100_LH_075_noise_010pct_rep_01,Full_HG,10,1,0.278718266296446,67,67,0,8,1,0.893333333333333,0.943661971830986
Data_LLbetween_0100_LH_075_noise_010pct_rep_01,Full_HG,10,1,0.28002068810157,67,67,0,8,1,0.893333333333333,0.943661971830986
Data_LLbetween_0100_LH_075_noise_010pct_rep_01,Full_HG,10,1,0.281323109906693,67,67,0,8,1,0.893333333333333,0.943661971830986
Data_LLbetween_0100_LH_075_noise_010pct_rep_01,Full_HG,10,1,0.282625531711817,67,67,0,8,1,0.893333333333333,0.943661971830986
Data_LLbetween_0100_LH_075_noise_010pct_rep_01,Full_HG,10,1,0.28392795351694,67,67,0,8,1,0.893333333333333,0.943661971830986
Data_LLbetween_0100_LH_075_noise_010pct_rep_01,Full_HG,10,1,0.285230375322064,67,67,0,8,1,0.893333333333333,0.943661971830986
Data_LLbetween_0100_LH_075_noise_010pct_rep_01,Full_HG,10,1,0.286532797127187,67,67,0,8,1,0.893333333333333,0.943661971830986
Data_LLbetween_0100_LH_075_noise_010pct_rep_01,Full_HG,10,1,0.287835218932311,67,67,0,8,1,0.893333333333333,0.943661971830986
Data_LLbetween_0100_LH_075_noise_010pct_rep_01,Full_HG,10,1,0.289137640737435,67,67,0,8,1,0.893333333333333,0.943661971830986
Data_LLbetween_0100_LH_075_noise_010pct_rep_01,Full_HG,10,1,0.290440062542558,67,67,0,8,1,0.893333333333333,0.943661971830986
Data_LLbetween_0100_LH_075_noise_010pct_rep_01,Full_HG,10,1,0.291742484347682,67,67,0,8,1,0.893333333333333,0.943661971830986
Data_LLbetween_0100_LH_075_noise_010pct_rep_01,Full_HG,10,1,0.293044906152805,67,67,0,8,1,0.893333333333333,0.943661971830986
Data_LLbetween_0100_LH_075_noise_010pct_rep_01,Full_HG,10,1,0.294347327957929,67,67,0,8,1,0.893333333333333,0.943661971830986
Data_LLbetween_0100_LH_075_noise_010pct_rep_01,Full_HG,10,1,0.295649749763053,67,67,0,8,1,0.893333333333333,0.943661971830986
Data_LLbetween_0100_LH_075_noise_010pct_rep_01,Full_HG,10,1,0.296952171568176,67,67,0,8,1,0.893333333333333,0.943661971830986
Data_LLbetween_0100_LH_075_noise_010pct_rep_01,Full_HG,10,1,0.2982545933733,67,67,0,8,1,0.893333333333333,0.943661971830986
Data_LLbetween_0100_LH_075_noise_010pct_rep_01,Full_HG,10,1,0.299557015178423,67,67,0,8,1,0.893333333333333,0.943661971830986
Data_LLbetween_0100_LH_075_noise_010pct_rep_01,Full_HG,10,1,0.300859436983547,67,67,0,8,1,0.893333333333333,0.943661971830986
Data_LLbetween_0100_LH_075_noise_010pct_rep_01,Full_HG,10,1,0.30216185878867,67,67,0,8,1,0.893333333333333,0.943661971830986
Data_LLbetween_0100_LH_075_noise_010pct_rep_01,Full_HG,10,1,0.303464280593794,67,67,0,8,1,0.893333333333333,0.943661971830986
Data_LLbetween_0100_LH_075_noise_010pct_rep_01,Full_HG,10,1,0.304766702398918,67,67,0,8,1,0.893333333333333,0.943661971830986
Data_LLbetween_0100_LH_075_noise_010pct_rep_01,Full_HG,10,1,0.306069124204041,67,67,0,8,1,0.893333333333333,0.943661971830986
Data_LLbetween_0100_LH_075_noise_010pct_rep_01,Full_HG,10,1,0.307371546009165,67,67,0,8,1,0.893333333333333,0.943661971830986
Data_LLbetween_0100_LH_075_noise_010pct_rep_01,Full_HG,10,1,0.308673967814288,67,67,0,8,1,0.893333333333333,0.943661971830986
Data_LLbetween_0100_LH_075_noise_010pct_rep_01,Full_HG,10,1,0.309976389619412,67,67,0,8,1,0.893333333333333,0.943661971830986
Data_LLbetween_0100_LH_075_noise_010pct_rep_01,Full_HG,10,1,0.311278811424536,67,67,0,8,1,0.893333333333333,0.943661971830986
Data_LLbetween_0100_LH_075_noise_010pct_rep_01,Full_HG,10,1,0.312581233229659,66,66,0,9,1,0.88,0.936170212765957
Data_LLbetween_0100_LH_075_noise_010pct_rep_01,Full_HG,10,1,0.313883655034783,66,66,0,9,1,0.88,0.936170212765957
Data_LLbetween_0100_LH_075_noise_010pct_rep_01,Full_HG,10,1,0.315186076839906,66,66,0,9,1,0.88,0.936170212765957
Data_LLbetween_0100_LH_075_noise_010pct_rep_01,Full_HG,10,1,0.31648849864503,65,65,0,10,1,0.866666666666667,0.928571428571429
Data_LLbetween_0100_LH_075_noise_010pct_rep_01,Full_HG,10,1,0.317790920450153,65,65,0,10,1,0.866666666666667,0.928571428571429
Data_LLbetween_0100_LH_075_noise_010pct_rep_01,Full_HG,10,1,0.319093342255277,64,64,0,11,1,0.853333333333333,0.920863309352518
Data_LLbetween_0100_LH_075_noise_010pct_rep_01,Full_HG,10,1,0.320395764060401,64,64,0,11,1,0.853333333333333,0.920863309352518
Data_LLbetween_0100_LH_075_noise_010pct_rep_01,Full_HG,10,1,0.321698185865524,64,64,0,11,1,0.853333333333333,0.920863309352518
Data_LLbetween_0100_LH_075_noise_010pct_rep_01,Full_HG,10,1,0.323000607670648,64,64,0,11,1,0.853333333333333,0.920863309352518
Data_LLbetween_0100_LH_075_noise_010pct_rep_01,Full_HG,10,1,0.324303029475771,63,63,0,12,1,0.84,0.91304347826087
Data_LLbetween_0100_LH_075_noise_010pct_rep_01,Full_HG,10,1,0.325605451280895,63,63,0,12,1,0.84,0.91304347826087
Data_LLbetween_0100_LH_075_noise_010pct_rep_01,Full_HG,10,1,0.326907873086018,63,63,0,12,1,0.84,0.91304347826087
Data_LLbetween_0100_LH_075_noise_010pct_rep_01,Full_HG,10,1,0.328210294891142,63,63,0,12,1,0.84,0.91304347826087
Data_LLbetween_0100_LH_075_noise_010pct_rep_01,Full_HG,10,1,0.329512716696266,61,61,0,14,1,0.813333333333333,0.897058823529412
Data_LLbetween_0100_LH_075_noise_010pct_rep_01,Full_HG,10,1,0.330815138501389,61,61,0,14,1,0.813333333333333,0.897058823529412
Data_LLbetween_0100_LH_075_noise_010pct_rep_01,Full_HG,10,1,0.332117560306513,61,61,0,14,1,0.813333333333333,0.897058823529412
Data_LLbetween_0100_LH_075_noise_010pct_rep_01,Full_HG,10,1,0.333419982111636,61,61,0,14,1,0.813333333333333,0.897058823529412
Data_LLbetween_0100_LH_075_noise_010pct_rep_01,Full_HG,10,1,0.33472240391676,60,60,0,15,1,0.8,0.888888888888889
Data_LLbetween_0100_LH_075_noise_010pct_rep_01,Full_HG,10,1,0.336024825721884,60,60,0,15,1,0.8,0.888888888888889
Data_LLbetween_0100_LH_075_noise_010pct_rep_01,Full_HG,10,1,0.337327247527007,60,60,0,15,1,0.8,0.888888888888889
Data_LLbetween_0100_LH_075_noise_010pct_rep_01,Full_HG,10,1,0.338629669332131,60,60,0,15,1,0.8,0.888888888888889
Data_LLbetween_0100_LH_075_noise_010pct_rep_01,Full_HG,10,1,0.339932091137254,59,59,0,16,1,0.786666666666667,0.880597014925373
Data_LLbetween_0100_LH_075_noise_010pct_rep_01,Full_HG,10,1,0.341234512942378,59,59,0,16,1,0.786666666666667,0.880597014925373
Data_LLbetween_0100_LH_075_noise_010pct_rep_01,Full_HG,10,1,0.342536934747501,58,58,0,17,1,0.773333333333333,0.87218045112782
Data_LLbetween_0100_LH_075_noise_010pct_rep_01,Full_HG,10,1,0.343839356552625,58,58,0,17,1,0.773333333333333,0.87218045112782
Data_LLbetween_0100_LH_075_noise_010pct_rep_01,Full_HG,10,1,0.345141778357749,56,56,0,19,1,0.746666666666667,0.854961832061069
Data_LLbetween_0100_LH_075_noise_010pct_rep_01,Full_HG,10,1,0.346444200162872,55,55,0,20,1,0.733333333333333,0.846153846153846
Data_LLbetween_0100_LH_075_noise_010pct_rep_01,Full_HG,10,1,0.347746621967996,55,55,0,20,1,0.733333333333333,0.846153846153846
Data_LLbetween_0100_LH_075_noise_010pct_rep_01,Full_HG,10,1,0.349049043773119,55,55,0,20,1,0.733333333333333,0.846153846153846
Data_LLbetween_0100_LH_075_noise_010pct_rep_01,Full_HG,10,1,0.350351465578243,54,54,0,21,1,0.72,0.837209302325581
Data_LLbetween_0100_LH_075_noise_010pct_rep_01,Full_HG,10,1,0.351653887383366,52,52,0,23,1,0.693333333333333,0.818897637795276
Data_LLbetween_0100_LH_075_noise_010pct_rep_01,Full_HG,10,1,0.35295630918849,52,52,0,23,1,0.693333333333333,0.818897637795276
Data_LLbetween_0100_LH_075_noise_010pct_rep_01,Full_HG,10,1,0.354258730993614,52,52,0,23,1,0.693333333333333,0.818897637795276
Data_LLbetween_0100_LH_075_noise_010pct_rep_01,Full_HG,10,1,0.355561152798737,52,52,0,23,1,0.693333333333333,0.818897637795276
Data_LLbetween_0100_LH_075_noise_010pct_rep_01,Full_HG,10,1,0.356863574603861,52,52,0,23,1,0.693333333333333,0.818897637795276
Data_LLbetween_0100_LH_075_noise_010pct_rep_01,Full_HG,10,1,0.358165996408984,52,52,0,23,1,0.693333333333333,0.818897637795276
Data_LLbetween_0100_LH_075_noise_010pct_rep_01,Full_HG,10,1,0.359468418214108,52,52,0,23,1,0.693333333333333,0.818897637795276
Data_LLbetween_0100_LH_075_noise_010pct_rep_01,Full_HG,10,1,0.360770840019232,51,51,0,24,1,0.68,0.80952380952381
Data_LLbetween_0100_LH_075_noise_010pct_rep_01,Full_HG,10,1,0.362073261824355,50,50,0,25,1,0.666666666666667,0.8
Data_LLbetween_0100_LH_075_noise_010pct_rep_01,Full_HG,10,1,0.363375683629479,49,49,0,26,1,0.653333333333333,0.790322580645161
Data_LLbetween_0100_LH_075_noise_010pct_rep_01,Full_HG,10,1,0.364678105434602,48,48,0,27,1,0.64,0.780487804878049
Data_LLbetween_0100_LH_075_noise_010pct_rep_01,Full_HG,10,1,0.365980527239726,48,48,0,27,1,0.64,0.780487804878049
Data_LLbetween_0100_LH_075_noise_010pct_rep_01,Full_HG,10,1,0.367282949044849,48,48,0,27,1,0.64,0.780487804878049
Data_LLbetween_0100_LH_075_noise_010pct_rep_01,Full_HG,10,1,0.368585370849973,46,46,0,29,1,0.613333333333333,0.760330578512397
Data_LLbetween_0100_LH_075_noise_010pct_rep_01,Full_HG,10,1,0.369887792655097,45,45,0,30,1,0.6,0.75
Data_LLbetween_0100_LH_075_noise_010pct_rep_01,Full_HG,10,1,0.37119021446022,42,42,0,33,1,0.56,0.717948717948718
Data_LLbetween_0100_LH_075_noise_010pct_rep_01,Full_HG,10,1,0.372492636265344,42,42,0,33,1,0.56,0.717948717948718
Data_LLbetween_0100_LH_075_noise_010pct_rep_01,Full_HG,10,1,0.373795058070467,42,42,0,33,1,0.56,0.717948717948718
Data_LLbetween_0100_LH_075_noise_010pct_rep_01,Full_HG,10,1,0.375097479875591,42,42,0,33,1,0.56,0.717948717948718
Data_LLbetween_0100_LH_075_noise_010pct_rep_01,Full_HG,10,1,0.376399901680714,40,40,0,35,1,0.533333333333333,0.695652173913044
Data_LLbetween_0100_LH_075_noise_010pct_rep_01,Full_HG,10,1,0.377702323485838,40,40,0,35,1,0.533333333333333,0.695652173913044
Data_LLbetween_0100_LH_075_noise_010pct_rep_01,Full_HG,10,1,0.379004745290962,40,40,0,35,1,0.533333333333333,0.695652173913044
Data_LLbetween_0100_LH_075_noise_010pct_rep_01,Full_HG,10,1,0.380307167096085,40,40,0,35,1,0.533333333333333,0.695652173913044
Data_LLbetween_0100_LH_075_noise_010pct_rep_01,Full_HG,10,1,0.381609588901209,38,38,0,37,1,0.506666666666667,0.672566371681416
Data_LLbetween_0100_LH_075_noise_010pct_rep_01,Full_HG,10,1,0.382912010706332,37,37,0,38,1,0.493333333333333,0.660714285714286
Data_LLbetween_0100_LH_075_noise_010pct_rep_01,Full_HG,10,1,0.384214432511456,37,37,0,38,1,0.493333333333333,0.660714285714286
Data_LLbetween_0100_LH_075_noise_010pct_rep_01,Full_HG,10,1,0.38551685431658,37,37,0,38,1,0.493333333333333,0.660714285714286
Data_LLbetween_0100_LH_075_noise_010pct_rep_01,Full_HG,10,1,0.386819276121703,37,37,0,38,1,0.493333333333333,0.660714285714286
Data_LLbetween_0100_LH_075_noise_010pct_rep_01,Full_HG,10,1,0.388121697926827,37,37,0,38,1,0.493333333333333,0.660714285714286
Data_LLbetween_0100_LH_075_noise_010pct_rep_01,Full_HG,10,1,0.38942411973195,36,36,0,39,1,0.48,0.648648648648649
Data_LLbetween_0100_LH_075_noise_010pct_rep_01,Full_HG,10,1,0.390726541537074,35,35,0,40,1,0.466666666666667,0.636363636363636
Data_LLbetween_0100_LH_075_noise_010pct_rep_01,Full_HG,10,1,0.392028963342197,35,35,0,40,1,0.466666666666667,0.636363636363636
Data_LLbetween_0100_LH_075_noise_010pct_rep_01,Full_HG,10,1,0.393331385147321,31,31,0,44,1,0.413333333333333,0.584905660377358
Data_LLbetween_0100_LH_075_noise_010pct_rep_01,Full_HG,10,1,0.394633806952445,30,30,0,45,1,0.4,0.571428571428572
Data_LLbetween_0100_LH_075_noise_010pct_rep_01,Full_HG,10,1,0.395936228757568,30,30,0,45,1,0.4,0.571428571428572
Data_LLbetween_0100_LH_075_noise_010pct_rep_01,Full_HG,10,1,0.397238650562692,28,28,0,47,1,0.373333333333333,0.54368932038835
Data_LLbetween_0100_LH_075_noise_010pct_rep_01,Full_HG,10,1,0.398541072367815,27,27,0,48,1,0.36,0.529411764705882
Data_LLbetween_0100_LH_075_noise_010pct_rep_01,Full_HG,10,1,0.399843494172939,25,25,0,50,1,0.333333333333333,0.5
Data_LLbetween_0100_LH_075_noise_010pct_rep_01,Full_HG,10,1,0.401145915978062,24,24,0,51,1,0.32,0.484848484848485
Data_LLbetween_0100_LH_075_noise_010pct_rep_01,Full_HG,10,1,0.402448337783186,24,24,0,51,1,0.32,0.484848484848485
Data_LLbetween_0100_LH_075_noise_010pct_rep_01,Full_HG,10,1,0.40375075958831,23,23,0,52,1,0.306666666666667,0.469387755102041
Data_LLbetween_0100_LH_075_noise_010pct_rep_01,Full_HG,10,1,0.405053181393433,23,23,0,52,1,0.306666666666667,0.469387755102041
Data_LLbetween_0100_LH_075_noise_010pct_rep_01,Full_HG,10,1,0.406355603198557,23,23,0,52,1,0.306666666666667,0.469387755102041
Data_LLbetween_0100_LH_075_noise_010pct_rep_01,Full_HG,10,1,0.40765802500368,23,23,0,52,1,0.306666666666667,0.469387755102041
Data_LLbetween_0100_LH_075_noise_010pct_rep_01,Full_HG,10,1,0.408960446808804,23,23,0,52,1,0.306666666666667,0.469387755102041
Data_LLbetween_0100_LH_075_noise_010pct_rep_01,Full_HG,10,1,0.410262868613928,22,22,0,53,1,0.293333333333333,0.45360824742268
Data_LLbetween_0100_LH_075_noise_010pct_rep_01,Full_HG,10,1,0.411565290419051,22,22,0,53,1,0.293333333333333,0.45360824742268
Data_LLbetween_0100_LH_075_noise_010pct_rep_01,Full_HG,10,1,0.412867712224175,22,22,0,53,1,0.293333333333333,0.45360824742268
Data_LLbetween_0100_LH_075_noise_010pct_rep_01,Full_HG,10,1,0.414170134029298,22,22,0,53,1,0.293333333333333,0.45360824742268
Data_LLbetween_0100_LH_075_noise_010pct_rep_01,Full_HG,10,1,0.415472555834422,22,22,0,53,1,0.293333333333333,0.45360824742268
Data_LLbetween_0100_LH_075_noise_010pct_rep_01,Full_HG,10,1,0.416774977639545,22,22,0,53,1,0.293333333333333,0.45360824742268
Data_LLbetween_0100_LH_075_noise_010pct_rep_01,Full_HG,10,1,0.418077399444669,21,21,0,54,1,0.28,0.4375
Data_LLbetween_0100_LH_075_noise_010pct_rep_01,Full_HG,10,1,0.419379821249793,21,21,0,54,1,0.28,0.4375
Data_LLbetween_0100_LH_075_noise_010pct_rep_01,Full_HG,10,1,0.420682243054916,21,21,0,54,1,0.28,0.4375
Data_LLbetween_0100_LH_075_noise_010pct_rep_01,Full_HG,10,1,0.42198466486004,21,21,0,54,1,0.28,0.4375
Data_LLbetween_0100_LH_075_noise_010pct_rep_01,Full_HG,10,1,0.423287086665163,20,20,0,55,1,0.266666666666667,0.421052631578947
Data_LLbetween_0100_LH_075_noise_010pct_rep_01,Full_HG,10,1,0.424589508470287,19,19,0,56,1,0.253333333333333,0.404255319148936
Data_LLbetween_0100_LH_075_noise_010pct_rep_01,Full_HG,10,1,0.425891930275411,19,19,0,56,1,0.253333333333333,0.404255319148936
Data_LLbetween_0100_LH_075_noise_010pct_rep_01,Full_HG,10,1,0.427194352080534,19,19,0,56,1,0.253333333333333,0.404255319148936
Data_LLbetween_0100_LH_075_noise_010pct_rep_01,Full_HG,10,1,0.428496773885658,19,19,0,56,1,0.253333333333333,0.404255319148936
Data_LLbetween_0100_LH_075_noise_010pct_rep_01,Full_HG,10,1,0.429799195690781,19,19,0,56,1,0.253333333333333,0.404255319148936
Data_LLbetween_0100_LH_075_noise_010pct_rep_01,Full_HG,10,1,0.431101617495905,17,17,0,58,1,0.226666666666667,0.369565217391304
Data_LLbetween_0100_LH_075_noise_010pct_rep_01,Full_HG,10,1,0.432404039301028,16,16,0,59,1,0.213333333333333,0.351648351648352
Data_LLbetween_0100_LH_075_noise_010pct_rep_01,Full_HG,10,1,0.433706461106152,14,14,0,61,1,0.186666666666667,0.314606741573034
Data_LLbetween_0100_LH_075_noise_010pct_rep_01,Full_HG,10,1,0.435008882911276,14,14,0,61,1,0.186666666666667,0.314606741573034
Data_LLbetween_0100_LH_075_noise_010pct_rep_01,Full_HG,10,1,0.436311304716399,12,12,0,63,1,0.16,0.275862068965517
Data_LLbetween_0100_LH_075_noise_010pct_rep_01,Full_HG,10,1,0.437613726521523,11,11,0,64,1,0.146666666666667,0.255813953488372
Data_LLbetween_0100_LH_075_noise_010pct_rep_01,Full_HG,10,1,0.438916148326646,11,11,0,64,1,0.146666666666667,0.255813953488372
Data_LLbetween_0100_LH_075_noise_010pct_rep_01,Full_HG,10,1,0.44021857013177,10,10,0,65,1,0.133333333333333,0.235294117647059
Data_LLbetween_0100_LH_075_noise_010pct_rep_01,Full_HG,10,1,0.441520991936893,9,9,0,66,1,0.12,0.214285714285714
Data_LLbetween_0100_LH_075_noise_010pct_rep_01,Full_HG,10,1,0.442823413742017,9,9,0,66,1,0.12,0.214285714285714
Data_LLbetween_0100_LH_075_noise_010pct_rep_01,Full_HG,10,1,0.444125835547141,9,9,0,66,1,0.12,0.214285714285714
Data_LLbetween_0100_LH_075_noise_010pct_rep_01,Full_HG,10,1,0.445428257352264,9,9,0,66,1,0.12,0.214285714285714
Data_LLbetween_0100_LH_075_noise_010pct_rep_01,Full_HG,10,1,0.446730679157388,8,8,0,67,1,0.106666666666667,0.192771084337349
Data_LLbetween_0100_LH_075_noise_010pct_rep_01,Full_HG,10,1,0.448033100962511,7,7,0,68,1,0.0933333333333333,0.170731707317073
Data_LLbetween_0100_LH_075_noise_010pct_rep_01,Full_HG,10,1,0.449335522767635,7,7,0,68,1,0.0933333333333333,0.170731707317073
Data_LLbetween_0100_LH_075_noise_010pct_rep_01,Full_HG,10,1,0.450637944572758,7,7,0,68,1,0.0933333333333333,0.170731707317073
Data_LLbetween_0100_LH_075_noise_010pct_rep_01,Full_HG,10,1,0.451940366377882,6,6,0,69,1,0.08,0.148148148148148
Data_LLbetween_0100_LH_075_noise_010pct_rep_01,Full_HG,10,1,0.453242788183006,5,5,0,70,1,0.0666666666666667,0.125
Data_LLbetween_0100_LH_075_noise_010pct_rep_01,Full_HG,10,1,0.454545209988129,5,5,0,70,1,0.0666666666666667,0.125
Data_LLbetween_0100_LH_075_noise_010pct_rep_01,Full_HG,10,1,0.455847631793253,4,4,0,71,1,0.0533333333333333,0.10126582278481
Data_LLbetween_0100_LH_075_noise_010pct_rep_01,Full_HG,10,1,0.457150053598376,4,4,0,71,1,0.0533333333333333,0.10126582278481
Data_LLbetween_0100_LH_075_noise_010pct_rep_01,Full_HG,10,1,0.4584524754035,4,4,0,71,1,0.0533333333333333,0.10126582278481
Data_LLbetween_0100_LH_075_noise_010pct_rep_01,Full_HG,10,1,0.459754897208624,4,4,0,71,1,0.0533333333333333,0.10126582278481
Data_LLbetween_0100_LH_075_noise_010pct_rep_01,Full_HG,10,1,0.461057319013747,3,3,0,72,1,0.04,0.0769230769230769
Data_LLbetween_0100_LH_075_noise_010pct_rep_01,Full_HG,10,1,0.462359740818871,3,3,0,72,1,0.04,0.0769230769230769
Data_LLbetween_0100_LH_075_noise_010pct_rep_01,Full_HG,10,1,0.463662162623994,3,3,0,72,1,0.04,0.0769230769230769
Data_LLbetween_0100_LH_075_noise_010pct_rep_01,Full_HG,10,1,0.464964584429118,3,3,0,72,1,0.04,0.0769230769230769
Data_LLbetween_0100_LH_075_noise_010pct_rep_01,Full_HG,10,1,0.466267006234241,3,3,0,72,1,0.04,0.0769230769230769
Data_LLbetween_0100_LH_075_noise_010pct_rep_01,Full_HG,10,1,0.467569428039365,3,3,0,72,1,0.04,0.0769230769230769
Data_LLbetween_0100_LH_075_noise_010pct_rep_01,Full_HG,10,1,0.468871849844489,3,3,0,72,1,0.04,0.0769230769230769
Data_LLbetween_0100_LH_075_noise_010pct_rep_01,Full_HG,10,1,0.470174271649612,2,2,0,73,1,0.0266666666666667,0.051948051948052
Data_LLbetween_0100_LH_075_noise_010pct_rep_01,Full_HG,10,1,0.471476693454736,1,1,0,74,1,0.0133333333333333,0.0263157894736842
Data_LLbetween_0100_LH_075_noise_010pct_rep_01,Full_HG,10,1,0.472779115259859,1,1,0,74,1,0.0133333333333333,0.0263157894736842
Data_LLbetween_0100_LH_075_noise_010pct_rep_01,Full_HG,10,1,0.474081537064983,1,1,0,74,1,0.0133333333333333,0.0263157894736842
Data_LLbetween_0100_LH_075_noise_010pct_rep_01,Full_HG,10,1,0.475383958870107,1,1,0,74,1,0.0133333333333333,0.0263157894736842
Data_LLbetween_0100_LH_075_noise_010pct_rep_01,Full_HG,10,1,0.47668638067523,1,1,0,74,1,0.0133333333333333,0.0263157894736842
Data_LLbetween_0100_LH_075_noise_010pct_rep_01,Full_HG,10,1,0.477988802480354,1,1,0,74,1,0.0133333333333333,0.0263157894736842
Data_LLbetween_0100_LH_075_noise_010pct_rep_01,Full_HG,10,1,0.479291224285477,1,1,0,74,1,0.0133333333333333,0.0263157894736842
Data_LLbetween_0100_LH_075_noise_010pct_rep_01,Full_HG,10,1,0.480593646090601,1,1,0,74,1,0.0133333333333333,0.0263157894736842
Data_LLbetween_0100_LH_075_noise_010pct_rep_01,Full_HG,10,1,0.481896067895724,1,1,0,74,1,0.0133333333333333,0.0263157894736842
Data_LLbetween_0100_LH_075_noise_010pct_rep_01,Full_HG,10,1,0.483198489700848,1,1,0,74,1,0.0133333333333333,0.0263157894736842
Data_LLbetween_0100_LH_075_noise_010pct_rep_01,Full_HG,10,1,0.484500911505972,0,0,0,75,NaN,0,0
Data_LLbetween_0100_LH_075_noise_010pct_rep_01,Full_HG,10,1,0.485803333311095,0,0,0,75,NaN,0,0
Data_LLbetween_0100_LH_075_noise_010pct_rep_01,Full_HG,10,1,0.487105755116219,0,0,0,75,NaN,0,0
Data_LLbetween_0100_LH_075_noise_010pct_rep_01,Full_HG,10,1,0.488408176921342,0,0,0,75,NaN,0,0
Data_LLbetween_0100_LH_075_noise_010pct_rep_01,Full_HG,10,1,0.489710598726466,0,0,0,75,NaN,0,0
Data_LLbetween_0100_LH_075_noise_010pct_rep_01,Full_HG,10,1,0.491013020531589,0,0,0,75,NaN,0,0
Data_LLbetween_0100_LH_075_noise_010pct_rep_01,Full_HG,10,1,0.492315442336713,0,0,0,75,NaN,0,0
Data_LLbetween_0100_LH_075_noise_010pct_rep_01,Full_HG,10,1,0.493617864141837,0,0,0,75,NaN,0,0
Data_LLbetween_0100_LH_075_noise_010pct_rep_01,Full_HG,10,1,0.49492028594696,0,0,0,75,NaN,0,0
Data_LLbetween_0100_LH_075_noise_010pct_rep_01,Full_HG,10,1,0.496222707752084,0,0,0,75,NaN,0,0
Data_LLbetween_0100_LH_075_noise_010pct_rep_01,Full_HG,10,1,0.497525129557207,0,0,0,75,NaN,0,0
Data_LLbetween_0100_LH_075_noise_010pct_rep_01,Full_HG,10,1,0.498827551362331,0,0,0,75,NaN,0,0
Data_LLbetween_0100_LH_075_noise_010pct_rep_01,Full_HG,10,1,0.500129973167455,0,0,0,75,NaN,0,0
Data_LLbetween_0100_LH_075_noise_010pct_rep_01,Full_HG,10,1,0.501432394972578,0,0,0,75,NaN,0,0
Data_LLbetween_0100_LH_075_noise_010pct_rep_01,Full_HG,10,1,0.502734816777702,0,0,0,75,NaN,0,0
Data_LLbetween_0100_LH_075_noise_010pct_rep_01,Full_HG,10,1,0.504037238582825,0,0,0,75,NaN,0,0
Data_LLbetween_0100_LH_075_noise_010pct_rep_01,Full_HG,10,1,0.505339660387949,0,0,0,75,NaN,0,0
Data_LLbetween_0100_LH_075_noise_010pct_rep_01,Full_HG,10,1,0.506642082193072,0,0,0,75,NaN,0,0
Data_LLbetween_0100_LH_075_noise_010pct_rep_01,Full_HG,10,1,0.507944503998196,0,0,0,75,NaN,0,0
Data_LLbetween_0100_LH_075_noise_010pct_rep_01,Full_HG,10,1,0.50924692580332,0,0,0,75,NaN,0,0
Data_LLbetween_0100_LH_075_noise_010pct_rep_01,Full_HG,10,1,0.510549347608443,0,0,0,75,NaN,0,0
Data_LLbetween_0100_LH_075_noise_010pct_rep_01,Full_HG,10,1,0.511851769413567,0,0,0,75,NaN,0,0
Data_LLbetween_0100_LH_075_noise_010pct_rep_01,Full_HG,10,1,0.51315419121869,0,0,0,75,NaN,0,0
Data_LLbetween_0100_LH_075_noise_010pct_rep_01,Full_HG,10,1,0.514456613023814,0,0,0,75,NaN,0,0
Data_LLbetween_0100_LH_075_noise_010pct_rep_01,Full_HG,10,1,0.515759034828937,0,0,0,75,NaN,0,0
Data_LLbetween_0100_LH_075_noise_010pct_rep_01,Full_HG,10,1,0.517061456634061,0,0,0,75,NaN,0,0
Data_LLbetween_0100_LH_075_noise_010pct_rep_01,Full_HG,10,1,0.518363878439185,0,0,0,75,NaN,0,0
Data_LLbetween_0100_LH_075_noise_010pct_rep_01,Full_HG,10,1,0.519666300244308,0,0,0,75,NaN,0,0
Data_LLbetween_0100_LH_075_noise_010pct_rep_01,Full_HG,10,1,0.520968722049432,0,0,0,75,NaN,0,0
Data_LLbetween_0100_LH_075_noise_010pct_rep_02,Full_HG,10,2,0,80,75,5,0,0.9375,1,0.967741935483871
Data_LLbetween_0100_LH_075_noise_010pct_rep_02,Full_HG,10,2,0.00130242180512358,80,75,5,0,0.9375,1,0.967741935483871
Data_LLbetween_0100_LH_075_noise_010pct_rep_02,Full_HG,10,2,0.00260484361024716,79,75,4,0,0.949367088607595,1,0.974025974025974
Data_LLbetween_0100_LH_075_noise_010pct_rep_02,Full_HG,10,2,0.00390726541537074,79,75,4,0,0.949367088607595,1,0.974025974025974
Data_LLbetween_0100_LH_075_noise_010pct_rep_02,Full_HG,10,2,0.00520968722049432,78,75,3,0,0.961538461538462,1,0.980392156862745
Data_LLbetween_0100_LH_075_noise_010pct_rep_02,Full_HG,10,2,0.0065121090256179,78,75,3,0,0.961538461538462,1,0.980392156862745
Data_LLbetween_0100_LH_075_noise_010pct_rep_02,Full_HG,10,2,0.00781453083074148,77,75,2,0,0.974025974025974,1,0.986842105263158
Data_LLbetween_0100_LH_075_noise_010pct_rep_02,Full_HG,10,2,0.00911695263586506,77,75,2,0,0.974025974025974,1,0.986842105263158
Data_LLbetween_0100_LH_075_noise_010pct_rep_02,Full_HG,10,2,0.0104193744409886,76,75,1,0,0.986842105263158,1,0.993377483443709
Data_LLbetween_0100_LH_075_noise_010pct_rep_02,Full_HG,10,2,0.0117217962461122,75,75,0,0,1,1,1
Data_LLbetween_0100_LH_075_noise_010pct_rep_02,Full_HG,10,2,0.0130242180512358,75,75,0,0,1,1,1
Data_LLbetween_0100_LH_075_noise_010pct_rep_02,Full_HG,10,2,0.0143266398563594,75,75,0,0,1,1,1
Data_LLbetween_0100_LH_075_noise_010pct_rep_02,Full_HG,10,2,0.015629061661483,75,75,0,0,1,1,1
Data_LLbetween_0100_LH_075_noise_010pct_rep_02,Full_HG,10,2,0.0169314834666065,75,75,0,0,1,1,1
Data_LLbetween_0100_LH_075_noise_010pct_rep_02,Full_HG,10,2,0.0182339052717301,75,75,0,0,1,1,1
Data_LLbetween_0100_LH_075_noise_010pct_rep_02,Full_HG,10,2,0.0195363270768537,75,75,0,0,1,1,1
Data_LLbetween_0100_LH_075_noise_010pct_rep_02,Full_HG,10,2,0.0208387488819773,75,75,0,0,1,1,1
Data_LLbetween_0100_LH_075_noise_010pct_rep_02,Full_HG,10,2,0.0221411706871009,75,75,0,0,1,1,1
Data_LLbetween_0100_LH_075_noise_010pct_rep_02,Full_HG,10,2,0.0234435924922244,75,75,0,0,1,1,1
Data_LLbetween_0100_LH_075_noise_010pct_rep_02,Full_HG,10,2,0.024746014297348,75,75,0,0,1,1,1
Data_LLbetween_0100_LH_075_noise_010pct_rep_02,Full_HG,10,2,0.0260484361024716,75,75,0,0,1,1,1
Data_LLbetween_0100_LH_075_noise_010pct_rep_02,Full_HG,10,2,0.0273508579075952,75,75,0,0,1,1,1
Data_LLbetween_0100_LH_075_noise_010pct_rep_02,Full_HG,10,2,0.0286532797127187,75,75,0,0,1,1,1
Data_LLbetween_0100_LH_075_noise_010pct_rep_02,Full_HG,10,2,0.0299557015178423,75,75,0,0,1,1,1
Data_LLbetween_0100_LH_075_noise_010pct_rep_02,Full_HG,10,2,0.0312581233229659,75,75,0,0,1,1,1
Data_LLbetween_0100_LH_075_noise_010pct_rep_02,Full_HG,10,2,0.0325605451280895,75,75,0,0,1,1,1
Data_LLbetween_0100_LH_075_noise_010pct_rep_02,Full_HG,10,2,0.0338629669332131,75,75,0,0,1,1,1
Data_LLbetween_0100_LH_075_noise_010pct_rep_02,Full_HG,10,2,0.0351653887383366,75,75,0,0,1,1,1
Data_LLbetween_0100_LH_075_noise_010pct_rep_02,Full_HG,10,2,0.0364678105434602,75,75,0,0,1,1,1
Data_LLbetween_0100_LH_075_noise_010pct_rep_02,Full_HG,10,2,0.0377702323485838,75,75,0,0,1,1,1
Data_LLbetween_0100_LH_075_noise_010pct_rep_02,Full_HG,10,2,0.0390726541537074,75,75,0,0,1,1,1
Data_LLbetween_0100_LH_075_noise_010pct_rep_02,Full_HG,10,2,0.040375075958831,75,75,0,0,1,1,1
Data_LLbetween_0100_LH_075_noise_010pct_rep_02,Full_HG,10,2,0.0416774977639545,75,75,0,0,1,1,1
Data_LLbetween_0100_LH_075_noise_010pct_rep_02,Full_HG,10,2,0.0429799195690781,75,75,0,0,1,1,1
Data_LLbetween_0100_LH_075_noise_010pct_rep_02,Full_HG,10,2,0.0442823413742017,75,75,0,0,1,1,1
Data_LLbetween_0100_LH_075_noise_010pct_rep_02,Full_HG,10,2,0.0455847631793253,75,75,0,0,1,1,1
Data_LLbetween_0100_LH_075_noise_010pct_rep_02,Full_HG,10,2,0.0468871849844489,75,75,0,0,1,1,1
Data_LLbetween_0100_LH_075_noise_010pct_rep_02,Full_HG,10,2,0.0481896067895724,75,75,0,0,1,1,1
Data_LLbetween_0100_LH_075_noise_010pct_rep_02,Full_HG,10,2,0.049492028594696,75,75,0,0,1,1,1
Data_LLbetween_0100_LH_075_noise_010pct_rep_02,Full_HG,10,2,0.0507944503998196,75,75,0,0,1,1,1
Data_LLbetween_0100_LH_075_noise_010pct_rep_02,Full_HG,10,2,0.0520968722049432,75,75,0,0,1,1,1
Data_LLbetween_0100_LH_075_noise_010pct_rep_02,Full_HG,10,2,0.0533992940100668,75,75,0,0,1,1,1
Data_LLbetween_0100_LH_075_noise_010pct_rep_02,Full_HG,10,2,0.0547017158151903,75,75,0,0,1,1,1
Data_LLbetween_0100_LH_075_noise_010pct_rep_02,Full_HG,10,2,0.0560041376203139,75,75,0,0,1,1,1
Data_LLbetween_0100_LH_075_noise_010pct_rep_02,Full_HG,10,2,0.0573065594254375,75,75,0,0,1,1,1
Data_LLbetween_0100_LH_075_noise_010pct_rep_02,Full_HG,10,2,0.0586089812305611,75,75,0,0,1,1,1
Data_LLbetween_0100_LH_075_noise_010pct_rep_02,Full_HG,10,2,0.0599114030356847,75,75,0,0,1,1,1
Data_LLbetween_0100_LH_075_noise_010pct_rep_02,Full_HG,10,2,0.0612138248408082,75,75,0,0,1,1,1
Data_LLbetween_0100_LH_075_noise_010pct_rep_02,Full_HG,10,2,0.0625162466459318,75,75,0,0,1,1,1
Data_LLbetween_0100_LH_075_noise_010pct_rep_02,Full_HG,10,2,0.0638186684510554,75,75,0,0,1,1,1
Data_LLbetween_0100_LH_075_noise_010pct_rep_02,Full_HG,10,2,0.065121090256179,75,75,0,0,1,1,1
Data_LLbetween_0100_LH_075_noise_010pct_rep_02,Full_HG,10,2,0.0664235120613026,75,75,0,0,1,1,1
Data_LLbetween_0100_LH_075_noise_010pct_rep_02,Full_HG,10,2,0.0677259338664261,75,75,0,0,1,1,1
Data_LLbetween_0100_LH_075_noise_010pct_rep_02,Full_HG,10,2,0.0690283556715497,75,75,0,0,1,1,1
Data_LLbetween_0100_LH_075_noise_010pct_rep_02,Full_HG,10,2,0.0703307774766733,75,75,0,0,1,1,1
Data_LLbetween_0100_LH_075_noise_010pct_rep_02,Full_HG,10,2,0.0716331992817969,75,75,0,0,1,1,1
Data_LLbetween_0100_LH_075_noise_010pct_rep_02,Full_HG,10,2,0.0729356210869204,75,75,0,0,1,1,1
Data_LLbetween_0100_LH_075_noise_010pct_rep_02,Full_HG,10,2,0.074238042892044,75,75,0,0,1,1,1
Data_LLbetween_0100_LH_075_noise_010pct_rep_02,Full_HG,10,2,0.0755404646971676,75,75,0,0,1,1,1
Data_LLbetween_0100_LH_075_noise_010pct_rep_02,Full_HG,10,2,0.0768428865022912,75,75,0,0,1,1,1
Data_LLbetween_0100_LH_075_noise_010pct_rep_02,Full_HG,10,2,0.0781453083074148,75,75,0,0,1,1,1
Data_LLbetween_0100_LH_075_noise_010pct_rep_02,Full_HG,10,2,0.0794477301125383,75,75,0,0,1,1,1
Data_LLbetween_0100_LH_075_noise_010pct_rep_02,Full_HG,10,2,0.0807501519176619,75,75,0,0,1,1,1
Data_LLbetween_0100_LH_075_noise_010pct_rep_02,Full_HG,10,2,0.0820525737227855,75,75,0,0,1,1,1
Data_LLbetween_0100_LH_075_noise_010pct_rep_02,Full_HG,10,2,0.0833549955279091,75,75,0,0,1,1,1
Data_LLbetween_0100_LH_075_noise_010pct_rep_02,Full_HG,10,2,0.0846574173330327,75,75,0,0,1,1,1
Data_LLbetween_0100_LH_075_noise_010pct_rep_02,Full_HG,10,2,0.0859598391381562,75,75,0,0,1,1,1
Data_LLbetween_0100_LH_075_noise_010pct_rep_02,Full_HG,10,2,0.0872622609432798,75,75,0,0,1,1,1
Data_LLbetween_0100_LH_075_noise_010pct_rep_02,Full_HG,10,2,0.0885646827484034,75,75,0,0,1,1,1
Data_LLbetween_0100_LH_075_noise_010pct_rep_02,Full_HG,10,2,0.089867104553527,75,75,0,0,1,1,1
Data_LLbetween_0100_LH_075_noise_010pct_rep_02,Full_HG,10,2,0.0911695263586506,75,75,0,0,1,1,1
Data_LLbetween_0100_LH_075_noise_010pct_rep_02,Full_HG,10,2,0.0924719481637741,75,75,0,0,1,1,1
Data_LLbetween_0100_LH_075_noise_010pct_rep_02,Full_HG,10,2,0.0937743699688977,75,75,0,0,1,1,1
Data_LLbetween_0100_LH_075_noise_010pct_rep_02,Full_HG,10,2,0.0950767917740213,75,75,0,0,1,1,1
Data_LLbetween_0100_LH_075_noise_010pct_rep_02,Full_HG,10,2,0.0963792135791449,75,75,0,0,1,1,1
Data_LLbetween_0100_LH_075_noise_010pct_rep_02,Full_HG,10,2,0.0976816353842685,75,75,0,0,1,1,1
Data_LLbetween_0100_LH_075_noise_010pct_rep_02,Full_HG,10,2,0.098984057189392,75,75,0,0,1,1,1
Data_LLbetween_0100_LH_075_noise_010pct_rep_02,Full_HG,10,2,0.100286478994516,75,75,0,0,1,1,1
Data_LLbetween_0100_LH_075_noise_010pct_rep_02,Full_HG,10,2,0.101588900799639,75,75,0,0,1,1,1
Data_LLbetween_0100_LH_075_noise_010pct_rep_02,Full_HG,10,2,0.102891322604763,75,75,0,0,1,1,1
Data_LLbetween_0100_LH_075_noise_010pct_rep_02,Full_HG,10,2,0.104193744409886,75,75,0,0,1,1,1
Data_LLbetween_0100_LH_075_noise_010pct_rep_02,Full_HG,10,2,0.10549616621501,75,75,0,0,1,1,1
Data_LLbetween_0100_LH_075_noise_010pct_rep_02,Full_HG,10,2,0.106798588020134,75,75,0,0,1,1,1
Data_LLbetween_0100_LH_075_noise_010pct_rep_02,Full_HG,10,2,0.108101009825257,75,75,0,0,1,1,1
Data_LLbetween_0100_LH_075_noise_010pct_rep_02,Full_HG,10,2,0.109403431630381,75,75,0,0,1,1,1
Data_LLbetween_0100_LH_075_noise_010pct_rep_02,Full_HG,10,2,0.110705853435504,75,75,0,0,1,1,1
Data_LLbetween_0100_LH_075_noise_010pct_rep_02,Full_HG,10,2,0.112008275240628,75,75,0,0,1,1,1
Data_LLbetween_0100_LH_075_noise_010pct_rep_02,Full_HG,10,2,0.113310697045751,75,75,0,0,1,1,1
Data_LLbetween_0100_LH_075_noise_010pct_rep_02,Full_HG,10,2,0.114613118850875,75,75,0,0,1,1,1
Data_LLbetween_0100_LH_075_noise_010pct_rep_02,Full_HG,10,2,0.115915540655999,75,75,0,0,1,1,1
Data_LLbetween_0100_LH_075_noise_010pct_rep_02,Full_HG,10,2,0.117217962461122,75,75,0,0,1,1,1
Data_LLbetween_0100_LH_075_noise_010pct_rep_02,Full_HG,10,2,0.118520384266246,75,75,0,0,1,1,1
Data_LLbetween_0100_LH_075_noise_010pct_rep_02,Full_HG,10,2,0.119822806071369,75,75,0,0,1,1,1
Data_LLbetween_0100_LH_075_noise_010pct_rep_02,Full_HG,10,2,0.121125227876493,75,75,0,0,1,1,1
Data_LLbetween_0100_LH_075_noise_010pct_rep_02,Full_HG,10,2,0.122427649681616,75,75,0,0,1,1,1
Data_LLbetween_0100_LH_075_noise_010pct_rep_02,Full_HG,10,2,0.12373007148674,75,75,0,0,1,1,1
Data_LLbetween_0100_LH_075_noise_010pct_rep_02,Full_HG,10,2,0.125032493291864,75,75,0,0,1,1,1
Data_LLbetween_0100_LH_075_noise_010pct_rep_02,Full_HG,10,2,0.126334915096987,75,75,0,0,1,1,1
Data_LLbetween_0100_LH_075_noise_010pct_rep_02,Full_HG,10,2,0.127637336902111,75,75,0,0,1,1,1
Data_LLbetween_0100_LH_075_noise_010pct_rep_02,Full_HG,10,2,0.128939758707234,75,75,0,0,1,1,1
Data_LLbetween_0100_LH_075_noise_010pct_rep_02,Full_HG,10,2,0.130242180512358,75,75,0,0,1,1,1
Data_LLbetween_0100_LH_075_noise_010pct_rep_02,Full_HG,10,2,0.131544602317482,75,75,0,0,1,1,1
Data_LLbetween_0100_LH_075_noise_010pct_rep_02,Full_HG,10,2,0.132847024122605,75,75,0,0,1,1,1
Data_LLbetween_0100_LH_075_noise_010pct_rep_02,Full_HG,10,2,0.134149445927729,75,75,0,0,1,1,1
Data_LLbetween_0100_LH_075_noise_010pct_rep_02,Full_HG,10,2,0.135451867732852,75,75,0,0,1,1,1
Data_LLbetween_0100_LH_075_noise_010pct_rep_02,Full_HG,10,2,0.136754289537976,75,75,0,0,1,1,1
Data_LLbetween_0100_LH_075_noise_010pct_rep_02,Full_HG,10,2,0.138056711343099,75,75,0,0,1,1,1
Data_LLbetween_0100_LH_075_noise_010pct_rep_02,Full_HG,10,2,0.139359133148223,75,75,0,0,1,1,1
Data_LLbetween_0100_LH_075_noise_010pct_rep_02,Full_HG,10,2,0.140661554953347,75,75,0,0,1,1,1
Data_LLbetween_0100_LH_075_noise_010pct_rep_02,Full_HG,10,2,0.14196397675847,75,75,0,0,1,1,1
Data_LLbetween_0100_LH_075_noise_010pct_rep_02,Full_HG,10,2,0.143266398563594,75,75,0,0,1,1,1
Data_LLbetween_0100_LH_075_noise_010pct_rep_02,Full_HG,10,2,0.144568820368717,75,75,0,0,1,1,1
Data_LLbetween_0100_LH_075_noise_010pct_rep_02,Full_HG,10,2,0.145871242173841,75,75,0,0,1,1,1
Data_LLbetween_0100_LH_075_noise_010pct_rep_02,Full_HG,10,2,0.147173663978964,75,75,0,0,1,1,1
Data_LLbetween_0100_LH_075_noise_010pct_rep_02,Full_HG,10,2,0.148476085784088,75,75,0,0,1,1,1
Data_LLbetween_0100_LH_075_noise_010pct_rep_02,Full_HG,10,2,0.149778507589212,75,75,0,0,1,1,1
Data_LLbetween_0100_LH_075_noise_010pct_rep_02,Full_HG,10,2,0.151080929394335,75,75,0,0,1,1,1
Data_LLbetween_0100_LH_075_noise_010pct_rep_02,Full_HG,10,2,0.152383351199459,75,75,0,0,1,1,1
Data_LLbetween_0100_LH_075_noise_010pct_rep_02,Full_HG,10,2,0.153685773004582,75,75,0,0,1,1,1
Data_LLbetween_0100_LH_075_noise_010pct_rep_02,Full_HG,10,2,0.154988194809706,75,75,0,0,1,1,1
Data_LLbetween_0100_LH_075_noise_010pct_rep_02,Full_HG,10,2,0.15629061661483,75,75,0,0,1,1,1
Data_LLbetween_0100_LH_075_noise_010pct_rep_02,Full_HG,10,2,0.157593038419953,75,75,0,0,1,1,1
Data_LLbetween_0100_LH_075_noise_010pct_rep_02,Full_HG,10,2,0.158895460225077,75,75,0,0,1,1,1
Data_LLbetween_0100_LH_075_noise_010pct_rep_02,Full_HG,10,2,0.1601978820302,75,75,0,0,1,1,1
Data_LLbetween_0100_LH_075_noise_010pct_rep_02,Full_HG,10,2,0.161500303835324,75,75,0,0,1,1,1
Data_LLbetween_0100_LH_075_noise_010pct_rep_02,Full_HG,10,2,0.162802725640447,75,75,0,0,1,1,1
Data_LLbetween_0100_LH_075_noise_010pct_rep_02,Full_HG,10,2,0.164105147445571,75,75,0,0,1,1,1
Data_LLbetween_0100_LH_075_noise_010pct_rep_02,Full_HG,10,2,0.165407569250695,75,75,0,0,1,1,1
Data_LLbetween_0100_LH_075_noise_010pct_rep_02,Full_HG,10,2,0.166709991055818,75,75,0,0,1,1,1
Data_LLbetween_0100_LH_075_noise_010pct_rep_02,Full_HG,10,2,0.168012412860942,75,75,0,0,1,1,1
Data_LLbetween_0100_LH_075_noise_010pct_rep_02,Full_HG,10,2,0.169314834666065,75,75,0,0,1,1,1
Data_LLbetween_0100_LH_075_noise_010pct_rep_02,Full_HG,10,2,0.170617256471189,75,75,0,0,1,1,1
Data_LLbetween_0100_LH_075_noise_010pct_rep_02,Full_HG,10,2,0.171919678276312,75,75,0,0,1,1,1
Data_LLbetween_0100_LH_075_noise_010pct_rep_02,Full_HG,10,2,0.173222100081436,75,75,0,0,1,1,1
Data_LLbetween_0100_LH_075_noise_010pct_rep_02,Full_HG,10,2,0.17452452188656,75,75,0,0,1,1,1
Data_LLbetween_0100_LH_075_noise_010pct_rep_02,Full_HG,10,2,0.175826943691683,75,75,0,0,1,1,1
Data_LLbetween_0100_LH_075_noise_010pct_rep_02,Full_HG,10,2,0.177129365496807,75,75,0,0,1,1,1
Data_LLbetween_0100_LH_075_noise_010pct_rep_02,Full_HG,10,2,0.17843178730193,75,75,0,0,1,1,1
Data_LLbetween_0100_LH_075_noise_010pct_rep_02,Full_HG,10,2,0.179734209107054,75,75,0,0,1,1,1
Data_LLbetween_0100_LH_075_noise_010pct_rep_02,Full_HG,10,2,0.181036630912178,75,75,0,0,1,1,1
Data_LLbetween_0100_LH_075_noise_010pct_rep_02,Full_HG,10,2,0.182339052717301,75,75,0,0,1,1,1
Data_LLbetween_0100_LH_075_noise_010pct_rep_02,Full_HG,10,2,0.183641474522425,75,75,0,0,1,1,1
Data_LLbetween_0100_LH_075_noise_010pct_rep_02,Full_HG,10,2,0.184943896327548,75,75,0,0,1,1,1
Data_LLbetween_0100_LH_075_noise_010pct_rep_02,Full_HG,10,2,0.186246318132672,75,75,0,0,1,1,1
Data_LLbetween_0100_LH_075_noise_010pct_rep_02,Full_HG,10,2,0.187548739937795,75,75,0,0,1,1,1
Data_LLbetween_0100_LH_075_noise_010pct_rep_02,Full_HG,10,2,0.188851161742919,75,75,0,0,1,1,1
Data_LLbetween_0100_LH_075_noise_010pct_rep_02,Full_HG,10,2,0.190153583548043,75,75,0,0,1,1,1
Data_LLbetween_0100_LH_075_noise_010pct_rep_02,Full_HG,10,2,0.191456005353166,75,75,0,0,1,1,1
Data_LLbetween_0100_LH_075_noise_010pct_rep_02,Full_HG,10,2,0.19275842715829,75,75,0,0,1,1,1
Data_LLbetween_0100_LH_075_noise_010pct_rep_02,Full_HG,10,2,0.194060848963413,75,75,0,0,1,1,1
Data_LLbetween_0100_LH_075_noise_010pct_rep_02,Full_HG,10,2,0.195363270768537,75,75,0,0,1,1,1
Data_LLbetween_0100_LH_075_noise_010pct_rep_02,Full_HG,10,2,0.19666569257366,75,75,0,0,1,1,1
Data_LLbetween_0100_LH_075_noise_010pct_rep_02,Full_HG,10,2,0.197968114378784,75,75,0,0,1,1,1
Data_LLbetween_0100_LH_075_noise_010pct_rep_02,Full_HG,10,2,0.199270536183908,75,75,0,0,1,1,1
Data_LLbetween_0100_LH_075_noise_010pct_rep_02,Full_HG,10,2,0.200572957989031,75,75,0,0,1,1,1
Data_LLbetween_0100_LH_075_noise_010pct_rep_02,Full_HG,10,2,0.201875379794155,75,75,0,0,1,1,1
Data_LLbetween_0100_LH_075_noise_010pct_rep_02,Full_HG,10,2,0.203177801599278,75,75,0,0,1,1,1
Data_LLbetween_0100_LH_075_noise_010pct_rep_02,Full_HG,10,2,0.204480223404402,75,75,0,0,1,1,1
Data_LLbetween_0100_LH_075_noise_010pct_rep_02,Full_HG,10,2,0.205782645209526,75,75,0,0,1,1,1
Data_LLbetween_0100_LH_075_noise_010pct_rep_02,Full_HG,10,2,0.207085067014649,75,75,0,0,1,1,1
Data_LLbetween_0100_LH_075_noise_010pct_rep_02,Full_HG,10,2,0.208387488819773,75,75,0,0,1,1,1
Data_LLbetween_0100_LH_075_noise_010pct_rep_02,Full_HG,10,2,0.209689910624896,75,75,0,0,1,1,1
Data_LLbetween_0100_LH_075_noise_010pct_rep_02,Full_HG,10,2,0.21099233243002,75,75,0,0,1,1,1
Data_LLbetween_0100_LH_075_noise_010pct_rep_02,Full_HG,10,2,0.212294754235143,75,75,0,0,1,1,1
Data_LLbetween_0100_LH_075_noise_010pct_rep_02,Full_HG,10,2,0.213597176040267,75,75,0,0,1,1,1
Data_LLbetween_0100_LH_075_noise_010pct_rep_02,Full_HG,10,2,0.214899597845391,75,75,0,0,1,1,1
Data_LLbetween_0100_LH_075_noise_010pct_rep_02,Full_HG,10,2,0.216202019650514,75,75,0,0,1,1,1
Data_LLbetween_0100_LH_075_noise_010pct_rep_02,Full_HG,10,2,0.217504441455638,75,75,0,0,1,1,1
Data_LLbetween_0100_LH_075_noise_010pct_rep_02,Full_HG,10,2,0.218806863260761,75,75,0,0,1,1,1
Data_LLbetween_0100_LH_075_noise_010pct_rep_02,Full_HG,10,2,0.220109285065885,75,75,0,0,1,1,1
Data_LLbetween_0100_LH_075_noise_010pct_rep_02,Full_HG,10,2,0.221411706871009,75,75,0,0,1,1,1
Data_LLbetween_0100_LH_075_noise_010pct_rep_02,Full_HG,10,2,0.222714128676132,75,75,0,0,1,1,1
Data_LLbetween_0100_LH_075_noise_010pct_rep_02,Full_HG,10,2,0.224016550481256,75,75,0,0,1,1,1
Data_LLbetween_0100_LH_075_noise_010pct_rep_02,Full_HG,10,2,0.225318972286379,75,75,0,0,1,1,1
Data_LLbetween_0100_LH_075_noise_010pct_rep_02,Full_HG,10,2,0.226621394091503,75,75,0,0,1,1,1
Data_LLbetween_0100_LH_075_noise_010pct_rep_02,Full_HG,10,2,0.227923815896626,75,75,0,0,1,1,1
Data_LLbetween_0100_LH_075_noise_010pct_rep_02,Full_HG,10,2,0.22922623770175,75,75,0,0,1,1,1
Data_LLbetween_0100_LH_075_noise_010pct_rep_02,Full_HG,10,2,0.230528659506874,75,75,0,0,1,1,1
Data_LLbetween_0100_LH_075_noise_010pct_rep_02,Full_HG,10,2,0.231831081311997,75,75,0,0,1,1,1
Data_LLbetween_0100_LH_075_noise_010pct_rep_02,Full_HG,10,2,0.233133503117121,74,74,0,1,1,0.986666666666667,0.993288590604027
Data_LLbetween_0100_LH_075_noise_010pct_rep_02,Full_HG,10,2,0.234435924922244,74,74,0,1,1,0.986666666666667,0.993288590604027
Data_LLbetween_0100_LH_075_noise_010pct_rep_02,Full_HG,10,2,0.235738346727368,74,74,0,1,1,0.986666666666667,0.993288590604027
Data_LLbetween_0100_LH_075_noise_010pct_rep_02,Full_HG,10,2,0.237040768532491,74,74,0,1,1,0.986666666666667,0.993288590604027
Data_LLbetween_0100_LH_075_noise_010pct_rep_02,Full_HG,10,2,0.238343190337615,74,74,0,1,1,0.986666666666667,0.993288590604027
Data_LLbetween_0100_LH_075_noise_010pct_rep_02,Full_HG,10,2,0.239645612142739,73,73,0,2,1,0.973333333333333,0.986486486486487
Data_LLbetween_0100_LH_075_noise_010pct_rep_02,Full_HG,10,2,0.240948033947862,73,73,0,2,1,0.973333333333333,0.986486486486487
Data_LLbetween_0100_LH_075_noise_010pct_rep_02,Full_HG,10,2,0.242250455752986,73,73,0,2,1,0.973333333333333,0.986486486486487
Data_LLbetween_0100_LH_075_noise_010pct_rep_02,Full_HG,10,2,0.243552877558109,73,73,0,2,1,0.973333333333333,0.986486486486487
Data_LLbetween_0100_LH_075_noise_010pct_rep_02,Full_HG,10,2,0.244855299363233,73,73,0,2,1,0.973333333333333,0.986486486486487
Data_LLbetween_0100_LH_075_noise_010pct_rep_02,Full_HG,10,2,0.246157721168356,73,73,0,2,1,0.973333333333333,0.986486486486487
Data_LLbetween_0100_LH_075_noise_010pct_rep_02,Full_HG,10,2,0.24746014297348,73,73,0,2,1,0.973333333333333,0.986486486486487
Data_LLbetween_0100_LH_075_noise_010pct_rep_02,Full_HG,10,2,0.248762564778604,73,73,0,2,1,0.973333333333333,0.986486486486487
Data_LLbetween_0100_LH_075_noise_010pct_rep_02,Full_HG,10,2,0.250064986583727,73,73,0,2,1,0.973333333333333,0.986486486486487
Data_LLbetween_0100_LH_075_noise_010pct_rep_02,Full_HG,10,2,0.251367408388851,73,73,0,2,1,0.973333333333333,0.986486486486487
Data_LLbetween_0100_LH_075_noise_010pct_rep_02,Full_HG,10,2,0.252669830193974,73,73,0,2,1,0.973333333333333,0.986486486486487
Data_LLbetween_0100_LH_075_noise_010pct_rep_02,Full_HG,10,2,0.253972251999098,73,73,0,2,1,0.973333333333333,0.986486486486487
Data_LLbetween_0100_LH_075_noise_010pct_rep_02,Full_HG,10,2,0.255274673804222,72,72,0,3,1,0.96,0.979591836734694
Data_LLbetween_0100_LH_075_noise_010pct_rep_02,Full_HG,10,2,0.256577095609345,72,72,0,3,1,0.96,0.979591836734694
Data_LLbetween_0100_LH_075_noise_010pct_rep_02,Full_HG,10,2,0.257879517414469,72,72,0,3,1,0.96,0.979591836734694
Data_LLbetween_0100_LH_075_noise_010pct_rep_02,Full_HG,10,2,0.259181939219592,72,72,0,3,1,0.96,0.979591836734694
Data_LLbetween_0100_LH_075_noise_010pct_rep_02,Full_HG,10,2,0.260484361024716,72,72,0,3,1,0.96,0.979591836734694
Data_LLbetween_0100_LH_075_noise_010pct_rep_02,Full_HG,10,2,0.261786782829839,72,72,0,3,1,0.96,0.979591836734694
Data_LLbetween_0100_LH_075_noise_010pct_rep_02,Full_HG,10,2,0.263089204634963,72,72,0,3,1,0.96,0.979591836734694
Data_LLbetween_0100_LH_075_noise_010pct_rep_02,Full_HG,10,2,0.264391626440087,72,72,0,3,1,0.96,0.979591836734694
Data_LLbetween_0100_LH_075_noise_010pct_rep_02,Full_HG,10,2,0.26569404824521,72,72,0,3,1,0.96,0.979591836734694
Data_LLbetween_0100_LH_075_noise_010pct_rep_02,Full_HG,10,2,0.266996470050334,72,72,0,3,1,0.96,0.979591836734694
Data_LLbetween_0100_LH_075_noise_010pct_rep_02,Full_HG,10,2,0.268298891855457,72,72,0,3,1,0.96,0.979591836734694
Data_LLbetween_0100_LH_075_noise_010pct_rep_02,Full_HG,10,2,0.269601313660581,72,72,0,3,1,0.96,0.979591836734694
Data_LLbetween_0100_LH_075_noise_010pct_rep_02,Full_HG,10,2,0.270903735465705,72,72,0,3,1,0.96,0.979591836734694
Data_LLbetween_0100_LH_075_noise_010pct_rep_02,Full_HG,10,2,0.272206157270828,72,72,0,3,1,0.96,0.979591836734694
Data_LLbetween_0100_LH_075_noise_010pct_rep_02,Full_HG,10,2,0.273508579075952,72,72,0,3,1,0.96,0.979591836734694
Data_LLbetween_0100_LH_075_noise_010pct_rep_02,Full_HG,10,2,0.274811000881075,72,72,0,3,1,0.96,0.979591836734694
Data_LLbetween_0100_LH_075_noise_010pct_rep_02,Full_HG,10,2,0.276113422686199,72,72,0,3,1,0.96,0.979591836734694
Data_LLbetween_0100_LH_075_noise_010pct_rep_02,Full_HG,10,2,0.277415844491322,72,72,0,3,1,0.96,0.979591836734694
Data_LLbetween_0100_LH_075_noise_010pct_rep_02,Full_HG,10,2,0.278718266296446,72,72,0,3,1,0.96,0.979591836734694
Data_LLbetween_0100_LH_075_noise_010pct_rep_02,Full_HG,10,2,0.28002068810157,72,72,0,3,1,0.96,0.979591836734694
Data_LLbetween_0100_LH_075_noise_010pct_rep_02,Full_HG,10,2,0.281323109906693,72,72,0,3,1,0.96,0.979591836734694
Data_LLbetween_0100_LH_075_noise_010pct_rep_02,Full_HG,10,2,0.282625531711817,72,72,0,3,1,0.96,0.979591836734694
Data_LLbetween_0100_LH_075_noise_010pct_rep_02,Full_HG,10,2,0.28392795351694,72,72,0,3,1,0.96,0.979591836734694
Data_LLbetween_0100_LH_075_noise_010pct_rep_02,Full_HG,10,2,0.285230375322064,72,72,0,3,1,0.96,0.979591836734694
Data_LLbetween_0100_LH_075_noise_010pct_rep_02,Full_HG,10,2,0.286532797127187,72,72,0,3,1,0.96,0.979591836734694
Data_LLbetween_0100_LH_075_noise_010pct_rep_02,Full_HG,10,2,0.287835218932311,72,72,0,3,1,0.96,0.979591836734694
Data_LLbetween_0100_LH_075_noise_010pct_rep_02,Full_HG,10,2,0.289137640737435,72,72,0,3,1,0.96,0.979591836734694
Data_LLbetween_0100_LH_075_noise_010pct_rep_02,Full_HG,10,2,0.290440062542558,72,72,0,3,1,0.96,0.979591836734694
Data_LLbetween_0100_LH_075_noise_010pct_rep_02,Full_HG,10,2,0.291742484347682,72,72,0,3,1,0.96,0.979591836734694
Data_LLbetween_0100_LH_075_noise_010pct_rep_02,Full_HG,10,2,0.293044906152805,72,72,0,3,1,0.96,0.979591836734694
Data_LLbetween_0100_LH_075_noise_010pct_rep_02,Full_HG,10,2,0.294347327957929,72,72,0,3,1,0.96,0.979591836734694
Data_LLbetween_0100_LH_075_noise_010pct_rep_02,Full_HG,10,2,0.295649749763053,71,71,0,4,1,0.946666666666667,0.972602739726027
Data_LLbetween_0100_LH_075_noise_010pct_rep_02,Full_HG,10,2,0.296952171568176,71,71,0,4,1,0.946666666666667,0.972602739726027
Data_LLbetween_0100_LH_075_noise_010pct_rep_02,Full_HG,10,2,0.2982545933733,71,71,0,4,1,0.946666666666667,0.972602739726027
Data_LLbetween_0100_LH_075_noise_010pct_rep_02,Full_HG,10,2,0.299557015178423,71,71,0,4,1,0.946666666666667,0.972602739726027
Data_LLbetween_0100_LH_075_noise_010pct_rep_02,Full_HG,10,2,0.300859436983547,71,71,0,4,1,0.946666666666667,0.972602739726027
Data_LLbetween_0100_LH_075_noise_010pct_rep_02,Full_HG,10,2,0.30216185878867,71,71,0,4,1,0.946666666666667,0.972602739726027
Data_LLbetween_0100_LH_075_noise_010pct_rep_02,Full_HG,10,2,0.303464280593794,70,70,0,5,1,0.933333333333333,0.96551724137931
Data_LLbetween_0100_LH_075_noise_010pct_rep_02,Full_HG,10,2,0.304766702398918,70,70,0,5,1,0.933333333333333,0.96551724137931
Data_LLbetween_0100_LH_075_noise_010pct_rep_02,Full_HG,10,2,0.306069124204041,70,70,0,5,1,0.933333333333333,0.96551724137931
Data_LLbetween_0100_LH_075_noise_010pct_rep_02,Full_HG,10,2,0.307371546009165,70,70,0,5,1,0.933333333333333,0.96551724137931
Data_LLbetween_0100_LH_075_noise_010pct_rep_02,Full_HG,10,2,0.308673967814288,70,70,0,5,1,0.933333333333333,0.96551724137931
Data_LLbetween_0100_LH_075_noise_010pct_rep_02,Full_HG,10,2,0.309976389619412,69,69,0,6,1,0.92,0.958333333333333
Data_LLbetween_0100_LH_075_noise_010pct_rep_02,Full_HG,10,2,0.311278811424536,68,68,0,7,1,0.906666666666667,0.951048951048951
Data_LLbetween_0100_LH_075_noise_010pct_rep_02,Full_HG,10,2,0.312581233229659,68,68,0,7,1,0.906666666666667,0.951048951048951
Data_LLbetween_0100_LH_075_noise_010pct_rep_02,Full_HG,10,2,0.313883655034783,68,68,0,7,1,0.906666666666667,0.951048951048951
Data_LLbetween_0100_LH_075_noise_010pct_rep_02,Full_HG,10,2,0.315186076839906,68,68,0,7,1,0.906666666666667,0.951048951048951
Data_LLbetween_0100_LH_075_noise_010pct_rep_02,Full_HG,10,2,0.31648849864503,67,67,0,8,1,0.893333333333333,0.943661971830986
Data_LLbetween_0100_LH_075_noise_010pct_rep_02,Full_HG,10,2,0.317790920450153,67,67,0,8,1,0.893333333333333,0.943661971830986
Data_LLbetween_0100_LH_075_noise_010pct_rep_02,Full_HG,10,2,0.319093342255277,66,66,0,9,1,0.88,0.936170212765957
Data_LLbetween_0100_LH_075_noise_010pct_rep_02,Full_HG,10,2,0.320395764060401,66,66,0,9,1,0.88,0.936170212765957
Data_LLbetween_0100_LH_075_noise_010pct_rep_02,Full_HG,10,2,0.321698185865524,66,66,0,9,1,0.88,0.936170212765957
Data_LLbetween_0100_LH_075_noise_010pct_rep_02,Full_HG,10,2,0.323000607670648,65,65,0,10,1,0.866666666666667,0.928571428571429
Data_LLbetween_0100_LH_075_noise_010pct_rep_02,Full_HG,10,2,0.324303029475771,64,64,0,11,1,0.853333333333333,0.920863309352518
Data_LLbetween_0100_LH_075_noise_010pct_rep_02,Full_HG,10,2,0.325605451280895,63,63,0,12,1,0.84,0.91304347826087
Data_LLbetween_0100_LH_075_noise_010pct_rep_02,Full_HG,10,2,0.326907873086018,63,63,0,12,1,0.84,0.91304347826087
Data_LLbetween_0100_LH_075_noise_010pct_rep_02,Full_HG,10,2,0.328210294891142,63,63,0,12,1,0.84,0.91304347826087
Data_LLbetween_0100_LH_075_noise_010pct_rep_02,Full_HG,10,2,0.329512716696266,63,63,0,12,1,0.84,0.91304347826087
Data_LLbetween_0100_LH_075_noise_010pct_rep_02,Full_HG,10,2,0.330815138501389,62,62,0,13,1,0.826666666666667,0.905109489051095
Data_LLbetween_0100_LH_075_noise_010pct_rep_02,Full_HG,10,2,0.332117560306513,62,62,0,13,1,0.826666666666667,0.905109489051095
Data_LLbetween_0100_LH_075_noise_010pct_rep_02,Full_HG,10,2,0.333419982111636,62,62,0,13,1,0.826666666666667,0.905109489051095
Data_LLbetween_0100_LH_075_noise_010pct_rep_02,Full_HG,10,2,0.33472240391676,60,60,0,15,1,0.8,0.888888888888889
Data_LLbetween_0100_LH_075_noise_010pct_rep_02,Full_HG,10,2,0.336024825721884,60,60,0,15,1,0.8,0.888888888888889
Data_LLbetween_0100_LH_075_noise_010pct_rep_02,Full_HG,10,2,0.337327247527007,59,59,0,16,1,0.786666666666667,0.880597014925373
Data_LLbetween_0100_LH_075_noise_010pct_rep_02,Full_HG,10,2,0.338629669332131,59,59,0,16,1,0.786666666666667,0.880597014925373
Data_LLbetween_0100_LH_075_noise_010pct_rep_02,Full_HG,10,2,0.339932091137254,59,59,0,16,1,0.786666666666667,0.880597014925373
Data_LLbetween_0100_LH_075_noise_010pct_rep_02,Full_HG,10,2,0.341234512942378,59,59,0,16,1,0.786666666666667,0.880597014925373
Data_LLbetween_0100_LH_075_noise_010pct_rep_02,Full_HG,10,2,0.342536934747501,58,58,0,17,1,0.773333333333333,0.87218045112782
Data_LLbetween_0100_LH_075_noise_010pct_rep_02,Full_HG,10,2,0.343839356552625,58,58,0,17,1,0.773333333333333,0.87218045112782
Data_LLbetween_0100_LH_075_noise_010pct_rep_02,Full_HG,10,2,0.345141778357749,57,57,0,18,1,0.76,0.863636363636364
Data_LLbetween_0100_LH_075_noise_010pct_rep_02,Full_HG,10,2,0.346444200162872,57,57,0,18,1,0.76,0.863636363636364
Data_LLbetween_0100_LH_075_noise_010pct_rep_02,Full_HG,10,2,0.347746621967996,57,57,0,18,1,0.76,0.863636363636364
Data_LLbetween_0100_LH_075_noise_010pct_rep_02,Full_HG,10,2,0.349049043773119,57,57,0,18,1,0.76,0.863636363636364
Data_LLbetween_0100_LH_075_noise_010pct_rep_02,Full_HG,10,2,0.350351465578243,57,57,0,18,1,0.76,0.863636363636364
Data_LLbetween_0100_LH_075_noise_010pct_rep_02,Full_HG,10,2,0.351653887383366,57,57,0,18,1,0.76,0.863636363636364
Data_LLbetween_0100_LH_075_noise_010pct_rep_02,Full_HG,10,2,0.35295630918849,57,57,0,18,1,0.76,0.863636363636364
Data_LLbetween_0100_LH_075_noise_010pct_rep_02,Full_HG,10,2,0.354258730993614,56,56,0,19,1,0.746666666666667,0.854961832061069
Data_LLbetween_0100_LH_075_noise_010pct_rep_02,Full_HG,10,2,0.355561152798737,54,54,0,21,1,0.72,0.837209302325581
Data_LLbetween_0100_LH_075_noise_010pct_rep_02,Full_HG,10,2,0.356863574603861,53,53,0,22,1,0.706666666666667,0.828125
Data_LLbetween_0100_LH_075_noise_010pct_rep_02,Full_HG,10,2,0.358165996408984,53,53,0,22,1,0.706666666666667,0.828125
Data_LLbetween_0100_LH_075_noise_010pct_rep_02,Full_HG,10,2,0.359468418214108,51,51,0,24,1,0.68,0.80952380952381
Data_LLbetween_0100_LH_075_noise_010pct_rep_02,Full_HG,10,2,0.360770840019232,51,51,0,24,1,0.68,0.80952380952381
Data_LLbetween_0100_LH_075_noise_010pct_rep_02,Full_HG,10,2,0.362073261824355,50,50,0,25,1,0.666666666666667,0.8
Data_LLbetween_0100_LH_075_noise_010pct_rep_02,Full_HG,10,2,0.363375683629479,49,49,0,26,1,0.653333333333333,0.790322580645161
Data_LLbetween_0100_LH_075_noise_010pct_rep_02,Full_HG,10,2,0.364678105434602,47,47,0,28,1,0.626666666666667,0.770491803278689
Data_LLbetween_0100_LH_075_noise_010pct_rep_02,Full_HG,10,2,0.365980527239726,47,47,0,28,1,0.626666666666667,0.770491803278689
Data_LLbetween_0100_LH_075_noise_010pct_rep_02,Full_HG,10,2,0.367282949044849,47,47,0,28,1,0.626666666666667,0.770491803278689
Data_LLbetween_0100_LH_075_noise_010pct_rep_02,Full_HG,10,2,0.368585370849973,47,47,0,28,1,0.626666666666667,0.770491803278689
Data_LLbetween_0100_LH_075_noise_010pct_rep_02,Full_HG,10,2,0.369887792655097,47,47,0,28,1,0.626666666666667,0.770491803278689
Data_LLbetween_0100_LH_075_noise_010pct_rep_02,Full_HG,10,2,0.37119021446022,47,47,0,28,1,0.626666666666667,0.770491803278689
Data_LLbetween_0100_LH_075_noise_010pct_rep_02,Full_HG,10,2,0.372492636265344,47,47,0,28,1,0.626666666666667,0.770491803278689
Data_LLbetween_0100_LH_075_noise_010pct_rep_02,Full_HG,10,2,0.373795058070467,46,46,0,29,1,0.613333333333333,0.760330578512397
Data_LLbetween_0100_LH_075_noise_010pct_rep_02,Full_HG,10,2,0.375097479875591,46,46,0,29,1,0.613333333333333,0.760330578512397
Data_LLbetween_0100_LH_075_noise_010pct_rep_02,Full_HG,10,2,0.376399901680714,45,45,0,30,1,0.6,0.75
Data_LLbetween_0100_LH_075_noise_010pct_rep_02,Full_HG,10,2,0.377702323485838,44,44,0,31,1,0.586666666666667,0.739495798319328
Data_LLbetween_0100_LH_075_noise_010pct_rep_02,Full_HG,10,2,0.379004745290962,44,44,0,31,1,0.586666666666667,0.739495798319328
Data_LLbetween_0100_LH_075_noise_010pct_rep_02,Full_HG,10,2,0.380307167096085,44,44,0,31,1,0.586666666666667,0.739495798319328
Data_LLbetween_0100_LH_075_noise_010pct_rep_02,Full_HG,10,2,0.381609588901209,43,43,0,32,1,0.573333333333333,0.728813559322034
Data_LLbetween_0100_LH_075_noise_010pct_rep_02,Full_HG,10,2,0.382912010706332,42,42,0,33,1,0.56,0.717948717948718
Data_LLbetween_0100_LH_075_noise_010pct_rep_02,Full_HG,10,2,0.384214432511456,41,41,0,34,1,0.546666666666667,0.706896551724138
Data_LLbetween_0100_LH_075_noise_010pct_rep_02,Full_HG,10,2,0.38551685431658,41,41,0,34,1,0.546666666666667,0.706896551724138
Data_LLbetween_0100_LH_075_noise_010pct_rep_02,Full_HG,10,2,0.386819276121703,40,40,0,35,1,0.533333333333333,0.695652173913044
Data_LLbetween_0100_LH_075_noise_010pct_rep_02,Full_HG,10,2,0.388121697926827,38,38,0,37,1,0.506666666666667,0.672566371681416
Data_LLbetween_0100_LH_075_noise_010pct_rep_02,Full_HG,10,2,0.38942411973195,38,38,0,37,1,0.506666666666667,0.672566371681416
Data_LLbetween_0100_LH_075_noise_010pct_rep_02,Full_HG,10,2,0.390726541537074,36,36,0,39,1,0.48,0.648648648648649
Data_LLbetween_0100_LH_075_noise_010pct_rep_02,Full_HG,10,2,0.392028963342197,36,36,0,39,1,0.48,0.648648648648649
Data_LLbetween_0100_LH_075_noise_010pct_rep_02,Full_HG,10,2,0.393331385147321,35,35,0,40,1,0.466666666666667,0.636363636363636
Data_LLbetween_0100_LH_075_noise_010pct_rep_02,Full_HG,10,2,0.394633806952445,34,34,0,41,1,0.453333333333333,0.623853211009174
Data_LLbetween_0100_LH_075_noise_010pct_rep_02,Full_HG,10,2,0.395936228757568,32,32,0,43,1,0.426666666666667,0.598130841121495
Data_LLbetween_0100_LH_075_noise_010pct_rep_02,Full_HG,10,2,0.397238650562692,31,31,0,44,1,0.413333333333333,0.584905660377358
Data_LLbetween_0100_LH_075_noise_010pct_rep_02,Full_HG,10,2,0.398541072367815,31,31,0,44,1,0.413333333333333,0.584905660377358
Data_LLbetween_0100_LH_075_noise_010pct_rep_02,Full_HG,10,2,0.399843494172939,30,30,0,45,1,0.4,0.571428571428572
Data_LLbetween_0100_LH_075_noise_010pct_rep_02,Full_HG,10,2,0.401145915978062,30,30,0,45,1,0.4,0.571428571428572
Data_LLbetween_0100_LH_075_noise_010pct_rep_02,Full_HG,10,2,0.402448337783186,28,28,0,47,1,0.373333333333333,0.54368932038835
Data_LLbetween_0100_LH_075_noise_010pct_rep_02,Full_HG,10,2,0.40375075958831,28,28,0,47,1,0.373333333333333,0.54368932038835
Data_LLbetween_0100_LH_075_noise_010pct_rep_02,Full_HG,10,2,0.405053181393433,27,27,0,48,1,0.36,0.529411764705882
Data_LLbetween_0100_LH_075_noise_010pct_rep_02,Full_HG,10,2,0.406355603198557,25,25,0,50,1,0.333333333333333,0.5
Data_LLbetween_0100_LH_075_noise_010pct_rep_02,Full_HG,10,2,0.40765802500368,24,24,0,51,1,0.32,0.484848484848485
Data_LLbetween_0100_LH_075_noise_010pct_rep_02,Full_HG,10,2,0.408960446808804,24,24,0,51,1,0.32,0.484848484848485
Data_LLbetween_0100_LH_075_noise_010pct_rep_02,Full_HG,10,2,0.410262868613928,22,22,0,53,1,0.293333333333333,0.45360824742268
Data_LLbetween_0100_LH_075_noise_010pct_rep_02,Full_HG,10,2,0.411565290419051,21,21,0,54,1,0.28,0.4375
Data_LLbetween_0100_LH_075_noise_010pct_rep_02,Full_HG,10,2,0.412867712224175,21,21,0,54,1,0.28,0.4375
Data_LLbetween_0100_LH_075_noise_010pct_rep_02,Full_HG,10,2,0.414170134029298,20,20,0,55,1,0.266666666666667,0.421052631578947
Data_LLbetween_0100_LH_075_noise_010pct_rep_02,Full_HG,10,2,0.415472555834422,19,19,0,56,1,0.253333333333333,0.404255319148936
Data_LLbetween_0100_LH_075_noise_010pct_rep_02,Full_HG,10,2,0.416774977639545,19,19,0,56,1,0.253333333333333,0.404255319148936
Data_LLbetween_0100_LH_075_noise_010pct_rep_02,Full_HG,10,2,0.418077399444669,19,19,0,56,1,0.253333333333333,0.404255319148936
Data_LLbetween_0100_LH_075_noise_010pct_rep_02,Full_HG,10,2,0.419379821249793,19,19,0,56,1,0.253333333333333,0.404255319148936
Data_LLbetween_0100_LH_075_noise_010pct_rep_02,Full_HG,10,2,0.420682243054916,19,19,0,56,1,0.253333333333333,0.404255319148936
Data_LLbetween_0100_LH_075_noise_010pct_rep_02,Full_HG,10,2,0.42198466486004,19,19,0,56,1,0.253333333333333,0.404255319148936
Data_LLbetween_0100_LH_075_noise_010pct_rep_02,Full_HG,10,2,0.423287086665163,18,18,0,57,1,0.24,0.387096774193548
Data_LLbetween_0100_LH_075_noise_010pct_rep_02,Full_HG,10,2,0.424589508470287,17,17,0,58,1,0.226666666666667,0.369565217391304
Data_LLbetween_0100_LH_075_noise_010pct_rep_02,Full_HG,10,2,0.425891930275411,17,17,0,58,1,0.226666666666667,0.369565217391304
Data_LLbetween_0100_LH_075_noise_010pct_rep_02,Full_HG,10,2,0.427194352080534,16,16,0,59,1,0.213333333333333,0.351648351648352
Data_LLbetween_0100_LH_075_noise_010pct_rep_02,Full_HG,10,2,0.428496773885658,16,16,0,59,1,0.213333333333333,0.351648351648352
Data_LLbetween_0100_LH_075_noise_010pct_rep_02,Full_HG,10,2,0.429799195690781,14,14,0,61,1,0.186666666666667,0.314606741573034
Data_LLbetween_0100_LH_075_noise_010pct_rep_02,Full_HG,10,2,0.431101617495905,13,13,0,62,1,0.173333333333333,0.295454545454545
Data_LLbetween_0100_LH_075_noise_010pct_rep_02,Full_HG,10,2,0.432404039301028,13,13,0,62,1,0.173333333333333,0.295454545454545
Data_LLbetween_0100_LH_075_noise_010pct_rep_02,Full_HG,10,2,0.433706461106152,13,13,0,62,1,0.173333333333333,0.295454545454545
Data_LLbetween_0100_LH_075_noise_010pct_rep_02,Full_HG,10,2,0.435008882911276,12,12,0,63,1,0.16,0.275862068965517
Data_LLbetween_0100_LH_075_noise_010pct_rep_02,Full_HG,10,2,0.436311304716399,11,11,0,64,1,0.146666666666667,0.255813953488372
Data_LLbetween_0100_LH_075_noise_010pct_rep_02,Full_HG,10,2,0.437613726521523,10,10,0,65,1,0.133333333333333,0.235294117647059
Data_LLbetween_0100_LH_075_noise_010pct_rep_02,Full_HG,10,2,0.438916148326646,9,9,0,66,1,0.12,0.214285714285714
Data_LLbetween_0100_LH_075_noise_010pct_rep_02,Full_HG,10,2,0.44021857013177,8,8,0,67,1,0.106666666666667,0.192771084337349
Data_LLbetween_0100_LH_075_noise_010pct_rep_02,Full_HG,10,2,0.441520991936893,8,8,0,67,1,0.106666666666667,0.192771084337349
Data_LLbetween_0100_LH_075_noise_010pct_rep_02,Full_HG,10,2,0.442823413742017,8,8,0,67,1,0.106666666666667,0.192771084337349
Data_LLbetween_0100_LH_075_noise_010pct_rep_02,Full_HG,10,2,0.444125835547141,6,6,0,69,1,0.08,0.148148148148148
Data_LLbetween_0100_LH_075_noise_010pct_rep_02,Full_HG,10,2,0.445428257352264,6,6,0,69,1,0.08,0.148148148148148
Data_LLbetween_0100_LH_075_noise_010pct_rep_02,Full_HG,10,2,0.446730679157388,6,6,0,69,1,0.08,0.148148148148148
Data_LLbetween_0100_LH_075_noise_010pct_rep_02,Full_HG,10,2,0.448033100962511,5,5,0,70,1,0.0666666666666667,0.125
Data_LLbetween_0100_LH_075_noise_010pct_rep_02,Full_HG,10,2,0.449335522767635,5,5,0,70,1,0.0666666666666667,0.125
Data_LLbetween_0100_LH_075_noise_010pct_rep_02,Full_HG,10,2,0.450637944572758,5,5,0,70,1,0.0666666666666667,0.125
Data_LLbetween_0100_LH_075_noise_010pct_rep_02,Full_HG,10,2,0.451940366377882,3,3,0,72,1,0.04,0.0769230769230769
Data_LLbetween_0100_LH_075_noise_010pct_rep_02,Full_HG,10,2,0.453242788183006,3,3,0,72,1,0.04,0.0769230769230769
Data_LLbetween_0100_LH_075_noise_010pct_rep_02,Full_HG,10,2,0.454545209988129,3,3,0,72,1,0.04,0.0769230769230769
Data_LLbetween_0100_LH_075_noise_010pct_rep_02,Full_HG,10,2,0.455847631793253,3,3,0,72,1,0.04,0.0769230769230769
Data_LLbetween_0100_LH_075_noise_010pct_rep_02,Full_HG,10,2,0.457150053598376,3,3,0,72,1,0.04,0.0769230769230769
Data_LLbetween_0100_LH_075_noise_010pct_rep_02,Full_HG,10,2,0.4584524754035,2,2,0,73,1,0.0266666666666667,0.051948051948052
Data_LLbetween_0100_LH_075_noise_010pct_rep_02,Full_HG,10,2,0.459754897208624,2,2,0,73,1,0.0266666666666667,0.051948051948052
Data_LLbetween_0100_LH_075_noise_010pct_rep_02,Full_HG,10,2,0.461057319013747,2,2,0,73,1,0.0266666666666667,0.051948051948052
Data_LLbetween_0100_LH_075_noise_010pct_rep_02,Full_HG,10,2,0.462359740818871,1,1,0,74,1,0.0133333333333333,0.0263157894736842
Data_LLbetween_0100_LH_075_noise_010pct_rep_02,Full_HG,10,2,0.463662162623994,0,0,0,75,NaN,0,0
Data_LLbetween_0100_LH_075_noise_010pct_rep_02,Full_HG,10,2,0.464964584429118,0,0,0,75,NaN,0,0
Data_LLbetween_0100_LH_075_noise_010pct_rep_02,Full_HG,10,2,0.466267006234241,0,0,0,75,NaN,0,0
Data_LLbetween_0100_LH_075_noise_010pct_rep_02,Full_HG,10,2,0.467569428039365,0,0,0,75,NaN,0,0
Data_LLbetween_0100_LH_075_noise_010pct_rep_02,Full_HG,10,2,0.468871849844489,0,0,0,75,NaN,0,0
Data_LLbetween_0100_LH_075_noise_010pct_rep_02,Full_HG,10,2,0.470174271649612,0,0,0,75,NaN,0,0
Data_LLbetween_0100_LH_075_noise_010pct_rep_02,Full_HG,10,2,0.471476693454736,0,0,0,75,NaN,0,0
Data_LLbetween_0100_LH_075_noise_010pct_rep_02,Full_HG,10,2,0.472779115259859,0,0,0,75,NaN,0,0
Data_LLbetween_0100_LH_075_noise_010pct_rep_02,Full_HG,10,2,0.474081537064983,0,0,0,75,NaN,0,0
Data_LLbetween_0100_LH_075_noise_010pct_rep_02,Full_HG,10,2,0.475383958870107,0,0,0,75,NaN,0,0
Data_LLbetween_0100_LH_075_noise_010pct_rep_02,Full_HG,10,2,0.47668638067523,0,0,0,75,NaN,0,0
Data_LLbetween_0100_LH_075_noise_010pct_rep_02,Full_HG,10,2,0.477988802480354,0,0,0,75,NaN,0,0
Data_LLbetween_0100_LH_075_noise_010pct_rep_02,Full_HG,10,2,0.479291224285477,0,0,0,75,NaN,0,0
Data_LLbetween_0100_LH_075_noise_010pct_rep_02,Full_HG,10,2,0.480593646090601,0,0,0,75,NaN,0,0
Data_LLbetween_0100_LH_075_noise_010pct_rep_02,Full_HG,10,2,0.481896067895724,0,0,0,75,NaN,0,0
Data_LLbetween_0100_LH_075_noise_010pct_rep_02,Full_HG,10,2,0.483198489700848,0,0,0,75,NaN,0,0
Data_LLbetween_0100_LH_075_noise_010pct_rep_02,Full_HG,10,2,0.484500911505972,0,0,0,75,NaN,0,0
Data_LLbetween_0100_LH_075_noise_010pct_rep_02,Full_HG,10,2,0.485803333311095,0,0,0,75,NaN,0,0
Data_LLbetween_0100_LH_075_noise_010pct_rep_02,Full_HG,10,2,0.487105755116219,0,0,0,75,NaN,0,0
Data_LLbetween_0100_LH_075_noise_010pct_rep_02,Full_HG,10,2,0.488408176921342,0,0,0,75,NaN,0,0
Data_LLbetween_0100_LH_075_noise_010pct_rep_02,Full_HG,10,2,0.489710598726466,0,0,0,75,NaN,0,0
Data_LLbetween_0100_LH_075_noise_010pct_rep_02,Full_HG,10,2,0.491013020531589,0,0,0,75,NaN,0,0
Data_LLbetween_0100_LH_075_noise_010pct_rep_02,Full_HG,10,2,0.492315442336713,0,0,0,75,NaN,0,0
Data_LLbetween_0100_LH_075_noise_010pct_rep_02,Full_HG,10,2,0.493617864141837,0,0,0,75,NaN,0,0
Data_LLbetween_0100_LH_075_noise_010pct_rep_02,Full_HG,10,2,0.49492028594696,0,0,0,75,NaN,0,0
Data_LLbetween_0100_LH_075_noise_010pct_rep_02,Full_HG,10,2,0.496222707752084,0,0,0,75,NaN,0,0
Data_LLbetween_0100_LH_075_noise_010pct_rep_02,Full_HG,10,2,0.497525129557207,0,0,0,75,NaN,0,0
Data_LLbetween_0100_LH_075_noise_010pct_rep_02,Full_HG,10,2,0.498827551362331,0,0,0,75,NaN,0,0
Data_LLbetween_0100_LH_075_noise_010pct_rep_02,Full_HG,10,2,0.500129973167455,0,0,0,75,NaN,0,0
Data_LLbetween_0100_LH_075_noise_010pct_rep_02,Full_HG,10,2,0.501432394972578,0,0,0,75,NaN,0,0
Data_LLbetween_0100_LH_075_noise_010pct_rep_02,Full_HG,10,2,0.502734816777702,0,0,0,75,NaN,0,0
Data_LLbetween_0100_LH_075_noise_010pct_rep_02,Full_HG,10,2,0.504037238582825,0,0,0,75,NaN,0,0
Data_LLbetween_0100_LH_075_noise_010pct_rep_02,Full_HG,10,2,0.505339660387949,0,0,0,75,NaN,0,0
Data_LLbetween_0100_LH_075_noise_010pct_rep_02,Full_HG,10,2,0.506642082193072,0,0,0,75,NaN,0,0
Data_LLbetween_0100_LH_075_noise_010pct_rep_02,Full_HG,10,2,0.507944503998196,0,0,0,75,NaN,0,0
Data_LLbetween_0100_LH_075_noise_010pct_rep_02,Full_HG,10,2,0.50924692580332,0,0,0,75,NaN,0,0
Data_LLbetween_0100_LH_075_noise_010pct_rep_02,Full_HG,10,2,0.510549347608443,0,0,0,75,NaN,0,0
Data_LLbetween_0100_LH_075_noise_010pct_rep_02,Full_HG,10,2,0.511851769413567,0,0,0,75,NaN,0,0
Data_LLbetween_0100_LH_075_noise_010pct_rep_02,Full_HG,10,2,0.51315419121869,0,0,0,75,NaN,0,0
Data_LLbetween_0100_LH_075_noise_010pct_rep_02,Full_HG,10,2,0.514456613023814,0,0,0,75,NaN,0,0
Data_LLbetween_0100_LH_075_noise_010pct_rep_02,Full_HG,10,2,0.515759034828937,0,0,0,75,NaN,0,0
Data_LLbetween_0100_LH_075_noise_010pct_rep_02,Full_HG,10,2,0.517061456634061,0,0,0,75,NaN,0,0
Data_LLbetween_0100_LH_075_noise_010pct_rep_02,Full_HG,10,2,0.518363878439185,0,0,0,75,NaN,0,0
Data_LLbetween_0100_LH_075_noise_010pct_rep_02,Full_HG,10,2,0.519666300244308,0,0,0,75,NaN,0,0
Data_LLbetween_0100_LH_075_noise_010pct_rep_02,Full_HG,10,2,0.520968722049432,0,0,0,75,NaN,0,0
Data_LLbetween_0100_LH_075_noise_010pct_rep_03,Full_HG,10,3,0,226,75,151,0,0.331858407079646,1,0.498338870431894
Data_LLbetween_0100_LH_075_noise_010pct_rep_03,Full_HG,10,3,0.00130242180512358,218,75,143,0,0.344036697247706,1,0.511945392491468
Data_LLbetween_0100_LH_075_noise_010pct_rep_03,Full_HG,10,3,0.00260484361024716,205,75,130,0,0.365853658536585,1,0.535714285714286
Data_LLbetween_0100_LH_075_noise_010pct_rep_03,Full_HG,10,3,0.00390726541537074,192,75,117,0,0.390625,1,0.561797752808989
Data_LLbetween_0100_LH_075_noise_010pct_rep_03,Full_HG,10,3,0.00520968722049432,177,75,102,0,0.423728813559322,1,0.595238095238095
Data_LLbetween_0100_LH_075_noise_010pct_rep_03,Full_HG,10,3,0.0065121090256179,167,75,92,0,0.449101796407186,1,0.619834710743802
Data_LLbetween_0100_LH_075_noise_010pct_rep_03,Full_HG,10,3,0.00781453083074148,151,75,76,0,0.496688741721854,1,0.663716814159292
Data_LLbetween_0100_LH_075_noise_010pct_rep_03,Full_HG,10,3,0.00911695263586506,144,75,69,0,0.520833333333333,1,0.684931506849315
Data_LLbetween_0100_LH_075_noise_010pct_rep_03,Full_HG,10,3,0.0104193744409886,126,75,51,0,0.595238095238095,1,0.746268656716418
Data_LLbetween_0100_LH_075_noise_010pct_rep_03,Full_HG,10,3,0.0117217962461122,116,75,41,0,0.646551724137931,1,0.785340314136126
Data_LLbetween_0100_LH_075_noise_010pct_rep_03,Full_HG,10,3,0.0130242180512358,105,75,30,0,0.714285714285714,1,0.833333333333333
Data_LLbetween_0100_LH_075_noise_010pct_rep_03,Full_HG,10,3,0.0143266398563594,99,75,24,0,0.757575757575758,1,0.862068965517241
Data_LLbetween_0100_LH_075_noise_010pct_rep_03,Full_HG,10,3,0.015629061661483,92,75,17,0,0.815217391304348,1,0.898203592814371
Data_LLbetween_0100_LH_075_noise_010pct_rep_03,Full_HG,10,3,0.0169314834666065,90,75,15,0,0.833333333333333,1,0.909090909090909
Data_LLbetween_0100_LH_075_noise_010pct_rep_03,Full_HG,10,3,0.0182339052717301,87,75,12,0,0.862068965517241,1,0.925925925925926
Data_LLbetween_0100_LH_075_noise_010pct_rep_03,Full_HG,10,3,0.0195363270768537,86,75,11,0,0.872093023255814,1,0.93167701863354
Data_LLbetween_0100_LH_075_noise_010pct_rep_03,Full_HG,10,3,0.0208387488819773,86,75,11,0,0.872093023255814,1,0.93167701863354
Data_LLbetween_0100_LH_075_noise_010pct_rep_03,Full_HG,10,3,0.0221411706871009,83,75,8,0,0.903614457831325,1,0.949367088607595
Data_LLbetween_0100_LH_075_noise_010pct_rep_03,Full_HG,10,3,0.0234435924922244,82,75,7,0,0.914634146341463,1,0.955414012738854
Data_LLbetween_0100_LH_075_noise_010pct_rep_03,Full_HG,10,3,0.024746014297348,81,75,6,0,0.925925925925926,1,0.961538461538461
Data_LLbetween_0100_LH_075_noise_010pct_rep_03,Full_HG,10,3,0.0260484361024716,80,75,5,0,0.9375,1,0.967741935483871
Data_LLbetween_0100_LH_075_noise_010pct_rep_03,Full_HG,10,3,0.0273508579075952,80,75,5,0,0.9375,1,0.967741935483871
Data_LLbetween_0100_LH_075_noise_010pct_rep_03,Full_HG,10,3,0.0286532797127187,79,75,4,0,0.949367088607595,1,0.974025974025974
Data_LLbetween_0100_LH_075_noise_010pct_rep_03,Full_HG,10,3,0.0299557015178423,77,75,2,0,0.974025974025974,1,0.986842105263158
Data_LLbetween_0100_LH_075_noise_010pct_rep_03,Full_HG,10,3,0.0312581233229659,76,75,1,0,0.986842105263158,1,0.993377483443709
Data_LLbetween_0100_LH_075_noise_010pct_rep_03,Full_HG,10,3,0.0325605451280895,76,75,1,0,0.986842105263158,1,0.993377483443709
Data_LLbetween_0100_LH_075_noise_010pct_rep_03,Full_HG,10,3,0.0338629669332131,76,75,1,0,0.986842105263158,1,0.993377483443709
Data_LLbetween_0100_LH_075_noise_010pct_rep_03,Full_HG,10,3,0.0351653887383366,76,75,1,0,0.986842105263158,1,0.993377483443709
Data_LLbetween_0100_LH_075_noise_010pct_rep_03,Full_HG,10,3,0.0364678105434602,76,75,1,0,0.986842105263158,1,0.993377483443709
Data_LLbetween_0100_LH_075_noise_010pct_rep_03,Full_HG,10,3,0.0377702323485838,75,75,0,0,1,1,1
Data_LLbetween_0100_LH_075_noise_010pct_rep_03,Full_HG,10,3,0.0390726541537074,75,75,0,0,1,1,1
Data_LLbetween_0100_LH_075_noise_010pct_rep_03,Full_HG,10,3,0.040375075958831,75,75,0,0,1,1,1
Data_LLbetween_0100_LH_075_noise_010pct_rep_03,Full_HG,10,3,0.0416774977639545,75,75,0,0,1,1,1
Data_LLbetween_0100_LH_075_noise_010pct_rep_03,Full_HG,10,3,0.0429799195690781,75,75,0,0,1,1,1
Data_LLbetween_0100_LH_075_noise_010pct_rep_03,Full_HG,10,3,0.0442823413742017,75,75,0,0,1,1,1
Data_LLbetween_0100_LH_075_noise_010pct_rep_03,Full_HG,10,3,0.0455847631793253,75,75,0,0,1,1,1
Data_LLbetween_0100_LH_075_noise_010pct_rep_03,Full_HG,10,3,0.0468871849844489,75,75,0,0,1,1,1
Data_LLbetween_0100_LH_075_noise_010pct_rep_03,Full_HG,10,3,0.0481896067895724,75,75,0,0,1,1,1
Data_LLbetween_0100_LH_075_noise_010pct_rep_03,Full_HG,10,3,0.049492028594696,75,75,0,0,1,1,1
Data_LLbetween_0100_LH_075_noise_010pct_rep_03,Full_HG,10,3,0.0507944503998196,75,75,0,0,1,1,1
Data_LLbetween_0100_LH_075_noise_010pct_rep_03,Full_HG,10,3,0.0520968722049432,75,75,0,0,1,1,1
Data_LLbetween_0100_LH_075_noise_010pct_rep_03,Full_HG,10,3,0.0533992940100668,75,75,0,0,1,1,1
Data_LLbetween_0100_LH_075_noise_010pct_rep_03,Full_HG,10,3,0.0547017158151903,75,75,0,0,1,1,1
Data_LLbetween_0100_LH_075_noise_010pct_rep_03,Full_HG,10,3,0.0560041376203139,75,75,0,0,1,1,1
Data_LLbetween_0100_LH_075_noise_010pct_rep_03,Full_HG,10,3,0.0573065594254375,75,75,0,0,1,1,1
Data_LLbetween_0100_LH_075_noise_010pct_rep_03,Full_HG,10,3,0.0586089812305611,75,75,0,0,1,1,1
Data_LLbetween_0100_LH_075_noise_010pct_rep_03,Full_HG,10,3,0.0599114030356847,75,75,0,0,1,1,1
Data_LLbetween_0100_LH_075_noise_010pct_rep_03,Full_HG,10,3,0.0612138248408082,75,75,0,0,1,1,1
Data_LLbetween_0100_LH_075_noise_010pct_rep_03,Full_HG,10,3,0.0625162466459318,75,75,0,0,1,1,1
Data_LLbetween_0100_LH_075_noise_010pct_rep_03,Full_HG,10,3,0.0638186684510554,75,75,0,0,1,1,1
Data_LLbetween_0100_LH_075_noise_010pct_rep_03,Full_HG,10,3,0.065121090256179,75,75,0,0,1,1,1
Data_LLbetween_0100_LH_075_noise_010pct_rep_03,Full_HG,10,3,0.0664235120613026,75,75,0,0,1,1,1
Data_LLbetween_0100_LH_075_noise_010pct_rep_03,Full_HG,10,3,0.0677259338664261,75,75,0,0,1,1,1
Data_LLbetween_0100_LH_075_noise_010pct_rep_03,Full_HG,10,3,0.0690283556715497,75,75,0,0,1,1,1
Data_LLbetween_0100_LH_075_noise_010pct_rep_03,Full_HG,10,3,0.0703307774766733,75,75,0,0,1,1,1
Data_LLbetween_0100_LH_075_noise_010pct_rep_03,Full_HG,10,3,0.0716331992817969,75,75,0,0,1,1,1
Data_LLbetween_0100_LH_075_noise_010pct_rep_03,Full_HG,10,3,0.0729356210869204,75,75,0,0,1,1,1
Data_LLbetween_0100_LH_075_noise_010pct_rep_03,Full_HG,10,3,0.074238042892044,75,75,0,0,1,1,1
Data_LLbetween_0100_LH_075_noise_010pct_rep_03,Full_HG,10,3,0.0755404646971676,75,75,0,0,1,1,1
Data_LLbetween_0100_LH_075_noise_010pct_rep_03,Full_HG,10,3,0.0768428865022912,75,75,0,0,1,1,1
Data_LLbetween_0100_LH_075_noise_010pct_rep_03,Full_HG,10,3,0.0781453083074148,75,75,0,0,1,1,1
Data_LLbetween_0100_LH_075_noise_010pct_rep_03,Full_HG,10,3,0.0794477301125383,75,75,0,0,1,1,1
Data_LLbetween_0100_LH_075_noise_010pct_rep_03,Full_HG,10,3,0.0807501519176619,75,75,0,0,1,1,1
Data_LLbetween_0100_LH_075_noise_010pct_rep_03,Full_HG,10,3,0.0820525737227855,75,75,0,0,1,1,1
Data_LLbetween_0100_LH_075_noise_010pct_rep_03,Full_HG,10,3,0.0833549955279091,75,75,0,0,1,1,1
Data_LLbetween_0100_LH_075_noise_010pct_rep_03,Full_HG,10,3,0.0846574173330327,75,75,0,0,1,1,1
Data_LLbetween_0100_LH_075_noise_010pct_rep_03,Full_HG,10,3,0.0859598391381562,75,75,0,0,1,1,1
Data_LLbetween_0100_LH_075_noise_010pct_rep_03,Full_HG,10,3,0.0872622609432798,75,75,0,0,1,1,1
Data_LLbetween_0100_LH_075_noise_010pct_rep_03,Full_HG,10,3,0.0885646827484034,75,75,0,0,1,1,1
Data_LLbetween_0100_LH_075_noise_010pct_rep_03,Full_HG,10,3,0.089867104553527,75,75,0,0,1,1,1
Data_LLbetween_0100_LH_075_noise_010pct_rep_03,Full_HG,10,3,0.0911695263586506,75,75,0,0,1,1,1
Data_LLbetween_0100_LH_075_noise_010pct_rep_03,Full_HG,10,3,0.0924719481637741,75,75,0,0,1,1,1
Data_LLbetween_0100_LH_075_noise_010pct_rep_03,Full_HG,10,3,0.0937743699688977,75,75,0,0,1,1,1
Data_LLbetween_0100_LH_075_noise_010pct_rep_03,Full_HG,10,3,0.0950767917740213,75,75,0,0,1,1,1
Data_LLbetween_0100_LH_075_noise_010pct_rep_03,Full_HG,10,3,0.0963792135791449,75,75,0,0,1,1,1
Data_LLbetween_0100_LH_075_noise_010pct_rep_03,Full_HG,10,3,0.0976816353842685,75,75,0,0,1,1,1
Data_LLbetween_0100_LH_075_noise_010pct_rep_03,Full_HG,10,3,0.098984057189392,75,75,0,0,1,1,1
Data_LLbetween_0100_LH_075_noise_010pct_rep_03,Full_HG,10,3,0.100286478994516,75,75,0,0,1,1,1
Data_LLbetween_0100_LH_075_noise_010pct_rep_03,Full_HG,10,3,0.101588900799639,75,75,0,0,1,1,1
Data_LLbetween_0100_LH_075_noise_010pct_rep_03,Full_HG,10,3,0.102891322604763,75,75,0,0,1,1,1
Data_LLbetween_0100_LH_075_noise_010pct_rep_03,Full_HG,10,3,0.104193744409886,75,75,0,0,1,1,1
Data_LLbetween_0100_LH_075_noise_010pct_rep_03,Full_HG,10,3,0.10549616621501,75,75,0,0,1,1,1
Data_LLbetween_0100_LH_075_noise_010pct_rep_03,Full_HG,10,3,0.106798588020134,75,75,0,0,1,1,1
Data_LLbetween_0100_LH_075_noise_010pct_rep_03,Full_HG,10,3,0.108101009825257,75,75,0,0,1,1,1
Data_LLbetween_0100_LH_075_noise_010pct_rep_03,Full_HG,10,3,0.109403431630381,75,75,0,0,1,1,1
Data_LLbetween_0100_LH_075_noise_010pct_rep_03,Full_HG,10,3,0.110705853435504,75,75,0,0,1,1,1
Data_LLbetween_0100_LH_075_noise_010pct_rep_03,Full_HG,10,3,0.112008275240628,75,75,0,0,1,1,1
Data_LLbetween_0100_LH_075_noise_010pct_rep_03,Full_HG,10,3,0.113310697045751,75,75,0,0,1,1,1
Data_LLbetween_0100_LH_075_noise_010pct_rep_03,Full_HG,10,3,0.114613118850875,75,75,0,0,1,1,1
Data_LLbetween_0100_LH_075_noise_010pct_rep_03,Full_HG,10,3,0.115915540655999,75,75,0,0,1,1,1
Data_LLbetween_0100_LH_075_noise_010pct_rep_03,Full_HG,10,3,0.117217962461122,75,75,0,0,1,1,1
Data_LLbetween_0100_LH_075_noise_010pct_rep_03,Full_HG,10,3,0.118520384266246,75,75,0,0,1,1,1
Data_LLbetween_0100_LH_075_noise_010pct_rep_03,Full_HG,10,3,0.119822806071369,75,75,0,0,1,1,1
Data_LLbetween_0100_LH_075_noise_010pct_rep_03,Full_HG,10,3,0.121125227876493,75,75,0,0,1,1,1
Data_LLbetween_0100_LH_075_noise_010pct_rep_03,Full_HG,10,3,0.122427649681616,75,75,0,0,1,1,1
Data_LLbetween_0100_LH_075_noise_010pct_rep_03,Full_HG,10,3,0.12373007148674,75,75,0,0,1,1,1
Data_LLbetween_0100_LH_075_noise_010pct_rep_03,Full_HG,10,3,0.125032493291864,75,75,0,0,1,1,1
Data_LLbetween_0100_LH_075_noise_010pct_rep_03,Full_HG,10,3,0.126334915096987,75,75,0,0,1,1,1
Data_LLbetween_0100_LH_075_noise_010pct_rep_03,Full_HG,10,3,0.127637336902111,75,75,0,0,1,1,1
Data_LLbetween_0100_LH_075_noise_010pct_rep_03,Full_HG,10,3,0.128939758707234,75,75,0,0,1,1,1
Data_LLbetween_0100_LH_075_noise_010pct_rep_03,Full_HG,10,3,0.130242180512358,75,75,0,0,1,1,1
Data_LLbetween_0100_LH_075_noise_010pct_rep_03,Full_HG,10,3,0.131544602317482,75,75,0,0,1,1,1
Data_LLbetween_0100_LH_075_noise_010pct_rep_03,Full_HG,10,3,0.132847024122605,75,75,0,0,1,1,1
Data_LLbetween_0100_LH_075_noise_010pct_rep_03,Full_HG,10,3,0.134149445927729,75,75,0,0,1,1,1
Data_LLbetween_0100_LH_075_noise_010pct_rep_03,Full_HG,10,3,0.135451867732852,75,75,0,0,1,1,1
Data_LLbetween_0100_LH_075_noise_010pct_rep_03,Full_HG,10,3,0.136754289537976,75,75,0,0,1,1,1
Data_LLbetween_0100_LH_075_noise_010pct_rep_03,Full_HG,10,3,0.138056711343099,75,75,0,0,1,1,1
Data_LLbetween_0100_LH_075_noise_010pct_rep_03,Full_HG,10,3,0.139359133148223,75,75,0,0,1,1,1
Data_LLbetween_0100_LH_075_noise_010pct_rep_03,Full_HG,10,3,0.140661554953347,75,75,0,0,1,1,1
Data_LLbetween_0100_LH_075_noise_010pct_rep_03,Full_HG,10,3,0.14196397675847,75,75,0,0,1,1,1
Data_LLbetween_0100_LH_075_noise_010pct_rep_03,Full_HG,10,3,0.143266398563594,75,75,0,0,1,1,1
Data_LLbetween_0100_LH_075_noise_010pct_rep_03,Full_HG,10,3,0.144568820368717,75,75,0,0,1,1,1
Data_LLbetween_0100_LH_075_noise_010pct_rep_03,Full_HG,10,3,0.145871242173841,75,75,0,0,1,1,1
Data_LLbetween_0100_LH_075_noise_010pct_rep_03,Full_HG,10,3,0.147173663978964,75,75,0,0,1,1,1
Data_LLbetween_0100_LH_075_noise_010pct_rep_03,Full_HG,10,3,0.148476085784088,75,75,0,0,1,1,1
Data_LLbetween_0100_LH_075_noise_010pct_rep_03,Full_HG,10,3,0.149778507589212,75,75,0,0,1,1,1
Data_LLbetween_0100_LH_075_noise_010pct_rep_03,Full_HG,10,3,0.151080929394335,75,75,0,0,1,1,1
Data_LLbetween_0100_LH_075_noise_010pct_rep_03,Full_HG,10,3,0.152383351199459,75,75,0,0,1,1,1
Data_LLbetween_0100_LH_075_noise_010pct_rep_03,Full_HG,10,3,0.153685773004582,75,75,0,0,1,1,1
Data_LLbetween_0100_LH_075_noise_010pct_rep_03,Full_HG,10,3,0.154988194809706,75,75,0,0,1,1,1
Data_LLbetween_0100_LH_075_noise_010pct_rep_03,Full_HG,10,3,0.15629061661483,75,75,0,0,1,1,1
Data_LLbetween_0100_LH_075_noise_010pct_rep_03,Full_HG,10,3,0.157593038419953,75,75,0,0,1,1,1
Data_LLbetween_0100_LH_075_noise_010pct_rep_03,Full_HG,10,3,0.158895460225077,75,75,0,0,1,1,1
Data_LLbetween_0100_LH_075_noise_010pct_rep_03,Full_HG,10,3,0.1601978820302,75,75,0,0,1,1,1
Data_LLbetween_0100_LH_075_noise_010pct_rep_03,Full_HG,10,3,0.161500303835324,75,75,0,0,1,1,1
Data_LLbetween_0100_LH_075_noise_010pct_rep_03,Full_HG,10,3,0.162802725640447,75,75,0,0,1,1,1
Data_LLbetween_0100_LH_075_noise_010pct_rep_03,Full_HG,10,3,0.164105147445571,75,75,0,0,1,1,1
Data_LLbetween_0100_LH_075_noise_010pct_rep_03,Full_HG,10,3,0.165407569250695,75,75,0,0,1,1,1
Data_LLbetween_0100_LH_075_noise_010pct_rep_03,Full_HG,10,3,0.166709991055818,75,75,0,0,1,1,1
Data_LLbetween_0100_LH_075_noise_010pct_rep_03,Full_HG,10,3,0.168012412860942,75,75,0,0,1,1,1
Data_LLbetween_0100_LH_075_noise_010pct_rep_03,Full_HG,10,3,0.169314834666065,75,75,0,0,1,1,1
Data_LLbetween_0100_LH_075_noise_010pct_rep_03,Full_HG,10,3,0.170617256471189,75,75,0,0,1,1,1
Data_LLbetween_0100_LH_075_noise_010pct_rep_03,Full_HG,10,3,0.171919678276312,75,75,0,0,1,1,1
Data_LLbetween_0100_LH_075_noise_010pct_rep_03,Full_HG,10,3,0.173222100081436,75,75,0,0,1,1,1
Data_LLbetween_0100_LH_075_noise_010pct_rep_03,Full_HG,10,3,0.17452452188656,75,75,0,0,1,1,1
Data_LLbetween_0100_LH_075_noise_010pct_rep_03,Full_HG,10,3,0.175826943691683,75,75,0,0,1,1,1
Data_LLbetween_0100_LH_075_noise_010pct_rep_03,Full_HG,10,3,0.177129365496807,75,75,0,0,1,1,1
Data_LLbetween_0100_LH_075_noise_010pct_rep_03,Full_HG,10,3,0.17843178730193,75,75,0,0,1,1,1
Data_LLbetween_0100_LH_075_noise_010pct_rep_03,Full_HG,10,3,0.179734209107054,75,75,0,0,1,1,1
Data_LLbetween_0100_LH_075_noise_010pct_rep_03,Full_HG,10,3,0.181036630912178,75,75,0,0,1,1,1
Data_LLbetween_0100_LH_075_noise_010pct_rep_03,Full_HG,10,3,0.182339052717301,75,75,0,0,1,1,1
Data_LLbetween_0100_LH_075_noise_010pct_rep_03,Full_HG,10,3,0.183641474522425,75,75,0,0,1,1,1
Data_LLbetween_0100_LH_075_noise_010pct_rep_03,Full_HG,10,3,0.184943896327548,75,75,0,0,1,1,1
Data_LLbetween_0100_LH_075_noise_010pct_rep_03,Full_HG,10,3,0.186246318132672,75,75,0,0,1,1,1
Data_LLbetween_0100_LH_075_noise_010pct_rep_03,Full_HG,10,3,0.187548739937795,75,75,0,0,1,1,1
Data_LLbetween_0100_LH_075_noise_010pct_rep_03,Full_HG,10,3,0.188851161742919,75,75,0,0,1,1,1
Data_LLbetween_0100_LH_075_noise_010pct_rep_03,Full_HG,10,3,0.190153583548043,75,75,0,0,1,1,1
Data_LLbetween_0100_LH_075_noise_010pct_rep_03,Full_HG,10,3,0.191456005353166,75,75,0,0,1,1,1
Data_LLbetween_0100_LH_075_noise_010pct_rep_03,Full_HG,10,3,0.19275842715829,75,75,0,0,1,1,1
Data_LLbetween_0100_LH_075_noise_010pct_rep_03,Full_HG,10,3,0.194060848963413,75,75,0,0,1,1,1
Data_LLbetween_0100_LH_075_noise_010pct_rep_03,Full_HG,10,3,0.195363270768537,75,75,0,0,1,1,1
Data_LLbetween_0100_LH_075_noise_010pct_rep_03,Full_HG,10,3,0.19666569257366,75,75,0,0,1,1,1
Data_LLbetween_0100_LH_075_noise_010pct_rep_03,Full_HG,10,3,0.197968114378784,75,75,0,0,1,1,1
Data_LLbetween_0100_LH_075_noise_010pct_rep_03,Full_HG,10,3,0.199270536183908,75,75,0,0,1,1,1
Data_LLbetween_0100_LH_075_noise_010pct_rep_03,Full_HG,10,3,0.200572957989031,75,75,0,0,1,1,1
Data_LLbetween_0100_LH_075_noise_010pct_rep_03,Full_HG,10,3,0.201875379794155,75,75,0,0,1,1,1
Data_LLbetween_0100_LH_075_noise_010pct_rep_03,Full_HG,10,3,0.203177801599278,75,75,0,0,1,1,1
Data_LLbetween_0100_LH_075_noise_010pct_rep_03,Full_HG,10,3,0.204480223404402,75,75,0,0,1,1,1
Data_LLbetween_0100_LH_075_noise_010pct_rep_03,Full_HG,10,3,0.205782645209526,75,75,0,0,1,1,1
Data_LLbetween_0100_LH_075_noise_010pct_rep_03,Full_HG,10,3,0.207085067014649,75,75,0,0,1,1,1
Data_LLbetween_0100_LH_075_noise_010pct_rep_03,Full_HG,10,3,0.208387488819773,75,75,0,0,1,1,1
Data_LLbetween_0100_LH_075_noise_010pct_rep_03,Full_HG,10,3,0.209689910624896,75,75,0,0,1,1,1
Data_LLbetween_0100_LH_075_noise_010pct_rep_03,Full_HG,10,3,0.21099233243002,75,75,0,0,1,1,1
Data_LLbetween_0100_LH_075_noise_010pct_rep_03,Full_HG,10,3,0.212294754235143,75,75,0,0,1,1,1
Data_LLbetween_0100_LH_075_noise_010pct_rep_03,Full_HG,10,3,0.213597176040267,75,75,0,0,1,1,1
Data_LLbetween_0100_LH_075_noise_010pct_rep_03,Full_HG,10,3,0.214899597845391,75,75,0,0,1,1,1
Data_LLbetween_0100_LH_075_noise_010pct_rep_03,Full_HG,10,3,0.216202019650514,75,75,0,0,1,1,1
Data_LLbetween_0100_LH_075_noise_010pct_rep_03,Full_HG,10,3,0.217504441455638,75,75,0,0,1,1,1
Data_LLbetween_0100_LH_075_noise_010pct_rep_03,Full_HG,10,3,0.218806863260761,75,75,0,0,1,1,1
Data_LLbetween_0100_LH_075_noise_010pct_rep_03,Full_HG,10,3,0.220109285065885,75,75,0,0,1,1,1
Data_LLbetween_0100_LH_075_noise_010pct_rep_03,Full_HG,10,3,0.221411706871009,75,75,0,0,1,1,1
Data_LLbetween_0100_LH_075_noise_010pct_rep_03,Full_HG,10,3,0.222714128676132,75,75,0,0,1,1,1
Data_LLbetween_0100_LH_075_noise_010pct_rep_03,Full_HG,10,3,0.224016550481256,75,75,0,0,1,1,1
Data_LLbetween_0100_LH_075_noise_010pct_rep_03,Full_HG,10,3,0.225318972286379,75,75,0,0,1,1,1
Data_LLbetween_0100_LH_075_noise_010pct_rep_03,Full_HG,10,3,0.226621394091503,75,75,0,0,1,1,1
Data_LLbetween_0100_LH_075_noise_010pct_rep_03,Full_HG,10,3,0.227923815896626,75,75,0,0,1,1,1
Data_LLbetween_0100_LH_075_noise_010pct_rep_03,Full_HG,10,3,0.22922623770175,75,75,0,0,1,1,1
Data_LLbetween_0100_LH_075_noise_010pct_rep_03,Full_HG,10,3,0.230528659506874,75,75,0,0,1,1,1
Data_LLbetween_0100_LH_075_noise_010pct_rep_03,Full_HG,10,3,0.231831081311997,75,75,0,0,1,1,1
Data_LLbetween_0100_LH_075_noise_010pct_rep_03,Full_HG,10,3,0.233133503117121,75,75,0,0,1,1,1
Data_LLbetween_0100_LH_075_noise_010pct_rep_03,Full_HG,10,3,0.234435924922244,75,75,0,0,1,1,1
Data_LLbetween_0100_LH_075_noise_010pct_rep_03,Full_HG,10,3,0.235738346727368,75,75,0,0,1,1,1
Data_LLbetween_0100_LH_075_noise_010pct_rep_03,Full_HG,10,3,0.237040768532491,75,75,0,0,1,1,1
Data_LLbetween_0100_LH_075_noise_010pct_rep_03,Full_HG,10,3,0.238343190337615,75,75,0,0,1,1,1
Data_LLbetween_0100_LH_075_noise_010pct_rep_03,Full_HG,10,3,0.239645612142739,75,75,0,0,1,1,1
Data_LLbetween_0100_LH_075_noise_010pct_rep_03,Full_HG,10,3,0.240948033947862,75,75,0,0,1,1,1
Data_LLbetween_0100_LH_075_noise_010pct_rep_03,Full_HG,10,3,0.242250455752986,75,75,0,0,1,1,1
Data_LLbetween_0100_LH_075_noise_010pct_rep_03,Full_HG,10,3,0.243552877558109,75,75,0,0,1,1,1
Data_LLbetween_0100_LH_075_noise_010pct_rep_03,Full_HG,10,3,0.244855299363233,75,75,0,0,1,1,1
Data_LLbetween_0100_LH_075_noise_010pct_rep_03,Full_HG,10,3,0.246157721168356,75,75,0,0,1,1,1
Data_LLbetween_0100_LH_075_noise_010pct_rep_03,Full_HG,10,3,0.24746014297348,75,75,0,0,1,1,1
Data_LLbetween_0100_LH_075_noise_010pct_rep_03,Full_HG,10,3,0.248762564778604,75,75,0,0,1,1,1
Data_LLbetween_0100_LH_075_noise_010pct_rep_03,Full_HG,10,3,0.250064986583727,74,74,0,1,1,0.986666666666667,0.993288590604027
Data_LLbetween_0100_LH_075_noise_010pct_rep_03,Full_HG,10,3,0.251367408388851,74,74,0,1,1,0.986666666666667,0.993288590604027
Data_LLbetween_0100_LH_075_noise_010pct_rep_03,Full_HG,10,3,0.252669830193974,73,73,0,2,1,0.973333333333333,0.986486486486487
Data_LLbetween_0100_LH_075_noise_010pct_rep_03,Full_HG,10,3,0.253972251999098,73,73,0,2,1,0.973333333333333,0.986486486486487
Data_LLbetween_0100_LH_075_noise_010pct_rep_03,Full_HG,10,3,0.255274673804222,73,73,0,2,1,0.973333333333333,0.986486486486487
Data_LLbetween_0100_LH_075_noise_010pct_rep_03,Full_HG,10,3,0.256577095609345,73,73,0,2,1,0.973333333333333,0.986486486486487
Data_LLbetween_0100_LH_075_noise_010pct_rep_03,Full_HG,10,3,0.257879517414469,73,73,0,2,1,0.973333333333333,0.986486486486487
Data_LLbetween_0100_LH_075_noise_010pct_rep_03,Full_HG,10,3,0.259181939219592,73,73,0,2,1,0.973333333333333,0.986486486486487
Data_LLbetween_0100_LH_075_noise_010pct_rep_03,Full_HG,10,3,0.260484361024716,73,73,0,2,1,0.973333333333333,0.986486486486487
Data_LLbetween_0100_LH_075_noise_010pct_rep_03,Full_HG,10,3,0.261786782829839,72,72,0,3,1,0.96,0.979591836734694
Data_LLbetween_0100_LH_075_noise_010pct_rep_03,Full_HG,10,3,0.263089204634963,71,71,0,4,1,0.946666666666667,0.972602739726027
Data_LLbetween_0100_LH_075_noise_010pct_rep_03,Full_HG,10,3,0.264391626440087,71,71,0,4,1,0.946666666666667,0.972602739726027
Data_LLbetween_0100_LH_075_noise_010pct_rep_03,Full_HG,10,3,0.26569404824521,71,71,0,4,1,0.946666666666667,0.972602739726027
Data_LLbetween_0100_LH_075_noise_010pct_rep_03,Full_HG,10,3,0.266996470050334,71,71,0,4,1,0.946666666666667,0.972602739726027
Data_LLbetween_0100_LH_075_noise_010pct_rep_03,Full_HG,10,3,0.268298891855457,71,71,0,4,1,0.946666666666667,0.972602739726027
Data_LLbetween_0100_LH_075_noise_010pct_rep_03,Full_HG,10,3,0.269601313660581,71,71,0,4,1,0.946666666666667,0.972602739726027
Data_LLbetween_0100_LH_075_noise_010pct_rep_03,Full_HG,10,3,0.270903735465705,71,71,0,4,1,0.946666666666667,0.972602739726027
Data_LLbetween_0100_LH_075_noise_010pct_rep_03,Full_HG,10,3,0.272206157270828,71,71,0,4,1,0.946666666666667,0.972602739726027
Data_LLbetween_0100_LH_075_noise_010pct_rep_03,Full_HG,10,3,0.273508579075952,71,71,0,4,1,0.946666666666667,0.972602739726027
Data_LLbetween_0100_LH_075_noise_010pct_rep_03,Full_HG,10,3,0.274811000881075,71,71,0,4,1,0.946666666666667,0.972602739726027
Data_LLbetween_0100_LH_075_noise_010pct_rep_03,Full_HG,10,3,0.276113422686199,71,71,0,4,1,0.946666666666667,0.972602739726027
Data_LLbetween_0100_LH_075_noise_010pct_rep_03,Full_HG,10,3,0.277415844491322,70,70,0,5,1,0.933333333333333,0.96551724137931
Data_LLbetween_0100_LH_075_noise_010pct_rep_03,Full_HG,10,3,0.278718266296446,70,70,0,5,1,0.933333333333333,0.96551724137931
Data_LLbetween_0100_LH_075_noise_010pct_rep_03,Full_HG,10,3,0.28002068810157,69,69,0,6,1,0.92,0.958333333333333
Data_LLbetween_0100_LH_075_noise_010pct_rep_03,Full_HG,10,3,0.281323109906693,69,69,0,6,1,0.92,0.958333333333333
Data_LLbetween_0100_LH_075_noise_010pct_rep_03,Full_HG,10,3,0.282625531711817,69,69,0,6,1,0.92,0.958333333333333
Data_LLbetween_0100_LH_075_noise_010pct_rep_03,Full_HG,10,3,0.28392795351694,69,69,0,6,1,0.92,0.958333333333333
Data_LLbetween_0100_LH_075_noise_010pct_rep_03,Full_HG,10,3,0.285230375322064,69,69,0,6,1,0.92,0.958333333333333
Data_LLbetween_0100_LH_075_noise_010pct_rep_03,Full_HG,10,3,0.286532797127187,69,69,0,6,1,0.92,0.958333333333333
Data_LLbetween_0100_LH_075_noise_010pct_rep_03,Full_HG,10,3,0.287835218932311,69,69,0,6,1,0.92,0.958333333333333
Data_LLbetween_0100_LH_075_noise_010pct_rep_03,Full_HG,10,3,0.289137640737435,68,68,0,7,1,0.906666666666667,0.951048951048951
Data_LLbetween_0100_LH_075_noise_010pct_rep_03,Full_HG,10,3,0.290440062542558,68,68,0,7,1,0.906666666666667,0.951048951048951
Data_LLbetween_0100_LH_075_noise_010pct_rep_03,Full_HG,10,3,0.291742484347682,68,68,0,7,1,0.906666666666667,0.951048951048951
Data_LLbetween_0100_LH_075_noise_010pct_rep_03,Full_HG,10,3,0.293044906152805,68,68,0,7,1,0.906666666666667,0.951048951048951
Data_LLbetween_0100_LH_075_noise_010pct_rep_03,Full_HG,10,3,0.294347327957929,68,68,0,7,1,0.906666666666667,0.951048951048951
Data_LLbetween_0100_LH_075_noise_010pct_rep_03,Full_HG,10,3,0.295649749763053,68,68,0,7,1,0.906666666666667,0.951048951048951
Data_LLbetween_0100_LH_075_noise_010pct_rep_03,Full_HG,10,3,0.296952171568176,68,68,0,7,1,0.906666666666667,0.951048951048951
Data_LLbetween_0100_LH_075_noise_010pct_rep_03,Full_HG,10,3,0.2982545933733,68,68,0,7,1,0.906666666666667,0.951048951048951
Data_LLbetween_0100_LH_075_noise_010pct_rep_03,Full_HG,10,3,0.299557015178423,68,68,0,7,1,0.906666666666667,0.951048951048951
Data_LLbetween_0100_LH_075_noise_010pct_rep_03,Full_HG,10,3,0.300859436983547,68,68,0,7,1,0.906666666666667,0.951048951048951
Data_LLbetween_0100_LH_075_noise_010pct_rep_03,Full_HG,10,3,0.30216185878867,68,68,0,7,1,0.906666666666667,0.951048951048951
Data_LLbetween_0100_LH_075_noise_010pct_rep_03,Full_HG,10,3,0.303464280593794,68,68,0,7,1,0.906666666666667,0.951048951048951
Data_LLbetween_0100_LH_075_noise_010pct_rep_03,Full_HG,10,3,0.304766702398918,68,68,0,7,1,0.906666666666667,0.951048951048951
Data_LLbetween_0100_LH_075_noise_010pct_rep_03,Full_HG,10,3,0.306069124204041,68,68,0,7,1,0.906666666666667,0.951048951048951
Data_LLbetween_0100_LH_075_noise_010pct_rep_03,Full_HG,10,3,0.307371546009165,68,68,0,7,1,0.906666666666667,0.951048951048951
Data_LLbetween_0100_LH_075_noise_010pct_rep_03,Full_HG,10,3,0.308673967814288,68,68,0,7,1,0.906666666666667,0.951048951048951
Data_LLbetween_0100_LH_075_noise_010pct_rep_03,Full_HG,10,3,0.309976389619412,68,68,0,7,1,0.906666666666667,0.951048951048951
Data_LLbetween_0100_LH_075_noise_010pct_rep_03,Full_HG,10,3,0.311278811424536,68,68,0,7,1,0.906666666666667,0.951048951048951
Data_LLbetween_0100_LH_075_noise_010pct_rep_03,Full_HG,10,3,0.312581233229659,68,68,0,7,1,0.906666666666667,0.951048951048951
Data_LLbetween_0100_LH_075_noise_010pct_rep_03,Full_HG,10,3,0.313883655034783,68,68,0,7,1,0.906666666666667,0.951048951048951
Data_LLbetween_0100_LH_075_noise_010pct_rep_03,Full_HG,10,3,0.315186076839906,68,68,0,7,1,0.906666666666667,0.951048951048951
Data_LLbetween_0100_LH_075_noise_010pct_rep_03,Full_HG,10,3,0.31648849864503,68,68,0,7,1,0.906666666666667,0.951048951048951
Data_LLbetween_0100_LH_075_noise_010pct_rep_03,Full_HG,10,3,0.317790920450153,68,68,0,7,1,0.906666666666667,0.951048951048951
Data_LLbetween_0100_LH_075_noise_010pct_rep_03,Full_HG,10,3,0.319093342255277,68,68,0,7,1,0.906666666666667,0.951048951048951
Data_LLbetween_0100_LH_075_noise_010pct_rep_03,Full_HG,10,3,0.320395764060401,67,67,0,8,1,0.893333333333333,0.943661971830986
Data_LLbetween_0100_LH_075_noise_010pct_rep_03,Full_HG,10,3,0.321698185865524,66,66,0,9,1,0.88,0.936170212765957
Data_LLbetween_0100_LH_075_noise_010pct_rep_03,Full_HG,10,3,0.323000607670648,65,65,0,10,1,0.866666666666667,0.928571428571429
Data_LLbetween_0100_LH_075_noise_010pct_rep_03,Full_HG,10,3,0.324303029475771,64,64,0,11,1,0.853333333333333,0.920863309352518
Data_LLbetween_0100_LH_075_noise_010pct_rep_03,Full_HG,10,3,0.325605451280895,64,64,0,11,1,0.853333333333333,0.920863309352518
Data_LLbetween_0100_LH_075_noise_010pct_rep_03,Full_HG,10,3,0.326907873086018,64,64,0,11,1,0.853333333333333,0.920863309352518
Data_LLbetween_0100_LH_075_noise_010pct_rep_03,Full_HG,10,3,0.328210294891142,64,64,0,11,1,0.853333333333333,0.920863309352518
Data_LLbetween_0100_LH_075_noise_010pct_rep_03,Full_HG,10,3,0.329512716696266,63,63,0,12,1,0.84,0.91304347826087
Data_LLbetween_0100_LH_075_noise_010pct_rep_03,Full_HG,10,3,0.330815138501389,63,63,0,12,1,0.84,0.91304347826087
Data_LLbetween_0100_LH_075_noise_010pct_rep_03,Full_HG,10,3,0.332117560306513,62,62,0,13,1,0.826666666666667,0.905109489051095
Data_LLbetween_0100_LH_075_noise_010pct_rep_03,Full_HG,10,3,0.333419982111636,59,59,0,16,1,0.786666666666667,0.880597014925373
Data_LLbetween_0100_LH_075_noise_010pct_rep_03,Full_HG,10,3,0.33472240391676,59,59,0,16,1,0.786666666666667,0.880597014925373
Data_LLbetween_0100_LH_075_noise_010pct_rep_03,Full_HG,10,3,0.336024825721884,59,59,0,16,1,0.786666666666667,0.880597014925373
Data_LLbetween_0100_LH_075_noise_010pct_rep_03,Full_HG,10,3,0.337327247527007,59,59,0,16,1,0.786666666666667,0.880597014925373
Data_LLbetween_0100_LH_075_noise_010pct_rep_03,Full_HG,10,3,0.338629669332131,59,59,0,16,1,0.786666666666667,0.880597014925373
Data_LLbetween_0100_LH_075_noise_010pct_rep_03,Full_HG,10,3,0.339932091137254,58,58,0,17,1,0.773333333333333,0.87218045112782
Data_LLbetween_0100_LH_075_noise_010pct_rep_03,Full_HG,10,3,0.341234512942378,57,57,0,18,1,0.76,0.863636363636364
Data_LLbetween_0100_LH_075_noise_010pct_rep_03,Full_HG,10,3,0.342536934747501,57,57,0,18,1,0.76,0.863636363636364
Data_LLbetween_0100_LH_075_noise_010pct_rep_03,Full_HG,10,3,0.343839356552625,57,57,0,18,1,0.76,0.863636363636364
Data_LLbetween_0100_LH_075_noise_010pct_rep_03,Full_HG,10,3,0.345141778357749,56,56,0,19,1,0.746666666666667,0.854961832061069
Data_LLbetween_0100_LH_075_noise_010pct_rep_03,Full_HG,10,3,0.346444200162872,56,56,0,19,1,0.746666666666667,0.854961832061069
Data_LLbetween_0100_LH_075_noise_010pct_rep_03,Full_HG,10,3,0.347746621967996,54,54,0,21,1,0.72,0.837209302325581
Data_LLbetween_0100_LH_075_noise_010pct_rep_03,Full_HG,10,3,0.349049043773119,54,54,0,21,1,0.72,0.837209302325581
Data_LLbetween_0100_LH_075_noise_010pct_rep_03,Full_HG,10,3,0.350351465578243,54,54,0,21,1,0.72,0.837209302325581
Data_LLbetween_0100_LH_075_noise_010pct_rep_03,Full_HG,10,3,0.351653887383366,52,52,0,23,1,0.693333333333333,0.818897637795276
Data_LLbetween_0100_LH_075_noise_010pct_rep_03,Full_HG,10,3,0.35295630918849,52,52,0,23,1,0.693333333333333,0.818897637795276
Data_LLbetween_0100_LH_075_noise_010pct_rep_03,Full_HG,10,3,0.354258730993614,51,51,0,24,1,0.68,0.80952380952381
Data_LLbetween_0100_LH_075_noise_010pct_rep_03,Full_HG,10,3,0.355561152798737,50,50,0,25,1,0.666666666666667,0.8
Data_LLbetween_0100_LH_075_noise_010pct_rep_03,Full_HG,10,3,0.356863574603861,49,49,0,26,1,0.653333333333333,0.790322580645161
Data_LLbetween_0100_LH_075_noise_010pct_rep_03,Full_HG,10,3,0.358165996408984,48,48,0,27,1,0.64,0.780487804878049
Data_LLbetween_0100_LH_075_noise_010pct_rep_03,Full_HG,10,3,0.359468418214108,48,48,0,27,1,0.64,0.780487804878049
Data_LLbetween_0100_LH_075_noise_010pct_rep_03,Full_HG,10,3,0.360770840019232,48,48,0,27,1,0.64,0.780487804878049
Data_LLbetween_0100_LH_075_noise_010pct_rep_03,Full_HG,10,3,0.362073261824355,48,48,0,27,1,0.64,0.780487804878049
Data_LLbetween_0100_LH_075_noise_010pct_rep_03,Full_HG,10,3,0.363375683629479,48,48,0,27,1,0.64,0.780487804878049
Data_LLbetween_0100_LH_075_noise_010pct_rep_03,Full_HG,10,3,0.364678105434602,47,47,0,28,1,0.626666666666667,0.770491803278689
Data_LLbetween_0100_LH_075_noise_010pct_rep_03,Full_HG,10,3,0.365980527239726,46,46,0,29,1,0.613333333333333,0.760330578512397
Data_LLbetween_0100_LH_075_noise_010pct_rep_03,Full_HG,10,3,0.367282949044849,46,46,0,29,1,0.613333333333333,0.760330578512397
Data_LLbetween_0100_LH_075_noise_010pct_rep_03,Full_HG,10,3,0.368585370849973,46,46,0,29,1,0.613333333333333,0.760330578512397
Data_LLbetween_0100_LH_075_noise_010pct_rep_03,Full_HG,10,3,0.369887792655097,46,46,0,29,1,0.613333333333333,0.760330578512397
Data_LLbetween_0100_LH_075_noise_010pct_rep_03,Full_HG,10,3,0.37119021446022,45,45,0,30,1,0.6,0.75
Data_LLbetween_0100_LH_075_noise_010pct_rep_03,Full_HG,10,3,0.372492636265344,43,43,0,32,1,0.573333333333333,0.728813559322034
Data_LLbetween_0100_LH_075_noise_010pct_rep_03,Full_HG,10,3,0.373795058070467,41,41,0,34,1,0.546666666666667,0.706896551724138
Data_LLbetween_0100_LH_075_noise_010pct_rep_03,Full_HG,10,3,0.375097479875591,40,40,0,35,1,0.533333333333333,0.695652173913044
Data_LLbetween_0100_LH_075_noise_010pct_rep_03,Full_HG,10,3,0.376399901680714,39,39,0,36,1,0.52,0.684210526315789
Data_LLbetween_0100_LH_075_noise_010pct_rep_03,Full_HG,10,3,0.377702323485838,38,38,0,37,1,0.506666666666667,0.672566371681416
Data_LLbetween_0100_LH_075_noise_010pct_rep_03,Full_HG,10,3,0.379004745290962,38,38,0,37,1,0.506666666666667,0.672566371681416
Data_LLbetween_0100_LH_075_noise_010pct_rep_03,Full_HG,10,3,0.380307167096085,38,38,0,37,1,0.506666666666667,0.672566371681416
Data_LLbetween_0100_LH_075_noise_010pct_rep_03,Full_HG,10,3,0.381609588901209,37,37,0,38,1,0.493333333333333,0.660714285714286
Data_LLbetween_0100_LH_075_noise_010pct_rep_03,Full_HG,10,3,0.382912010706332,35,35,0,40,1,0.466666666666667,0.636363636363636
Data_LLbetween_0100_LH_075_noise_010pct_rep_03,Full_HG,10,3,0.384214432511456,34,34,0,41,1,0.453333333333333,0.623853211009174
Data_LLbetween_0100_LH_075_noise_010pct_rep_03,Full_HG,10,3,0.38551685431658,34,34,0,41,1,0.453333333333333,0.623853211009174
Data_LLbetween_0100_LH_075_noise_010pct_rep_03,Full_HG,10,3,0.386819276121703,33,33,0,42,1,0.44,0.611111111111111
Data_LLbetween_0100_LH_075_noise_010pct_rep_03,Full_HG,10,3,0.388121697926827,33,33,0,42,1,0.44,0.611111111111111
Data_LLbetween_0100_LH_075_noise_010pct_rep_03,Full_HG,10,3,0.38942411973195,32,32,0,43,1,0.426666666666667,0.598130841121495
Data_LLbetween_0100_LH_075_noise_010pct_rep_03,Full_HG,10,3,0.390726541537074,31,31,0,44,1,0.413333333333333,0.584905660377358
Data_LLbetween_0100_LH_075_noise_010pct_rep_03,Full_HG,10,3,0.392028963342197,31,31,0,44,1,0.413333333333333,0.584905660377358
Data_LLbetween_0100_LH_075_noise_010pct_rep_03,Full_HG,10,3,0.393331385147321,31,31,0,44,1,0.413333333333333,0.584905660377358
Data_LLbetween_0100_LH_075_noise_010pct_rep_03,Full_HG,10,3,0.394633806952445,31,31,0,44,1,0.413333333333333,0.584905660377358
Data_LLbetween_0100_LH_075_noise_010pct_rep_03,Full_HG,10,3,0.395936228757568,29,29,0,46,1,0.386666666666667,0.557692307692308
Data_LLbetween_0100_LH_075_noise_010pct_rep_03,Full_HG,10,3,0.397238650562692,29,29,0,46,1,0.386666666666667,0.557692307692308
Data_LLbetween_0100_LH_075_noise_010pct_rep_03,Full_HG,10,3,0.398541072367815,29,29,0,46,1,0.386666666666667,0.557692307692308
Data_LLbetween_0100_LH_075_noise_010pct_rep_03,Full_HG,10,3,0.399843494172939,29,29,0,46,1,0.386666666666667,0.557692307692308
Data_LLbetween_0100_LH_075_noise_010pct_rep_03,Full_HG,10,3,0.401145915978062,28,28,0,47,1,0.373333333333333,0.54368932038835
Data_LLbetween_0100_LH_075_noise_010pct_rep_03,Full_HG,10,3,0.402448337783186,28,28,0,47,1,0.373333333333333,0.54368932038835
Data_LLbetween_0100_LH_075_noise_010pct_rep_03,Full_HG,10,3,0.40375075958831,28,28,0,47,1,0.373333333333333,0.54368932038835
Data_LLbetween_0100_LH_075_noise_010pct_rep_03,Full_HG,10,3,0.405053181393433,28,28,0,47,1,0.373333333333333,0.54368932038835
Data_LLbetween_0100_LH_075_noise_010pct_rep_03,Full_HG,10,3,0.406355603198557,28,28,0,47,1,0.373333333333333,0.54368932038835
Data_LLbetween_0100_LH_075_noise_010pct_rep_03,Full_HG,10,3,0.40765802500368,28,28,0,47,1,0.373333333333333,0.54368932038835
Data_LLbetween_0100_LH_075_noise_010pct_rep_03,Full_HG,10,3,0.408960446808804,28,28,0,47,1,0.373333333333333,0.54368932038835
Data_LLbetween_0100_LH_075_noise_010pct_rep_03,Full_HG,10,3,0.410262868613928,28,28,0,47,1,0.373333333333333,0.54368932038835
Data_LLbetween_0100_LH_075_noise_010pct_rep_03,Full_HG,10,3,0.411565290419051,28,28,0,47,1,0.373333333333333,0.54368932038835
Data_LLbetween_0100_LH_075_noise_010pct_rep_03,Full_HG,10,3,0.412867712224175,28,28,0,47,1,0.373333333333333,0.54368932038835
Data_LLbetween_0100_LH_075_noise_010pct_rep_03,Full_HG,10,3,0.414170134029298,27,27,0,48,1,0.36,0.529411764705882
Data_LLbetween_0100_LH_075_noise_010pct_rep_03,Full_HG,10,3,0.415472555834422,27,27,0,48,1,0.36,0.529411764705882
Data_LLbetween_0100_LH_075_noise_010pct_rep_03,Full_HG,10,3,0.416774977639545,26,26,0,49,1,0.346666666666667,0.514851485148515
Data_LLbetween_0100_LH_075_noise_010pct_rep_03,Full_HG,10,3,0.418077399444669,25,25,0,50,1,0.333333333333333,0.5
Data_LLbetween_0100_LH_075_noise_010pct_rep_03,Full_HG,10,3,0.419379821249793,23,23,0,52,1,0.306666666666667,0.469387755102041
Data_LLbetween_0100_LH_075_noise_010pct_rep_03,Full_HG,10,3,0.420682243054916,22,22,0,53,1,0.293333333333333,0.45360824742268
Data_LLbetween_0100_LH_075_noise_010pct_rep_03,Full_HG,10,3,0.42198466486004,22,22,0,53,1,0.293333333333333,0.45360824742268
Data_LLbetween_0100_LH_075_noise_010pct_rep_03,Full_HG,10,3,0.423287086665163,21,21,0,54,1,0.28,0.4375
Data_LLbetween_0100_LH_075_noise_010pct_rep_03,Full_HG,10,3,0.424589508470287,20,20,0,55,1,0.266666666666667,0.421052631578947
Data_LLbetween_0100_LH_075_noise_010pct_rep_03,Full_HG,10,3,0.425891930275411,20,20,0,55,1,0.266666666666667,0.421052631578947
Data_LLbetween_0100_LH_075_noise_010pct_rep_03,Full_HG,10,3,0.427194352080534,19,19,0,56,1,0.253333333333333,0.404255319148936
Data_LLbetween_0100_LH_075_noise_010pct_rep_03,Full_HG,10,3,0.428496773885658,17,17,0,58,1,0.226666666666667,0.369565217391304
Data_LLbetween_0100_LH_075_noise_010pct_rep_03,Full_HG,10,3,0.429799195690781,17,17,0,58,1,0.226666666666667,0.369565217391304
Data_LLbetween_0100_LH_075_noise_010pct_rep_03,Full_HG,10,3,0.431101617495905,17,17,0,58,1,0.226666666666667,0.369565217391304
Data_LLbetween_0100_LH_075_noise_010pct_rep_03,Full_HG,10,3,0.432404039301028,16,16,0,59,1,0.213333333333333,0.351648351648352
Data_LLbetween_0100_LH_075_noise_010pct_rep_03,Full_HG,10,3,0.433706461106152,16,16,0,59,1,0.213333333333333,0.351648351648352
Data_LLbetween_0100_LH_075_noise_010pct_rep_03,Full_HG,10,3,0.435008882911276,16,16,0,59,1,0.213333333333333,0.351648351648352
Data_LLbetween_0100_LH_075_noise_010pct_rep_03,Full_HG,10,3,0.436311304716399,16,16,0,59,1,0.213333333333333,0.351648351648352
Data_LLbetween_0100_LH_075_noise_010pct_rep_03,Full_HG,10,3,0.437613726521523,15,15,0,60,1,0.2,0.333333333333333
Data_LLbetween_0100_LH_075_noise_010pct_rep_03,Full_HG,10,3,0.438916148326646,15,15,0,60,1,0.2,0.333333333333333
Data_LLbetween_0100_LH_075_noise_010pct_rep_03,Full_HG,10,3,0.44021857013177,15,15,0,60,1,0.2,0.333333333333333
Data_LLbetween_0100_LH_075_noise_010pct_rep_03,Full_HG,10,3,0.441520991936893,15,15,0,60,1,0.2,0.333333333333333
Data_LLbetween_0100_LH_075_noise_010pct_rep_03,Full_HG,10,3,0.442823413742017,15,15,0,60,1,0.2,0.333333333333333
Data_LLbetween_0100_LH_075_noise_010pct_rep_03,Full_HG,10,3,0.444125835547141,14,14,0,61,1,0.186666666666667,0.314606741573034
Data_LLbetween_0100_LH_075_noise_010pct_rep_03,Full_HG,10,3,0.445428257352264,14,14,0,61,1,0.186666666666667,0.314606741573034
Data_LLbetween_0100_LH_075_noise_010pct_rep_03,Full_HG,10,3,0.446730679157388,14,14,0,61,1,0.186666666666667,0.314606741573034
Data_LLbetween_0100_LH_075_noise_010pct_rep_03,Full_HG,10,3,0.448033100962511,14,14,0,61,1,0.186666666666667,0.314606741573034
Data_LLbetween_0100_LH_075_noise_010pct_rep_03,Full_HG,10,3,0.449335522767635,12,12,0,63,1,0.16,0.275862068965517
Data_LLbetween_0100_LH_075_noise_010pct_rep_03,Full_HG,10,3,0.450637944572758,9,9,0,66,1,0.12,0.214285714285714
Data_LLbetween_0100_LH_075_noise_010pct_rep_03,Full_HG,10,3,0.451940366377882,9,9,0,66,1,0.12,0.214285714285714
Data_LLbetween_0100_LH_075_noise_010pct_rep_03,Full_HG,10,3,0.453242788183006,6,6,0,69,1,0.08,0.148148148148148
Data_LLbetween_0100_LH_075_noise_010pct_rep_03,Full_HG,10,3,0.454545209988129,5,5,0,70,1,0.0666666666666667,0.125
Data_LLbetween_0100_LH_075_noise_010pct_rep_03,Full_HG,10,3,0.455847631793253,5,5,0,70,1,0.0666666666666667,0.125
Data_LLbetween_0100_LH_075_noise_010pct_rep_03,Full_HG,10,3,0.457150053598376,4,4,0,71,1,0.0533333333333333,0.10126582278481
Data_LLbetween_0100_LH_075_noise_010pct_rep_03,Full_HG,10,3,0.4584524754035,3,3,0,72,1,0.04,0.0769230769230769
Data_LLbetween_0100_LH_075_noise_010pct_rep_03,Full_HG,10,3,0.459754897208624,3,3,0,72,1,0.04,0.0769230769230769
Data_LLbetween_0100_LH_075_noise_010pct_rep_03,Full_HG,10,3,0.461057319013747,3,3,0,72,1,0.04,0.0769230769230769
Data_LLbetween_0100_LH_075_noise_010pct_rep_03,Full_HG,10,3,0.462359740818871,3,3,0,72,1,0.04,0.0769230769230769
Data_LLbetween_0100_LH_075_noise_010pct_rep_03,Full_HG,10,3,0.463662162623994,3,3,0,72,1,0.04,0.0769230769230769
Data_LLbetween_0100_LH_075_noise_010pct_rep_03,Full_HG,10,3,0.464964584429118,3,3,0,72,1,0.04,0.0769230769230769
Data_LLbetween_0100_LH_075_noise_010pct_rep_03,Full_HG,10,3,0.466267006234241,2,2,0,73,1,0.0266666666666667,0.051948051948052
Data_LLbetween_0100_LH_075_noise_010pct_rep_03,Full_HG,10,3,0.467569428039365,2,2,0,73,1,0.0266666666666667,0.051948051948052
Data_LLbetween_0100_LH_075_noise_010pct_rep_03,Full_HG,10,3,0.468871849844489,2,2,0,73,1,0.0266666666666667,0.051948051948052
Data_LLbetween_0100_LH_075_noise_010pct_rep_03,Full_HG,10,3,0.470174271649612,1,1,0,74,1,0.0133333333333333,0.0263157894736842
Data_LLbetween_0100_LH_075_noise_010pct_rep_03,Full_HG,10,3,0.471476693454736,1,1,0,74,1,0.0133333333333333,0.0263157894736842
Data_LLbetween_0100_LH_075_noise_010pct_rep_03,Full_HG,10,3,0.472779115259859,1,1,0,74,1,0.0133333333333333,0.0263157894736842
Data_LLbetween_0100_LH_075_noise_010pct_rep_03,Full_HG,10,3,0.474081537064983,1,1,0,74,1,0.0133333333333333,0.0263157894736842
Data_LLbetween_0100_LH_075_noise_010pct_rep_03,Full_HG,10,3,0.475383958870107,1,1,0,74,1,0.0133333333333333,0.0263157894736842
Data_LLbetween_0100_LH_075_noise_010pct_rep_03,Full_HG,10,3,0.47668638067523,0,0,0,75,NaN,0,0
Data_LLbetween_0100_LH_075_noise_010pct_rep_03,Full_HG,10,3,0.477988802480354,0,0,0,75,NaN,0,0
Data_LLbetween_0100_LH_075_noise_010pct_rep_03,Full_HG,10,3,0.479291224285477,0,0,0,75,NaN,0,0
Data_LLbetween_0100_LH_075_noise_010pct_rep_03,Full_HG,10,3,0.480593646090601,0,0,0,75,NaN,0,0
Data_LLbetween_0100_LH_075_noise_010pct_rep_03,Full_HG,10,3,0.481896067895724,0,0,0,75,NaN,0,0
Data_LLbetween_0100_LH_075_noise_010pct_rep_03,Full_HG,10,3,0.483198489700848,0,0,0,75,NaN,0,0
Data_LLbetween_0100_LH_075_noise_010pct_rep_03,Full_HG,10,3,0.484500911505972,0,0,0,75,NaN,0,0
Data_LLbetween_0100_LH_075_noise_010pct_rep_03,Full_HG,10,3,0.485803333311095,0,0,0,75,NaN,0,0
Data_LLbetween_0100_LH_075_noise_010pct_rep_03,Full_HG,10,3,0.487105755116219,0,0,0,75,NaN,0,0
Data_LLbetween_0100_LH_075_noise_010pct_rep_03,Full_HG,10,3,0.488408176921342,0,0,0,75,NaN,0,0
Data_LLbetween_0100_LH_075_noise_010pct_rep_03,Full_HG,10,3,0.489710598726466,0,0,0,75,NaN,0,0
Data_LLbetween_0100_LH_075_noise_010pct_rep_03,Full_HG,10,3,0.491013020531589,0,0,0,75,NaN,0,0
Data_LLbetween_0100_LH_075_noise_010pct_rep_03,Full_HG,10,3,0.492315442336713,0,0,0,75,NaN,0,0
Data_LLbetween_0100_LH_075_noise_010pct_rep_03,Full_HG,10,3,0.493617864141837,0,0,0,75,NaN,0,0
Data_LLbetween_0100_LH_075_noise_010pct_rep_03,Full_HG,10,3,0.49492028594696,0,0,0,75,NaN,0,0
Data_LLbetween_0100_LH_075_noise_010pct_rep_03,Full_HG,10,3,0.496222707752084,0,0,0,75,NaN,0,0
Data_LLbetween_0100_LH_075_noise_010pct_rep_03,Full_HG,10,3,0.497525129557207,0,0,0,75,NaN,0,0
Data_LLbetween_0100_LH_075_noise_010pct_rep_03,Full_HG,10,3,0.498827551362331,0,0,0,75,NaN,0,0
Data_LLbetween_0100_LH_075_noise_010pct_rep_03,Full_HG,10,3,0.500129973167455,0,0,0,75,NaN,0,0
Data_LLbetween_0100_LH_075_noise_010pct_rep_03,Full_HG,10,3,0.501432394972578,0,0,0,75,NaN,0,0
Data_LLbetween_0100_LH_075_noise_010pct_rep_03,Full_HG,10,3,0.502734816777702,0,0,0,75,NaN,0,0
Data_LLbetween_0100_LH_075_noise_010pct_rep_03,Full_HG,10,3,0.504037238582825,0,0,0,75,NaN,0,0
Data_LLbetween_0100_LH_075_noise_010pct_rep_03,Full_HG,10,3,0.505339660387949,0,0,0,75,NaN,0,0
Data_LLbetween_0100_LH_075_noise_010pct_rep_03,Full_HG,10,3,0.506642082193072,0,0,0,75,NaN,0,0
Data_LLbetween_0100_LH_075_noise_010pct_rep_03,Full_HG,10,3,0.507944503998196,0,0,0,75,NaN,0,0
Data_LLbetween_0100_LH_075_noise_010pct_rep_03,Full_HG,10,3,0.50924692580332,0,0,0,75,NaN,0,0
Data_LLbetween_0100_LH_075_noise_010pct_rep_03,Full_HG,10,3,0.510549347608443,0,0,0,75,NaN,0,0
Data_LLbetween_0100_LH_075_noise_010pct_rep_03,Full_HG,10,3,0.511851769413567,0,0,0,75,NaN,0,0
Data_LLbetween_0100_LH_075_noise_010pct_rep_03,Full_HG,10,3,0.51315419121869,0,0,0,75,NaN,0,0
Data_LLbetween_0100_LH_075_noise_010pct_rep_03,Full_HG,10,3,0.514456613023814,0,0,0,75,NaN,0,0
Data_LLbetween_0100_LH_075_noise_010pct_rep_03,Full_HG,10,3,0.515759034828937,0,0,0,75,NaN,0,0
Data_LLbetween_0100_LH_075_noise_010pct_rep_03,Full_HG,10,3,0.517061456634061,0,0,0,75,NaN,0,0
Data_LLbetween_0100_LH_075_noise_010pct_rep_03,Full_HG,10,3,0.518363878439185,0,0,0,75,NaN,0,0
Data_LLbetween_0100_LH_075_noise_010pct_rep_03,Full_HG,10,3,0.519666300244308,0,0,0,75,NaN,0,0
Data_LLbetween_0100_LH_075_noise_010pct_rep_03,Full_HG,10,3,0.520968722049432,0,0,0,75,NaN,0,0
Data_LLbetween_0100_LH_075_noise_025pct_rep_01,Full_HG,25,1,0,324,75,249,0,0.231481481481481,1,0.37593984962406
Data_LLbetween_0100_LH_075_noise_025pct_rep_01,Full_HG,25,1,0.00130242180512358,321,75,246,0,0.233644859813084,1,0.378787878787879
Data_LLbetween_0100_LH_075_noise_025pct_rep_01,Full_HG,25,1,0.00260484361024716,311,75,236,0,0.241157556270096,1,0.38860103626943
Data_LLbetween_0100_LH_075_noise_025pct_rep_01,Full_HG,25,1,0.00390726541537074,299,75,224,0,0.250836120401338,1,0.401069518716578
Data_LLbetween_0100_LH_075_noise_025pct_rep_01,Full_HG,25,1,0.00520968722049432,288,75,213,0,0.260416666666667,1,0.413223140495868
Data_LLbetween_0100_LH_075_noise_025pct_rep_01,Full_HG,25,1,0.0065121090256179,272,75,197,0,0.275735294117647,1,0.432276657060519
Data_LLbetween_0100_LH_075_noise_025pct_rep_01,Full_HG,25,1,0.00781453083074148,254,75,179,0,0.295275590551181,1,0.455927051671733
Data_LLbetween_0100_LH_075_noise_025pct_rep_01,Full_HG,25,1,0.00911695263586506,243,75,168,0,0.308641975308642,1,0.471698113207547
Data_LLbetween_0100_LH_075_noise_025pct_rep_01,Full_HG,25,1,0.0104193744409886,222,75,147,0,0.337837837837838,1,0.505050505050505
Data_LLbetween_0100_LH_075_noise_025pct_rep_01,Full_HG,25,1,0.0117217962461122,196,75,121,0,0.38265306122449,1,0.55350553505535
Data_LLbetween_0100_LH_075_noise_025pct_rep_01,Full_HG,25,1,0.0130242180512358,182,75,107,0,0.412087912087912,1,0.583657587548638
Data_LLbetween_0100_LH_075_noise_025pct_rep_01,Full_HG,25,1,0.0143266398563594,166,75,91,0,0.451807228915663,1,0.622406639004149
Data_LLbetween_0100_LH_075_noise_025pct_rep_01,Full_HG,25,1,0.015629061661483,149,75,74,0,0.503355704697987,1,0.669642857142857
Data_LLbetween_0100_LH_075_noise_025pct_rep_01,Full_HG,25,1,0.0169314834666065,135,75,60,0,0.555555555555556,1,0.714285714285714
Data_LLbetween_0100_LH_075_noise_025pct_rep_01,Full_HG,25,1,0.0182339052717301,121,75,46,0,0.619834710743802,1,0.76530612244898
Data_LLbetween_0100_LH_075_noise_025pct_rep_01,Full_HG,25,1,0.0195363270768537,108,75,33,0,0.694444444444444,1,0.819672131147541
Data_LLbetween_0100_LH_075_noise_025pct_rep_01,Full_HG,25,1,0.0208387488819773,101,75,26,0,0.742574257425743,1,0.852272727272727
Data_LLbetween_0100_LH_075_noise_025pct_rep_01,Full_HG,25,1,0.0221411706871009,99,75,24,0,0.757575757575758,1,0.862068965517241
Data_LLbetween_0100_LH_075_noise_025pct_rep_01,Full_HG,25,1,0.0234435924922244,94,75,19,0,0.797872340425532,1,0.887573964497041
Data_LLbetween_0100_LH_075_noise_025pct_rep_01,Full_HG,25,1,0.024746014297348,92,75,17,0,0.815217391304348,1,0.898203592814371
Data_LLbetween_0100_LH_075_noise_025pct_rep_01,Full_HG,25,1,0.0260484361024716,88,75,13,0,0.852272727272727,1,0.920245398773006
Data_LLbetween_0100_LH_075_noise_025pct_rep_01,Full_HG,25,1,0.0273508579075952,86,75,11,0,0.872093023255814,1,0.93167701863354
Data_LLbetween_0100_LH_075_noise_025pct_rep_01,Full_HG,25,1,0.0286532797127187,84,75,9,0,0.892857142857143,1,0.943396226415094
Data_LLbetween_0100_LH_075_noise_025pct_rep_01,Full_HG,25,1,0.0299557015178423,83,75,8,0,0.903614457831325,1,0.949367088607595
Data_LLbetween_0100_LH_075_noise_025pct_rep_01,Full_HG,25,1,0.0312581233229659,83,75,8,0,0.903614457831325,1,0.949367088607595
Data_LLbetween_0100_LH_075_noise_025pct_rep_01,Full_HG,25,1,0.0325605451280895,83,75,8,0,0.903614457831325,1,0.949367088607595
Data_LLbetween_0100_LH_075_noise_025pct_rep_01,Full_HG,25,1,0.0338629669332131,82,75,7,0,0.914634146341463,1,0.955414012738854
Data_LLbetween_0100_LH_075_noise_025pct_rep_01,Full_HG,25,1,0.0351653887383366,81,75,6,0,0.925925925925926,1,0.961538461538461
Data_LLbetween_0100_LH_075_noise_025pct_rep_01,Full_HG,25,1,0.0364678105434602,81,75,6,0,0.925925925925926,1,0.961538461538461
Data_LLbetween_0100_LH_075_noise_025pct_rep_01,Full_HG,25,1,0.0377702323485838,78,75,3,0,0.961538461538462,1,0.980392156862745
Data_LLbetween_0100_LH_075_noise_025pct_rep_01,Full_HG,25,1,0.0390726541537074,77,75,2,0,0.974025974025974,1,0.986842105263158
Data_LLbetween_0100_LH_075_noise_025pct_rep_01,Full_HG,25,1,0.040375075958831,75,75,0,0,1,1,1
Data_LLbetween_0100_LH_075_noise_025pct_rep_01,Full_HG,25,1,0.0416774977639545,75,75,0,0,1,1,1
Data_LLbetween_0100_LH_075_noise_025pct_rep_01,Full_HG,25,1,0.0429799195690781,75,75,0,0,1,1,1
Data_LLbetween_0100_LH_075_noise_025pct_rep_01,Full_HG,25,1,0.0442823413742017,75,75,0,0,1,1,1
Data_LLbetween_0100_LH_075_noise_025pct_rep_01,Full_HG,25,1,0.0455847631793253,75,75,0,0,1,1,1
Data_LLbetween_0100_LH_075_noise_025pct_rep_01,Full_HG,25,1,0.0468871849844489,75,75,0,0,1,1,1
Data_LLbetween_0100_LH_075_noise_025pct_rep_01,Full_HG,25,1,0.0481896067895724,75,75,0,0,1,1,1
Data_LLbetween_0100_LH_075_noise_025pct_rep_01,Full_HG,25,1,0.049492028594696,75,75,0,0,1,1,1
Data_LLbetween_0100_LH_075_noise_025pct_rep_01,Full_HG,25,1,0.0507944503998196,75,75,0,0,1,1,1
Data_LLbetween_0100_LH_075_noise_025pct_rep_01,Full_HG,25,1,0.0520968722049432,75,75,0,0,1,1,1
Data_LLbetween_0100_LH_075_noise_025pct_rep_01,Full_HG,25,1,0.0533992940100668,75,75,0,0,1,1,1
Data_LLbetween_0100_LH_075_noise_025pct_rep_01,Full_HG,25,1,0.0547017158151903,75,75,0,0,1,1,1
Data_LLbetween_0100_LH_075_noise_025pct_rep_01,Full_HG,25,1,0.0560041376203139,75,75,0,0,1,1,1
Data_LLbetween_0100_LH_075_noise_025pct_rep_01,Full_HG,25,1,0.0573065594254375,75,75,0,0,1,1,1
Data_LLbetween_0100_LH_075_noise_025pct_rep_01,Full_HG,25,1,0.0586089812305611,75,75,0,0,1,1,1
Data_LLbetween_0100_LH_075_noise_025pct_rep_01,Full_HG,25,1,0.0599114030356847,75,75,0,0,1,1,1
Data_LLbetween_0100_LH_075_noise_025pct_rep_01,Full_HG,25,1,0.0612138248408082,75,75,0,0,1,1,1
Data_LLbetween_0100_LH_075_noise_025pct_rep_01,Full_HG,25,1,0.0625162466459318,75,75,0,0,1,1,1
Data_LLbetween_0100_LH_075_noise_025pct_rep_01,Full_HG,25,1,0.0638186684510554,75,75,0,0,1,1,1
Data_LLbetween_0100_LH_075_noise_025pct_rep_01,Full_HG,25,1,0.065121090256179,75,75,0,0,1,1,1
Data_LLbetween_0100_LH_075_noise_025pct_rep_01,Full_HG,25,1,0.0664235120613026,75,75,0,0,1,1,1
Data_LLbetween_0100_LH_075_noise_025pct_rep_01,Full_HG,25,1,0.0677259338664261,75,75,0,0,1,1,1
Data_LLbetween_0100_LH_075_noise_025pct_rep_01,Full_HG,25,1,0.0690283556715497,75,75,0,0,1,1,1
Data_LLbetween_0100_LH_075_noise_025pct_rep_01,Full_HG,25,1,0.0703307774766733,75,75,0,0,1,1,1
Data_LLbetween_0100_LH_075_noise_025pct_rep_01,Full_HG,25,1,0.0716331992817969,75,75,0,0,1,1,1
Data_LLbetween_0100_LH_075_noise_025pct_rep_01,Full_HG,25,1,0.0729356210869204,75,75,0,0,1,1,1
Data_LLbetween_0100_LH_075_noise_025pct_rep_01,Full_HG,25,1,0.074238042892044,75,75,0,0,1,1,1
Data_LLbetween_0100_LH_075_noise_025pct_rep_01,Full_HG,25,1,0.0755404646971676,75,75,0,0,1,1,1
Data_LLbetween_0100_LH_075_noise_025pct_rep_01,Full_HG,25,1,0.0768428865022912,75,75,0,0,1,1,1
Data_LLbetween_0100_LH_075_noise_025pct_rep_01,Full_HG,25,1,0.0781453083074148,75,75,0,0,1,1,1
Data_LLbetween_0100_LH_075_noise_025pct_rep_01,Full_HG,25,1,0.0794477301125383,75,75,0,0,1,1,1
Data_LLbetween_0100_LH_075_noise_025pct_rep_01,Full_HG,25,1,0.0807501519176619,75,75,0,0,1,1,1
Data_LLbetween_0100_LH_075_noise_025pct_rep_01,Full_HG,25,1,0.0820525737227855,75,75,0,0,1,1,1
Data_LLbetween_0100_LH_075_noise_025pct_rep_01,Full_HG,25,1,0.0833549955279091,75,75,0,0,1,1,1
Data_LLbetween_0100_LH_075_noise_025pct_rep_01,Full_HG,25,1,0.0846574173330327,75,75,0,0,1,1,1
Data_LLbetween_0100_LH_075_noise_025pct_rep_01,Full_HG,25,1,0.0859598391381562,75,75,0,0,1,1,1
Data_LLbetween_0100_LH_075_noise_025pct_rep_01,Full_HG,25,1,0.0872622609432798,75,75,0,0,1,1,1
Data_LLbetween_0100_LH_075_noise_025pct_rep_01,Full_HG,25,1,0.0885646827484034,75,75,0,0,1,1,1
Data_LLbetween_0100_LH_075_noise_025pct_rep_01,Full_HG,25,1,0.089867104553527,75,75,0,0,1,1,1
Data_LLbetween_0100_LH_075_noise_025pct_rep_01,Full_HG,25,1,0.0911695263586506,75,75,0,0,1,1,1
Data_LLbetween_0100_LH_075_noise_025pct_rep_01,Full_HG,25,1,0.0924719481637741,75,75,0,0,1,1,1
Data_LLbetween_0100_LH_075_noise_025pct_rep_01,Full_HG,25,1,0.0937743699688977,75,75,0,0,1,1,1
Data_LLbetween_0100_LH_075_noise_025pct_rep_01,Full_HG,25,1,0.0950767917740213,75,75,0,0,1,1,1
Data_LLbetween_0100_LH_075_noise_025pct_rep_01,Full_HG,25,1,0.0963792135791449,75,75,0,0,1,1,1
Data_LLbetween_0100_LH_075_noise_025pct_rep_01,Full_HG,25,1,0.0976816353842685,75,75,0,0,1,1,1
Data_LLbetween_0100_LH_075_noise_025pct_rep_01,Full_HG,25,1,0.098984057189392,75,75,0,0,1,1,1
Data_LLbetween_0100_LH_075_noise_025pct_rep_01,Full_HG,25,1,0.100286478994516,75,75,0,0,1,1,1
Data_LLbetween_0100_LH_075_noise_025pct_rep_01,Full_HG,25,1,0.101588900799639,75,75,0,0,1,1,1
Data_LLbetween_0100_LH_075_noise_025pct_rep_01,Full_HG,25,1,0.102891322604763,75,75,0,0,1,1,1
Data_LLbetween_0100_LH_075_noise_025pct_rep_01,Full_HG,25,1,0.104193744409886,75,75,0,0,1,1,1
Data_LLbetween_0100_LH_075_noise_025pct_rep_01,Full_HG,25,1,0.10549616621501,75,75,0,0,1,1,1
Data_LLbetween_0100_LH_075_noise_025pct_rep_01,Full_HG,25,1,0.106798588020134,75,75,0,0,1,1,1
Data_LLbetween_0100_LH_075_noise_025pct_rep_01,Full_HG,25,1,0.108101009825257,75,75,0,0,1,1,1
Data_LLbetween_0100_LH_075_noise_025pct_rep_01,Full_HG,25,1,0.109403431630381,75,75,0,0,1,1,1
Data_LLbetween_0100_LH_075_noise_025pct_rep_01,Full_HG,25,1,0.110705853435504,75,75,0,0,1,1,1
Data_LLbetween_0100_LH_075_noise_025pct_rep_01,Full_HG,25,1,0.112008275240628,75,75,0,0,1,1,1
Data_LLbetween_0100_LH_075_noise_025pct_rep_01,Full_HG,25,1,0.113310697045751,75,75,0,0,1,1,1
Data_LLbetween_0100_LH_075_noise_025pct_rep_01,Full_HG,25,1,0.114613118850875,75,75,0,0,1,1,1
Data_LLbetween_0100_LH_075_noise_025pct_rep_01,Full_HG,25,1,0.115915540655999,75,75,0,0,1,1,1
Data_LLbetween_0100_LH_075_noise_025pct_rep_01,Full_HG,25,1,0.117217962461122,75,75,0,0,1,1,1
Data_LLbetween_0100_LH_075_noise_025pct_rep_01,Full_HG,25,1,0.118520384266246,75,75,0,0,1,1,1
Data_LLbetween_0100_LH_075_noise_025pct_rep_01,Full_HG,25,1,0.119822806071369,75,75,0,0,1,1,1
Data_LLbetween_0100_LH_075_noise_025pct_rep_01,Full_HG,25,1,0.121125227876493,75,75,0,0,1,1,1
Data_LLbetween_0100_LH_075_noise_025pct_rep_01,Full_HG,25,1,0.122427649681616,75,75,0,0,1,1,1
Data_LLbetween_0100_LH_075_noise_025pct_rep_01,Full_HG,25,1,0.12373007148674,75,75,0,0,1,1,1
Data_LLbetween_0100_LH_075_noise_025pct_rep_01,Full_HG,25,1,0.125032493291864,75,75,0,0,1,1,1
Data_LLbetween_0100_LH_075_noise_025pct_rep_01,Full_HG,25,1,0.126334915096987,75,75,0,0,1,1,1
Data_LLbetween_0100_LH_075_noise_025pct_rep_01,Full_HG,25,1,0.127637336902111,75,75,0,0,1,1,1
Data_LLbetween_0100_LH_075_noise_025pct_rep_01,Full_HG,25,1,0.128939758707234,75,75,0,0,1,1,1
Data_LLbetween_0100_LH_075_noise_025pct_rep_01,Full_HG,25,1,0.130242180512358,75,75,0,0,1,1,1
Data_LLbetween_0100_LH_075_noise_025pct_rep_01,Full_HG,25,1,0.131544602317482,75,75,0,0,1,1,1
Data_LLbetween_0100_LH_075_noise_025pct_rep_01,Full_HG,25,1,0.132847024122605,75,75,0,0,1,1,1
Data_LLbetween_0100_LH_075_noise_025pct_rep_01,Full_HG,25,1,0.134149445927729,75,75,0,0,1,1,1
Data_LLbetween_0100_LH_075_noise_025pct_rep_01,Full_HG,25,1,0.135451867732852,75,75,0,0,1,1,1
Data_LLbetween_0100_LH_075_noise_025pct_rep_01,Full_HG,25,1,0.136754289537976,75,75,0,0,1,1,1
Data_LLbetween_0100_LH_075_noise_025pct_rep_01,Full_HG,25,1,0.138056711343099,75,75,0,0,1,1,1
Data_LLbetween_0100_LH_075_noise_025pct_rep_01,Full_HG,25,1,0.139359133148223,75,75,0,0,1,1,1
Data_LLbetween_0100_LH_075_noise_025pct_rep_01,Full_HG,25,1,0.140661554953347,75,75,0,0,1,1,1
Data_LLbetween_0100_LH_075_noise_025pct_rep_01,Full_HG,25,1,0.14196397675847,75,75,0,0,1,1,1
Data_LLbetween_0100_LH_075_noise_025pct_rep_01,Full_HG,25,1,0.143266398563594,75,75,0,0,1,1,1
Data_LLbetween_0100_LH_075_noise_025pct_rep_01,Full_HG,25,1,0.144568820368717,75,75,0,0,1,1,1
Data_LLbetween_0100_LH_075_noise_025pct_rep_01,Full_HG,25,1,0.145871242173841,75,75,0,0,1,1,1
Data_LLbetween_0100_LH_075_noise_025pct_rep_01,Full_HG,25,1,0.147173663978964,75,75,0,0,1,1,1
Data_LLbetween_0100_LH_075_noise_025pct_rep_01,Full_HG,25,1,0.148476085784088,75,75,0,0,1,1,1
Data_LLbetween_0100_LH_075_noise_025pct_rep_01,Full_HG,25,1,0.149778507589212,75,75,0,0,1,1,1
Data_LLbetween_0100_LH_075_noise_025pct_rep_01,Full_HG,25,1,0.151080929394335,75,75,0,0,1,1,1
Data_LLbetween_0100_LH_075_noise_025pct_rep_01,Full_HG,25,1,0.152383351199459,75,75,0,0,1,1,1
Data_LLbetween_0100_LH_075_noise_025pct_rep_01,Full_HG,25,1,0.153685773004582,75,75,0,0,1,1,1
Data_LLbetween_0100_LH_075_noise_025pct_rep_01,Full_HG,25,1,0.154988194809706,75,75,0,0,1,1,1
Data_LLbetween_0100_LH_075_noise_025pct_rep_01,Full_HG,25,1,0.15629061661483,75,75,0,0,1,1,1
Data_LLbetween_0100_LH_075_noise_025pct_rep_01,Full_HG,25,1,0.157593038419953,75,75,0,0,1,1,1
Data_LLbetween_0100_LH_075_noise_025pct_rep_01,Full_HG,25,1,0.158895460225077,75,75,0,0,1,1,1
Data_LLbetween_0100_LH_075_noise_025pct_rep_01,Full_HG,25,1,0.1601978820302,75,75,0,0,1,1,1
Data_LLbetween_0100_LH_075_noise_025pct_rep_01,Full_HG,25,1,0.161500303835324,75,75,0,0,1,1,1
Data_LLbetween_0100_LH_075_noise_025pct_rep_01,Full_HG,25,1,0.162802725640447,75,75,0,0,1,1,1
Data_LLbetween_0100_LH_075_noise_025pct_rep_01,Full_HG,25,1,0.164105147445571,75,75,0,0,1,1,1
Data_LLbetween_0100_LH_075_noise_025pct_rep_01,Full_HG,25,1,0.165407569250695,75,75,0,0,1,1,1
Data_LLbetween_0100_LH_075_noise_025pct_rep_01,Full_HG,25,1,0.166709991055818,75,75,0,0,1,1,1
Data_LLbetween_0100_LH_075_noise_025pct_rep_01,Full_HG,25,1,0.168012412860942,75,75,0,0,1,1,1
Data_LLbetween_0100_LH_075_noise_025pct_rep_01,Full_HG,25,1,0.169314834666065,75,75,0,0,1,1,1
Data_LLbetween_0100_LH_075_noise_025pct_rep_01,Full_HG,25,1,0.170617256471189,75,75,0,0,1,1,1
Data_LLbetween_0100_LH_075_noise_025pct_rep_01,Full_HG,25,1,0.171919678276312,75,75,0,0,1,1,1
Data_LLbetween_0100_LH_075_noise_025pct_rep_01,Full_HG,25,1,0.173222100081436,75,75,0,0,1,1,1
Data_LLbetween_0100_LH_075_noise_025pct_rep_01,Full_HG,25,1,0.17452452188656,75,75,0,0,1,1,1
Data_LLbetween_0100_LH_075_noise_025pct_rep_01,Full_HG,25,1,0.175826943691683,75,75,0,0,1,1,1
Data_LLbetween_0100_LH_075_noise_025pct_rep_01,Full_HG,25,1,0.177129365496807,75,75,0,0,1,1,1
Data_LLbetween_0100_LH_075_noise_025pct_rep_01,Full_HG,25,1,0.17843178730193,75,75,0,0,1,1,1
Data_LLbetween_0100_LH_075_noise_025pct_rep_01,Full_HG,25,1,0.179734209107054,75,75,0,0,1,1,1
Data_LLbetween_0100_LH_075_noise_025pct_rep_01,Full_HG,25,1,0.181036630912178,75,75,0,0,1,1,1
Data_LLbetween_0100_LH_075_noise_025pct_rep_01,Full_HG,25,1,0.182339052717301,75,75,0,0,1,1,1
Data_LLbetween_0100_LH_075_noise_025pct_rep_01,Full_HG,25,1,0.183641474522425,75,75,0,0,1,1,1
Data_LLbetween_0100_LH_075_noise_025pct_rep_01,Full_HG,25,1,0.184943896327548,75,75,0,0,1,1,1
Data_LLbetween_0100_LH_075_noise_025pct_rep_01,Full_HG,25,1,0.186246318132672,75,75,0,0,1,1,1
Data_LLbetween_0100_LH_075_noise_025pct_rep_01,Full_HG,25,1,0.187548739937795,75,75,0,0,1,1,1
Data_LLbetween_0100_LH_075_noise_025pct_rep_01,Full_HG,25,1,0.188851161742919,75,75,0,0,1,1,1
Data_LLbetween_0100_LH_075_noise_025pct_rep_01,Full_HG,25,1,0.190153583548043,75,75,0,0,1,1,1
Data_LLbetween_0100_LH_075_noise_025pct_rep_01,Full_HG,25,1,0.191456005353166,75,75,0,0,1,1,1
Data_LLbetween_0100_LH_075_noise_025pct_rep_01,Full_HG,25,1,0.19275842715829,75,75,0,0,1,1,1
Data_LLbetween_0100_LH_075_noise_025pct_rep_01,Full_HG,25,1,0.194060848963413,75,75,0,0,1,1,1
Data_LLbetween_0100_LH_075_noise_025pct_rep_01,Full_HG,25,1,0.195363270768537,75,75,0,0,1,1,1
Data_LLbetween_0100_LH_075_noise_025pct_rep_01,Full_HG,25,1,0.19666569257366,75,75,0,0,1,1,1
Data_LLbetween_0100_LH_075_noise_025pct_rep_01,Full_HG,25,1,0.197968114378784,75,75,0,0,1,1,1
Data_LLbetween_0100_LH_075_noise_025pct_rep_01,Full_HG,25,1,0.199270536183908,75,75,0,0,1,1,1
Data_LLbetween_0100_LH_075_noise_025pct_rep_01,Full_HG,25,1,0.200572957989031,75,75,0,0,1,1,1
Data_LLbetween_0100_LH_075_noise_025pct_rep_01,Full_HG,25,1,0.201875379794155,75,75,0,0,1,1,1
Data_LLbetween_0100_LH_075_noise_025pct_rep_01,Full_HG,25,1,0.203177801599278,75,75,0,0,1,1,1
Data_LLbetween_0100_LH_075_noise_025pct_rep_01,Full_HG,25,1,0.204480223404402,75,75,0,0,1,1,1
Data_LLbetween_0100_LH_075_noise_025pct_rep_01,Full_HG,25,1,0.205782645209526,75,75,0,0,1,1,1
Data_LLbetween_0100_LH_075_noise_025pct_rep_01,Full_HG,25,1,0.207085067014649,75,75,0,0,1,1,1
Data_LLbetween_0100_LH_075_noise_025pct_rep_01,Full_HG,25,1,0.208387488819773,75,75,0,0,1,1,1
Data_LLbetween_0100_LH_075_noise_025pct_rep_01,Full_HG,25,1,0.209689910624896,75,75,0,0,1,1,1
Data_LLbetween_0100_LH_075_noise_025pct_rep_01,Full_HG,25,1,0.21099233243002,75,75,0,0,1,1,1
Data_LLbetween_0100_LH_075_noise_025pct_rep_01,Full_HG,25,1,0.212294754235143,75,75,0,0,1,1,1
Data_LLbetween_0100_LH_075_noise_025pct_rep_01,Full_HG,25,1,0.213597176040267,75,75,0,0,1,1,1
Data_LLbetween_0100_LH_075_noise_025pct_rep_01,Full_HG,25,1,0.214899597845391,75,75,0,0,1,1,1
Data_LLbetween_0100_LH_075_noise_025pct_rep_01,Full_HG,25,1,0.216202019650514,75,75,0,0,1,1,1
Data_LLbetween_0100_LH_075_noise_025pct_rep_01,Full_HG,25,1,0.217504441455638,75,75,0,0,1,1,1
Data_LLbetween_0100_LH_075_noise_025pct_rep_01,Full_HG,25,1,0.218806863260761,75,75,0,0,1,1,1
Data_LLbetween_0100_LH_075_noise_025pct_rep_01,Full_HG,25,1,0.220109285065885,75,75,0,0,1,1,1
Data_LLbetween_0100_LH_075_noise_025pct_rep_01,Full_HG,25,1,0.221411706871009,75,75,0,0,1,1,1
Data_LLbetween_0100_LH_075_noise_025pct_rep_01,Full_HG,25,1,0.222714128676132,74,74,0,1,1,0.986666666666667,0.993288590604027
Data_LLbetween_0100_LH_075_noise_025pct_rep_01,Full_HG,25,1,0.224016550481256,73,73,0,2,1,0.973333333333333,0.986486486486487
Data_LLbetween_0100_LH_075_noise_025pct_rep_01,Full_HG,25,1,0.225318972286379,73,73,0,2,1,0.973333333333333,0.986486486486487
Data_LLbetween_0100_LH_075_noise_025pct_rep_01,Full_HG,25,1,0.226621394091503,73,73,0,2,1,0.973333333333333,0.986486486486487
Data_LLbetween_0100_LH_075_noise_025pct_rep_01,Full_HG,25,1,0.227923815896626,73,73,0,2,1,0.973333333333333,0.986486486486487
Data_LLbetween_0100_LH_075_noise_025pct_rep_01,Full_HG,25,1,0.22922623770175,73,73,0,2,1,0.973333333333333,0.986486486486487
Data_LLbetween_0100_LH_075_noise_025pct_rep_01,Full_HG,25,1,0.230528659506874,73,73,0,2,1,0.973333333333333,0.986486486486487
Data_LLbetween_0100_LH_075_noise_025pct_rep_01,Full_HG,25,1,0.231831081311997,73,73,0,2,1,0.973333333333333,0.986486486486487
Data_LLbetween_0100_LH_075_noise_025pct_rep_01,Full_HG,25,1,0.233133503117121,73,73,0,2,1,0.973333333333333,0.986486486486487
Data_LLbetween_0100_LH_075_noise_025pct_rep_01,Full_HG,25,1,0.234435924922244,73,73,0,2,1,0.973333333333333,0.986486486486487
Data_LLbetween_0100_LH_075_noise_025pct_rep_01,Full_HG,25,1,0.235738346727368,72,72,0,3,1,0.96,0.979591836734694
Data_LLbetween_0100_LH_075_noise_025pct_rep_01,Full_HG,25,1,0.237040768532491,69,69,0,6,1,0.92,0.958333333333333
Data_LLbetween_0100_LH_075_noise_025pct_rep_01,Full_HG,25,1,0.238343190337615,69,69,0,6,1,0.92,0.958333333333333
Data_LLbetween_0100_LH_075_noise_025pct_rep_01,Full_HG,25,1,0.239645612142739,69,69,0,6,1,0.92,0.958333333333333
Data_LLbetween_0100_LH_075_noise_025pct_rep_01,Full_HG,25,1,0.240948033947862,69,69,0,6,1,0.92,0.958333333333333
Data_LLbetween_0100_LH_075_noise_025pct_rep_01,Full_HG,25,1,0.242250455752986,69,69,0,6,1,0.92,0.958333333333333
Data_LLbetween_0100_LH_075_noise_025pct_rep_01,Full_HG,25,1,0.243552877558109,69,69,0,6,1,0.92,0.958333333333333
Data_LLbetween_0100_LH_075_noise_025pct_rep_01,Full_HG,25,1,0.244855299363233,69,69,0,6,1,0.92,0.958333333333333
Data_LLbetween_0100_LH_075_noise_025pct_rep_01,Full_HG,25,1,0.246157721168356,69,69,0,6,1,0.92,0.958333333333333
Data_LLbetween_0100_LH_075_noise_025pct_rep_01,Full_HG,25,1,0.24746014297348,69,69,0,6,1,0.92,0.958333333333333
Data_LLbetween_0100_LH_075_noise_025pct_rep_01,Full_HG,25,1,0.248762564778604,68,68,0,7,1,0.906666666666667,0.951048951048951
Data_LLbetween_0100_LH_075_noise_025pct_rep_01,Full_HG,25,1,0.250064986583727,68,68,0,7,1,0.906666666666667,0.951048951048951
Data_LLbetween_0100_LH_075_noise_025pct_rep_01,Full_HG,25,1,0.251367408388851,68,68,0,7,1,0.906666666666667,0.951048951048951
Data_LLbetween_0100_LH_075_noise_025pct_rep_01,Full_HG,25,1,0.252669830193974,68,68,0,7,1,0.906666666666667,0.951048951048951
Data_LLbetween_0100_LH_075_noise_025pct_rep_01,Full_HG,25,1,0.253972251999098,68,68,0,7,1,0.906666666666667,0.951048951048951
Data_LLbetween_0100_LH_075_noise_025pct_rep_01,Full_HG,25,1,0.255274673804222,68,68,0,7,1,0.906666666666667,0.951048951048951
Data_LLbetween_0100_LH_075_noise_025pct_rep_01,Full_HG,25,1,0.256577095609345,67,67,0,8,1,0.893333333333333,0.943661971830986
Data_LLbetween_0100_LH_075_noise_025pct_rep_01,Full_HG,25,1,0.257879517414469,67,67,0,8,1,0.893333333333333,0.943661971830986
Data_LLbetween_0100_LH_075_noise_025pct_rep_01,Full_HG,25,1,0.259181939219592,67,67,0,8,1,0.893333333333333,0.943661971830986
Data_LLbetween_0100_LH_075_noise_025pct_rep_01,Full_HG,25,1,0.260484361024716,67,67,0,8,1,0.893333333333333,0.943661971830986
Data_LLbetween_0100_LH_075_noise_025pct_rep_01,Full_HG,25,1,0.261786782829839,67,67,0,8,1,0.893333333333333,0.943661971830986
Data_LLbetween_0100_LH_075_noise_025pct_rep_01,Full_HG,25,1,0.263089204634963,67,67,0,8,1,0.893333333333333,0.943661971830986
Data_LLbetween_0100_LH_075_noise_025pct_rep_01,Full_HG,25,1,0.264391626440087,67,67,0,8,1,0.893333333333333,0.943661971830986
Data_LLbetween_0100_LH_075_noise_025pct_rep_01,Full_HG,25,1,0.26569404824521,67,67,0,8,1,0.893333333333333,0.943661971830986
Data_LLbetween_0100_LH_075_noise_025pct_rep_01,Full_HG,25,1,0.266996470050334,67,67,0,8,1,0.893333333333333,0.943661971830986
Data_LLbetween_0100_LH_075_noise_025pct_rep_01,Full_HG,25,1,0.268298891855457,67,67,0,8,1,0.893333333333333,0.943661971830986
Data_LLbetween_0100_LH_075_noise_025pct_rep_01,Full_HG,25,1,0.269601313660581,67,67,0,8,1,0.893333333333333,0.943661971830986
Data_LLbetween_0100_LH_075_noise_025pct_rep_01,Full_HG,25,1,0.270903735465705,67,67,0,8,1,0.893333333333333,0.943661971830986
Data_LLbetween_0100_LH_075_noise_025pct_rep_01,Full_HG,25,1,0.272206157270828,67,67,0,8,1,0.893333333333333,0.943661971830986
Data_LLbetween_0100_LH_075_noise_025pct_rep_01,Full_HG,25,1,0.273508579075952,67,67,0,8,1,0.893333333333333,0.943661971830986
Data_LLbetween_0100_LH_075_noise_025pct_rep_01,Full_HG,25,1,0.274811000881075,67,67,0,8,1,0.893333333333333,0.943661971830986
Data_LLbetween_0100_LH_075_noise_025pct_rep_01,Full_HG,25,1,0.276113422686199,67,67,0,8,1,0.893333333333333,0.943661971830986
Data_LLbetween_0100_LH_075_noise_025pct_rep_01,Full_HG,25,1,0.277415844491322,67,67,0,8,1,0.893333333333333,0.943661971830986
Data_LLbetween_0100_LH_075_noise_025pct_rep_01,Full_HG,25,1,0.278718266296446,67,67,0,8,1,0.893333333333333,0.943661971830986
Data_LLbetween_0100_LH_075_noise_025pct_rep_01,Full_HG,25,1,0.28002068810157,67,67,0,8,1,0.893333333333333,0.943661971830986
Data_LLbetween_0100_LH_075_noise_025pct_rep_01,Full_HG,25,1,0.281323109906693,67,67,0,8,1,0.893333333333333,0.943661971830986
Data_LLbetween_0100_LH_075_noise_025pct_rep_01,Full_HG,25,1,0.282625531711817,67,67,0,8,1,0.893333333333333,0.943661971830986
Data_LLbetween_0100_LH_075_noise_025pct_rep_01,Full_HG,25,1,0.28392795351694,67,67,0,8,1,0.893333333333333,0.943661971830986
Data_LLbetween_0100_LH_075_noise_025pct_rep_01,Full_HG,25,1,0.285230375322064,67,67,0,8,1,0.893333333333333,0.943661971830986
Data_LLbetween_0100_LH_075_noise_025pct_rep_01,Full_HG,25,1,0.286532797127187,67,67,0,8,1,0.893333333333333,0.943661971830986
Data_LLbetween_0100_LH_075_noise_025pct_rep_01,Full_HG,25,1,0.287835218932311,67,67,0,8,1,0.893333333333333,0.943661971830986
Data_LLbetween_0100_LH_075_noise_025pct_rep_01,Full_HG,25,1,0.289137640737435,67,67,0,8,1,0.893333333333333,0.943661971830986
Data_LLbetween_0100_LH_075_noise_025pct_rep_01,Full_HG,25,1,0.290440062542558,66,66,0,9,1,0.88,0.936170212765957
Data_LLbetween_0100_LH_075_noise_025pct_rep_01,Full_HG,25,1,0.291742484347682,66,66,0,9,1,0.88,0.936170212765957
Data_LLbetween_0100_LH_075_noise_025pct_rep_01,Full_HG,25,1,0.293044906152805,66,66,0,9,1,0.88,0.936170212765957
Data_LLbetween_0100_LH_075_noise_025pct_rep_01,Full_HG,25,1,0.294347327957929,66,66,0,9,1,0.88,0.936170212765957
Data_LLbetween_0100_LH_075_noise_025pct_rep_01,Full_HG,25,1,0.295649749763053,66,66,0,9,1,0.88,0.936170212765957
Data_LLbetween_0100_LH_075_noise_025pct_rep_01,Full_HG,25,1,0.296952171568176,66,66,0,9,1,0.88,0.936170212765957
Data_LLbetween_0100_LH_075_noise_025pct_rep_01,Full_HG,25,1,0.2982545933733,65,65,0,10,1,0.866666666666667,0.928571428571429
Data_LLbetween_0100_LH_075_noise_025pct_rep_01,Full_HG,25,1,0.299557015178423,65,65,0,10,1,0.866666666666667,0.928571428571429
Data_LLbetween_0100_LH_075_noise_025pct_rep_01,Full_HG,25,1,0.300859436983547,65,65,0,10,1,0.866666666666667,0.928571428571429
Data_LLbetween_0100_LH_075_noise_025pct_rep_01,Full_HG,25,1,0.30216185878867,65,65,0,10,1,0.866666666666667,0.928571428571429
Data_LLbetween_0100_LH_075_noise_025pct_rep_01,Full_HG,25,1,0.303464280593794,65,65,0,10,1,0.866666666666667,0.928571428571429
Data_LLbetween_0100_LH_075_noise_025pct_rep_01,Full_HG,25,1,0.304766702398918,65,65,0,10,1,0.866666666666667,0.928571428571429
Data_LLbetween_0100_LH_075_noise_025pct_rep_01,Full_HG,25,1,0.306069124204041,63,63,0,12,1,0.84,0.91304347826087
Data_LLbetween_0100_LH_075_noise_025pct_rep_01,Full_HG,25,1,0.307371546009165,62,62,0,13,1,0.826666666666667,0.905109489051095
Data_LLbetween_0100_LH_075_noise_025pct_rep_01,Full_HG,25,1,0.308673967814288,62,62,0,13,1,0.826666666666667,0.905109489051095
Data_LLbetween_0100_LH_075_noise_025pct_rep_01,Full_HG,25,1,0.309976389619412,62,62,0,13,1,0.826666666666667,0.905109489051095
Data_LLbetween_0100_LH_075_noise_025pct_rep_01,Full_HG,25,1,0.311278811424536,61,61,0,14,1,0.813333333333333,0.897058823529412
Data_LLbetween_0100_LH_075_noise_025pct_rep_01,Full_HG,25,1,0.312581233229659,61,61,0,14,1,0.813333333333333,0.897058823529412
Data_LLbetween_0100_LH_075_noise_025pct_rep_01,Full_HG,25,1,0.313883655034783,60,60,0,15,1,0.8,0.888888888888889
Data_LLbetween_0100_LH_075_noise_025pct_rep_01,Full_HG,25,1,0.315186076839906,60,60,0,15,1,0.8,0.888888888888889
Data_LLbetween_0100_LH_075_noise_025pct_rep_01,Full_HG,25,1,0.31648849864503,60,60,0,15,1,0.8,0.888888888888889
Data_LLbetween_0100_LH_075_noise_025pct_rep_01,Full_HG,25,1,0.317790920450153,59,59,0,16,1,0.786666666666667,0.880597014925373
Data_LLbetween_0100_LH_075_noise_025pct_rep_01,Full_HG,25,1,0.319093342255277,59,59,0,16,1,0.786666666666667,0.880597014925373
Data_LLbetween_0100_LH_075_noise_025pct_rep_01,Full_HG,25,1,0.320395764060401,59,59,0,16,1,0.786666666666667,0.880597014925373
Data_LLbetween_0100_LH_075_noise_025pct_rep_01,Full_HG,25,1,0.321698185865524,58,58,0,17,1,0.773333333333333,0.87218045112782
Data_LLbetween_0100_LH_075_noise_025pct_rep_01,Full_HG,25,1,0.323000607670648,58,58,0,17,1,0.773333333333333,0.87218045112782
Data_LLbetween_0100_LH_075_noise_025pct_rep_01,Full_HG,25,1,0.324303029475771,57,57,0,18,1,0.76,0.863636363636364
Data_LLbetween_0100_LH_075_noise_025pct_rep_01,Full_HG,25,1,0.325605451280895,56,56,0,19,1,0.746666666666667,0.854961832061069
Data_LLbetween_0100_LH_075_noise_025pct_rep_01,Full_HG,25,1,0.326907873086018,56,56,0,19,1,0.746666666666667,0.854961832061069
Data_LLbetween_0100_LH_075_noise_025pct_rep_01,Full_HG,25,1,0.328210294891142,56,56,0,19,1,0.746666666666667,0.854961832061069
Data_LLbetween_0100_LH_075_noise_025pct_rep_01,Full_HG,25,1,0.329512716696266,56,56,0,19,1,0.746666666666667,0.854961832061069
Data_LLbetween_0100_LH_075_noise_025pct_rep_01,Full_HG,25,1,0.330815138501389,54,54,0,21,1,0.72,0.837209302325581
Data_LLbetween_0100_LH_075_noise_025pct_rep_01,Full_HG,25,1,0.332117560306513,53,53,0,22,1,0.706666666666667,0.828125
Data_LLbetween_0100_LH_075_noise_025pct_rep_01,Full_HG,25,1,0.333419982111636,53,53,0,22,1,0.706666666666667,0.828125
Data_LLbetween_0100_LH_075_noise_025pct_rep_01,Full_HG,25,1,0.33472240391676,53,53,0,22,1,0.706666666666667,0.828125
Data_LLbetween_0100_LH_075_noise_025pct_rep_01,Full_HG,25,1,0.336024825721884,53,53,0,22,1,0.706666666666667,0.828125
Data_LLbetween_0100_LH_075_noise_025pct_rep_01,Full_HG,25,1,0.337327247527007,53,53,0,22,1,0.706666666666667,0.828125
Data_LLbetween_0100_LH_075_noise_025pct_rep_01,Full_HG,25,1,0.338629669332131,53,53,0,22,1,0.706666666666667,0.828125
Data_LLbetween_0100_LH_075_noise_025pct_rep_01,Full_HG,25,1,0.339932091137254,53,53,0,22,1,0.706666666666667,0.828125
Data_LLbetween_0100_LH_075_noise_025pct_rep_01,Full_HG,25,1,0.341234512942378,50,50,0,25,1,0.666666666666667,0.8
Data_LLbetween_0100_LH_075_noise_025pct_rep_01,Full_HG,25,1,0.342536934747501,50,50,0,25,1,0.666666666666667,0.8
Data_LLbetween_0100_LH_075_noise_025pct_rep_01,Full_HG,25,1,0.343839356552625,49,49,0,26,1,0.653333333333333,0.790322580645161
Data_LLbetween_0100_LH_075_noise_025pct_rep_01,Full_HG,25,1,0.345141778357749,48,48,0,27,1,0.64,0.780487804878049
Data_LLbetween_0100_LH_075_noise_025pct_rep_01,Full_HG,25,1,0.346444200162872,47,47,0,28,1,0.626666666666667,0.770491803278689
Data_LLbetween_0100_LH_075_noise_025pct_rep_01,Full_HG,25,1,0.347746621967996,47,47,0,28,1,0.626666666666667,0.770491803278689
Data_LLbetween_0100_LH_075_noise_025pct_rep_01,Full_HG,25,1,0.349049043773119,45,45,0,30,1,0.6,0.75
Data_LLbetween_0100_LH_075_noise_025pct_rep_01,Full_HG,25,1,0.350351465578243,45,45,0,30,1,0.6,0.75
Data_LLbetween_0100_LH_075_noise_025pct_rep_01,Full_HG,25,1,0.351653887383366,44,44,0,31,1,0.586666666666667,0.739495798319328
Data_LLbetween_0100_LH_075_noise_025pct_rep_01,Full_HG,25,1,0.35295630918849,44,44,0,31,1,0.586666666666667,0.739495798319328
Data_LLbetween_0100_LH_075_noise_025pct_rep_01,Full_HG,25,1,0.354258730993614,43,43,0,32,1,0.573333333333333,0.728813559322034
Data_LLbetween_0100_LH_075_noise_025pct_rep_01,Full_HG,25,1,0.355561152798737,43,43,0,32,1,0.573333333333333,0.728813559322034
Data_LLbetween_0100_LH_075_noise_025pct_rep_01,Full_HG,25,1,0.356863574603861,42,42,0,33,1,0.56,0.717948717948718
Data_LLbetween_0100_LH_075_noise_025pct_rep_01,Full_HG,25,1,0.358165996408984,41,41,0,34,1,0.546666666666667,0.706896551724138
Data_LLbetween_0100_LH_075_noise_025pct_rep_01,Full_HG,25,1,0.359468418214108,40,40,0,35,1,0.533333333333333,0.695652173913044
Data_LLbetween_0100_LH_075_noise_025pct_rep_01,Full_HG,25,1,0.360770840019232,40,40,0,35,1,0.533333333333333,0.695652173913044
Data_LLbetween_0100_LH_075_noise_025pct_rep_01,Full_HG,25,1,0.362073261824355,40,40,0,35,1,0.533333333333333,0.695652173913044
Data_LLbetween_0100_LH_075_noise_025pct_rep_01,Full_HG,25,1,0.363375683629479,39,39,0,36,1,0.52,0.684210526315789
Data_LLbetween_0100_LH_075_noise_025pct_rep_01,Full_HG,25,1,0.364678105434602,38,38,0,37,1,0.506666666666667,0.672566371681416
Data_LLbetween_0100_LH_075_noise_025pct_rep_01,Full_HG,25,1,0.365980527239726,38,38,0,37,1,0.506666666666667,0.672566371681416
Data_LLbetween_0100_LH_075_noise_025pct_rep_01,Full_HG,25,1,0.367282949044849,36,36,0,39,1,0.48,0.648648648648649
Data_LLbetween_0100_LH_075_noise_025pct_rep_01,Full_HG,25,1,0.368585370849973,36,36,0,39,1,0.48,0.648648648648649
Data_LLbetween_0100_LH_075_noise_025pct_rep_01,Full_HG,25,1,0.369887792655097,36,36,0,39,1,0.48,0.648648648648649
Data_LLbetween_0100_LH_075_noise_025pct_rep_01,Full_HG,25,1,0.37119021446022,35,35,0,40,1,0.466666666666667,0.636363636363636
Data_LLbetween_0100_LH_075_noise_025pct_rep_01,Full_HG,25,1,0.372492636265344,33,33,0,42,1,0.44,0.611111111111111
Data_LLbetween_0100_LH_075_noise_025pct_rep_01,Full_HG,25,1,0.373795058070467,32,32,0,43,1,0.426666666666667,0.598130841121495
Data_LLbetween_0100_LH_075_noise_025pct_rep_01,Full_HG,25,1,0.375097479875591,30,30,0,45,1,0.4,0.571428571428572
Data_LLbetween_0100_LH_075_noise_025pct_rep_01,Full_HG,25,1,0.376399901680714,30,30,0,45,1,0.4,0.571428571428572
Data_LLbetween_0100_LH_075_noise_025pct_rep_01,Full_HG,25,1,0.377702323485838,30,30,0,45,1,0.4,0.571428571428572
Data_LLbetween_0100_LH_075_noise_025pct_rep_01,Full_HG,25,1,0.379004745290962,30,30,0,45,1,0.4,0.571428571428572
Data_LLbetween_0100_LH_075_noise_025pct_rep_01,Full_HG,25,1,0.380307167096085,29,29,0,46,1,0.386666666666667,0.557692307692308
Data_LLbetween_0100_LH_075_noise_025pct_rep_01,Full_HG,25,1,0.381609588901209,28,28,0,47,1,0.373333333333333,0.54368932038835
Data_LLbetween_0100_LH_075_noise_025pct_rep_01,Full_HG,25,1,0.382912010706332,28,28,0,47,1,0.373333333333333,0.54368932038835
Data_LLbetween_0100_LH_075_noise_025pct_rep_01,Full_HG,25,1,0.384214432511456,27,27,0,48,1,0.36,0.529411764705882
Data_LLbetween_0100_LH_075_noise_025pct_rep_01,Full_HG,25,1,0.38551685431658,27,27,0,48,1,0.36,0.529411764705882
Data_LLbetween_0100_LH_075_noise_025pct_rep_01,Full_HG,25,1,0.386819276121703,26,26,0,49,1,0.346666666666667,0.514851485148515
Data_LLbetween_0100_LH_075_noise_025pct_rep_01,Full_HG,25,1,0.388121697926827,25,25,0,50,1,0.333333333333333,0.5
Data_LLbetween_0100_LH_075_noise_025pct_rep_01,Full_HG,25,1,0.38942411973195,25,25,0,50,1,0.333333333333333,0.5
Data_LLbetween_0100_LH_075_noise_025pct_rep_01,Full_HG,25,1,0.390726541537074,25,25,0,50,1,0.333333333333333,0.5
Data_LLbetween_0100_LH_075_noise_025pct_rep_01,Full_HG,25,1,0.392028963342197,25,25,0,50,1,0.333333333333333,0.5
Data_LLbetween_0100_LH_075_noise_025pct_rep_01,Full_HG,25,1,0.393331385147321,24,24,0,51,1,0.32,0.484848484848485
Data_LLbetween_0100_LH_075_noise_025pct_rep_01,Full_HG,25,1,0.394633806952445,23,23,0,52,1,0.306666666666667,0.469387755102041
Data_LLbetween_0100_LH_075_noise_025pct_rep_01,Full_HG,25,1,0.395936228757568,23,23,0,52,1,0.306666666666667,0.469387755102041
Data_LLbetween_0100_LH_075_noise_025pct_rep_01,Full_HG,25,1,0.397238650562692,23,23,0,52,1,0.306666666666667,0.469387755102041
Data_LLbetween_0100_LH_075_noise_025pct_rep_01,Full_HG,25,1,0.398541072367815,23,23,0,52,1,0.306666666666667,0.469387755102041
Data_LLbetween_0100_LH_075_noise_025pct_rep_01,Full_HG,25,1,0.399843494172939,23,23,0,52,1,0.306666666666667,0.469387755102041
Data_LLbetween_0100_LH_075_noise_025pct_rep_01,Full_HG,25,1,0.401145915978062,23,23,0,52,1,0.306666666666667,0.469387755102041
Data_LLbetween_0100_LH_075_noise_025pct_rep_01,Full_HG,25,1,0.402448337783186,23,23,0,52,1,0.306666666666667,0.469387755102041
Data_LLbetween_0100_LH_075_noise_025pct_rep_01,Full_HG,25,1,0.40375075958831,23,23,0,52,1,0.306666666666667,0.469387755102041
Data_LLbetween_0100_LH_075_noise_025pct_rep_01,Full_HG,25,1,0.405053181393433,22,22,0,53,1,0.293333333333333,0.45360824742268
Data_LLbetween_0100_LH_075_noise_025pct_rep_01,Full_HG,25,1,0.406355603198557,22,22,0,53,1,0.293333333333333,0.45360824742268
Data_LLbetween_0100_LH_075_noise_025pct_rep_01,Full_HG,25,1,0.40765802500368,21,21,0,54,1,0.28,0.4375
Data_LLbetween_0100_LH_075_noise_025pct_rep_01,Full_HG,25,1,0.408960446808804,20,20,0,55,1,0.266666666666667,0.421052631578947
Data_LLbetween_0100_LH_075_noise_025pct_rep_01,Full_HG,25,1,0.410262868613928,20,20,0,55,1,0.266666666666667,0.421052631578947
Data_LLbetween_0100_LH_075_noise_025pct_rep_01,Full_HG,25,1,0.411565290419051,20,20,0,55,1,0.266666666666667,0.421052631578947
Data_LLbetween_0100_LH_075_noise_025pct_rep_01,Full_HG,25,1,0.412867712224175,20,20,0,55,1,0.266666666666667,0.421052631578947
Data_LLbetween_0100_LH_075_noise_025pct_rep_01,Full_HG,25,1,0.414170134029298,19,19,0,56,1,0.253333333333333,0.404255319148936
Data_LLbetween_0100_LH_075_noise_025pct_rep_01,Full_HG,25,1,0.415472555834422,19,19,0,56,1,0.253333333333333,0.404255319148936
Data_LLbetween_0100_LH_075_noise_025pct_rep_01,Full_HG,25,1,0.416774977639545,18,18,0,57,1,0.24,0.387096774193548
Data_LLbetween_0100_LH_075_noise_025pct_rep_01,Full_HG,25,1,0.418077399444669,18,18,0,57,1,0.24,0.387096774193548
Data_LLbetween_0100_LH_075_noise_025pct_rep_01,Full_HG,25,1,0.419379821249793,18,18,0,57,1,0.24,0.387096774193548
Data_LLbetween_0100_LH_075_noise_025pct_rep_01,Full_HG,25,1,0.420682243054916,17,17,0,58,1,0.226666666666667,0.369565217391304
Data_LLbetween_0100_LH_075_noise_025pct_rep_01,Full_HG,25,1,0.42198466486004,17,17,0,58,1,0.226666666666667,0.369565217391304
Data_LLbetween_0100_LH_075_noise_025pct_rep_01,Full_HG,25,1,0.423287086665163,17,17,0,58,1,0.226666666666667,0.369565217391304
Data_LLbetween_0100_LH_075_noise_025pct_rep_01,Full_HG,25,1,0.424589508470287,16,16,0,59,1,0.213333333333333,0.351648351648352
Data_LLbetween_0100_LH_075_noise_025pct_rep_01,Full_HG,25,1,0.425891930275411,16,16,0,59,1,0.213333333333333,0.351648351648352
Data_LLbetween_0100_LH_075_noise_025pct_rep_01,Full_HG,25,1,0.427194352080534,15,15,0,60,1,0.2,0.333333333333333
Data_LLbetween_0100_LH_075_noise_025pct_rep_01,Full_HG,25,1,0.428496773885658,15,15,0,60,1,0.2,0.333333333333333
Data_LLbetween_0100_LH_075_noise_025pct_rep_01,Full_HG,25,1,0.429799195690781,15,15,0,60,1,0.2,0.333333333333333
Data_LLbetween_0100_LH_075_noise_025pct_rep_01,Full_HG,25,1,0.431101617495905,13,13,0,62,1,0.173333333333333,0.295454545454545
Data_LLbetween_0100_LH_075_noise_025pct_rep_01,Full_HG,25,1,0.432404039301028,11,11,0,64,1,0.146666666666667,0.255813953488372
Data_LLbetween_0100_LH_075_noise_025pct_rep_01,Full_HG,25,1,0.433706461106152,11,11,0,64,1,0.146666666666667,0.255813953488372
Data_LLbetween_0100_LH_075_noise_025pct_rep_01,Full_HG,25,1,0.435008882911276,11,11,0,64,1,0.146666666666667,0.255813953488372
Data_LLbetween_0100_LH_075_noise_025pct_rep_01,Full_HG,25,1,0.436311304716399,9,9,0,66,1,0.12,0.214285714285714
Data_LLbetween_0100_LH_075_noise_025pct_rep_01,Full_HG,25,1,0.437613726521523,9,9,0,66,1,0.12,0.214285714285714
Data_LLbetween_0100_LH_075_noise_025pct_rep_01,Full_HG,25,1,0.438916148326646,9,9,0,66,1,0.12,0.214285714285714
Data_LLbetween_0100_LH_075_noise_025pct_rep_01,Full_HG,25,1,0.44021857013177,9,9,0,66,1,0.12,0.214285714285714
Data_LLbetween_0100_LH_075_noise_025pct_rep_01,Full_HG,25,1,0.441520991936893,8,8,0,67,1,0.106666666666667,0.192771084337349
Data_LLbetween_0100_LH_075_noise_025pct_rep_01,Full_HG,25,1,0.442823413742017,8,8,0,67,1,0.106666666666667,0.192771084337349
Data_LLbetween_0100_LH_075_noise_025pct_rep_01,Full_HG,25,1,0.444125835547141,8,8,0,67,1,0.106666666666667,0.192771084337349
Data_LLbetween_0100_LH_075_noise_025pct_rep_01,Full_HG,25,1,0.445428257352264,8,8,0,67,1,0.106666666666667,0.192771084337349
Data_LLbetween_0100_LH_075_noise_025pct_rep_01,Full_HG,25,1,0.446730679157388,8,8,0,67,1,0.106666666666667,0.192771084337349
Data_LLbetween_0100_LH_075_noise_025pct_rep_01,Full_HG,25,1,0.448033100962511,8,8,0,67,1,0.106666666666667,0.192771084337349
Data_LLbetween_0100_LH_075_noise_025pct_rep_01,Full_HG,25,1,0.449335522767635,8,8,0,67,1,0.106666666666667,0.192771084337349
Data_LLbetween_0100_LH_075_noise_025pct_rep_01,Full_HG,25,1,0.450637944572758,7,7,0,68,1,0.0933333333333333,0.170731707317073
Data_LLbetween_0100_LH_075_noise_025pct_rep_01,Full_HG,25,1,0.451940366377882,7,7,0,68,1,0.0933333333333333,0.170731707317073
Data_LLbetween_0100_LH_075_noise_025pct_rep_01,Full_HG,25,1,0.453242788183006,4,4,0,71,1,0.0533333333333333,0.10126582278481
Data_LLbetween_0100_LH_075_noise_025pct_rep_01,Full_HG,25,1,0.454545209988129,4,4,0,71,1,0.0533333333333333,0.10126582278481
Data_LLbetween_0100_LH_075_noise_025pct_rep_01,Full_HG,25,1,0.455847631793253,4,4,0,71,1,0.0533333333333333,0.10126582278481
Data_LLbetween_0100_LH_075_noise_025pct_rep_01,Full_HG,25,1,0.457150053598376,4,4,0,71,1,0.0533333333333333,0.10126582278481
Data_LLbetween_0100_LH_075_noise_025pct_rep_01,Full_HG,25,1,0.4584524754035,4,4,0,71,1,0.0533333333333333,0.10126582278481
Data_LLbetween_0100_LH_075_noise_025pct_rep_01,Full_HG,25,1,0.459754897208624,4,4,0,71,1,0.0533333333333333,0.10126582278481
Data_LLbetween_0100_LH_075_noise_025pct_rep_01,Full_HG,25,1,0.461057319013747,4,4,0,71,1,0.0533333333333333,0.10126582278481
Data_LLbetween_0100_LH_075_noise_025pct_rep_01,Full_HG,25,1,0.462359740818871,3,3,0,72,1,0.04,0.0769230769230769
Data_LLbetween_0100_LH_075_noise_025pct_rep_01,Full_HG,25,1,0.463662162623994,3,3,0,72,1,0.04,0.0769230769230769
Data_LLbetween_0100_LH_075_noise_025pct_rep_01,Full_HG,25,1,0.464964584429118,3,3,0,72,1,0.04,0.0769230769230769
Data_LLbetween_0100_LH_075_noise_025pct_rep_01,Full_HG,25,1,0.466267006234241,3,3,0,72,1,0.04,0.0769230769230769
Data_LLbetween_0100_LH_075_noise_025pct_rep_01,Full_HG,25,1,0.467569428039365,3,3,0,72,1,0.04,0.0769230769230769
Data_LLbetween_0100_LH_075_noise_025pct_rep_01,Full_HG,25,1,0.468871849844489,3,3,0,72,1,0.04,0.0769230769230769
Data_LLbetween_0100_LH_075_noise_025pct_rep_01,Full_HG,25,1,0.470174271649612,3,3,0,72,1,0.04,0.0769230769230769
Data_LLbetween_0100_LH_075_noise_025pct_rep_01,Full_HG,25,1,0.471476693454736,3,3,0,72,1,0.04,0.0769230769230769
Data_LLbetween_0100_LH_075_noise_025pct_rep_01,Full_HG,25,1,0.472779115259859,3,3,0,72,1,0.04,0.0769230769230769
Data_LLbetween_0100_LH_075_noise_025pct_rep_01,Full_HG,25,1,0.474081537064983,3,3,0,72,1,0.04,0.0769230769230769
Data_LLbetween_0100_LH_075_noise_025pct_rep_01,Full_HG,25,1,0.475383958870107,2,2,0,73,1,0.0266666666666667,0.051948051948052
Data_LLbetween_0100_LH_075_noise_025pct_rep_01,Full_HG,25,1,0.47668638067523,2,2,0,73,1,0.0266666666666667,0.051948051948052
Data_LLbetween_0100_LH_075_noise_025pct_rep_01,Full_HG,25,1,0.477988802480354,2,2,0,73,1,0.0266666666666667,0.051948051948052
Data_LLbetween_0100_LH_075_noise_025pct_rep_01,Full_HG,25,1,0.479291224285477,2,2,0,73,1,0.0266666666666667,0.051948051948052
Data_LLbetween_0100_LH_075_noise_025pct_rep_01,Full_HG,25,1,0.480593646090601,2,2,0,73,1,0.0266666666666667,0.051948051948052
Data_LLbetween_0100_LH_075_noise_025pct_rep_01,Full_HG,25,1,0.481896067895724,2,2,0,73,1,0.0266666666666667,0.051948051948052
Data_LLbetween_0100_LH_075_noise_025pct_rep_01,Full_HG,25,1,0.483198489700848,2,2,0,73,1,0.0266666666666667,0.051948051948052
Data_LLbetween_0100_LH_075_noise_025pct_rep_01,Full_HG,25,1,0.484500911505972,2,2,0,73,1,0.0266666666666667,0.051948051948052
Data_LLbetween_0100_LH_075_noise_025pct_rep_01,Full_HG,25,1,0.485803333311095,1,1,0,74,1,0.0133333333333333,0.0263157894736842
Data_LLbetween_0100_LH_075_noise_025pct_rep_01,Full_HG,25,1,0.487105755116219,1,1,0,74,1,0.0133333333333333,0.0263157894736842
Data_LLbetween_0100_LH_075_noise_025pct_rep_01,Full_HG,25,1,0.488408176921342,1,1,0,74,1,0.0133333333333333,0.0263157894736842
Data_LLbetween_0100_LH_075_noise_025pct_rep_01,Full_HG,25,1,0.489710598726466,1,1,0,74,1,0.0133333333333333,0.0263157894736842
Data_LLbetween_0100_LH_075_noise_025pct_rep_01,Full_HG,25,1,0.491013020531589,1,1,0,74,1,0.0133333333333333,0.0263157894736842
Data_LLbetween_0100_LH_075_noise_025pct_rep_01,Full_HG,25,1,0.492315442336713,1,1,0,74,1,0.0133333333333333,0.0263157894736842
Data_LLbetween_0100_LH_075_noise_025pct_rep_01,Full_HG,25,1,0.493617864141837,1,1,0,74,1,0.0133333333333333,0.0263157894736842
Data_LLbetween_0100_LH_075_noise_025pct_rep_01,Full_HG,25,1,0.49492028594696,1,1,0,74,1,0.0133333333333333,0.0263157894736842
Data_LLbetween_0100_LH_075_noise_025pct_rep_01,Full_HG,25,1,0.496222707752084,0,0,0,75,NaN,0,0
Data_LLbetween_0100_LH_075_noise_025pct_rep_01,Full_HG,25,1,0.497525129557207,0,0,0,75,NaN,0,0
Data_LLbetween_0100_LH_075_noise_025pct_rep_01,Full_HG,25,1,0.498827551362331,0,0,0,75,NaN,0,0
Data_LLbetween_0100_LH_075_noise_025pct_rep_01,Full_HG,25,1,0.500129973167455,0,0,0,75,NaN,0,0
Data_LLbetween_0100_LH_075_noise_025pct_rep_01,Full_HG,25,1,0.501432394972578,0,0,0,75,NaN,0,0
Data_LLbetween_0100_LH_075_noise_025pct_rep_01,Full_HG,25,1,0.502734816777702,0,0,0,75,NaN,0,0
Data_LLbetween_0100_LH_075_noise_025pct_rep_01,Full_HG,25,1,0.504037238582825,0,0,0,75,NaN,0,0
Data_LLbetween_0100_LH_075_noise_025pct_rep_01,Full_HG,25,1,0.505339660387949,0,0,0,75,NaN,0,0
Data_LLbetween_0100_LH_075_noise_025pct_rep_01,Full_HG,25,1,0.506642082193072,0,0,0,75,NaN,0,0
Data_LLbetween_0100_LH_075_noise_025pct_rep_01,Full_HG,25,1,0.507944503998196,0,0,0,75,NaN,0,0
Data_LLbetween_0100_LH_075_noise_025pct_rep_01,Full_HG,25,1,0.50924692580332,0,0,0,75,NaN,0,0
Data_LLbetween_0100_LH_075_noise_025pct_rep_01,Full_HG,25,1,0.510549347608443,0,0,0,75,NaN,0,0
Data_LLbetween_0100_LH_075_noise_025pct_rep_01,Full_HG,25,1,0.511851769413567,0,0,0,75,NaN,0,0
Data_LLbetween_0100_LH_075_noise_025pct_rep_01,Full_HG,25,1,0.51315419121869,0,0,0,75,NaN,0,0
Data_LLbetween_0100_LH_075_noise_025pct_rep_01,Full_HG,25,1,0.514456613023814,0,0,0,75,NaN,0,0
Data_LLbetween_0100_LH_075_noise_025pct_rep_01,Full_HG,25,1,0.515759034828937,0,0,0,75,NaN,0,0
Data_LLbetween_0100_LH_075_noise_025pct_rep_01,Full_HG,25,1,0.517061456634061,0,0,0,75,NaN,0,0
Data_LLbetween_0100_LH_075_noise_025pct_rep_01,Full_HG,25,1,0.518363878439185,0,0,0,75,NaN,0,0
Data_LLbetween_0100_LH_075_noise_025pct_rep_01,Full_HG,25,1,0.519666300244308,0,0,0,75,NaN,0,0
Data_LLbetween_0100_LH_075_noise_025pct_rep_01,Full_HG,25,1,0.520968722049432,0,0,0,75,NaN,0,0
Data_LLbetween_0100_LH_075_noise_025pct_rep_02,Full_HG,25,2,0,81,75,6,0,0.925925925925926,1,0.961538461538461
Data_LLbetween_0100_LH_075_noise_025pct_rep_02,Full_HG,25,2,0.00130242180512358,81,75,6,0,0.925925925925926,1,0.961538461538461
Data_LLbetween_0100_LH_075_noise_025pct_rep_02,Full_HG,25,2,0.00260484361024716,80,75,5,0,0.9375,1,0.967741935483871
Data_LLbetween_0100_LH_075_noise_025pct_rep_02,Full_HG,25,2,0.00390726541537074,80,75,5,0,0.9375,1,0.967741935483871
Data_LLbetween_0100_LH_075_noise_025pct_rep_02,Full_HG,25,2,0.00520968722049432,80,75,5,0,0.9375,1,0.967741935483871
Data_LLbetween_0100_LH_075_noise_025pct_rep_02,Full_HG,25,2,0.0065121090256179,80,75,5,0,0.9375,1,0.967741935483871
Data_LLbetween_0100_LH_075_noise_025pct_rep_02,Full_HG,25,2,0.00781453083074148,80,75,5,0,0.9375,1,0.967741935483871
Data_LLbetween_0100_LH_075_noise_025pct_rep_02,Full_HG,25,2,0.00911695263586506,80,75,5,0,0.9375,1,0.967741935483871
Data_LLbetween_0100_LH_075_noise_025pct_rep_02,Full_HG,25,2,0.0104193744409886,80,75,5,0,0.9375,1,0.967741935483871
Data_LLbetween_0100_LH_075_noise_025pct_rep_02,Full_HG,25,2,0.0117217962461122,79,75,4,0,0.949367088607595,1,0.974025974025974
Data_LLbetween_0100_LH_075_noise_025pct_rep_02,Full_HG,25,2,0.0130242180512358,79,75,4,0,0.949367088607595,1,0.974025974025974
Data_LLbetween_0100_LH_075_noise_025pct_rep_02,Full_HG,25,2,0.0143266398563594,79,75,4,0,0.949367088607595,1,0.974025974025974
Data_LLbetween_0100_LH_075_noise_025pct_rep_02,Full_HG,25,2,0.015629061661483,78,75,3,0,0.961538461538462,1,0.980392156862745
Data_LLbetween_0100_LH_075_noise_025pct_rep_02,Full_HG,25,2,0.0169314834666065,78,75,3,0,0.961538461538462,1,0.980392156862745
Data_LLbetween_0100_LH_075_noise_025pct_rep_02,Full_HG,25,2,0.0182339052717301,76,75,1,0,0.986842105263158,1,0.993377483443709
Data_LLbetween_0100_LH_075_noise_025pct_rep_02,Full_HG,25,2,0.0195363270768537,75,75,0,0,1,1,1
Data_LLbetween_0100_LH_075_noise_025pct_rep_02,Full_HG,25,2,0.0208387488819773,75,75,0,0,1,1,1
Data_LLbetween_0100_LH_075_noise_025pct_rep_02,Full_HG,25,2,0.0221411706871009,75,75,0,0,1,1,1
Data_LLbetween_0100_LH_075_noise_025pct_rep_02,Full_HG,25,2,0.0234435924922244,75,75,0,0,1,1,1
Data_LLbetween_0100_LH_075_noise_025pct_rep_02,Full_HG,25,2,0.024746014297348,75,75,0,0,1,1,1
Data_LLbetween_0100_LH_075_noise_025pct_rep_02,Full_HG,25,2,0.0260484361024716,75,75,0,0,1,1,1
Data_LLbetween_0100_LH_075_noise_025pct_rep_02,Full_HG,25,2,0.0273508579075952,75,75,0,0,1,1,1
Data_LLbetween_0100_LH_075_noise_025pct_rep_02,Full_HG,25,2,0.0286532797127187,75,75,0,0,1,1,1
Data_LLbetween_0100_LH_075_noise_025pct_rep_02,Full_HG,25,2,0.0299557015178423,75,75,0,0,1,1,1
Data_LLbetween_0100_LH_075_noise_025pct_rep_02,Full_HG,25,2,0.0312581233229659,75,75,0,0,1,1,1
Data_LLbetween_0100_LH_075_noise_025pct_rep_02,Full_HG,25,2,0.0325605451280895,75,75,0,0,1,1,1
Data_LLbetween_0100_LH_075_noise_025pct_rep_02,Full_HG,25,2,0.0338629669332131,75,75,0,0,1,1,1
Data_LLbetween_0100_LH_075_noise_025pct_rep_02,Full_HG,25,2,0.0351653887383366,75,75,0,0,1,1,1
Data_LLbetween_0100_LH_075_noise_025pct_rep_02,Full_HG,25,2,0.0364678105434602,75,75,0,0,1,1,1
Data_LLbetween_0100_LH_075_noise_025pct_rep_02,Full_HG,25,2,0.0377702323485838,75,75,0,0,1,1,1
Data_LLbetween_0100_LH_075_noise_025pct_rep_02,Full_HG,25,2,0.0390726541537074,75,75,0,0,1,1,1
Data_LLbetween_0100_LH_075_noise_025pct_rep_02,Full_HG,25,2,0.040375075958831,75,75,0,0,1,1,1
Data_LLbetween_0100_LH_075_noise_025pct_rep_02,Full_HG,25,2,0.0416774977639545,75,75,0,0,1,1,1
Data_LLbetween_0100_LH_075_noise_025pct_rep_02,Full_HG,25,2,0.0429799195690781,75,75,0,0,1,1,1
Data_LLbetween_0100_LH_075_noise_025pct_rep_02,Full_HG,25,2,0.0442823413742017,75,75,0,0,1,1,1
Data_LLbetween_0100_LH_075_noise_025pct_rep_02,Full_HG,25,2,0.0455847631793253,75,75,0,0,1,1,1
Data_LLbetween_0100_LH_075_noise_025pct_rep_02,Full_HG,25,2,0.0468871849844489,75,75,0,0,1,1,1
Data_LLbetween_0100_LH_075_noise_025pct_rep_02,Full_HG,25,2,0.0481896067895724,75,75,0,0,1,1,1
Data_LLbetween_0100_LH_075_noise_025pct_rep_02,Full_HG,25,2,0.049492028594696,75,75,0,0,1,1,1
Data_LLbetween_0100_LH_075_noise_025pct_rep_02,Full_HG,25,2,0.0507944503998196,75,75,0,0,1,1,1
Data_LLbetween_0100_LH_075_noise_025pct_rep_02,Full_HG,25,2,0.0520968722049432,75,75,0,0,1,1,1
Data_LLbetween_0100_LH_075_noise_025pct_rep_02,Full_HG,25,2,0.0533992940100668,75,75,0,0,1,1,1
Data_LLbetween_0100_LH_075_noise_025pct_rep_02,Full_HG,25,2,0.0547017158151903,75,75,0,0,1,1,1
Data_LLbetween_0100_LH_075_noise_025pct_rep_02,Full_HG,25,2,0.0560041376203139,75,75,0,0,1,1,1
Data_LLbetween_0100_LH_075_noise_025pct_rep_02,Full_HG,25,2,0.0573065594254375,75,75,0,0,1,1,1
Data_LLbetween_0100_LH_075_noise_025pct_rep_02,Full_HG,25,2,0.0586089812305611,75,75,0,0,1,1,1
Data_LLbetween_0100_LH_075_noise_025pct_rep_02,Full_HG,25,2,0.0599114030356847,75,75,0,0,1,1,1
Data_LLbetween_0100_LH_075_noise_025pct_rep_02,Full_HG,25,2,0.0612138248408082,75,75,0,0,1,1,1
Data_LLbetween_0100_LH_075_noise_025pct_rep_02,Full_HG,25,2,0.0625162466459318,75,75,0,0,1,1,1
Data_LLbetween_0100_LH_075_noise_025pct_rep_02,Full_HG,25,2,0.0638186684510554,75,75,0,0,1,1,1
Data_LLbetween_0100_LH_075_noise_025pct_rep_02,Full_HG,25,2,0.065121090256179,75,75,0,0,1,1,1
Data_LLbetween_0100_LH_075_noise_025pct_rep_02,Full_HG,25,2,0.0664235120613026,75,75,0,0,1,1,1
Data_LLbetween_0100_LH_075_noise_025pct_rep_02,Full_HG,25,2,0.0677259338664261,75,75,0,0,1,1,1
Data_LLbetween_0100_LH_075_noise_025pct_rep_02,Full_HG,25,2,0.0690283556715497,75,75,0,0,1,1,1
Data_LLbetween_0100_LH_075_noise_025pct_rep_02,Full_HG,25,2,0.0703307774766733,75,75,0,0,1,1,1
Data_LLbetween_0100_LH_075_noise_025pct_rep_02,Full_HG,25,2,0.0716331992817969,75,75,0,0,1,1,1
Data_LLbetween_0100_LH_075_noise_025pct_rep_02,Full_HG,25,2,0.0729356210869204,75,75,0,0,1,1,1
Data_LLbetween_0100_LH_075_noise_025pct_rep_02,Full_HG,25,2,0.074238042892044,75,75,0,0,1,1,1
Data_LLbetween_0100_LH_075_noise_025pct_rep_02,Full_HG,25,2,0.0755404646971676,75,75,0,0,1,1,1
Data_LLbetween_0100_LH_075_noise_025pct_rep_02,Full_HG,25,2,0.0768428865022912,75,75,0,0,1,1,1
Data_LLbetween_0100_LH_075_noise_025pct_rep_02,Full_HG,25,2,0.0781453083074148,75,75,0,0,1,1,1
Data_LLbetween_0100_LH_075_noise_025pct_rep_02,Full_HG,25,2,0.0794477301125383,75,75,0,0,1,1,1
Data_LLbetween_0100_LH_075_noise_025pct_rep_02,Full_HG,25,2,0.0807501519176619,75,75,0,0,1,1,1
Data_LLbetween_0100_LH_075_noise_025pct_rep_02,Full_HG,25,2,0.0820525737227855,75,75,0,0,1,1,1
Data_LLbetween_0100_LH_075_noise_025pct_rep_02,Full_HG,25,2,0.0833549955279091,75,75,0,0,1,1,1
Data_LLbetween_0100_LH_075_noise_025pct_rep_02,Full_HG,25,2,0.0846574173330327,75,75,0,0,1,1,1
Data_LLbetween_0100_LH_075_noise_025pct_rep_02,Full_HG,25,2,0.0859598391381562,75,75,0,0,1,1,1
Data_LLbetween_0100_LH_075_noise_025pct_rep_02,Full_HG,25,2,0.0872622609432798,75,75,0,0,1,1,1
Data_LLbetween_0100_LH_075_noise_025pct_rep_02,Full_HG,25,2,0.0885646827484034,75,75,0,0,1,1,1
Data_LLbetween_0100_LH_075_noise_025pct_rep_02,Full_HG,25,2,0.089867104553527,75,75,0,0,1,1,1
Data_LLbetween_0100_LH_075_noise_025pct_rep_02,Full_HG,25,2,0.0911695263586506,75,75,0,0,1,1,1
Data_LLbetween_0100_LH_075_noise_025pct_rep_02,Full_HG,25,2,0.0924719481637741,75,75,0,0,1,1,1
Data_LLbetween_0100_LH_075_noise_025pct_rep_02,Full_HG,25,2,0.0937743699688977,75,75,0,0,1,1,1
Data_LLbetween_0100_LH_075_noise_025pct_rep_02,Full_HG,25,2,0.0950767917740213,75,75,0,0,1,1,1
Data_LLbetween_0100_LH_075_noise_025pct_rep_02,Full_HG,25,2,0.0963792135791449,75,75,0,0,1,1,1
Data_LLbetween_0100_LH_075_noise_025pct_rep_02,Full_HG,25,2,0.0976816353842685,75,75,0,0,1,1,1
Data_LLbetween_0100_LH_075_noise_025pct_rep_02,Full_HG,25,2,0.098984057189392,75,75,0,0,1,1,1
Data_LLbetween_0100_LH_075_noise_025pct_rep_02,Full_HG,25,2,0.100286478994516,75,75,0,0,1,1,1
Data_LLbetween_0100_LH_075_noise_025pct_rep_02,Full_HG,25,2,0.101588900799639,75,75,0,0,1,1,1
Data_LLbetween_0100_LH_075_noise_025pct_rep_02,Full_HG,25,2,0.102891322604763,75,75,0,0,1,1,1
Data_LLbetween_0100_LH_075_noise_025pct_rep_02,Full_HG,25,2,0.104193744409886,75,75,0,0,1,1,1
Data_LLbetween_0100_LH_075_noise_025pct_rep_02,Full_HG,25,2,0.10549616621501,75,75,0,0,1,1,1
Data_LLbetween_0100_LH_075_noise_025pct_rep_02,Full_HG,25,2,0.106798588020134,75,75,0,0,1,1,1
Data_LLbetween_0100_LH_075_noise_025pct_rep_02,Full_HG,25,2,0.108101009825257,75,75,0,0,1,1,1
Data_LLbetween_0100_LH_075_noise_025pct_rep_02,Full_HG,25,2,0.109403431630381,75,75,0,0,1,1,1
Data_LLbetween_0100_LH_075_noise_025pct_rep_02,Full_HG,25,2,0.110705853435504,75,75,0,0,1,1,1
Data_LLbetween_0100_LH_075_noise_025pct_rep_02,Full_HG,25,2,0.112008275240628,75,75,0,0,1,1,1
Data_LLbetween_0100_LH_075_noise_025pct_rep_02,Full_HG,25,2,0.113310697045751,75,75,0,0,1,1,1
Data_LLbetween_0100_LH_075_noise_025pct_rep_02,Full_HG,25,2,0.114613118850875,75,75,0,0,1,1,1
Data_LLbetween_0100_LH_075_noise_025pct_rep_02,Full_HG,25,2,0.115915540655999,75,75,0,0,1,1,1
Data_LLbetween_0100_LH_075_noise_025pct_rep_02,Full_HG,25,2,0.117217962461122,75,75,0,0,1,1,1
Data_LLbetween_0100_LH_075_noise_025pct_rep_02,Full_HG,25,2,0.118520384266246,75,75,0,0,1,1,1
Data_LLbetween_0100_LH_075_noise_025pct_rep_02,Full_HG,25,2,0.119822806071369,75,75,0,0,1,1,1
Data_LLbetween_0100_LH_075_noise_025pct_rep_02,Full_HG,25,2,0.121125227876493,75,75,0,0,1,1,1
Data_LLbetween_0100_LH_075_noise_025pct_rep_02,Full_HG,25,2,0.122427649681616,75,75,0,0,1,1,1
Data_LLbetween_0100_LH_075_noise_025pct_rep_02,Full_HG,25,2,0.12373007148674,75,75,0,0,1,1,1
Data_LLbetween_0100_LH_075_noise_025pct_rep_02,Full_HG,25,2,0.125032493291864,75,75,0,0,1,1,1
Data_LLbetween_0100_LH_075_noise_025pct_rep_02,Full_HG,25,2,0.126334915096987,75,75,0,0,1,1,1
Data_LLbetween_0100_LH_075_noise_025pct_rep_02,Full_HG,25,2,0.127637336902111,75,75,0,0,1,1,1
Data_LLbetween_0100_LH_075_noise_025pct_rep_02,Full_HG,25,2,0.128939758707234,75,75,0,0,1,1,1
Data_LLbetween_0100_LH_075_noise_025pct_rep_02,Full_HG,25,2,0.130242180512358,75,75,0,0,1,1,1
Data_LLbetween_0100_LH_075_noise_025pct_rep_02,Full_HG,25,2,0.131544602317482,75,75,0,0,1,1,1
Data_LLbetween_0100_LH_075_noise_025pct_rep_02,Full_HG,25,2,0.132847024122605,75,75,0,0,1,1,1
Data_LLbetween_0100_LH_075_noise_025pct_rep_02,Full_HG,25,2,0.134149445927729,75,75,0,0,1,1,1
Data_LLbetween_0100_LH_075_noise_025pct_rep_02,Full_HG,25,2,0.135451867732852,75,75,0,0,1,1,1
Data_LLbetween_0100_LH_075_noise_025pct_rep_02,Full_HG,25,2,0.136754289537976,75,75,0,0,1,1,1
Data_LLbetween_0100_LH_075_noise_025pct_rep_02,Full_HG,25,2,0.138056711343099,75,75,0,0,1,1,1
Data_LLbetween_0100_LH_075_noise_025pct_rep_02,Full_HG,25,2,0.139359133148223,75,75,0,0,1,1,1
Data_LLbetween_0100_LH_075_noise_025pct_rep_02,Full_HG,25,2,0.140661554953347,75,75,0,0,1,1,1
Data_LLbetween_0100_LH_075_noise_025pct_rep_02,Full_HG,25,2,0.14196397675847,75,75,0,0,1,1,1
Data_LLbetween_0100_LH_075_noise_025pct_rep_02,Full_HG,25,2,0.143266398563594,75,75,0,0,1,1,1
Data_LLbetween_0100_LH_075_noise_025pct_rep_02,Full_HG,25,2,0.144568820368717,75,75,0,0,1,1,1
Data_LLbetween_0100_LH_075_noise_025pct_rep_02,Full_HG,25,2,0.145871242173841,75,75,0,0,1,1,1
Data_LLbetween_0100_LH_075_noise_025pct_rep_02,Full_HG,25,2,0.147173663978964,75,75,0,0,1,1,1
Data_LLbetween_0100_LH_075_noise_025pct_rep_02,Full_HG,25,2,0.148476085784088,75,75,0,0,1,1,1
Data_LLbetween_0100_LH_075_noise_025pct_rep_02,Full_HG,25,2,0.149778507589212,75,75,0,0,1,1,1
Data_LLbetween_0100_LH_075_noise_025pct_rep_02,Full_HG,25,2,0.151080929394335,75,75,0,0,1,1,1
Data_LLbetween_0100_LH_075_noise_025pct_rep_02,Full_HG,25,2,0.152383351199459,75,75,0,0,1,1,1
Data_LLbetween_0100_LH_075_noise_025pct_rep_02,Full_HG,25,2,0.153685773004582,75,75,0,0,1,1,1
Data_LLbetween_0100_LH_075_noise_025pct_rep_02,Full_HG,25,2,0.154988194809706,75,75,0,0,1,1,1
Data_LLbetween_0100_LH_075_noise_025pct_rep_02,Full_HG,25,2,0.15629061661483,75,75,0,0,1,1,1
Data_LLbetween_0100_LH_075_noise_025pct_rep_02,Full_HG,25,2,0.157593038419953,75,75,0,0,1,1,1
Data_LLbetween_0100_LH_075_noise_025pct_rep_02,Full_HG,25,2,0.158895460225077,75,75,0,0,1,1,1
Data_LLbetween_0100_LH_075_noise_025pct_rep_02,Full_HG,25,2,0.1601978820302,75,75,0,0,1,1,1
Data_LLbetween_0100_LH_075_noise_025pct_rep_02,Full_HG,25,2,0.161500303835324,75,75,0,0,1,1,1
Data_LLbetween_0100_LH_075_noise_025pct_rep_02,Full_HG,25,2,0.162802725640447,75,75,0,0,1,1,1
Data_LLbetween_0100_LH_075_noise_025pct_rep_02,Full_HG,25,2,0.164105147445571,75,75,0,0,1,1,1
Data_LLbetween_0100_LH_075_noise_025pct_rep_02,Full_HG,25,2,0.165407569250695,75,75,0,0,1,1,1
Data_LLbetween_0100_LH_075_noise_025pct_rep_02,Full_HG,25,2,0.166709991055818,75,75,0,0,1,1,1
Data_LLbetween_0100_LH_075_noise_025pct_rep_02,Full_HG,25,2,0.168012412860942,75,75,0,0,1,1,1
Data_LLbetween_0100_LH_075_noise_025pct_rep_02,Full_HG,25,2,0.169314834666065,75,75,0,0,1,1,1
Data_LLbetween_0100_LH_075_noise_025pct_rep_02,Full_HG,25,2,0.170617256471189,75,75,0,0,1,1,1
Data_LLbetween_0100_LH_075_noise_025pct_rep_02,Full_HG,25,2,0.171919678276312,75,75,0,0,1,1,1
Data_LLbetween_0100_LH_075_noise_025pct_rep_02,Full_HG,25,2,0.173222100081436,75,75,0,0,1,1,1
Data_LLbetween_0100_LH_075_noise_025pct_rep_02,Full_HG,25,2,0.17452452188656,75,75,0,0,1,1,1
Data_LLbetween_0100_LH_075_noise_025pct_rep_02,Full_HG,25,2,0.175826943691683,75,75,0,0,1,1,1
Data_LLbetween_0100_LH_075_noise_025pct_rep_02,Full_HG,25,2,0.177129365496807,75,75,0,0,1,1,1
Data_LLbetween_0100_LH_075_noise_025pct_rep_02,Full_HG,25,2,0.17843178730193,75,75,0,0,1,1,1
Data_LLbetween_0100_LH_075_noise_025pct_rep_02,Full_HG,25,2,0.179734209107054,75,75,0,0,1,1,1
Data_LLbetween_0100_LH_075_noise_025pct_rep_02,Full_HG,25,2,0.181036630912178,75,75,0,0,1,1,1
Data_LLbetween_0100_LH_075_noise_025pct_rep_02,Full_HG,25,2,0.182339052717301,75,75,0,0,1,1,1
Data_LLbetween_0100_LH_075_noise_025pct_rep_02,Full_HG,25,2,0.183641474522425,75,75,0,0,1,1,1
Data_LLbetween_0100_LH_075_noise_025pct_rep_02,Full_HG,25,2,0.184943896327548,75,75,0,0,1,1,1
Data_LLbetween_0100_LH_075_noise_025pct_rep_02,Full_HG,25,2,0.186246318132672,75,75,0,0,1,1,1
Data_LLbetween_0100_LH_075_noise_025pct_rep_02,Full_HG,25,2,0.187548739937795,75,75,0,0,1,1,1
Data_LLbetween_0100_LH_075_noise_025pct_rep_02,Full_HG,25,2,0.188851161742919,75,75,0,0,1,1,1
Data_LLbetween_0100_LH_075_noise_025pct_rep_02,Full_HG,25,2,0.190153583548043,75,75,0,0,1,1,1
Data_LLbetween_0100_LH_075_noise_025pct_rep_02,Full_HG,25,2,0.191456005353166,75,75,0,0,1,1,1
Data_LLbetween_0100_LH_075_noise_025pct_rep_02,Full_HG,25,2,0.19275842715829,75,75,0,0,1,1,1
Data_LLbetween_0100_LH_075_noise_025pct_rep_02,Full_HG,25,2,0.194060848963413,75,75,0,0,1,1,1
Data_LLbetween_0100_LH_075_noise_025pct_rep_02,Full_HG,25,2,0.195363270768537,75,75,0,0,1,1,1
Data_LLbetween_0100_LH_075_noise_025pct_rep_02,Full_HG,25,2,0.19666569257366,75,75,0,0,1,1,1
Data_LLbetween_0100_LH_075_noise_025pct_rep_02,Full_HG,25,2,0.197968114378784,75,75,0,0,1,1,1
Data_LLbetween_0100_LH_075_noise_025pct_rep_02,Full_HG,25,2,0.199270536183908,75,75,0,0,1,1,1
Data_LLbetween_0100_LH_075_noise_025pct_rep_02,Full_HG,25,2,0.200572957989031,75,75,0,0,1,1,1
Data_LLbetween_0100_LH_075_noise_025pct_rep_02,Full_HG,25,2,0.201875379794155,75,75,0,0,1,1,1
Data_LLbetween_0100_LH_075_noise_025pct_rep_02,Full_HG,25,2,0.203177801599278,75,75,0,0,1,1,1
Data_LLbetween_0100_LH_075_noise_025pct_rep_02,Full_HG,25,2,0.204480223404402,75,75,0,0,1,1,1
Data_LLbetween_0100_LH_075_noise_025pct_rep_02,Full_HG,25,2,0.205782645209526,75,75,0,0,1,1,1
Data_LLbetween_0100_LH_075_noise_025pct_rep_02,Full_HG,25,2,0.207085067014649,75,75,0,0,1,1,1
Data_LLbetween_0100_LH_075_noise_025pct_rep_02,Full_HG,25,2,0.208387488819773,75,75,0,0,1,1,1
Data_LLbetween_0100_LH_075_noise_025pct_rep_02,Full_HG,25,2,0.209689910624896,75,75,0,0,1,1,1
Data_LLbetween_0100_LH_075_noise_025pct_rep_02,Full_HG,25,2,0.21099233243002,75,75,0,0,1,1,1
Data_LLbetween_0100_LH_075_noise_025pct_rep_02,Full_HG,25,2,0.212294754235143,75,75,0,0,1,1,1
Data_LLbetween_0100_LH_075_noise_025pct_rep_02,Full_HG,25,2,0.213597176040267,75,75,0,0,1,1,1
Data_LLbetween_0100_LH_075_noise_025pct_rep_02,Full_HG,25,2,0.214899597845391,75,75,0,0,1,1,1
Data_LLbetween_0100_LH_075_noise_025pct_rep_02,Full_HG,25,2,0.216202019650514,75,75,0,0,1,1,1
Data_LLbetween_0100_LH_075_noise_025pct_rep_02,Full_HG,25,2,0.217504441455638,75,75,0,0,1,1,1
Data_LLbetween_0100_LH_075_noise_025pct_rep_02,Full_HG,25,2,0.218806863260761,75,75,0,0,1,1,1
Data_LLbetween_0100_LH_075_noise_025pct_rep_02,Full_HG,25,2,0.220109285065885,74,74,0,1,1,0.986666666666667,0.993288590604027
Data_LLbetween_0100_LH_075_noise_025pct_rep_02,Full_HG,25,2,0.221411706871009,74,74,0,1,1,0.986666666666667,0.993288590604027
Data_LLbetween_0100_LH_075_noise_025pct_rep_02,Full_HG,25,2,0.222714128676132,74,74,0,1,1,0.986666666666667,0.993288590604027
Data_LLbetween_0100_LH_075_noise_025pct_rep_02,Full_HG,25,2,0.224016550481256,74,74,0,1,1,0.986666666666667,0.993288590604027
Data_LLbetween_0100_LH_075_noise_025pct_rep_02,Full_HG,25,2,0.225318972286379,74,74,0,1,1,0.986666666666667,0.993288590604027
Data_LLbetween_0100_LH_075_noise_025pct_rep_02,Full_HG,25,2,0.226621394091503,74,74,0,1,1,0.986666666666667,0.993288590604027
Data_LLbetween_0100_LH_075_noise_025pct_rep_02,Full_HG,25,2,0.227923815896626,73,73,0,2,1,0.973333333333333,0.986486486486487
Data_LLbetween_0100_LH_075_noise_025pct_rep_02,Full_HG,25,2,0.22922623770175,73,73,0,2,1,0.973333333333333,0.986486486486487
Data_LLbetween_0100_LH_075_noise_025pct_rep_02,Full_HG,25,2,0.230528659506874,73,73,0,2,1,0.973333333333333,0.986486486486487
Data_LLbetween_0100_LH_075_noise_025pct_rep_02,Full_HG,25,2,0.231831081311997,73,73,0,2,1,0.973333333333333,0.986486486486487
Data_LLbetween_0100_LH_075_noise_025pct_rep_02,Full_HG,25,2,0.233133503117121,73,73,0,2,1,0.973333333333333,0.986486486486487
Data_LLbetween_0100_LH_075_noise_025pct_rep_02,Full_HG,25,2,0.234435924922244,73,73,0,2,1,0.973333333333333,0.986486486486487
Data_LLbetween_0100_LH_075_noise_025pct_rep_02,Full_HG,25,2,0.235738346727368,73,73,0,2,1,0.973333333333333,0.986486486486487
Data_LLbetween_0100_LH_075_noise_025pct_rep_02,Full_HG,25,2,0.237040768532491,73,73,0,2,1,0.973333333333333,0.986486486486487
Data_LLbetween_0100_LH_075_noise_025pct_rep_02,Full_HG,25,2,0.238343190337615,73,73,0,2,1,0.973333333333333,0.986486486486487
Data_LLbetween_0100_LH_075_noise_025pct_rep_02,Full_HG,25,2,0.239645612142739,73,73,0,2,1,0.973333333333333,0.986486486486487
Data_LLbetween_0100_LH_075_noise_025pct_rep_02,Full_HG,25,2,0.240948033947862,73,73,0,2,1,0.973333333333333,0.986486486486487
Data_LLbetween_0100_LH_075_noise_025pct_rep_02,Full_HG,25,2,0.242250455752986,73,73,0,2,1,0.973333333333333,0.986486486486487
Data_LLbetween_0100_LH_075_noise_025pct_rep_02,Full_HG,25,2,0.243552877558109,72,72,0,3,1,0.96,0.979591836734694
Data_LLbetween_0100_LH_075_noise_025pct_rep_02,Full_HG,25,2,0.244855299363233,72,72,0,3,1,0.96,0.979591836734694
Data_LLbetween_0100_LH_075_noise_025pct_rep_02,Full_HG,25,2,0.246157721168356,72,72,0,3,1,0.96,0.979591836734694
Data_LLbetween_0100_LH_075_noise_025pct_rep_02,Full_HG,25,2,0.24746014297348,72,72,0,3,1,0.96,0.979591836734694
Data_LLbetween_0100_LH_075_noise_025pct_rep_02,Full_HG,25,2,0.248762564778604,72,72,0,3,1,0.96,0.979591836734694
Data_LLbetween_0100_LH_075_noise_025pct_rep_02,Full_HG,25,2,0.250064986583727,72,72,0,3,1,0.96,0.979591836734694
Data_LLbetween_0100_LH_075_noise_025pct_rep_02,Full_HG,25,2,0.251367408388851,72,72,0,3,1,0.96,0.979591836734694
Data_LLbetween_0100_LH_075_noise_025pct_rep_02,Full_HG,25,2,0.252669830193974,72,72,0,3,1,0.96,0.979591836734694
Data_LLbetween_0100_LH_075_noise_025pct_rep_02,Full_HG,25,2,0.253972251999098,72,72,0,3,1,0.96,0.979591836734694
Data_LLbetween_0100_LH_075_noise_025pct_rep_02,Full_HG,25,2,0.255274673804222,72,72,0,3,1,0.96,0.979591836734694
Data_LLbetween_0100_LH_075_noise_025pct_rep_02,Full_HG,25,2,0.256577095609345,72,72,0,3,1,0.96,0.979591836734694
Data_LLbetween_0100_LH_075_noise_025pct_rep_02,Full_HG,25,2,0.257879517414469,72,72,0,3,1,0.96,0.979591836734694
Data_LLbetween_0100_LH_075_noise_025pct_rep_02,Full_HG,25,2,0.259181939219592,72,72,0,3,1,0.96,0.979591836734694
Data_LLbetween_0100_LH_075_noise_025pct_rep_02,Full_HG,25,2,0.260484361024716,72,72,0,3,1,0.96,0.979591836734694
Data_LLbetween_0100_LH_075_noise_025pct_rep_02,Full_HG,25,2,0.261786782829839,72,72,0,3,1,0.96,0.979591836734694
Data_LLbetween_0100_LH_075_noise_025pct_rep_02,Full_HG,25,2,0.263089204634963,72,72,0,3,1,0.96,0.979591836734694
Data_LLbetween_0100_LH_075_noise_025pct_rep_02,Full_HG,25,2,0.264391626440087,72,72,0,3,1,0.96,0.979591836734694
Data_LLbetween_0100_LH_075_noise_025pct_rep_02,Full_HG,25,2,0.26569404824521,72,72,0,3,1,0.96,0.979591836734694
Data_LLbetween_0100_LH_075_noise_025pct_rep_02,Full_HG,25,2,0.266996470050334,72,72,0,3,1,0.96,0.979591836734694
Data_LLbetween_0100_LH_075_noise_025pct_rep_02,Full_HG,25,2,0.268298891855457,72,72,0,3,1,0.96,0.979591836734694
Data_LLbetween_0100_LH_075_noise_025pct_rep_02,Full_HG,25,2,0.269601313660581,72,72,0,3,1,0.96,0.979591836734694
Data_LLbetween_0100_LH_075_noise_025pct_rep_02,Full_HG,25,2,0.270903735465705,72,72,0,3,1,0.96,0.979591836734694
Data_LLbetween_0100_LH_075_noise_025pct_rep_02,Full_HG,25,2,0.272206157270828,72,72,0,3,1,0.96,0.979591836734694
Data_LLbetween_0100_LH_075_noise_025pct_rep_02,Full_HG,25,2,0.273508579075952,72,72,0,3,1,0.96,0.979591836734694
Data_LLbetween_0100_LH_075_noise_025pct_rep_02,Full_HG,25,2,0.274811000881075,72,72,0,3,1,0.96,0.979591836734694
Data_LLbetween_0100_LH_075_noise_025pct_rep_02,Full_HG,25,2,0.276113422686199,72,72,0,3,1,0.96,0.979591836734694
Data_LLbetween_0100_LH_075_noise_025pct_rep_02,Full_HG,25,2,0.277415844491322,72,72,0,3,1,0.96,0.979591836734694
Data_LLbetween_0100_LH_075_noise_025pct_rep_02,Full_HG,25,2,0.278718266296446,72,72,0,3,1,0.96,0.979591836734694
Data_LLbetween_0100_LH_075_noise_025pct_rep_02,Full_HG,25,2,0.28002068810157,72,72,0,3,1,0.96,0.979591836734694
Data_LLbetween_0100_LH_075_noise_025pct_rep_02,Full_HG,25,2,0.281323109906693,72,72,0,3,1,0.96,0.979591836734694
Data_LLbetween_0100_LH_075_noise_025pct_rep_02,Full_HG,25,2,0.282625531711817,72,72,0,3,1,0.96,0.979591836734694
Data_LLbetween_0100_LH_075_noise_025pct_rep_02,Full_HG,25,2,0.28392795351694,71,71,0,4,1,0.946666666666667,0.972602739726027
Data_LLbetween_0100_LH_075_noise_025pct_rep_02,Full_HG,25,2,0.285230375322064,71,71,0,4,1,0.946666666666667,0.972602739726027
Data_LLbetween_0100_LH_075_noise_025pct_rep_02,Full_HG,25,2,0.286532797127187,71,71,0,4,1,0.946666666666667,0.972602739726027
Data_LLbetween_0100_LH_075_noise_025pct_rep_02,Full_HG,25,2,0.287835218932311,69,69,0,6,1,0.92,0.958333333333333
Data_LLbetween_0100_LH_075_noise_025pct_rep_02,Full_HG,25,2,0.289137640737435,69,69,0,6,1,0.92,0.958333333333333
Data_LLbetween_0100_LH_075_noise_025pct_rep_02,Full_HG,25,2,0.290440062542558,69,69,0,6,1,0.92,0.958333333333333
Data_LLbetween_0100_LH_075_noise_025pct_rep_02,Full_HG,25,2,0.291742484347682,69,69,0,6,1,0.92,0.958333333333333
Data_LLbetween_0100_LH_075_noise_025pct_rep_02,Full_HG,25,2,0.293044906152805,69,69,0,6,1,0.92,0.958333333333333
Data_LLbetween_0100_LH_075_noise_025pct_rep_02,Full_HG,25,2,0.294347327957929,68,68,0,7,1,0.906666666666667,0.951048951048951
Data_LLbetween_0100_LH_075_noise_025pct_rep_02,Full_HG,25,2,0.295649749763053,68,68,0,7,1,0.906666666666667,0.951048951048951
Data_LLbetween_0100_LH_075_noise_025pct_rep_02,Full_HG,25,2,0.296952171568176,68,68,0,7,1,0.906666666666667,0.951048951048951
Data_LLbetween_0100_LH_075_noise_025pct_rep_02,Full_HG,25,2,0.2982545933733,67,67,0,8,1,0.893333333333333,0.943661971830986
Data_LLbetween_0100_LH_075_noise_025pct_rep_02,Full_HG,25,2,0.299557015178423,67,67,0,8,1,0.893333333333333,0.943661971830986
Data_LLbetween_0100_LH_075_noise_025pct_rep_02,Full_HG,25,2,0.300859436983547,67,67,0,8,1,0.893333333333333,0.943661971830986
Data_LLbetween_0100_LH_075_noise_025pct_rep_02,Full_HG,25,2,0.30216185878867,67,67,0,8,1,0.893333333333333,0.943661971830986
Data_LLbetween_0100_LH_075_noise_025pct_rep_02,Full_HG,25,2,0.303464280593794,66,66,0,9,1,0.88,0.936170212765957
Data_LLbetween_0100_LH_075_noise_025pct_rep_02,Full_HG,25,2,0.304766702398918,66,66,0,9,1,0.88,0.936170212765957
Data_LLbetween_0100_LH_075_noise_025pct_rep_02,Full_HG,25,2,0.306069124204041,65,65,0,10,1,0.866666666666667,0.928571428571429
Data_LLbetween_0100_LH_075_noise_025pct_rep_02,Full_HG,25,2,0.307371546009165,63,63,0,12,1,0.84,0.91304347826087
Data_LLbetween_0100_LH_075_noise_025pct_rep_02,Full_HG,25,2,0.308673967814288,63,63,0,12,1,0.84,0.91304347826087
Data_LLbetween_0100_LH_075_noise_025pct_rep_02,Full_HG,25,2,0.309976389619412,63,63,0,12,1,0.84,0.91304347826087
Data_LLbetween_0100_LH_075_noise_025pct_rep_02,Full_HG,25,2,0.311278811424536,62,62,0,13,1,0.826666666666667,0.905109489051095
Data_LLbetween_0100_LH_075_noise_025pct_rep_02,Full_HG,25,2,0.312581233229659,62,62,0,13,1,0.826666666666667,0.905109489051095
Data_LLbetween_0100_LH_075_noise_025pct_rep_02,Full_HG,25,2,0.313883655034783,61,61,0,14,1,0.813333333333333,0.897058823529412
Data_LLbetween_0100_LH_075_noise_025pct_rep_02,Full_HG,25,2,0.315186076839906,61,61,0,14,1,0.813333333333333,0.897058823529412
Data_LLbetween_0100_LH_075_noise_025pct_rep_02,Full_HG,25,2,0.31648849864503,61,61,0,14,1,0.813333333333333,0.897058823529412
Data_LLbetween_0100_LH_075_noise_025pct_rep_02,Full_HG,25,2,0.317790920450153,60,60,0,15,1,0.8,0.888888888888889
Data_LLbetween_0100_LH_075_noise_025pct_rep_02,Full_HG,25,2,0.319093342255277,59,59,0,16,1,0.786666666666667,0.880597014925373
Data_LLbetween_0100_LH_075_noise_025pct_rep_02,Full_HG,25,2,0.320395764060401,59,59,0,16,1,0.786666666666667,0.880597014925373
Data_LLbetween_0100_LH_075_noise_025pct_rep_02,Full_HG,25,2,0.321698185865524,59,59,0,16,1,0.786666666666667,0.880597014925373
Data_LLbetween_0100_LH_075_noise_025pct_rep_02,Full_HG,25,2,0.323000607670648,59,59,0,16,1,0.786666666666667,0.880597014925373
Data_LLbetween_0100_LH_075_noise_025pct_rep_02,Full_HG,25,2,0.324303029475771,58,58,0,17,1,0.773333333333333,0.87218045112782
Data_LLbetween_0100_LH_075_noise_025pct_rep_02,Full_HG,25,2,0.325605451280895,58,58,0,17,1,0.773333333333333,0.87218045112782
Data_LLbetween_0100_LH_075_noise_025pct_rep_02,Full_HG,25,2,0.326907873086018,58,58,0,17,1,0.773333333333333,0.87218045112782
Data_LLbetween_0100_LH_075_noise_025pct_rep_02,Full_HG,25,2,0.328210294891142,58,58,0,17,1,0.773333333333333,0.87218045112782
Data_LLbetween_0100_LH_075_noise_025pct_rep_02,Full_HG,25,2,0.329512716696266,58,58,0,17,1,0.773333333333333,0.87218045112782
Data_LLbetween_0100_LH_075_noise_025pct_rep_02,Full_HG,25,2,0.330815138501389,56,56,0,19,1,0.746666666666667,0.854961832061069
Data_LLbetween_0100_LH_075_noise_025pct_rep_02,Full_HG,25,2,0.332117560306513,56,56,0,19,1,0.746666666666667,0.854961832061069
Data_LLbetween_0100_LH_075_noise_025pct_rep_02,Full_HG,25,2,0.333419982111636,56,56,0,19,1,0.746666666666667,0.854961832061069
Data_LLbetween_0100_LH_075_noise_025pct_rep_02,Full_HG,25,2,0.33472240391676,56,56,0,19,1,0.746666666666667,0.854961832061069
Data_LLbetween_0100_LH_075_noise_025pct_rep_02,Full_HG,25,2,0.336024825721884,54,54,0,21,1,0.72,0.837209302325581
Data_LLbetween_0100_LH_075_noise_025pct_rep_02,Full_HG,25,2,0.337327247527007,54,54,0,21,1,0.72,0.837209302325581
Data_LLbetween_0100_LH_075_noise_025pct_rep_02,Full_HG,25,2,0.338629669332131,54,54,0,21,1,0.72,0.837209302325581
Data_LLbetween_0100_LH_075_noise_025pct_rep_02,Full_HG,25,2,0.339932091137254,54,54,0,21,1,0.72,0.837209302325581
Data_LLbetween_0100_LH_075_noise_025pct_rep_02,Full_HG,25,2,0.341234512942378,53,53,0,22,1,0.706666666666667,0.828125
Data_LLbetween_0100_LH_075_noise_025pct_rep_02,Full_HG,25,2,0.342536934747501,53,53,0,22,1,0.706666666666667,0.828125
Data_LLbetween_0100_LH_075_noise_025pct_rep_02,Full_HG,25,2,0.343839356552625,53,53,0,22,1,0.706666666666667,0.828125
Data_LLbetween_0100_LH_075_noise_025pct_rep_02,Full_HG,25,2,0.345141778357749,53,53,0,22,1,0.706666666666667,0.828125
Data_LLbetween_0100_LH_075_noise_025pct_rep_02,Full_HG,25,2,0.346444200162872,51,51,0,24,1,0.68,0.80952380952381
Data_LLbetween_0100_LH_075_noise_025pct_rep_02,Full_HG,25,2,0.347746621967996,49,49,0,26,1,0.653333333333333,0.790322580645161
Data_LLbetween_0100_LH_075_noise_025pct_rep_02,Full_HG,25,2,0.349049043773119,49,49,0,26,1,0.653333333333333,0.790322580645161
Data_LLbetween_0100_LH_075_noise_025pct_rep_02,Full_HG,25,2,0.350351465578243,48,48,0,27,1,0.64,0.780487804878049
Data_LLbetween_0100_LH_075_noise_025pct_rep_02,Full_HG,25,2,0.351653887383366,48,48,0,27,1,0.64,0.780487804878049
Data_LLbetween_0100_LH_075_noise_025pct_rep_02,Full_HG,25,2,0.35295630918849,48,48,0,27,1,0.64,0.780487804878049
Data_LLbetween_0100_LH_075_noise_025pct_rep_02,Full_HG,25,2,0.354258730993614,47,47,0,28,1,0.626666666666667,0.770491803278689
Data_LLbetween_0100_LH_075_noise_025pct_rep_02,Full_HG,25,2,0.355561152798737,47,47,0,28,1,0.626666666666667,0.770491803278689
Data_LLbetween_0100_LH_075_noise_025pct_rep_02,Full_HG,25,2,0.356863574603861,47,47,0,28,1,0.626666666666667,0.770491803278689
Data_LLbetween_0100_LH_075_noise_025pct_rep_02,Full_HG,25,2,0.358165996408984,45,45,0,30,1,0.6,0.75
Data_LLbetween_0100_LH_075_noise_025pct_rep_02,Full_HG,25,2,0.359468418214108,44,44,0,31,1,0.586666666666667,0.739495798319328
Data_LLbetween_0100_LH_075_noise_025pct_rep_02,Full_HG,25,2,0.360770840019232,44,44,0,31,1,0.586666666666667,0.739495798319328
Data_LLbetween_0100_LH_075_noise_025pct_rep_02,Full_HG,25,2,0.362073261824355,44,44,0,31,1,0.586666666666667,0.739495798319328
Data_LLbetween_0100_LH_075_noise_025pct_rep_02,Full_HG,25,2,0.363375683629479,44,44,0,31,1,0.586666666666667,0.739495798319328
Data_LLbetween_0100_LH_075_noise_025pct_rep_02,Full_HG,25,2,0.364678105434602,43,43,0,32,1,0.573333333333333,0.728813559322034
Data_LLbetween_0100_LH_075_noise_025pct_rep_02,Full_HG,25,2,0.365980527239726,43,43,0,32,1,0.573333333333333,0.728813559322034
Data_LLbetween_0100_LH_075_noise_025pct_rep_02,Full_HG,25,2,0.367282949044849,42,42,0,33,1,0.56,0.717948717948718
Data_LLbetween_0100_LH_075_noise_025pct_rep_02,Full_HG,25,2,0.368585370849973,42,42,0,33,1,0.56,0.717948717948718
Data_LLbetween_0100_LH_075_noise_025pct_rep_02,Full_HG,25,2,0.369887792655097,42,42,0,33,1,0.56,0.717948717948718
Data_LLbetween_0100_LH_075_noise_025pct_rep_02,Full_HG,25,2,0.37119021446022,41,41,0,34,1,0.546666666666667,0.706896551724138
Data_LLbetween_0100_LH_075_noise_025pct_rep_02,Full_HG,25,2,0.372492636265344,39,39,0,36,1,0.52,0.684210526315789
Data_LLbetween_0100_LH_075_noise_025pct_rep_02,Full_HG,25,2,0.373795058070467,38,38,0,37,1,0.506666666666667,0.672566371681416
Data_LLbetween_0100_LH_075_noise_025pct_rep_02,Full_HG,25,2,0.375097479875591,37,37,0,38,1,0.493333333333333,0.660714285714286
Data_LLbetween_0100_LH_075_noise_025pct_rep_02,Full_HG,25,2,0.376399901680714,37,37,0,38,1,0.493333333333333,0.660714285714286
Data_LLbetween_0100_LH_075_noise_025pct_rep_02,Full_HG,25,2,0.377702323485838,37,37,0,38,1,0.493333333333333,0.660714285714286
Data_LLbetween_0100_LH_075_noise_025pct_rep_02,Full_HG,25,2,0.379004745290962,37,37,0,38,1,0.493333333333333,0.660714285714286
Data_LLbetween_0100_LH_075_noise_025pct_rep_02,Full_HG,25,2,0.380307167096085,37,37,0,38,1,0.493333333333333,0.660714285714286
Data_LLbetween_0100_LH_075_noise_025pct_rep_02,Full_HG,25,2,0.381609588901209,36,36,0,39,1,0.48,0.648648648648649
Data_LLbetween_0100_LH_075_noise_025pct_rep_02,Full_HG,25,2,0.382912010706332,35,35,0,40,1,0.466666666666667,0.636363636363636
Data_LLbetween_0100_LH_075_noise_025pct_rep_02,Full_HG,25,2,0.384214432511456,31,31,0,44,1,0.413333333333333,0.584905660377358
Data_LLbetween_0100_LH_075_noise_025pct_rep_02,Full_HG,25,2,0.38551685431658,30,30,0,45,1,0.4,0.571428571428572
Data_LLbetween_0100_LH_075_noise_025pct_rep_02,Full_HG,25,2,0.386819276121703,30,30,0,45,1,0.4,0.571428571428572
Data_LLbetween_0100_LH_075_noise_025pct_rep_02,Full_HG,25,2,0.388121697926827,28,28,0,47,1,0.373333333333333,0.54368932038835
Data_LLbetween_0100_LH_075_noise_025pct_rep_02,Full_HG,25,2,0.38942411973195,26,26,0,49,1,0.346666666666667,0.514851485148515
Data_LLbetween_0100_LH_075_noise_025pct_rep_02,Full_HG,25,2,0.390726541537074,26,26,0,49,1,0.346666666666667,0.514851485148515
Data_LLbetween_0100_LH_075_noise_025pct_rep_02,Full_HG,25,2,0.392028963342197,25,25,0,50,1,0.333333333333333,0.5
Data_LLbetween_0100_LH_075_noise_025pct_rep_02,Full_HG,25,2,0.393331385147321,24,24,0,51,1,0.32,0.484848484848485
Data_LLbetween_0100_LH_075_noise_025pct_rep_02,Full_HG,25,2,0.394633806952445,22,22,0,53,1,0.293333333333333,0.45360824742268
Data_LLbetween_0100_LH_075_noise_025pct_rep_02,Full_HG,25,2,0.395936228757568,22,22,0,53,1,0.293333333333333,0.45360824742268
Data_LLbetween_0100_LH_075_noise_025pct_rep_02,Full_HG,25,2,0.397238650562692,22,22,0,53,1,0.293333333333333,0.45360824742268
Data_LLbetween_0100_LH_075_noise_025pct_rep_02,Full_HG,25,2,0.398541072367815,22,22,0,53,1,0.293333333333333,0.45360824742268
Data_LLbetween_0100_LH_075_noise_025pct_rep_02,Full_HG,25,2,0.399843494172939,22,22,0,53,1,0.293333333333333,0.45360824742268
Data_LLbetween_0100_LH_075_noise_025pct_rep_02,Full_HG,25,2,0.401145915978062,21,21,0,54,1,0.28,0.4375
Data_LLbetween_0100_LH_075_noise_025pct_rep_02,Full_HG,25,2,0.402448337783186,21,21,0,54,1,0.28,0.4375
Data_LLbetween_0100_LH_075_noise_025pct_rep_02,Full_HG,25,2,0.40375075958831,21,21,0,54,1,0.28,0.4375
Data_LLbetween_0100_LH_075_noise_025pct_rep_02,Full_HG,25,2,0.405053181393433,21,21,0,54,1,0.28,0.4375
Data_LLbetween_0100_LH_075_noise_025pct_rep_02,Full_HG,25,2,0.406355603198557,21,21,0,54,1,0.28,0.4375
Data_LLbetween_0100_LH_075_noise_025pct_rep_02,Full_HG,25,2,0.40765802500368,21,21,0,54,1,0.28,0.4375
Data_LLbetween_0100_LH_075_noise_025pct_rep_02,Full_HG,25,2,0.408960446808804,19,19,0,56,1,0.253333333333333,0.404255319148936
Data_LLbetween_0100_LH_075_noise_025pct_rep_02,Full_HG,25,2,0.410262868613928,19,19,0,56,1,0.253333333333333,0.404255319148936
Data_LLbetween_0100_LH_075_noise_025pct_rep_02,Full_HG,25,2,0.411565290419051,19,19,0,56,1,0.253333333333333,0.404255319148936
Data_LLbetween_0100_LH_075_noise_025pct_rep_02,Full_HG,25,2,0.412867712224175,19,19,0,56,1,0.253333333333333,0.404255319148936
Data_LLbetween_0100_LH_075_noise_025pct_rep_02,Full_HG,25,2,0.414170134029298,19,19,0,56,1,0.253333333333333,0.404255319148936
Data_LLbetween_0100_LH_075_noise_025pct_rep_02,Full_HG,25,2,0.415472555834422,19,19,0,56,1,0.253333333333333,0.404255319148936
Data_LLbetween_0100_LH_075_noise_025pct_rep_02,Full_HG,25,2,0.416774977639545,18,18,0,57,1,0.24,0.387096774193548
Data_LLbetween_0100_LH_075_noise_025pct_rep_02,Full_HG,25,2,0.418077399444669,18,18,0,57,1,0.24,0.387096774193548
Data_LLbetween_0100_LH_075_noise_025pct_rep_02,Full_HG,25,2,0.419379821249793,18,18,0,57,1,0.24,0.387096774193548
Data_LLbetween_0100_LH_075_noise_025pct_rep_02,Full_HG,25,2,0.420682243054916,18,18,0,57,1,0.24,0.387096774193548
Data_LLbetween_0100_LH_075_noise_025pct_rep_02,Full_HG,25,2,0.42198466486004,17,17,0,58,1,0.226666666666667,0.369565217391304
Data_LLbetween_0100_LH_075_noise_025pct_rep_02,Full_HG,25,2,0.423287086665163,16,16,0,59,1,0.213333333333333,0.351648351648352
Data_LLbetween_0100_LH_075_noise_025pct_rep_02,Full_HG,25,2,0.424589508470287,16,16,0,59,1,0.213333333333333,0.351648351648352
Data_LLbetween_0100_LH_075_noise_025pct_rep_02,Full_HG,25,2,0.425891930275411,16,16,0,59,1,0.213333333333333,0.351648351648352
Data_LLbetween_0100_LH_075_noise_025pct_rep_02,Full_HG,25,2,0.427194352080534,16,16,0,59,1,0.213333333333333,0.351648351648352
Data_LLbetween_0100_LH_075_noise_025pct_rep_02,Full_HG,25,2,0.428496773885658,14,14,0,61,1,0.186666666666667,0.314606741573034
Data_LLbetween_0100_LH_075_noise_025pct_rep_02,Full_HG,25,2,0.429799195690781,11,11,0,64,1,0.146666666666667,0.255813953488372
Data_LLbetween_0100_LH_075_noise_025pct_rep_02,Full_HG,25,2,0.431101617495905,10,10,0,65,1,0.133333333333333,0.235294117647059
Data_LLbetween_0100_LH_075_noise_025pct_rep_02,Full_HG,25,2,0.432404039301028,10,10,0,65,1,0.133333333333333,0.235294117647059
Data_LLbetween_0100_LH_075_noise_025pct_rep_02,Full_HG,25,2,0.433706461106152,9,9,0,66,1,0.12,0.214285714285714
Data_LLbetween_0100_LH_075_noise_025pct_rep_02,Full_HG,25,2,0.435008882911276,9,9,0,66,1,0.12,0.214285714285714
Data_LLbetween_0100_LH_075_noise_025pct_rep_02,Full_HG,25,2,0.436311304716399,9,9,0,66,1,0.12,0.214285714285714
Data_LLbetween_0100_LH_075_noise_025pct_rep_02,Full_HG,25,2,0.437613726521523,8,8,0,67,1,0.106666666666667,0.192771084337349
Data_LLbetween_0100_LH_075_noise_025pct_rep_02,Full_HG,25,2,0.438916148326646,8,8,0,67,1,0.106666666666667,0.192771084337349
Data_LLbetween_0100_LH_075_noise_025pct_rep_02,Full_HG,25,2,0.44021857013177,8,8,0,67,1,0.106666666666667,0.192771084337349
Data_LLbetween_0100_LH_075_noise_025pct_rep_02,Full_HG,25,2,0.441520991936893,8,8,0,67,1,0.106666666666667,0.192771084337349
Data_LLbetween_0100_LH_075_noise_025pct_rep_02,Full_HG,25,2,0.442823413742017,7,7,0,68,1,0.0933333333333333,0.170731707317073
Data_LLbetween_0100_LH_075_noise_025pct_rep_02,Full_HG,25,2,0.444125835547141,6,6,0,69,1,0.08,0.148148148148148
Data_LLbetween_0100_LH_075_noise_025pct_rep_02,Full_HG,25,2,0.445428257352264,5,5,0,70,1,0.0666666666666667,0.125
Data_LLbetween_0100_LH_075_noise_025pct_rep_02,Full_HG,25,2,0.446730679157388,5,5,0,70,1,0.0666666666666667,0.125
Data_LLbetween_0100_LH_075_noise_025pct_rep_02,Full_HG,25,2,0.448033100962511,4,4,0,71,1,0.0533333333333333,0.10126582278481
Data_LLbetween_0100_LH_075_noise_025pct_rep_02,Full_HG,25,2,0.449335522767635,4,4,0,71,1,0.0533333333333333,0.10126582278481
Data_LLbetween_0100_LH_075_noise_025pct_rep_02,Full_HG,25,2,0.450637944572758,4,4,0,71,1,0.0533333333333333,0.10126582278481
Data_LLbetween_0100_LH_075_noise_025pct_rep_02,Full_HG,25,2,0.451940366377882,4,4,0,71,1,0.0533333333333333,0.10126582278481
Data_LLbetween_0100_LH_075_noise_025pct_rep_02,Full_HG,25,2,0.453242788183006,3,3,0,72,1,0.04,0.0769230769230769
Data_LLbetween_0100_LH_075_noise_025pct_rep_02,Full_HG,25,2,0.454545209988129,2,2,0,73,1,0.0266666666666667,0.051948051948052
Data_LLbetween_0100_LH_075_noise_025pct_rep_02,Full_HG,25,2,0.455847631793253,2,2,0,73,1,0.0266666666666667,0.051948051948052
Data_LLbetween_0100_LH_075_noise_025pct_rep_02,Full_HG,25,2,0.457150053598376,2,2,0,73,1,0.0266666666666667,0.051948051948052
Data_LLbetween_0100_LH_075_noise_025pct_rep_02,Full_HG,25,2,0.4584524754035,2,2,0,73,1,0.0266666666666667,0.051948051948052
Data_LLbetween_0100_LH_075_noise_025pct_rep_02,Full_HG,25,2,0.459754897208624,2,2,0,73,1,0.0266666666666667,0.051948051948052
Data_LLbetween_0100_LH_075_noise_025pct_rep_02,Full_HG,25,2,0.461057319013747,2,2,0,73,1,0.0266666666666667,0.051948051948052
Data_LLbetween_0100_LH_075_noise_025pct_rep_02,Full_HG,25,2,0.462359740818871,2,2,0,73,1,0.0266666666666667,0.051948051948052
Data_LLbetween_0100_LH_075_noise_025pct_rep_02,Full_HG,25,2,0.463662162623994,2,2,0,73,1,0.0266666666666667,0.051948051948052
Data_LLbetween_0100_LH_075_noise_025pct_rep_02,Full_HG,25,2,0.464964584429118,2,2,0,73,1,0.0266666666666667,0.051948051948052
Data_LLbetween_0100_LH_075_noise_025pct_rep_02,Full_HG,25,2,0.466267006234241,2,2,0,73,1,0.0266666666666667,0.051948051948052
Data_LLbetween_0100_LH_075_noise_025pct_rep_02,Full_HG,25,2,0.467569428039365,1,1,0,74,1,0.0133333333333333,0.0263157894736842
Data_LLbetween_0100_LH_075_noise_025pct_rep_02,Full_HG,25,2,0.468871849844489,1,1,0,74,1,0.0133333333333333,0.0263157894736842
Data_LLbetween_0100_LH_075_noise_025pct_rep_02,Full_HG,25,2,0.470174271649612,1,1,0,74,1,0.0133333333333333,0.0263157894736842
Data_LLbetween_0100_LH_075_noise_025pct_rep_02,Full_HG,25,2,0.471476693454736,1,1,0,74,1,0.0133333333333333,0.0263157894736842
Data_LLbetween_0100_LH_075_noise_025pct_rep_02,Full_HG,25,2,0.472779115259859,1,1,0,74,1,0.0133333333333333,0.0263157894736842
Data_LLbetween_0100_LH_075_noise_025pct_rep_02,Full_HG,25,2,0.474081537064983,1,1,0,74,1,0.0133333333333333,0.0263157894736842
Data_LLbetween_0100_LH_075_noise_025pct_rep_02,Full_HG,25,2,0.475383958870107,1,1,0,74,1,0.0133333333333333,0.0263157894736842
Data_LLbetween_0100_LH_075_noise_025pct_rep_02,Full_HG,25,2,0.47668638067523,1,1,0,74,1,0.0133333333333333,0.0263157894736842
Data_LLbetween_0100_LH_075_noise_025pct_rep_02,Full_HG,25,2,0.477988802480354,0,0,0,75,NaN,0,0
Data_LLbetween_0100_LH_075_noise_025pct_rep_02,Full_HG,25,2,0.479291224285477,0,0,0,75,NaN,0,0
Data_LLbetween_0100_LH_075_noise_025pct_rep_02,Full_HG,25,2,0.480593646090601,0,0,0,75,NaN,0,0
Data_LLbetween_0100_LH_075_noise_025pct_rep_02,Full_HG,25,2,0.481896067895724,0,0,0,75,NaN,0,0
Data_LLbetween_0100_LH_075_noise_025pct_rep_02,Full_HG,25,2,0.483198489700848,0,0,0,75,NaN,0,0
Data_LLbetween_0100_LH_075_noise_025pct_rep_02,Full_HG,25,2,0.484500911505972,0,0,0,75,NaN,0,0
Data_LLbetween_0100_LH_075_noise_025pct_rep_02,Full_HG,25,2,0.485803333311095,0,0,0,75,NaN,0,0
Data_LLbetween_0100_LH_075_noise_025pct_rep_02,Full_HG,25,2,0.487105755116219,0,0,0,75,NaN,0,0
Data_LLbetween_0100_LH_075_noise_025pct_rep_02,Full_HG,25,2,0.488408176921342,0,0,0,75,NaN,0,0
Data_LLbetween_0100_LH_075_noise_025pct_rep_02,Full_HG,25,2,0.489710598726466,0,0,0,75,NaN,0,0
Data_LLbetween_0100_LH_075_noise_025pct_rep_02,Full_HG,25,2,0.491013020531589,0,0,0,75,NaN,0,0
Data_LLbetween_0100_LH_075_noise_025pct_rep_02,Full_HG,25,2,0.492315442336713,0,0,0,75,NaN,0,0
Data_LLbetween_0100_LH_075_noise_025pct_rep_02,Full_HG,25,2,0.493617864141837,0,0,0,75,NaN,0,0
Data_LLbetween_0100_LH_075_noise_025pct_rep_02,Full_HG,25,2,0.49492028594696,0,0,0,75,NaN,0,0
Data_LLbetween_0100_LH_075_noise_025pct_rep_02,Full_HG,25,2,0.496222707752084,0,0,0,75,NaN,0,0
Data_LLbetween_0100_LH_075_noise_025pct_rep_02,Full_HG,25,2,0.497525129557207,0,0,0,75,NaN,0,0
Data_LLbetween_0100_LH_075_noise_025pct_rep_02,Full_HG,25,2,0.498827551362331,0,0,0,75,NaN,0,0
Data_LLbetween_0100_LH_075_noise_025pct_rep_02,Full_HG,25,2,0.500129973167455,0,0,0,75,NaN,0,0
Data_LLbetween_0100_LH_075_noise_025pct_rep_02,Full_HG,25,2,0.501432394972578,0,0,0,75,NaN,0,0
Data_LLbetween_0100_LH_075_noise_025pct_rep_02,Full_HG,25,2,0.502734816777702,0,0,0,75,NaN,0,0
Data_LLbetween_0100_LH_075_noise_025pct_rep_02,Full_HG,25,2,0.504037238582825,0,0,0,75,NaN,0,0
Data_LLbetween_0100_LH_075_noise_025pct_rep_02,Full_HG,25,2,0.505339660387949,0,0,0,75,NaN,0,0
Data_LLbetween_0100_LH_075_noise_025pct_rep_02,Full_HG,25,2,0.506642082193072,0,0,0,75,NaN,0,0
Data_LLbetween_0100_LH_075_noise_025pct_rep_02,Full_HG,25,2,0.507944503998196,0,0,0,75,NaN,0,0
Data_LLbetween_0100_LH_075_noise_025pct_rep_02,Full_HG,25,2,0.50924692580332,0,0,0,75,NaN,0,0
Data_LLbetween_0100_LH_075_noise_025pct_rep_02,Full_HG,25,2,0.510549347608443,0,0,0,75,NaN,0,0
Data_LLbetween_0100_LH_075_noise_025pct_rep_02,Full_HG,25,2,0.511851769413567,0,0,0,75,NaN,0,0
Data_LLbetween_0100_LH_075_noise_025pct_rep_02,Full_HG,25,2,0.51315419121869,0,0,0,75,NaN,0,0
Data_LLbetween_0100_LH_075_noise_025pct_rep_02,Full_HG,25,2,0.514456613023814,0,0,0,75,NaN,0,0
Data_LLbetween_0100_LH_075_noise_025pct_rep_02,Full_HG,25,2,0.515759034828937,0,0,0,75,NaN,0,0
Data_LLbetween_0100_LH_075_noise_025pct_rep_02,Full_HG,25,2,0.517061456634061,0,0,0,75,NaN,0,0
Data_LLbetween_0100_LH_075_noise_025pct_rep_02,Full_HG,25,2,0.518363878439185,0,0,0,75,NaN,0,0
Data_LLbetween_0100_LH_075_noise_025pct_rep_02,Full_HG,25,2,0.519666300244308,0,0,0,75,NaN,0,0
Data_LLbetween_0100_LH_075_noise_025pct_rep_02,Full_HG,25,2,0.520968722049432,0,0,0,75,NaN,0,0
Data_LLbetween_0100_LH_075_noise_025pct_rep_03,Full_HG,25,3,0,203,75,128,0,0.369458128078818,1,0.539568345323741
Data_LLbetween_0100_LH_075_noise_025pct_rep_03,Full_HG,25,3,0.00130242180512358,191,75,116,0,0.392670157068063,1,0.56390977443609
Data_LLbetween_0100_LH_075_noise_025pct_rep_03,Full_HG,25,3,0.00260484361024716,181,75,106,0,0.414364640883978,1,0.5859375
Data_LLbetween_0100_LH_075_noise_025pct_rep_03,Full_HG,25,3,0.00390726541537074,166,75,91,0,0.451807228915663,1,0.622406639004149
Data_LLbetween_0100_LH_075_noise_025pct_rep_03,Full_HG,25,3,0.00520968722049432,152,75,77,0,0.493421052631579,1,0.66079295154185
Data_LLbetween_0100_LH_075_noise_025pct_rep_03,Full_HG,25,3,0.0065121090256179,138,75,63,0,0.543478260869565,1,0.704225352112676
Data_LLbetween_0100_LH_075_noise_025pct_rep_03,Full_HG,25,3,0.00781453083074148,126,75,51,0,0.595238095238095,1,0.746268656716418
Data_LLbetween_0100_LH_075_noise_025pct_rep_03,Full_HG,25,3,0.00911695263586506,115,75,40,0,0.652173913043478,1,0.789473684210526
Data_LLbetween_0100_LH_075_noise_025pct_rep_03,Full_HG,25,3,0.0104193744409886,109,75,34,0,0.688073394495413,1,0.815217391304348
Data_LLbetween_0100_LH_075_noise_025pct_rep_03,Full_HG,25,3,0.0117217962461122,104,75,29,0,0.721153846153846,1,0.837988826815642
Data_LLbetween_0100_LH_075_noise_025pct_rep_03,Full_HG,25,3,0.0130242180512358,99,75,24,0,0.757575757575758,1,0.862068965517241
Data_LLbetween_0100_LH_075_noise_025pct_rep_03,Full_HG,25,3,0.0143266398563594,94,75,19,0,0.797872340425532,1,0.887573964497041
Data_LLbetween_0100_LH_075_noise_025pct_rep_03,Full_HG,25,3,0.015629061661483,91,75,16,0,0.824175824175824,1,0.903614457831325
Data_LLbetween_0100_LH_075_noise_025pct_rep_03,Full_HG,25,3,0.0169314834666065,90,75,15,0,0.833333333333333,1,0.909090909090909
Data_LLbetween_0100_LH_075_noise_025pct_rep_03,Full_HG,25,3,0.0182339052717301,89,75,14,0,0.842696629213483,1,0.914634146341463
Data_LLbetween_0100_LH_075_noise_025pct_rep_03,Full_HG,25,3,0.0195363270768537,86,75,11,0,0.872093023255814,1,0.93167701863354
Data_LLbetween_0100_LH_075_noise_025pct_rep_03,Full_HG,25,3,0.0208387488819773,86,75,11,0,0.872093023255814,1,0.93167701863354
Data_LLbetween_0100_LH_075_noise_025pct_rep_03,Full_HG,25,3,0.0221411706871009,86,75,11,0,0.872093023255814,1,0.93167701863354
Data_LLbetween_0100_LH_075_noise_025pct_rep_03,Full_HG,25,3,0.0234435924922244,85,75,10,0,0.882352941176471,1,0.9375
Data_LLbetween_0100_LH_075_noise_025pct_rep_03,Full_HG,25,3,0.024746014297348,85,75,10,0,0.882352941176471,1,0.9375
Data_LLbetween_0100_LH_075_noise_025pct_rep_03,Full_HG,25,3,0.0260484361024716,85,75,10,0,0.882352941176471,1,0.9375
Data_LLbetween_0100_LH_075_noise_025pct_rep_03,Full_HG,25,3,0.0273508579075952,83,75,8,0,0.903614457831325,1,0.949367088607595
Data_LLbetween_0100_LH_075_noise_025pct_rep_03,Full_HG,25,3,0.0286532797127187,83,75,8,0,0.903614457831325,1,0.949367088607595
Data_LLbetween_0100_LH_075_noise_025pct_rep_03,Full_HG,25,3,0.0299557015178423,82,75,7,0,0.914634146341463,1,0.955414012738854
Data_LLbetween_0100_LH_075_noise_025pct_rep_03,Full_HG,25,3,0.0312581233229659,81,75,6,0,0.925925925925926,1,0.961538461538461
Data_LLbetween_0100_LH_075_noise_025pct_rep_03,Full_HG,25,3,0.0325605451280895,80,75,5,0,0.9375,1,0.967741935483871
Data_LLbetween_0100_LH_075_noise_025pct_rep_03,Full_HG,25,3,0.0338629669332131,79,75,4,0,0.949367088607595,1,0.974025974025974
Data_LLbetween_0100_LH_075_noise_025pct_rep_03,Full_HG,25,3,0.0351653887383366,77,75,2,0,0.974025974025974,1,0.986842105263158
Data_LLbetween_0100_LH_075_noise_025pct_rep_03,Full_HG,25,3,0.0364678105434602,77,75,2,0,0.974025974025974,1,0.986842105263158
Data_LLbetween_0100_LH_075_noise_025pct_rep_03,Full_HG,25,3,0.0377702323485838,77,75,2,0,0.974025974025974,1,0.986842105263158
Data_LLbetween_0100_LH_075_noise_025pct_rep_03,Full_HG,25,3,0.0390726541537074,77,75,2,0,0.974025974025974,1,0.986842105263158
Data_LLbetween_0100_LH_075_noise_025pct_rep_03,Full_HG,25,3,0.040375075958831,77,75,2,0,0.974025974025974,1,0.986842105263158
Data_LLbetween_0100_LH_075_noise_025pct_rep_03,Full_HG,25,3,0.0416774977639545,77,75,2,0,0.974025974025974,1,0.986842105263158
Data_LLbetween_0100_LH_075_noise_025pct_rep_03,Full_HG,25,3,0.0429799195690781,76,75,1,0,0.986842105263158,1,0.993377483443709
Data_LLbetween_0100_LH_075_noise_025pct_rep_03,Full_HG,25,3,0.0442823413742017,76,75,1,0,0.986842105263158,1,0.993377483443709
Data_LLbetween_0100_LH_075_noise_025pct_rep_03,Full_HG,25,3,0.0455847631793253,76,75,1,0,0.986842105263158,1,0.993377483443709
Data_LLbetween_0100_LH_075_noise_025pct_rep_03,Full_HG,25,3,0.0468871849844489,75,75,0,0,1,1,1
Data_LLbetween_0100_LH_075_noise_025pct_rep_03,Full_HG,25,3,0.0481896067895724,75,75,0,0,1,1,1
Data_LLbetween_0100_LH_075_noise_025pct_rep_03,Full_HG,25,3,0.049492028594696,75,75,0,0,1,1,1
Data_LLbetween_0100_LH_075_noise_025pct_rep_03,Full_HG,25,3,0.0507944503998196,75,75,0,0,1,1,1
Data_LLbetween_0100_LH_075_noise_025pct_rep_03,Full_HG,25,3,0.0520968722049432,75,75,0,0,1,1,1
Data_LLbetween_0100_LH_075_noise_025pct_rep_03,Full_HG,25,3,0.0533992940100668,75,75,0,0,1,1,1
Data_LLbetween_0100_LH_075_noise_025pct_rep_03,Full_HG,25,3,0.0547017158151903,75,75,0,0,1,1,1
Data_LLbetween_0100_LH_075_noise_025pct_rep_03,Full_HG,25,3,0.0560041376203139,75,75,0,0,1,1,1
Data_LLbetween_0100_LH_075_noise_025pct_rep_03,Full_HG,25,3,0.0573065594254375,75,75,0,0,1,1,1
Data_LLbetween_0100_LH_075_noise_025pct_rep_03,Full_HG,25,3,0.0586089812305611,75,75,0,0,1,1,1
Data_LLbetween_0100_LH_075_noise_025pct_rep_03,Full_HG,25,3,0.0599114030356847,75,75,0,0,1,1,1
Data_LLbetween_0100_LH_075_noise_025pct_rep_03,Full_HG,25,3,0.0612138248408082,75,75,0,0,1,1,1
Data_LLbetween_0100_LH_075_noise_025pct_rep_03,Full_HG,25,3,0.0625162466459318,75,75,0,0,1,1,1
Data_LLbetween_0100_LH_075_noise_025pct_rep_03,Full_HG,25,3,0.0638186684510554,75,75,0,0,1,1,1
Data_LLbetween_0100_LH_075_noise_025pct_rep_03,Full_HG,25,3,0.065121090256179,75,75,0,0,1,1,1
Data_LLbetween_0100_LH_075_noise_025pct_rep_03,Full_HG,25,3,0.0664235120613026,75,75,0,0,1,1,1
Data_LLbetween_0100_LH_075_noise_025pct_rep_03,Full_HG,25,3,0.0677259338664261,75,75,0,0,1,1,1
Data_LLbetween_0100_LH_075_noise_025pct_rep_03,Full_HG,25,3,0.0690283556715497,75,75,0,0,1,1,1
Data_LLbetween_0100_LH_075_noise_025pct_rep_03,Full_HG,25,3,0.0703307774766733,75,75,0,0,1,1,1
Data_LLbetween_0100_LH_075_noise_025pct_rep_03,Full_HG,25,3,0.0716331992817969,75,75,0,0,1,1,1
Data_LLbetween_0100_LH_075_noise_025pct_rep_03,Full_HG,25,3,0.0729356210869204,75,75,0,0,1,1,1
Data_LLbetween_0100_LH_075_noise_025pct_rep_03,Full_HG,25,3,0.074238042892044,75,75,0,0,1,1,1
Data_LLbetween_0100_LH_075_noise_025pct_rep_03,Full_HG,25,3,0.0755404646971676,75,75,0,0,1,1,1
Data_LLbetween_0100_LH_075_noise_025pct_rep_03,Full_HG,25,3,0.0768428865022912,75,75,0,0,1,1,1
Data_LLbetween_0100_LH_075_noise_025pct_rep_03,Full_HG,25,3,0.0781453083074148,75,75,0,0,1,1,1
Data_LLbetween_0100_LH_075_noise_025pct_rep_03,Full_HG,25,3,0.0794477301125383,75,75,0,0,1,1,1
Data_LLbetween_0100_LH_075_noise_025pct_rep_03,Full_HG,25,3,0.0807501519176619,75,75,0,0,1,1,1
Data_LLbetween_0100_LH_075_noise_025pct_rep_03,Full_HG,25,3,0.0820525737227855,75,75,0,0,1,1,1
Data_LLbetween_0100_LH_075_noise_025pct_rep_03,Full_HG,25,3,0.0833549955279091,75,75,0,0,1,1,1
Data_LLbetween_0100_LH_075_noise_025pct_rep_03,Full_HG,25,3,0.0846574173330327,75,75,0,0,1,1,1
Data_LLbetween_0100_LH_075_noise_025pct_rep_03,Full_HG,25,3,0.0859598391381562,75,75,0,0,1,1,1
Data_LLbetween_0100_LH_075_noise_025pct_rep_03,Full_HG,25,3,0.0872622609432798,75,75,0,0,1,1,1
Data_LLbetween_0100_LH_075_noise_025pct_rep_03,Full_HG,25,3,0.0885646827484034,75,75,0,0,1,1,1
Data_LLbetween_0100_LH_075_noise_025pct_rep_03,Full_HG,25,3,0.089867104553527,75,75,0,0,1,1,1
Data_LLbetween_0100_LH_075_noise_025pct_rep_03,Full_HG,25,3,0.0911695263586506,75,75,0,0,1,1,1
Data_LLbetween_0100_LH_075_noise_025pct_rep_03,Full_HG,25,3,0.0924719481637741,75,75,0,0,1,1,1
Data_LLbetween_0100_LH_075_noise_025pct_rep_03,Full_HG,25,3,0.0937743699688977,75,75,0,0,1,1,1
Data_LLbetween_0100_LH_075_noise_025pct_rep_03,Full_HG,25,3,0.0950767917740213,75,75,0,0,1,1,1
Data_LLbetween_0100_LH_075_noise_025pct_rep_03,Full_HG,25,3,0.0963792135791449,75,75,0,0,1,1,1
Data_LLbetween_0100_LH_075_noise_025pct_rep_03,Full_HG,25,3,0.0976816353842685,75,75,0,0,1,1,1
Data_LLbetween_0100_LH_075_noise_025pct_rep_03,Full_HG,25,3,0.098984057189392,75,75,0,0,1,1,1
Data_LLbetween_0100_LH_075_noise_025pct_rep_03,Full_HG,25,3,0.100286478994516,75,75,0,0,1,1,1
Data_LLbetween_0100_LH_075_noise_025pct_rep_03,Full_HG,25,3,0.101588900799639,75,75,0,0,1,1,1
Data_LLbetween_0100_LH_075_noise_025pct_rep_03,Full_HG,25,3,0.102891322604763,75,75,0,0,1,1,1
Data_LLbetween_0100_LH_075_noise_025pct_rep_03,Full_HG,25,3,0.104193744409886,75,75,0,0,1,1,1
Data_LLbetween_0100_LH_075_noise_025pct_rep_03,Full_HG,25,3,0.10549616621501,75,75,0,0,1,1,1
Data_LLbetween_0100_LH_075_noise_025pct_rep_03,Full_HG,25,3,0.106798588020134,75,75,0,0,1,1,1
Data_LLbetween_0100_LH_075_noise_025pct_rep_03,Full_HG,25,3,0.108101009825257,75,75,0,0,1,1,1
Data_LLbetween_0100_LH_075_noise_025pct_rep_03,Full_HG,25,3,0.109403431630381,75,75,0,0,1,1,1
Data_LLbetween_0100_LH_075_noise_025pct_rep_03,Full_HG,25,3,0.110705853435504,75,75,0,0,1,1,1
Data_LLbetween_0100_LH_075_noise_025pct_rep_03,Full_HG,25,3,0.112008275240628,75,75,0,0,1,1,1
Data_LLbetween_0100_LH_075_noise_025pct_rep_03,Full_HG,25,3,0.113310697045751,75,75,0,0,1,1,1
Data_LLbetween_0100_LH_075_noise_025pct_rep_03,Full_HG,25,3,0.114613118850875,75,75,0,0,1,1,1
Data_LLbetween_0100_LH_075_noise_025pct_rep_03,Full_HG,25,3,0.115915540655999,75,75,0,0,1,1,1
Data_LLbetween_0100_LH_075_noise_025pct_rep_03,Full_HG,25,3,0.117217962461122,75,75,0,0,1,1,1
Data_LLbetween_0100_LH_075_noise_025pct_rep_03,Full_HG,25,3,0.118520384266246,75,75,0,0,1,1,1
Data_LLbetween_0100_LH_075_noise_025pct_rep_03,Full_HG,25,3,0.119822806071369,75,75,0,0,1,1,1
Data_LLbetween_0100_LH_075_noise_025pct_rep_03,Full_HG,25,3,0.121125227876493,75,75,0,0,1,1,1
Data_LLbetween_0100_LH_075_noise_025pct_rep_03,Full_HG,25,3,0.122427649681616,75,75,0,0,1,1,1
Data_LLbetween_0100_LH_075_noise_025pct_rep_03,Full_HG,25,3,0.12373007148674,75,75,0,0,1,1,1
Data_LLbetween_0100_LH_075_noise_025pct_rep_03,Full_HG,25,3,0.125032493291864,75,75,0,0,1,1,1
Data_LLbetween_0100_LH_075_noise_025pct_rep_03,Full_HG,25,3,0.126334915096987,75,75,0,0,1,1,1
Data_LLbetween_0100_LH_075_noise_025pct_rep_03,Full_HG,25,3,0.127637336902111,75,75,0,0,1,1,1
Data_LLbetween_0100_LH_075_noise_025pct_rep_03,Full_HG,25,3,0.128939758707234,75,75,0,0,1,1,1
Data_LLbetween_0100_LH_075_noise_025pct_rep_03,Full_HG,25,3,0.130242180512358,75,75,0,0,1,1,1
Data_LLbetween_0100_LH_075_noise_025pct_rep_03,Full_HG,25,3,0.131544602317482,75,75,0,0,1,1,1
Data_LLbetween_0100_LH_075_noise_025pct_rep_03,Full_HG,25,3,0.132847024122605,75,75,0,0,1,1,1
Data_LLbetween_0100_LH_075_noise_025pct_rep_03,Full_HG,25,3,0.134149445927729,75,75,0,0,1,1,1
Data_LLbetween_0100_LH_075_noise_025pct_rep_03,Full_HG,25,3,0.135451867732852,75,75,0,0,1,1,1
Data_LLbetween_0100_LH_075_noise_025pct_rep_03,Full_HG,25,3,0.136754289537976,75,75,0,0,1,1,1
Data_LLbetween_0100_LH_075_noise_025pct_rep_03,Full_HG,25,3,0.138056711343099,75,75,0,0,1,1,1
Data_LLbetween_0100_LH_075_noise_025pct_rep_03,Full_HG,25,3,0.139359133148223,75,75,0,0,1,1,1
Data_LLbetween_0100_LH_075_noise_025pct_rep_03,Full_HG,25,3,0.140661554953347,75,75,0,0,1,1,1
Data_LLbetween_0100_LH_075_noise_025pct_rep_03,Full_HG,25,3,0.14196397675847,75,75,0,0,1,1,1
Data_LLbetween_0100_LH_075_noise_025pct_rep_03,Full_HG,25,3,0.143266398563594,75,75,0,0,1,1,1
Data_LLbetween_0100_LH_075_noise_025pct_rep_03,Full_HG,25,3,0.144568820368717,75,75,0,0,1,1,1
Data_LLbetween_0100_LH_075_noise_025pct_rep_03,Full_HG,25,3,0.145871242173841,75,75,0,0,1,1,1
Data_LLbetween_0100_LH_075_noise_025pct_rep_03,Full_HG,25,3,0.147173663978964,75,75,0,0,1,1,1
Data_LLbetween_0100_LH_075_noise_025pct_rep_03,Full_HG,25,3,0.148476085784088,75,75,0,0,1,1,1
Data_LLbetween_0100_LH_075_noise_025pct_rep_03,Full_HG,25,3,0.149778507589212,75,75,0,0,1,1,1
Data_LLbetween_0100_LH_075_noise_025pct_rep_03,Full_HG,25,3,0.151080929394335,75,75,0,0,1,1,1
Data_LLbetween_0100_LH_075_noise_025pct_rep_03,Full_HG,25,3,0.152383351199459,75,75,0,0,1,1,1
Data_LLbetween_0100_LH_075_noise_025pct_rep_03,Full_HG,25,3,0.153685773004582,75,75,0,0,1,1,1
Data_LLbetween_0100_LH_075_noise_025pct_rep_03,Full_HG,25,3,0.154988194809706,75,75,0,0,1,1,1
Data_LLbetween_0100_LH_075_noise_025pct_rep_03,Full_HG,25,3,0.15629061661483,75,75,0,0,1,1,1
Data_LLbetween_0100_LH_075_noise_025pct_rep_03,Full_HG,25,3,0.157593038419953,75,75,0,0,1,1,1
Data_LLbetween_0100_LH_075_noise_025pct_rep_03,Full_HG,25,3,0.158895460225077,75,75,0,0,1,1,1
Data_LLbetween_0100_LH_075_noise_025pct_rep_03,Full_HG,25,3,0.1601978820302,75,75,0,0,1,1,1
Data_LLbetween_0100_LH_075_noise_025pct_rep_03,Full_HG,25,3,0.161500303835324,75,75,0,0,1,1,1
Data_LLbetween_0100_LH_075_noise_025pct_rep_03,Full_HG,25,3,0.162802725640447,75,75,0,0,1,1,1
Data_LLbetween_0100_LH_075_noise_025pct_rep_03,Full_HG,25,3,0.164105147445571,75,75,0,0,1,1,1
Data_LLbetween_0100_LH_075_noise_025pct_rep_03,Full_HG,25,3,0.165407569250695,75,75,0,0,1,1,1
Data_LLbetween_0100_LH_075_noise_025pct_rep_03,Full_HG,25,3,0.166709991055818,75,75,0,0,1,1,1
Data_LLbetween_0100_LH_075_noise_025pct_rep_03,Full_HG,25,3,0.168012412860942,75,75,0,0,1,1,1
Data_LLbetween_0100_LH_075_noise_025pct_rep_03,Full_HG,25,3,0.169314834666065,75,75,0,0,1,1,1
Data_LLbetween_0100_LH_075_noise_025pct_rep_03,Full_HG,25,3,0.170617256471189,75,75,0,0,1,1,1
Data_LLbetween_0100_LH_075_noise_025pct_rep_03,Full_HG,25,3,0.171919678276312,75,75,0,0,1,1,1
Data_LLbetween_0100_LH_075_noise_025pct_rep_03,Full_HG,25,3,0.173222100081436,75,75,0,0,1,1,1
Data_LLbetween_0100_LH_075_noise_025pct_rep_03,Full_HG,25,3,0.17452452188656,75,75,0,0,1,1,1
Data_LLbetween_0100_LH_075_noise_025pct_rep_03,Full_HG,25,3,0.175826943691683,75,75,0,0,1,1,1
Data_LLbetween_0100_LH_075_noise_025pct_rep_03,Full_HG,25,3,0.177129365496807,75,75,0,0,1,1,1
Data_LLbetween_0100_LH_075_noise_025pct_rep_03,Full_HG,25,3,0.17843178730193,75,75,0,0,1,1,1
Data_LLbetween_0100_LH_075_noise_025pct_rep_03,Full_HG,25,3,0.179734209107054,75,75,0,0,1,1,1
Data_LLbetween_0100_LH_075_noise_025pct_rep_03,Full_HG,25,3,0.181036630912178,75,75,0,0,1,1,1
Data_LLbetween_0100_LH_075_noise_025pct_rep_03,Full_HG,25,3,0.182339052717301,75,75,0,0,1,1,1
Data_LLbetween_0100_LH_075_noise_025pct_rep_03,Full_HG,25,3,0.183641474522425,75,75,0,0,1,1,1
Data_LLbetween_0100_LH_075_noise_025pct_rep_03,Full_HG,25,3,0.184943896327548,75,75,0,0,1,1,1
Data_LLbetween_0100_LH_075_noise_025pct_rep_03,Full_HG,25,3,0.186246318132672,75,75,0,0,1,1,1
Data_LLbetween_0100_LH_075_noise_025pct_rep_03,Full_HG,25,3,0.187548739937795,75,75,0,0,1,1,1
Data_LLbetween_0100_LH_075_noise_025pct_rep_03,Full_HG,25,3,0.188851161742919,75,75,0,0,1,1,1
Data_LLbetween_0100_LH_075_noise_025pct_rep_03,Full_HG,25,3,0.190153583548043,75,75,0,0,1,1,1
Data_LLbetween_0100_LH_075_noise_025pct_rep_03,Full_HG,25,3,0.191456005353166,75,75,0,0,1,1,1
Data_LLbetween_0100_LH_075_noise_025pct_rep_03,Full_HG,25,3,0.19275842715829,75,75,0,0,1,1,1
Data_LLbetween_0100_LH_075_noise_025pct_rep_03,Full_HG,25,3,0.194060848963413,75,75,0,0,1,1,1
Data_LLbetween_0100_LH_075_noise_025pct_rep_03,Full_HG,25,3,0.195363270768537,75,75,0,0,1,1,1
Data_LLbetween_0100_LH_075_noise_025pct_rep_03,Full_HG,25,3,0.19666569257366,75,75,0,0,1,1,1
Data_LLbetween_0100_LH_075_noise_025pct_rep_03,Full_HG,25,3,0.197968114378784,75,75,0,0,1,1,1
Data_LLbetween_0100_LH_075_noise_025pct_rep_03,Full_HG,25,3,0.199270536183908,75,75,0,0,1,1,1
Data_LLbetween_0100_LH_075_noise_025pct_rep_03,Full_HG,25,3,0.200572957989031,75,75,0,0,1,1,1
Data_LLbetween_0100_LH_075_noise_025pct_rep_03,Full_HG,25,3,0.201875379794155,75,75,0,0,1,1,1
Data_LLbetween_0100_LH_075_noise_025pct_rep_03,Full_HG,25,3,0.203177801599278,75,75,0,0,1,1,1
Data_LLbetween_0100_LH_075_noise_025pct_rep_03,Full_HG,25,3,0.204480223404402,75,75,0,0,1,1,1
Data_LLbetween_0100_LH_075_noise_025pct_rep_03,Full_HG,25,3,0.205782645209526,75,75,0,0,1,1,1
Data_LLbetween_0100_LH_075_noise_025pct_rep_03,Full_HG,25,3,0.207085067014649,75,75,0,0,1,1,1
Data_LLbetween_0100_LH_075_noise_025pct_rep_03,Full_HG,25,3,0.208387488819773,75,75,0,0,1,1,1
Data_LLbetween_0100_LH_075_noise_025pct_rep_03,Full_HG,25,3,0.209689910624896,75,75,0,0,1,1,1
Data_LLbetween_0100_LH_075_noise_025pct_rep_03,Full_HG,25,3,0.21099233243002,75,75,0,0,1,1,1
Data_LLbetween_0100_LH_075_noise_025pct_rep_03,Full_HG,25,3,0.212294754235143,75,75,0,0,1,1,1
Data_LLbetween_0100_LH_075_noise_025pct_rep_03,Full_HG,25,3,0.213597176040267,75,75,0,0,1,1,1
Data_LLbetween_0100_LH_075_noise_025pct_rep_03,Full_HG,25,3,0.214899597845391,75,75,0,0,1,1,1
Data_LLbetween_0100_LH_075_noise_025pct_rep_03,Full_HG,25,3,0.216202019650514,75,75,0,0,1,1,1
Data_LLbetween_0100_LH_075_noise_025pct_rep_03,Full_HG,25,3,0.217504441455638,75,75,0,0,1,1,1
Data_LLbetween_0100_LH_075_noise_025pct_rep_03,Full_HG,25,3,0.218806863260761,75,75,0,0,1,1,1
Data_LLbetween_0100_LH_075_noise_025pct_rep_03,Full_HG,25,3,0.220109285065885,75,75,0,0,1,1,1
Data_LLbetween_0100_LH_075_noise_025pct_rep_03,Full_HG,25,3,0.221411706871009,75,75,0,0,1,1,1
Data_LLbetween_0100_LH_075_noise_025pct_rep_03,Full_HG,25,3,0.222714128676132,75,75,0,0,1,1,1
Data_LLbetween_0100_LH_075_noise_025pct_rep_03,Full_HG,25,3,0.224016550481256,75,75,0,0,1,1,1
Data_LLbetween_0100_LH_075_noise_025pct_rep_03,Full_HG,25,3,0.225318972286379,75,75,0,0,1,1,1
Data_LLbetween_0100_LH_075_noise_025pct_rep_03,Full_HG,25,3,0.226621394091503,75,75,0,0,1,1,1
Data_LLbetween_0100_LH_075_noise_025pct_rep_03,Full_HG,25,3,0.227923815896626,75,75,0,0,1,1,1
Data_LLbetween_0100_LH_075_noise_025pct_rep_03,Full_HG,25,3,0.22922623770175,75,75,0,0,1,1,1
Data_LLbetween_0100_LH_075_noise_025pct_rep_03,Full_HG,25,3,0.230528659506874,75,75,0,0,1,1,1
Data_LLbetween_0100_LH_075_noise_025pct_rep_03,Full_HG,25,3,0.231831081311997,75,75,0,0,1,1,1
Data_LLbetween_0100_LH_075_noise_025pct_rep_03,Full_HG,25,3,0.233133503117121,75,75,0,0,1,1,1
Data_LLbetween_0100_LH_075_noise_025pct_rep_03,Full_HG,25,3,0.234435924922244,75,75,0,0,1,1,1
Data_LLbetween_0100_LH_075_noise_025pct_rep_03,Full_HG,25,3,0.235738346727368,74,74,0,1,1,0.986666666666667,0.993288590604027
Data_LLbetween_0100_LH_075_noise_025pct_rep_03,Full_HG,25,3,0.237040768532491,74,74,0,1,1,0.986666666666667,0.993288590604027
Data_LLbetween_0100_LH_075_noise_025pct_rep_03,Full_HG,25,3,0.238343190337615,74,74,0,1,1,0.986666666666667,0.993288590604027
Data_LLbetween_0100_LH_075_noise_025pct_rep_03,Full_HG,25,3,0.239645612142739,73,73,0,2,1,0.973333333333333,0.986486486486487
Data_LLbetween_0100_LH_075_noise_025pct_rep_03,Full_HG,25,3,0.240948033947862,73,73,0,2,1,0.973333333333333,0.986486486486487
Data_LLbetween_0100_LH_075_noise_025pct_rep_03,Full_HG,25,3,0.242250455752986,73,73,0,2,1,0.973333333333333,0.986486486486487
Data_LLbetween_0100_LH_075_noise_025pct_rep_03,Full_HG,25,3,0.243552877558109,73,73,0,2,1,0.973333333333333,0.986486486486487
Data_LLbetween_0100_LH_075_noise_025pct_rep_03,Full_HG,25,3,0.244855299363233,73,73,0,2,1,0.973333333333333,0.986486486486487
Data_LLbetween_0100_LH_075_noise_025pct_rep_03,Full_HG,25,3,0.246157721168356,73,73,0,2,1,0.973333333333333,0.986486486486487
Data_LLbetween_0100_LH_075_noise_025pct_rep_03,Full_HG,25,3,0.24746014297348,73,73,0,2,1,0.973333333333333,0.986486486486487
Data_LLbetween_0100_LH_075_noise_025pct_rep_03,Full_HG,25,3,0.248762564778604,73,73,0,2,1,0.973333333333333,0.986486486486487
Data_LLbetween_0100_LH_075_noise_025pct_rep_03,Full_HG,25,3,0.250064986583727,72,72,0,3,1,0.96,0.979591836734694
Data_LLbetween_0100_LH_075_noise_025pct_rep_03,Full_HG,25,3,0.251367408388851,71,71,0,4,1,0.946666666666667,0.972602739726027
Data_LLbetween_0100_LH_075_noise_025pct_rep_03,Full_HG,25,3,0.252669830193974,71,71,0,4,1,0.946666666666667,0.972602739726027
Data_LLbetween_0100_LH_075_noise_025pct_rep_03,Full_HG,25,3,0.253972251999098,71,71,0,4,1,0.946666666666667,0.972602739726027
Data_LLbetween_0100_LH_075_noise_025pct_rep_03,Full_HG,25,3,0.255274673804222,71,71,0,4,1,0.946666666666667,0.972602739726027
Data_LLbetween_0100_LH_075_noise_025pct_rep_03,Full_HG,25,3,0.256577095609345,71,71,0,4,1,0.946666666666667,0.972602739726027
Data_LLbetween_0100_LH_075_noise_025pct_rep_03,Full_HG,25,3,0.257879517414469,71,71,0,4,1,0.946666666666667,0.972602739726027
Data_LLbetween_0100_LH_075_noise_025pct_rep_03,Full_HG,25,3,0.259181939219592,71,71,0,4,1,0.946666666666667,0.972602739726027
Data_LLbetween_0100_LH_075_noise_025pct_rep_03,Full_HG,25,3,0.260484361024716,71,71,0,4,1,0.946666666666667,0.972602739726027
Data_LLbetween_0100_LH_075_noise_025pct_rep_03,Full_HG,25,3,0.261786782829839,71,71,0,4,1,0.946666666666667,0.972602739726027
Data_LLbetween_0100_LH_075_noise_025pct_rep_03,Full_HG,25,3,0.263089204634963,71,71,0,4,1,0.946666666666667,0.972602739726027
Data_LLbetween_0100_LH_075_noise_025pct_rep_03,Full_HG,25,3,0.264391626440087,70,70,0,5,1,0.933333333333333,0.96551724137931
Data_LLbetween_0100_LH_075_noise_025pct_rep_03,Full_HG,25,3,0.26569404824521,70,70,0,5,1,0.933333333333333,0.96551724137931
Data_LLbetween_0100_LH_075_noise_025pct_rep_03,Full_HG,25,3,0.266996470050334,70,70,0,5,1,0.933333333333333,0.96551724137931
Data_LLbetween_0100_LH_075_noise_025pct_rep_03,Full_HG,25,3,0.268298891855457,70,70,0,5,1,0.933333333333333,0.96551724137931
Data_LLbetween_0100_LH_075_noise_025pct_rep_03,Full_HG,25,3,0.269601313660581,70,70,0,5,1,0.933333333333333,0.96551724137931
Data_LLbetween_0100_LH_075_noise_025pct_rep_03,Full_HG,25,3,0.270903735465705,69,69,0,6,1,0.92,0.958333333333333
Data_LLbetween_0100_LH_075_noise_025pct_rep_03,Full_HG,25,3,0.272206157270828,68,68,0,7,1,0.906666666666667,0.951048951048951
Data_LLbetween_0100_LH_075_noise_025pct_rep_03,Full_HG,25,3,0.273508579075952,68,68,0,7,1,0.906666666666667,0.951048951048951
Data_LLbetween_0100_LH_075_noise_025pct_rep_03,Full_HG,25,3,0.274811000881075,68,68,0,7,1,0.906666666666667,0.951048951048951
Data_LLbetween_0100_LH_075_noise_025pct_rep_03,Full_HG,25,3,0.276113422686199,68,68,0,7,1,0.906666666666667,0.951048951048951
Data_LLbetween_0100_LH_075_noise_025pct_rep_03,Full_HG,25,3,0.277415844491322,68,68,0,7,1,0.906666666666667,0.951048951048951
Data_LLbetween_0100_LH_075_noise_025pct_rep_03,Full_HG,25,3,0.278718266296446,68,68,0,7,1,0.906666666666667,0.951048951048951
Data_LLbetween_0100_LH_075_noise_025pct_rep_03,Full_HG,25,3,0.28002068810157,68,68,0,7,1,0.906666666666667,0.951048951048951
Data_LLbetween_0100_LH_075_noise_025pct_rep_03,Full_HG,25,3,0.281323109906693,68,68,0,7,1,0.906666666666667,0.951048951048951
Data_LLbetween_0100_LH_075_noise_025pct_rep_03,Full_HG,25,3,0.282625531711817,68,68,0,7,1,0.906666666666667,0.951048951048951
Data_LLbetween_0100_LH_075_noise_025pct_rep_03,Full_HG,25,3,0.28392795351694,68,68,0,7,1,0.906666666666667,0.951048951048951
Data_LLbetween_0100_LH_075_noise_025pct_rep_03,Full_HG,25,3,0.285230375322064,68,68,0,7,1,0.906666666666667,0.951048951048951
Data_LLbetween_0100_LH_075_noise_025pct_rep_03,Full_HG,25,3,0.286532797127187,68,68,0,7,1,0.906666666666667,0.951048951048951
Data_LLbetween_0100_LH_075_noise_025pct_rep_03,Full_HG,25,3,0.287835218932311,68,68,0,7,1,0.906666666666667,0.951048951048951
Data_LLbetween_0100_LH_075_noise_025pct_rep_03,Full_HG,25,3,0.289137640737435,68,68,0,7,1,0.906666666666667,0.951048951048951
Data_LLbetween_0100_LH_075_noise_025pct_rep_03,Full_HG,25,3,0.290440062542558,68,68,0,7,1,0.906666666666667,0.951048951048951
Data_LLbetween_0100_LH_075_noise_025pct_rep_03,Full_HG,25,3,0.291742484347682,68,68,0,7,1,0.906666666666667,0.951048951048951
Data_LLbetween_0100_LH_075_noise_025pct_rep_03,Full_HG,25,3,0.293044906152805,68,68,0,7,1,0.906666666666667,0.951048951048951
Data_LLbetween_0100_LH_075_noise_025pct_rep_03,Full_HG,25,3,0.294347327957929,68,68,0,7,1,0.906666666666667,0.951048951048951
Data_LLbetween_0100_LH_075_noise_025pct_rep_03,Full_HG,25,3,0.295649749763053,68,68,0,7,1,0.906666666666667,0.951048951048951
Data_LLbetween_0100_LH_075_noise_025pct_rep_03,Full_HG,25,3,0.296952171568176,68,68,0,7,1,0.906666666666667,0.951048951048951
Data_LLbetween_0100_LH_075_noise_025pct_rep_03,Full_HG,25,3,0.2982545933733,68,68,0,7,1,0.906666666666667,0.951048951048951
Data_LLbetween_0100_LH_075_noise_025pct_rep_03,Full_HG,25,3,0.299557015178423,68,68,0,7,1,0.906666666666667,0.951048951048951
Data_LLbetween_0100_LH_075_noise_025pct_rep_03,Full_HG,25,3,0.300859436983547,67,67,0,8,1,0.893333333333333,0.943661971830986
Data_LLbetween_0100_LH_075_noise_025pct_rep_03,Full_HG,25,3,0.30216185878867,67,67,0,8,1,0.893333333333333,0.943661971830986
Data_LLbetween_0100_LH_075_noise_025pct_rep_03,Full_HG,25,3,0.303464280593794,67,67,0,8,1,0.893333333333333,0.943661971830986
Data_LLbetween_0100_LH_075_noise_025pct_rep_03,Full_HG,25,3,0.304766702398918,66,66,0,9,1,0.88,0.936170212765957
Data_LLbetween_0100_LH_075_noise_025pct_rep_03,Full_HG,25,3,0.306069124204041,65,65,0,10,1,0.866666666666667,0.928571428571429
Data_LLbetween_0100_LH_075_noise_025pct_rep_03,Full_HG,25,3,0.307371546009165,64,64,0,11,1,0.853333333333333,0.920863309352518
Data_LLbetween_0100_LH_075_noise_025pct_rep_03,Full_HG,25,3,0.308673967814288,64,64,0,11,1,0.853333333333333,0.920863309352518
Data_LLbetween_0100_LH_075_noise_025pct_rep_03,Full_HG,25,3,0.309976389619412,64,64,0,11,1,0.853333333333333,0.920863309352518
Data_LLbetween_0100_LH_075_noise_025pct_rep_03,Full_HG,25,3,0.311278811424536,61,61,0,14,1,0.813333333333333,0.897058823529412
Data_LLbetween_0100_LH_075_noise_025pct_rep_03,Full_HG,25,3,0.312581233229659,59,59,0,16,1,0.786666666666667,0.880597014925373
Data_LLbetween_0100_LH_075_noise_025pct_rep_03,Full_HG,25,3,0.313883655034783,59,59,0,16,1,0.786666666666667,0.880597014925373
Data_LLbetween_0100_LH_075_noise_025pct_rep_03,Full_HG,25,3,0.315186076839906,59,59,0,16,1,0.786666666666667,0.880597014925373
Data_LLbetween_0100_LH_075_noise_025pct_rep_03,Full_HG,25,3,0.31648849864503,59,59,0,16,1,0.786666666666667,0.880597014925373
Data_LLbetween_0100_LH_075_noise_025pct_rep_03,Full_HG,25,3,0.317790920450153,59,59,0,16,1,0.786666666666667,0.880597014925373
Data_LLbetween_0100_LH_075_noise_025pct_rep_03,Full_HG,25,3,0.319093342255277,59,59,0,16,1,0.786666666666667,0.880597014925373
Data_LLbetween_0100_LH_075_noise_025pct_rep_03,Full_HG,25,3,0.320395764060401,59,59,0,16,1,0.786666666666667,0.880597014925373
Data_LLbetween_0100_LH_075_noise_025pct_rep_03,Full_HG,25,3,0.321698185865524,58,58,0,17,1,0.773333333333333,0.87218045112782
Data_LLbetween_0100_LH_075_noise_025pct_rep_03,Full_HG,25,3,0.323000607670648,56,56,0,19,1,0.746666666666667,0.854961832061069
Data_LLbetween_0100_LH_075_noise_025pct_rep_03,Full_HG,25,3,0.324303029475771,56,56,0,19,1,0.746666666666667,0.854961832061069
Data_LLbetween_0100_LH_075_noise_025pct_rep_03,Full_HG,25,3,0.325605451280895,55,55,0,20,1,0.733333333333333,0.846153846153846
Data_LLbetween_0100_LH_075_noise_025pct_rep_03,Full_HG,25,3,0.326907873086018,53,53,0,22,1,0.706666666666667,0.828125
Data_LLbetween_0100_LH_075_noise_025pct_rep_03,Full_HG,25,3,0.328210294891142,53,53,0,22,1,0.706666666666667,0.828125
Data_LLbetween_0100_LH_075_noise_025pct_rep_03,Full_HG,25,3,0.329512716696266,52,52,0,23,1,0.693333333333333,0.818897637795276
Data_LLbetween_0100_LH_075_noise_025pct_rep_03,Full_HG,25,3,0.330815138501389,51,51,0,24,1,0.68,0.80952380952381
Data_LLbetween_0100_LH_075_noise_025pct_rep_03,Full_HG,25,3,0.332117560306513,51,51,0,24,1,0.68,0.80952380952381
Data_LLbetween_0100_LH_075_noise_025pct_rep_03,Full_HG,25,3,0.333419982111636,51,51,0,24,1,0.68,0.80952380952381
Data_LLbetween_0100_LH_075_noise_025pct_rep_03,Full_HG,25,3,0.33472240391676,50,50,0,25,1,0.666666666666667,0.8
Data_LLbetween_0100_LH_075_noise_025pct_rep_03,Full_HG,25,3,0.336024825721884,49,49,0,26,1,0.653333333333333,0.790322580645161
Data_LLbetween_0100_LH_075_noise_025pct_rep_03,Full_HG,25,3,0.337327247527007,49,49,0,26,1,0.653333333333333,0.790322580645161
Data_LLbetween_0100_LH_075_noise_025pct_rep_03,Full_HG,25,3,0.338629669332131,49,49,0,26,1,0.653333333333333,0.790322580645161
Data_LLbetween_0100_LH_075_noise_025pct_rep_03,Full_HG,25,3,0.339932091137254,49,49,0,26,1,0.653333333333333,0.790322580645161
Data_LLbetween_0100_LH_075_noise_025pct_rep_03,Full_HG,25,3,0.341234512942378,48,48,0,27,1,0.64,0.780487804878049
Data_LLbetween_0100_LH_075_noise_025pct_rep_03,Full_HG,25,3,0.342536934747501,48,48,0,27,1,0.64,0.780487804878049
Data_LLbetween_0100_LH_075_noise_025pct_rep_03,Full_HG,25,3,0.343839356552625,48,48,0,27,1,0.64,0.780487804878049
Data_LLbetween_0100_LH_075_noise_025pct_rep_03,Full_HG,25,3,0.345141778357749,47,47,0,28,1,0.626666666666667,0.770491803278689
Data_LLbetween_0100_LH_075_noise_025pct_rep_03,Full_HG,25,3,0.346444200162872,47,47,0,28,1,0.626666666666667,0.770491803278689
Data_LLbetween_0100_LH_075_noise_025pct_rep_03,Full_HG,25,3,0.347746621967996,47,47,0,28,1,0.626666666666667,0.770491803278689
Data_LLbetween_0100_LH_075_noise_025pct_rep_03,Full_HG,25,3,0.349049043773119,47,47,0,28,1,0.626666666666667,0.770491803278689
Data_LLbetween_0100_LH_075_noise_025pct_rep_03,Full_HG,25,3,0.350351465578243,45,45,0,30,1,0.6,0.75
Data_LLbetween_0100_LH_075_noise_025pct_rep_03,Full_HG,25,3,0.351653887383366,45,45,0,30,1,0.6,0.75
Data_LLbetween_0100_LH_075_noise_025pct_rep_03,Full_HG,25,3,0.35295630918849,44,44,0,31,1,0.586666666666667,0.739495798319328
Data_LLbetween_0100_LH_075_noise_025pct_rep_03,Full_HG,25,3,0.354258730993614,43,43,0,32,1,0.573333333333333,0.728813559322034
Data_LLbetween_0100_LH_075_noise_025pct_rep_03,Full_HG,25,3,0.355561152798737,43,43,0,32,1,0.573333333333333,0.728813559322034
Data_LLbetween_0100_LH_075_noise_025pct_rep_03,Full_HG,25,3,0.356863574603861,43,43,0,32,1,0.573333333333333,0.728813559322034
Data_LLbetween_0100_LH_075_noise_025pct_rep_03,Full_HG,25,3,0.358165996408984,42,42,0,33,1,0.56,0.717948717948718
Data_LLbetween_0100_LH_075_noise_025pct_rep_03,Full_HG,25,3,0.359468418214108,41,41,0,34,1,0.546666666666667,0.706896551724138
Data_LLbetween_0100_LH_075_noise_025pct_rep_03,Full_HG,25,3,0.360770840019232,41,41,0,34,1,0.546666666666667,0.706896551724138
Data_LLbetween_0100_LH_075_noise_025pct_rep_03,Full_HG,25,3,0.362073261824355,39,39,0,36,1,0.52,0.684210526315789
Data_LLbetween_0100_LH_075_noise_025pct_rep_03,Full_HG,25,3,0.363375683629479,36,36,0,39,1,0.48,0.648648648648649
Data_LLbetween_0100_LH_075_noise_025pct_rep_03,Full_HG,25,3,0.364678105434602,35,35,0,40,1,0.466666666666667,0.636363636363636
Data_LLbetween_0100_LH_075_noise_025pct_rep_03,Full_HG,25,3,0.365980527239726,34,34,0,41,1,0.453333333333333,0.623853211009174
Data_LLbetween_0100_LH_075_noise_025pct_rep_03,Full_HG,25,3,0.367282949044849,34,34,0,41,1,0.453333333333333,0.623853211009174
Data_LLbetween_0100_LH_075_noise_025pct_rep_03,Full_HG,25,3,0.368585370849973,33,33,0,42,1,0.44,0.611111111111111
Data_LLbetween_0100_LH_075_noise_025pct_rep_03,Full_HG,25,3,0.369887792655097,32,32,0,43,1,0.426666666666667,0.598130841121495
Data_LLbetween_0100_LH_075_noise_025pct_rep_03,Full_HG,25,3,0.37119021446022,31,31,0,44,1,0.413333333333333,0.584905660377358
Data_LLbetween_0100_LH_075_noise_025pct_rep_03,Full_HG,25,3,0.372492636265344,31,31,0,44,1,0.413333333333333,0.584905660377358
Data_LLbetween_0100_LH_075_noise_025pct_rep_03,Full_HG,25,3,0.373795058070467,31,31,0,44,1,0.413333333333333,0.584905660377358
Data_LLbetween_0100_LH_075_noise_025pct_rep_03,Full_HG,25,3,0.375097479875591,29,29,0,46,1,0.386666666666667,0.557692307692308
Data_LLbetween_0100_LH_075_noise_025pct_rep_03,Full_HG,25,3,0.376399901680714,29,29,0,46,1,0.386666666666667,0.557692307692308
Data_LLbetween_0100_LH_075_noise_025pct_rep_03,Full_HG,25,3,0.377702323485838,29,29,0,46,1,0.386666666666667,0.557692307692308
Data_LLbetween_0100_LH_075_noise_025pct_rep_03,Full_HG,25,3,0.379004745290962,29,29,0,46,1,0.386666666666667,0.557692307692308
Data_LLbetween_0100_LH_075_noise_025pct_rep_03,Full_HG,25,3,0.380307167096085,29,29,0,46,1,0.386666666666667,0.557692307692308
Data_LLbetween_0100_LH_075_noise_025pct_rep_03,Full_HG,25,3,0.381609588901209,29,29,0,46,1,0.386666666666667,0.557692307692308
Data_LLbetween_0100_LH_075_noise_025pct_rep_03,Full_HG,25,3,0.382912010706332,29,29,0,46,1,0.386666666666667,0.557692307692308
Data_LLbetween_0100_LH_075_noise_025pct_rep_03,Full_HG,25,3,0.384214432511456,28,28,0,47,1,0.373333333333333,0.54368932038835
Data_LLbetween_0100_LH_075_noise_025pct_rep_03,Full_HG,25,3,0.38551685431658,28,28,0,47,1,0.373333333333333,0.54368932038835
Data_LLbetween_0100_LH_075_noise_025pct_rep_03,Full_HG,25,3,0.386819276121703,28,28,0,47,1,0.373333333333333,0.54368932038835
Data_LLbetween_0100_LH_075_noise_025pct_rep_03,Full_HG,25,3,0.388121697926827,28,28,0,47,1,0.373333333333333,0.54368932038835
Data_LLbetween_0100_LH_075_noise_025pct_rep_03,Full_HG,25,3,0.38942411973195,28,28,0,47,1,0.373333333333333,0.54368932038835
Data_LLbetween_0100_LH_075_noise_025pct_rep_03,Full_HG,25,3,0.390726541537074,28,28,0,47,1,0.373333333333333,0.54368932038835
Data_LLbetween_0100_LH_075_noise_025pct_rep_03,Full_HG,25,3,0.392028963342197,28,28,0,47,1,0.373333333333333,0.54368932038835
Data_LLbetween_0100_LH_075_noise_025pct_rep_03,Full_HG,25,3,0.393331385147321,28,28,0,47,1,0.373333333333333,0.54368932038835
Data_LLbetween_0100_LH_075_noise_025pct_rep_03,Full_HG,25,3,0.394633806952445,28,28,0,47,1,0.373333333333333,0.54368932038835
Data_LLbetween_0100_LH_075_noise_025pct_rep_03,Full_HG,25,3,0.395936228757568,28,28,0,47,1,0.373333333333333,0.54368932038835
Data_LLbetween_0100_LH_075_noise_025pct_rep_03,Full_HG,25,3,0.397238650562692,28,28,0,47,1,0.373333333333333,0.54368932038835
Data_LLbetween_0100_LH_075_noise_025pct_rep_03,Full_HG,25,3,0.398541072367815,27,27,0,48,1,0.36,0.529411764705882
Data_LLbetween_0100_LH_075_noise_025pct_rep_03,Full_HG,25,3,0.399843494172939,27,27,0,48,1,0.36,0.529411764705882
Data_LLbetween_0100_LH_075_noise_025pct_rep_03,Full_HG,25,3,0.401145915978062,26,26,0,49,1,0.346666666666667,0.514851485148515
Data_LLbetween_0100_LH_075_noise_025pct_rep_03,Full_HG,25,3,0.402448337783186,25,25,0,50,1,0.333333333333333,0.5
Data_LLbetween_0100_LH_075_noise_025pct_rep_03,Full_HG,25,3,0.40375075958831,25,25,0,50,1,0.333333333333333,0.5
Data_LLbetween_0100_LH_075_noise_025pct_rep_03,Full_HG,25,3,0.405053181393433,23,23,0,52,1,0.306666666666667,0.469387755102041
Data_LLbetween_0100_LH_075_noise_025pct_rep_03,Full_HG,25,3,0.406355603198557,23,23,0,52,1,0.306666666666667,0.469387755102041
Data_LLbetween_0100_LH_075_noise_025pct_rep_03,Full_HG,25,3,0.40765802500368,21,21,0,54,1,0.28,0.4375
Data_LLbetween_0100_LH_075_noise_025pct_rep_03,Full_HG,25,3,0.408960446808804,21,21,0,54,1,0.28,0.4375
Data_LLbetween_0100_LH_075_noise_025pct_rep_03,Full_HG,25,3,0.410262868613928,21,21,0,54,1,0.28,0.4375
Data_LLbetween_0100_LH_075_noise_025pct_rep_03,Full_HG,25,3,0.411565290419051,21,21,0,54,1,0.28,0.4375
Data_LLbetween_0100_LH_075_noise_025pct_rep_03,Full_HG,25,3,0.412867712224175,20,20,0,55,1,0.266666666666667,0.421052631578947
Data_LLbetween_0100_LH_075_noise_025pct_rep_03,Full_HG,25,3,0.414170134029298,20,20,0,55,1,0.266666666666667,0.421052631578947
Data_LLbetween_0100_LH_075_noise_025pct_rep_03,Full_HG,25,3,0.415472555834422,18,18,0,57,1,0.24,0.387096774193548
Data_LLbetween_0100_LH_075_noise_025pct_rep_03,Full_HG,25,3,0.416774977639545,17,17,0,58,1,0.226666666666667,0.369565217391304
Data_LLbetween_0100_LH_075_noise_025pct_rep_03,Full_HG,25,3,0.418077399444669,17,17,0,58,1,0.226666666666667,0.369565217391304
Data_LLbetween_0100_LH_075_noise_025pct_rep_03,Full_HG,25,3,0.419379821249793,16,16,0,59,1,0.213333333333333,0.351648351648352
Data_LLbetween_0100_LH_075_noise_025pct_rep_03,Full_HG,25,3,0.420682243054916,16,16,0,59,1,0.213333333333333,0.351648351648352
Data_LLbetween_0100_LH_075_noise_025pct_rep_03,Full_HG,25,3,0.42198466486004,16,16,0,59,1,0.213333333333333,0.351648351648352
Data_LLbetween_0100_LH_075_noise_025pct_rep_03,Full_HG,25,3,0.423287086665163,16,16,0,59,1,0.213333333333333,0.351648351648352
Data_LLbetween_0100_LH_075_noise_025pct_rep_03,Full_HG,25,3,0.424589508470287,14,14,0,61,1,0.186666666666667,0.314606741573034
Data_LLbetween_0100_LH_075_noise_025pct_rep_03,Full_HG,25,3,0.425891930275411,14,14,0,61,1,0.186666666666667,0.314606741573034
Data_LLbetween_0100_LH_075_noise_025pct_rep_03,Full_HG,25,3,0.427194352080534,14,14,0,61,1,0.186666666666667,0.314606741573034
Data_LLbetween_0100_LH_075_noise_025pct_rep_03,Full_HG,25,3,0.428496773885658,13,13,0,62,1,0.173333333333333,0.295454545454545
Data_LLbetween_0100_LH_075_noise_025pct_rep_03,Full_HG,25,3,0.429799195690781,13,13,0,62,1,0.173333333333333,0.295454545454545
Data_LLbetween_0100_LH_075_noise_025pct_rep_03,Full_HG,25,3,0.431101617495905,13,13,0,62,1,0.173333333333333,0.295454545454545
Data_LLbetween_0100_LH_075_noise_025pct_rep_03,Full_HG,25,3,0.432404039301028,13,13,0,62,1,0.173333333333333,0.295454545454545
Data_LLbetween_0100_LH_075_noise_025pct_rep_03,Full_HG,25,3,0.433706461106152,12,12,0,63,1,0.16,0.275862068965517
Data_LLbetween_0100_LH_075_noise_025pct_rep_03,Full_HG,25,3,0.435008882911276,11,11,0,64,1,0.146666666666667,0.255813953488372
Data_LLbetween_0100_LH_075_noise_025pct_rep_03,Full_HG,25,3,0.436311304716399,10,10,0,65,1,0.133333333333333,0.235294117647059
Data_LLbetween_0100_LH_075_noise_025pct_rep_03,Full_HG,25,3,0.437613726521523,10,10,0,65,1,0.133333333333333,0.235294117647059
Data_LLbetween_0100_LH_075_noise_025pct_rep_03,Full_HG,25,3,0.438916148326646,10,10,0,65,1,0.133333333333333,0.235294117647059
Data_LLbetween_0100_LH_075_noise_025pct_rep_03,Full_HG,25,3,0.44021857013177,10,10,0,65,1,0.133333333333333,0.235294117647059
Data_LLbetween_0100_LH_075_noise_025pct_rep_03,Full_HG,25,3,0.441520991936893,10,10,0,65,1,0.133333333333333,0.235294117647059
Data_LLbetween_0100_LH_075_noise_025pct_rep_03,Full_HG,25,3,0.442823413742017,9,9,0,66,1,0.12,0.214285714285714
Data_LLbetween_0100_LH_075_noise_025pct_rep_03,Full_HG,25,3,0.444125835547141,8,8,0,67,1,0.106666666666667,0.192771084337349
Data_LLbetween_0100_LH_075_noise_025pct_rep_03,Full_HG,25,3,0.445428257352264,8,8,0,67,1,0.106666666666667,0.192771084337349
Data_LLbetween_0100_LH_075_noise_025pct_rep_03,Full_HG,25,3,0.446730679157388,7,7,0,68,1,0.0933333333333333,0.170731707317073
Data_LLbetween_0100_LH_075_noise_025pct_rep_03,Full_HG,25,3,0.448033100962511,7,7,0,68,1,0.0933333333333333,0.170731707317073
Data_LLbetween_0100_LH_075_noise_025pct_rep_03,Full_HG,25,3,0.449335522767635,7,7,0,68,1,0.0933333333333333,0.170731707317073
Data_LLbetween_0100_LH_075_noise_025pct_rep_03,Full_HG,25,3,0.450637944572758,6,6,0,69,1,0.08,0.148148148148148
Data_LLbetween_0100_LH_075_noise_025pct_rep_03,Full_HG,25,3,0.451940366377882,6,6,0,69,1,0.08,0.148148148148148
Data_LLbetween_0100_LH_075_noise_025pct_rep_03,Full_HG,25,3,0.453242788183006,5,5,0,70,1,0.0666666666666667,0.125
Data_LLbetween_0100_LH_075_noise_025pct_rep_03,Full_HG,25,3,0.454545209988129,5,5,0,70,1,0.0666666666666667,0.125
Data_LLbetween_0100_LH_075_noise_025pct_rep_03,Full_HG,25,3,0.455847631793253,5,5,0,70,1,0.0666666666666667,0.125
Data_LLbetween_0100_LH_075_noise_025pct_rep_03,Full_HG,25,3,0.457150053598376,5,5,0,70,1,0.0666666666666667,0.125
Data_LLbetween_0100_LH_075_noise_025pct_rep_03,Full_HG,25,3,0.4584524754035,3,3,0,72,1,0.04,0.0769230769230769
Data_LLbetween_0100_LH_075_noise_025pct_rep_03,Full_HG,25,3,0.459754897208624,3,3,0,72,1,0.04,0.0769230769230769
Data_LLbetween_0100_LH_075_noise_025pct_rep_03,Full_HG,25,3,0.461057319013747,3,3,0,72,1,0.04,0.0769230769230769
Data_LLbetween_0100_LH_075_noise_025pct_rep_03,Full_HG,25,3,0.462359740818871,3,3,0,72,1,0.04,0.0769230769230769
Data_LLbetween_0100_LH_075_noise_025pct_rep_03,Full_HG,25,3,0.463662162623994,3,3,0,72,1,0.04,0.0769230769230769
Data_LLbetween_0100_LH_075_noise_025pct_rep_03,Full_HG,25,3,0.464964584429118,2,2,0,73,1,0.0266666666666667,0.051948051948052
Data_LLbetween_0100_LH_075_noise_025pct_rep_03,Full_HG,25,3,0.466267006234241,2,2,0,73,1,0.0266666666666667,0.051948051948052
Data_LLbetween_0100_LH_075_noise_025pct_rep_03,Full_HG,25,3,0.467569428039365,2,2,0,73,1,0.0266666666666667,0.051948051948052
Data_LLbetween_0100_LH_075_noise_025pct_rep_03,Full_HG,25,3,0.468871849844489,2,2,0,73,1,0.0266666666666667,0.051948051948052
Data_LLbetween_0100_LH_075_noise_025pct_rep_03,Full_HG,25,3,0.470174271649612,2,2,0,73,1,0.0266666666666667,0.051948051948052
Data_LLbetween_0100_LH_075_noise_025pct_rep_03,Full_HG,25,3,0.471476693454736,2,2,0,73,1,0.0266666666666667,0.051948051948052
Data_LLbetween_0100_LH_075_noise_025pct_rep_03,Full_HG,25,3,0.472779115259859,2,2,0,73,1,0.0266666666666667,0.051948051948052
Data_LLbetween_0100_LH_075_noise_025pct_rep_03,Full_HG,25,3,0.474081537064983,1,1,0,74,1,0.0133333333333333,0.0263157894736842
Data_LLbetween_0100_LH_075_noise_025pct_rep_03,Full_HG,25,3,0.475383958870107,1,1,0,74,1,0.0133333333333333,0.0263157894736842
Data_LLbetween_0100_LH_075_noise_025pct_rep_03,Full_HG,25,3,0.47668638067523,1,1,0,74,1,0.0133333333333333,0.0263157894736842
Data_LLbetween_0100_LH_075_noise_025pct_rep_03,Full_HG,25,3,0.477988802480354,1,1,0,74,1,0.0133333333333333,0.0263157894736842
Data_LLbetween_0100_LH_075_noise_025pct_rep_03,Full_HG,25,3,0.479291224285477,1,1,0,74,1,0.0133333333333333,0.0263157894736842
Data_LLbetween_0100_LH_075_noise_025pct_rep_03,Full_HG,25,3,0.480593646090601,1,1,0,74,1,0.0133333333333333,0.0263157894736842
Data_LLbetween_0100_LH_075_noise_025pct_rep_03,Full_HG,25,3,0.481896067895724,1,1,0,74,1,0.0133333333333333,0.0263157894736842
Data_LLbetween_0100_LH_075_noise_025pct_rep_03,Full_HG,25,3,0.483198489700848,1,1,0,74,1,0.0133333333333333,0.0263157894736842
Data_LLbetween_0100_LH_075_noise_025pct_rep_03,Full_HG,25,3,0.484500911505972,0,0,0,75,NaN,0,0
Data_LLbetween_0100_LH_075_noise_025pct_rep_03,Full_HG,25,3,0.485803333311095,0,0,0,75,NaN,0,0
Data_LLbetween_0100_LH_075_noise_025pct_rep_03,Full_HG,25,3,0.487105755116219,0,0,0,75,NaN,0,0
Data_LLbetween_0100_LH_075_noise_025pct_rep_03,Full_HG,25,3,0.488408176921342,0,0,0,75,NaN,0,0
Data_LLbetween_0100_LH_075_noise_025pct_rep_03,Full_HG,25,3,0.489710598726466,0,0,0,75,NaN,0,0
Data_LLbetween_0100_LH_075_noise_025pct_rep_03,Full_HG,25,3,0.491013020531589,0,0,0,75,NaN,0,0
Data_LLbetween_0100_LH_075_noise_025pct_rep_03,Full_HG,25,3,0.492315442336713,0,0,0,75,NaN,0,0
Data_LLbetween_0100_LH_075_noise_025pct_rep_03,Full_HG,25,3,0.493617864141837,0,0,0,75,NaN,0,0
Data_LLbetween_0100_LH_075_noise_025pct_rep_03,Full_HG,25,3,0.49492028594696,0,0,0,75,NaN,0,0
Data_LLbetween_0100_LH_075_noise_025pct_rep_03,Full_HG,25,3,0.496222707752084,0,0,0,75,NaN,0,0
Data_LLbetween_0100_LH_075_noise_025pct_rep_03,Full_HG,25,3,0.497525129557207,0,0,0,75,NaN,0,0
Data_LLbetween_0100_LH_075_noise_025pct_rep_03,Full_HG,25,3,0.498827551362331,0,0,0,75,NaN,0,0
Data_LLbetween_0100_LH_075_noise_025pct_rep_03,Full_HG,25,3,0.500129973167455,0,0,0,75,NaN,0,0
Data_LLbetween_0100_LH_075_noise_025pct_rep_03,Full_HG,25,3,0.501432394972578,0,0,0,75,NaN,0,0
Data_LLbetween_0100_LH_075_noise_025pct_rep_03,Full_HG,25,3,0.502734816777702,0,0,0,75,NaN,0,0
Data_LLbetween_0100_LH_075_noise_025pct_rep_03,Full_HG,25,3,0.504037238582825,0,0,0,75,NaN,0,0
Data_LLbetween_0100_LH_075_noise_025pct_rep_03,Full_HG,25,3,0.505339660387949,0,0,0,75,NaN,0,0
Data_LLbetween_0100_LH_075_noise_025pct_rep_03,Full_HG,25,3,0.506642082193072,0,0,0,75,NaN,0,0
Data_LLbetween_0100_LH_075_noise_025pct_rep_03,Full_HG,25,3,0.507944503998196,0,0,0,75,NaN,0,0
Data_LLbetween_0100_LH_075_noise_025pct_rep_03,Full_HG,25,3,0.50924692580332,0,0,0,75,NaN,0,0
Data_LLbetween_0100_LH_075_noise_025pct_rep_03,Full_HG,25,3,0.510549347608443,0,0,0,75,NaN,0,0
Data_LLbetween_0100_LH_075_noise_025pct_rep_03,Full_HG,25,3,0.511851769413567,0,0,0,75,NaN,0,0
Data_LLbetween_0100_LH_075_noise_025pct_rep_03,Full_HG,25,3,0.51315419121869,0,0,0,75,NaN,0,0
Data_LLbetween_0100_LH_075_noise_025pct_rep_03,Full_HG,25,3,0.514456613023814,0,0,0,75,NaN,0,0
Data_LLbetween_0100_LH_075_noise_025pct_rep_03,Full_HG,25,3,0.515759034828937,0,0,0,75,NaN,0,0
Data_LLbetween_0100_LH_075_noise_025pct_rep_03,Full_HG,25,3,0.517061456634061,0,0,0,75,NaN,0,0
Data_LLbetween_0100_LH_075_noise_025pct_rep_03,Full_HG,25,3,0.518363878439185,0,0,0,75,NaN,0,0
Data_LLbetween_0100_LH_075_noise_025pct_rep_03,Full_HG,25,3,0.519666300244308,0,0,0,75,NaN,0,0
Data_LLbetween_0100_LH_075_noise_025pct_rep_03,Full_HG,25,3,0.520968722049432,0,0,0,75,NaN,0,0
Data_LLbetween_0100_LH_075_noise_050pct_rep_01,Full_HG,50,1,0,89,75,14,0,0.842696629213483,1,0.914634146341463
Data_LLbetween_0100_LH_075_noise_050pct_rep_01,Full_HG,50,1,0.00130242180512358,88,75,13,0,0.852272727272727,1,0.920245398773006
Data_LLbetween_0100_LH_075_noise_050pct_rep_01,Full_HG,50,1,0.00260484361024716,87,75,12,0,0.862068965517241,1,0.925925925925926
Data_LLbetween_0100_LH_075_noise_050pct_rep_01,Full_HG,50,1,0.00390726541537074,86,75,11,0,0.872093023255814,1,0.93167701863354
Data_LLbetween_0100_LH_075_noise_050pct_rep_01,Full_HG,50,1,0.00520968722049432,85,75,10,0,0.882352941176471,1,0.9375
Data_LLbetween_0100_LH_075_noise_050pct_rep_01,Full_HG,50,1,0.0065121090256179,85,75,10,0,0.882352941176471,1,0.9375
Data_LLbetween_0100_LH_075_noise_050pct_rep_01,Full_HG,50,1,0.00781453083074148,84,75,9,0,0.892857142857143,1,0.943396226415094
Data_LLbetween_0100_LH_075_noise_050pct_rep_01,Full_HG,50,1,0.00911695263586506,83,75,8,0,0.903614457831325,1,0.949367088607595
Data_LLbetween_0100_LH_075_noise_050pct_rep_01,Full_HG,50,1,0.0104193744409886,82,75,7,0,0.914634146341463,1,0.955414012738854
Data_LLbetween_0100_LH_075_noise_050pct_rep_01,Full_HG,50,1,0.0117217962461122,81,75,6,0,0.925925925925926,1,0.961538461538461
Data_LLbetween_0100_LH_075_noise_050pct_rep_01,Full_HG,50,1,0.0130242180512358,81,75,6,0,0.925925925925926,1,0.961538461538461
Data_LLbetween_0100_LH_075_noise_050pct_rep_01,Full_HG,50,1,0.0143266398563594,80,75,5,0,0.9375,1,0.967741935483871
Data_LLbetween_0100_LH_075_noise_050pct_rep_01,Full_HG,50,1,0.015629061661483,80,75,5,0,0.9375,1,0.967741935483871
Data_LLbetween_0100_LH_075_noise_050pct_rep_01,Full_HG,50,1,0.0169314834666065,79,75,4,0,0.949367088607595,1,0.974025974025974
Data_LLbetween_0100_LH_075_noise_050pct_rep_01,Full_HG,50,1,0.0182339052717301,78,75,3,0,0.961538461538462,1,0.980392156862745
Data_LLbetween_0100_LH_075_noise_050pct_rep_01,Full_HG,50,1,0.0195363270768537,77,75,2,0,0.974025974025974,1,0.986842105263158
Data_LLbetween_0100_LH_075_noise_050pct_rep_01,Full_HG,50,1,0.0208387488819773,77,75,2,0,0.974025974025974,1,0.986842105263158
Data_LLbetween_0100_LH_075_noise_050pct_rep_01,Full_HG,50,1,0.0221411706871009,76,75,1,0,0.986842105263158,1,0.993377483443709
Data_LLbetween_0100_LH_075_noise_050pct_rep_01,Full_HG,50,1,0.0234435924922244,75,75,0,0,1,1,1
Data_LLbetween_0100_LH_075_noise_050pct_rep_01,Full_HG,50,1,0.024746014297348,75,75,0,0,1,1,1
Data_LLbetween_0100_LH_075_noise_050pct_rep_01,Full_HG,50,1,0.0260484361024716,75,75,0,0,1,1,1
Data_LLbetween_0100_LH_075_noise_050pct_rep_01,Full_HG,50,1,0.0273508579075952,75,75,0,0,1,1,1
Data_LLbetween_0100_LH_075_noise_050pct_rep_01,Full_HG,50,1,0.0286532797127187,75,75,0,0,1,1,1
Data_LLbetween_0100_LH_075_noise_050pct_rep_01,Full_HG,50,1,0.0299557015178423,75,75,0,0,1,1,1
Data_LLbetween_0100_LH_075_noise_050pct_rep_01,Full_HG,50,1,0.0312581233229659,75,75,0,0,1,1,1
Data_LLbetween_0100_LH_075_noise_050pct_rep_01,Full_HG,50,1,0.0325605451280895,75,75,0,0,1,1,1
Data_LLbetween_0100_LH_075_noise_050pct_rep_01,Full_HG,50,1,0.0338629669332131,75,75,0,0,1,1,1
Data_LLbetween_0100_LH_075_noise_050pct_rep_01,Full_HG,50,1,0.0351653887383366,75,75,0,0,1,1,1
Data_LLbetween_0100_LH_075_noise_050pct_rep_01,Full_HG,50,1,0.0364678105434602,75,75,0,0,1,1,1
Data_LLbetween_0100_LH_075_noise_050pct_rep_01,Full_HG,50,1,0.0377702323485838,75,75,0,0,1,1,1
Data_LLbetween_0100_LH_075_noise_050pct_rep_01,Full_HG,50,1,0.0390726541537074,75,75,0,0,1,1,1
Data_LLbetween_0100_LH_075_noise_050pct_rep_01,Full_HG,50,1,0.040375075958831,75,75,0,0,1,1,1
Data_LLbetween_0100_LH_075_noise_050pct_rep_01,Full_HG,50,1,0.0416774977639545,75,75,0,0,1,1,1
Data_LLbetween_0100_LH_075_noise_050pct_rep_01,Full_HG,50,1,0.0429799195690781,75,75,0,0,1,1,1
Data_LLbetween_0100_LH_075_noise_050pct_rep_01,Full_HG,50,1,0.0442823413742017,75,75,0,0,1,1,1
Data_LLbetween_0100_LH_075_noise_050pct_rep_01,Full_HG,50,1,0.0455847631793253,75,75,0,0,1,1,1
Data_LLbetween_0100_LH_075_noise_050pct_rep_01,Full_HG,50,1,0.0468871849844489,75,75,0,0,1,1,1
Data_LLbetween_0100_LH_075_noise_050pct_rep_01,Full_HG,50,1,0.0481896067895724,75,75,0,0,1,1,1
Data_LLbetween_0100_LH_075_noise_050pct_rep_01,Full_HG,50,1,0.049492028594696,75,75,0,0,1,1,1
Data_LLbetween_0100_LH_075_noise_050pct_rep_01,Full_HG,50,1,0.0507944503998196,75,75,0,0,1,1,1
Data_LLbetween_0100_LH_075_noise_050pct_rep_01,Full_HG,50,1,0.0520968722049432,75,75,0,0,1,1,1
Data_LLbetween_0100_LH_075_noise_050pct_rep_01,Full_HG,50,1,0.0533992940100668,75,75,0,0,1,1,1
Data_LLbetween_0100_LH_075_noise_050pct_rep_01,Full_HG,50,1,0.0547017158151903,75,75,0,0,1,1,1
Data_LLbetween_0100_LH_075_noise_050pct_rep_01,Full_HG,50,1,0.0560041376203139,75,75,0,0,1,1,1
Data_LLbetween_0100_LH_075_noise_050pct_rep_01,Full_HG,50,1,0.0573065594254375,75,75,0,0,1,1,1
Data_LLbetween_0100_LH_075_noise_050pct_rep_01,Full_HG,50,1,0.0586089812305611,75,75,0,0,1,1,1
Data_LLbetween_0100_LH_075_noise_050pct_rep_01,Full_HG,50,1,0.0599114030356847,75,75,0,0,1,1,1
Data_LLbetween_0100_LH_075_noise_050pct_rep_01,Full_HG,50,1,0.0612138248408082,75,75,0,0,1,1,1
Data_LLbetween_0100_LH_075_noise_050pct_rep_01,Full_HG,50,1,0.0625162466459318,75,75,0,0,1,1,1
Data_LLbetween_0100_LH_075_noise_050pct_rep_01,Full_HG,50,1,0.0638186684510554,75,75,0,0,1,1,1
Data_LLbetween_0100_LH_075_noise_050pct_rep_01,Full_HG,50,1,0.065121090256179,75,75,0,0,1,1,1
Data_LLbetween_0100_LH_075_noise_050pct_rep_01,Full_HG,50,1,0.0664235120613026,75,75,0,0,1,1,1
Data_LLbetween_0100_LH_075_noise_050pct_rep_01,Full_HG,50,1,0.0677259338664261,75,75,0,0,1,1,1
Data_LLbetween_0100_LH_075_noise_050pct_rep_01,Full_HG,50,1,0.0690283556715497,75,75,0,0,1,1,1
Data_LLbetween_0100_LH_075_noise_050pct_rep_01,Full_HG,50,1,0.0703307774766733,75,75,0,0,1,1,1
Data_LLbetween_0100_LH_075_noise_050pct_rep_01,Full_HG,50,1,0.0716331992817969,75,75,0,0,1,1,1
Data_LLbetween_0100_LH_075_noise_050pct_rep_01,Full_HG,50,1,0.0729356210869204,75,75,0,0,1,1,1
Data_LLbetween_0100_LH_075_noise_050pct_rep_01,Full_HG,50,1,0.074238042892044,75,75,0,0,1,1,1
Data_LLbetween_0100_LH_075_noise_050pct_rep_01,Full_HG,50,1,0.0755404646971676,75,75,0,0,1,1,1
Data_LLbetween_0100_LH_075_noise_050pct_rep_01,Full_HG,50,1,0.0768428865022912,75,75,0,0,1,1,1
Data_LLbetween_0100_LH_075_noise_050pct_rep_01,Full_HG,50,1,0.0781453083074148,75,75,0,0,1,1,1
Data_LLbetween_0100_LH_075_noise_050pct_rep_01,Full_HG,50,1,0.0794477301125383,75,75,0,0,1,1,1
Data_LLbetween_0100_LH_075_noise_050pct_rep_01,Full_HG,50,1,0.0807501519176619,75,75,0,0,1,1,1
Data_LLbetween_0100_LH_075_noise_050pct_rep_01,Full_HG,50,1,0.0820525737227855,75,75,0,0,1,1,1
Data_LLbetween_0100_LH_075_noise_050pct_rep_01,Full_HG,50,1,0.0833549955279091,75,75,0,0,1,1,1
Data_LLbetween_0100_LH_075_noise_050pct_rep_01,Full_HG,50,1,0.0846574173330327,75,75,0,0,1,1,1
Data_LLbetween_0100_LH_075_noise_050pct_rep_01,Full_HG,50,1,0.0859598391381562,75,75,0,0,1,1,1
Data_LLbetween_0100_LH_075_noise_050pct_rep_01,Full_HG,50,1,0.0872622609432798,75,75,0,0,1,1,1
Data_LLbetween_0100_LH_075_noise_050pct_rep_01,Full_HG,50,1,0.0885646827484034,75,75,0,0,1,1,1
Data_LLbetween_0100_LH_075_noise_050pct_rep_01,Full_HG,50,1,0.089867104553527,75,75,0,0,1,1,1
Data_LLbetween_0100_LH_075_noise_050pct_rep_01,Full_HG,50,1,0.0911695263586506,75,75,0,0,1,1,1
Data_LLbetween_0100_LH_075_noise_050pct_rep_01,Full_HG,50,1,0.0924719481637741,75,75,0,0,1,1,1
Data_LLbetween_0100_LH_075_noise_050pct_rep_01,Full_HG,50,1,0.0937743699688977,75,75,0,0,1,1,1
Data_LLbetween_0100_LH_075_noise_050pct_rep_01,Full_HG,50,1,0.0950767917740213,75,75,0,0,1,1,1
Data_LLbetween_0100_LH_075_noise_050pct_rep_01,Full_HG,50,1,0.0963792135791449,75,75,0,0,1,1,1
Data_LLbetween_0100_LH_075_noise_050pct_rep_01,Full_HG,50,1,0.0976816353842685,75,75,0,0,1,1,1
Data_LLbetween_0100_LH_075_noise_050pct_rep_01,Full_HG,50,1,0.098984057189392,75,75,0,0,1,1,1
Data_LLbetween_0100_LH_075_noise_050pct_rep_01,Full_HG,50,1,0.100286478994516,75,75,0,0,1,1,1
Data_LLbetween_0100_LH_075_noise_050pct_rep_01,Full_HG,50,1,0.101588900799639,75,75,0,0,1,1,1
Data_LLbetween_0100_LH_075_noise_050pct_rep_01,Full_HG,50,1,0.102891322604763,75,75,0,0,1,1,1
Data_LLbetween_0100_LH_075_noise_050pct_rep_01,Full_HG,50,1,0.104193744409886,75,75,0,0,1,1,1
Data_LLbetween_0100_LH_075_noise_050pct_rep_01,Full_HG,50,1,0.10549616621501,75,75,0,0,1,1,1
Data_LLbetween_0100_LH_075_noise_050pct_rep_01,Full_HG,50,1,0.106798588020134,75,75,0,0,1,1,1
Data_LLbetween_0100_LH_075_noise_050pct_rep_01,Full_HG,50,1,0.108101009825257,75,75,0,0,1,1,1
Data_LLbetween_0100_LH_075_noise_050pct_rep_01,Full_HG,50,1,0.109403431630381,75,75,0,0,1,1,1
Data_LLbetween_0100_LH_075_noise_050pct_rep_01,Full_HG,50,1,0.110705853435504,75,75,0,0,1,1,1
Data_LLbetween_0100_LH_075_noise_050pct_rep_01,Full_HG,50,1,0.112008275240628,75,75,0,0,1,1,1
Data_LLbetween_0100_LH_075_noise_050pct_rep_01,Full_HG,50,1,0.113310697045751,75,75,0,0,1,1,1
Data_LLbetween_0100_LH_075_noise_050pct_rep_01,Full_HG,50,1,0.114613118850875,75,75,0,0,1,1,1
Data_LLbetween_0100_LH_075_noise_050pct_rep_01,Full_HG,50,1,0.115915540655999,75,75,0,0,1,1,1
Data_LLbetween_0100_LH_075_noise_050pct_rep_01,Full_HG,50,1,0.117217962461122,75,75,0,0,1,1,1
Data_LLbetween_0100_LH_075_noise_050pct_rep_01,Full_HG,50,1,0.118520384266246,75,75,0,0,1,1,1
Data_LLbetween_0100_LH_075_noise_050pct_rep_01,Full_HG,50,1,0.119822806071369,75,75,0,0,1,1,1
Data_LLbetween_0100_LH_075_noise_050pct_rep_01,Full_HG,50,1,0.121125227876493,75,75,0,0,1,1,1
Data_LLbetween_0100_LH_075_noise_050pct_rep_01,Full_HG,50,1,0.122427649681616,75,75,0,0,1,1,1
Data_LLbetween_0100_LH_075_noise_050pct_rep_01,Full_HG,50,1,0.12373007148674,75,75,0,0,1,1,1
Data_LLbetween_0100_LH_075_noise_050pct_rep_01,Full_HG,50,1,0.125032493291864,75,75,0,0,1,1,1
Data_LLbetween_0100_LH_075_noise_050pct_rep_01,Full_HG,50,1,0.126334915096987,75,75,0,0,1,1,1
Data_LLbetween_0100_LH_075_noise_050pct_rep_01,Full_HG,50,1,0.127637336902111,75,75,0,0,1,1,1
Data_LLbetween_0100_LH_075_noise_050pct_rep_01,Full_HG,50,1,0.128939758707234,75,75,0,0,1,1,1
Data_LLbetween_0100_LH_075_noise_050pct_rep_01,Full_HG,50,1,0.130242180512358,75,75,0,0,1,1,1
Data_LLbetween_0100_LH_075_noise_050pct_rep_01,Full_HG,50,1,0.131544602317482,75,75,0,0,1,1,1
Data_LLbetween_0100_LH_075_noise_050pct_rep_01,Full_HG,50,1,0.132847024122605,75,75,0,0,1,1,1
Data_LLbetween_0100_LH_075_noise_050pct_rep_01,Full_HG,50,1,0.134149445927729,75,75,0,0,1,1,1
Data_LLbetween_0100_LH_075_noise_050pct_rep_01,Full_HG,50,1,0.135451867732852,75,75,0,0,1,1,1
Data_LLbetween_0100_LH_075_noise_050pct_rep_01,Full_HG,50,1,0.136754289537976,75,75,0,0,1,1,1
Data_LLbetween_0100_LH_075_noise_050pct_rep_01,Full_HG,50,1,0.138056711343099,75,75,0,0,1,1,1
Data_LLbetween_0100_LH_075_noise_050pct_rep_01,Full_HG,50,1,0.139359133148223,75,75,0,0,1,1,1
Data_LLbetween_0100_LH_075_noise_050pct_rep_01,Full_HG,50,1,0.140661554953347,75,75,0,0,1,1,1
Data_LLbetween_0100_LH_075_noise_050pct_rep_01,Full_HG,50,1,0.14196397675847,75,75,0,0,1,1,1
Data_LLbetween_0100_LH_075_noise_050pct_rep_01,Full_HG,50,1,0.143266398563594,75,75,0,0,1,1,1
Data_LLbetween_0100_LH_075_noise_050pct_rep_01,Full_HG,50,1,0.144568820368717,75,75,0,0,1,1,1
Data_LLbetween_0100_LH_075_noise_050pct_rep_01,Full_HG,50,1,0.145871242173841,75,75,0,0,1,1,1
Data_LLbetween_0100_LH_075_noise_050pct_rep_01,Full_HG,50,1,0.147173663978964,75,75,0,0,1,1,1
Data_LLbetween_0100_LH_075_noise_050pct_rep_01,Full_HG,50,1,0.148476085784088,75,75,0,0,1,1,1
Data_LLbetween_0100_LH_075_noise_050pct_rep_01,Full_HG,50,1,0.149778507589212,75,75,0,0,1,1,1
Data_LLbetween_0100_LH_075_noise_050pct_rep_01,Full_HG,50,1,0.151080929394335,75,75,0,0,1,1,1
Data_LLbetween_0100_LH_075_noise_050pct_rep_01,Full_HG,50,1,0.152383351199459,75,75,0,0,1,1,1
Data_LLbetween_0100_LH_075_noise_050pct_rep_01,Full_HG,50,1,0.153685773004582,75,75,0,0,1,1,1
Data_LLbetween_0100_LH_075_noise_050pct_rep_01,Full_HG,50,1,0.154988194809706,75,75,0,0,1,1,1
Data_LLbetween_0100_LH_075_noise_050pct_rep_01,Full_HG,50,1,0.15629061661483,75,75,0,0,1,1,1
Data_LLbetween_0100_LH_075_noise_050pct_rep_01,Full_HG,50,1,0.157593038419953,75,75,0,0,1,1,1
Data_LLbetween_0100_LH_075_noise_050pct_rep_01,Full_HG,50,1,0.158895460225077,75,75,0,0,1,1,1
Data_LLbetween_0100_LH_075_noise_050pct_rep_01,Full_HG,50,1,0.1601978820302,75,75,0,0,1,1,1
Data_LLbetween_0100_LH_075_noise_050pct_rep_01,Full_HG,50,1,0.161500303835324,75,75,0,0,1,1,1
Data_LLbetween_0100_LH_075_noise_050pct_rep_01,Full_HG,50,1,0.162802725640447,75,75,0,0,1,1,1
Data_LLbetween_0100_LH_075_noise_050pct_rep_01,Full_HG,50,1,0.164105147445571,75,75,0,0,1,1,1
Data_LLbetween_0100_LH_075_noise_050pct_rep_01,Full_HG,50,1,0.165407569250695,75,75,0,0,1,1,1
Data_LLbetween_0100_LH_075_noise_050pct_rep_01,Full_HG,50,1,0.166709991055818,75,75,0,0,1,1,1
Data_LLbetween_0100_LH_075_noise_050pct_rep_01,Full_HG,50,1,0.168012412860942,75,75,0,0,1,1,1
Data_LLbetween_0100_LH_075_noise_050pct_rep_01,Full_HG,50,1,0.169314834666065,75,75,0,0,1,1,1
Data_LLbetween_0100_LH_075_noise_050pct_rep_01,Full_HG,50,1,0.170617256471189,75,75,0,0,1,1,1
Data_LLbetween_0100_LH_075_noise_050pct_rep_01,Full_HG,50,1,0.171919678276312,75,75,0,0,1,1,1
Data_LLbetween_0100_LH_075_noise_050pct_rep_01,Full_HG,50,1,0.173222100081436,75,75,0,0,1,1,1
Data_LLbetween_0100_LH_075_noise_050pct_rep_01,Full_HG,50,1,0.17452452188656,75,75,0,0,1,1,1
Data_LLbetween_0100_LH_075_noise_050pct_rep_01,Full_HG,50,1,0.175826943691683,75,75,0,0,1,1,1
Data_LLbetween_0100_LH_075_noise_050pct_rep_01,Full_HG,50,1,0.177129365496807,75,75,0,0,1,1,1
Data_LLbetween_0100_LH_075_noise_050pct_rep_01,Full_HG,50,1,0.17843178730193,75,75,0,0,1,1,1
Data_LLbetween_0100_LH_075_noise_050pct_rep_01,Full_HG,50,1,0.179734209107054,75,75,0,0,1,1,1
Data_LLbetween_0100_LH_075_noise_050pct_rep_01,Full_HG,50,1,0.181036630912178,75,75,0,0,1,1,1
Data_LLbetween_0100_LH_075_noise_050pct_rep_01,Full_HG,50,1,0.182339052717301,75,75,0,0,1,1,1
Data_LLbetween_0100_LH_075_noise_050pct_rep_01,Full_HG,50,1,0.183641474522425,75,75,0,0,1,1,1
Data_LLbetween_0100_LH_075_noise_050pct_rep_01,Full_HG,50,1,0.184943896327548,75,75,0,0,1,1,1
Data_LLbetween_0100_LH_075_noise_050pct_rep_01,Full_HG,50,1,0.186246318132672,74,74,0,1,1,0.986666666666667,0.993288590604027
Data_LLbetween_0100_LH_075_noise_050pct_rep_01,Full_HG,50,1,0.187548739937795,74,74,0,1,1,0.986666666666667,0.993288590604027
Data_LLbetween_0100_LH_075_noise_050pct_rep_01,Full_HG,50,1,0.188851161742919,74,74,0,1,1,0.986666666666667,0.993288590604027
Data_LLbetween_0100_LH_075_noise_050pct_rep_01,Full_HG,50,1,0.190153583548043,74,74,0,1,1,0.986666666666667,0.993288590604027
Data_LLbetween_0100_LH_075_noise_050pct_rep_01,Full_HG,50,1,0.191456005353166,74,74,0,1,1,0.986666666666667,0.993288590604027
Data_LLbetween_0100_LH_075_noise_050pct_rep_01,Full_HG,50,1,0.19275842715829,74,74,0,1,1,0.986666666666667,0.993288590604027
Data_LLbetween_0100_LH_075_noise_050pct_rep_01,Full_HG,50,1,0.194060848963413,74,74,0,1,1,0.986666666666667,0.993288590604027
Data_LLbetween_0100_LH_075_noise_050pct_rep_01,Full_HG,50,1,0.195363270768537,73,73,0,2,1,0.973333333333333,0.986486486486487
Data_LLbetween_0100_LH_075_noise_050pct_rep_01,Full_HG,50,1,0.19666569257366,73,73,0,2,1,0.973333333333333,0.986486486486487
Data_LLbetween_0100_LH_075_noise_050pct_rep_01,Full_HG,50,1,0.197968114378784,73,73,0,2,1,0.973333333333333,0.986486486486487
Data_LLbetween_0100_LH_075_noise_050pct_rep_01,Full_HG,50,1,0.199270536183908,72,72,0,3,1,0.96,0.979591836734694
Data_LLbetween_0100_LH_075_noise_050pct_rep_01,Full_HG,50,1,0.200572957989031,72,72,0,3,1,0.96,0.979591836734694
Data_LLbetween_0100_LH_075_noise_050pct_rep_01,Full_HG,50,1,0.201875379794155,71,71,0,4,1,0.946666666666667,0.972602739726027
Data_LLbetween_0100_LH_075_noise_050pct_rep_01,Full_HG,50,1,0.203177801599278,71,71,0,4,1,0.946666666666667,0.972602739726027
Data_LLbetween_0100_LH_075_noise_050pct_rep_01,Full_HG,50,1,0.204480223404402,71,71,0,4,1,0.946666666666667,0.972602739726027
Data_LLbetween_0100_LH_075_noise_050pct_rep_01,Full_HG,50,1,0.205782645209526,71,71,0,4,1,0.946666666666667,0.972602739726027
Data_LLbetween_0100_LH_075_noise_050pct_rep_01,Full_HG,50,1,0.207085067014649,71,71,0,4,1,0.946666666666667,0.972602739726027
Data_LLbetween_0100_LH_075_noise_050pct_rep_01,Full_HG,50,1,0.208387488819773,70,70,0,5,1,0.933333333333333,0.96551724137931
Data_LLbetween_0100_LH_075_noise_050pct_rep_01,Full_HG,50,1,0.209689910624896,69,69,0,6,1,0.92,0.958333333333333
Data_LLbetween_0100_LH_075_noise_050pct_rep_01,Full_HG,50,1,0.21099233243002,69,69,0,6,1,0.92,0.958333333333333
Data_LLbetween_0100_LH_075_noise_050pct_rep_01,Full_HG,50,1,0.212294754235143,68,68,0,7,1,0.906666666666667,0.951048951048951
Data_LLbetween_0100_LH_075_noise_050pct_rep_01,Full_HG,50,1,0.213597176040267,68,68,0,7,1,0.906666666666667,0.951048951048951
Data_LLbetween_0100_LH_075_noise_050pct_rep_01,Full_HG,50,1,0.214899597845391,68,68,0,7,1,0.906666666666667,0.951048951048951
Data_LLbetween_0100_LH_075_noise_050pct_rep_01,Full_HG,50,1,0.216202019650514,68,68,0,7,1,0.906666666666667,0.951048951048951
Data_LLbetween_0100_LH_075_noise_050pct_rep_01,Full_HG,50,1,0.217504441455638,68,68,0,7,1,0.906666666666667,0.951048951048951
Data_LLbetween_0100_LH_075_noise_050pct_rep_01,Full_HG,50,1,0.218806863260761,68,68,0,7,1,0.906666666666667,0.951048951048951
Data_LLbetween_0100_LH_075_noise_050pct_rep_01,Full_HG,50,1,0.220109285065885,68,68,0,7,1,0.906666666666667,0.951048951048951
Data_LLbetween_0100_LH_075_noise_050pct_rep_01,Full_HG,50,1,0.221411706871009,68,68,0,7,1,0.906666666666667,0.951048951048951
Data_LLbetween_0100_LH_075_noise_050pct_rep_01,Full_HG,50,1,0.222714128676132,68,68,0,7,1,0.906666666666667,0.951048951048951
Data_LLbetween_0100_LH_075_noise_050pct_rep_01,Full_HG,50,1,0.224016550481256,68,68,0,7,1,0.906666666666667,0.951048951048951
Data_LLbetween_0100_LH_075_noise_050pct_rep_01,Full_HG,50,1,0.225318972286379,68,68,0,7,1,0.906666666666667,0.951048951048951
Data_LLbetween_0100_LH_075_noise_050pct_rep_01,Full_HG,50,1,0.226621394091503,68,68,0,7,1,0.906666666666667,0.951048951048951
Data_LLbetween_0100_LH_075_noise_050pct_rep_01,Full_HG,50,1,0.227923815896626,68,68,0,7,1,0.906666666666667,0.951048951048951
Data_LLbetween_0100_LH_075_noise_050pct_rep_01,Full_HG,50,1,0.22922623770175,67,67,0,8,1,0.893333333333333,0.943661971830986
Data_LLbetween_0100_LH_075_noise_050pct_rep_01,Full_HG,50,1,0.230528659506874,67,67,0,8,1,0.893333333333333,0.943661971830986
Data_LLbetween_0100_LH_075_noise_050pct_rep_01,Full_HG,50,1,0.231831081311997,67,67,0,8,1,0.893333333333333,0.943661971830986
Data_LLbetween_0100_LH_075_noise_050pct_rep_01,Full_HG,50,1,0.233133503117121,67,67,0,8,1,0.893333333333333,0.943661971830986
Data_LLbetween_0100_LH_075_noise_050pct_rep_01,Full_HG,50,1,0.234435924922244,67,67,0,8,1,0.893333333333333,0.943661971830986
Data_LLbetween_0100_LH_075_noise_050pct_rep_01,Full_HG,50,1,0.235738346727368,67,67,0,8,1,0.893333333333333,0.943661971830986
Data_LLbetween_0100_LH_075_noise_050pct_rep_01,Full_HG,50,1,0.237040768532491,67,67,0,8,1,0.893333333333333,0.943661971830986
Data_LLbetween_0100_LH_075_noise_050pct_rep_01,Full_HG,50,1,0.238343190337615,67,67,0,8,1,0.893333333333333,0.943661971830986
Data_LLbetween_0100_LH_075_noise_050pct_rep_01,Full_HG,50,1,0.239645612142739,65,65,0,10,1,0.866666666666667,0.928571428571429
Data_LLbetween_0100_LH_075_noise_050pct_rep_01,Full_HG,50,1,0.240948033947862,65,65,0,10,1,0.866666666666667,0.928571428571429
Data_LLbetween_0100_LH_075_noise_050pct_rep_01,Full_HG,50,1,0.242250455752986,65,65,0,10,1,0.866666666666667,0.928571428571429
Data_LLbetween_0100_LH_075_noise_050pct_rep_01,Full_HG,50,1,0.243552877558109,64,64,0,11,1,0.853333333333333,0.920863309352518
Data_LLbetween_0100_LH_075_noise_050pct_rep_01,Full_HG,50,1,0.244855299363233,64,64,0,11,1,0.853333333333333,0.920863309352518
Data_LLbetween_0100_LH_075_noise_050pct_rep_01,Full_HG,50,1,0.246157721168356,64,64,0,11,1,0.853333333333333,0.920863309352518
Data_LLbetween_0100_LH_075_noise_050pct_rep_01,Full_HG,50,1,0.24746014297348,63,63,0,12,1,0.84,0.91304347826087
Data_LLbetween_0100_LH_075_noise_050pct_rep_01,Full_HG,50,1,0.248762564778604,63,63,0,12,1,0.84,0.91304347826087
Data_LLbetween_0100_LH_075_noise_050pct_rep_01,Full_HG,50,1,0.250064986583727,62,62,0,13,1,0.826666666666667,0.905109489051095
Data_LLbetween_0100_LH_075_noise_050pct_rep_01,Full_HG,50,1,0.251367408388851,61,61,0,14,1,0.813333333333333,0.897058823529412
Data_LLbetween_0100_LH_075_noise_050pct_rep_01,Full_HG,50,1,0.252669830193974,61,61,0,14,1,0.813333333333333,0.897058823529412
Data_LLbetween_0100_LH_075_noise_050pct_rep_01,Full_HG,50,1,0.253972251999098,61,61,0,14,1,0.813333333333333,0.897058823529412
Data_LLbetween_0100_LH_075_noise_050pct_rep_01,Full_HG,50,1,0.255274673804222,61,61,0,14,1,0.813333333333333,0.897058823529412
Data_LLbetween_0100_LH_075_noise_050pct_rep_01,Full_HG,50,1,0.256577095609345,61,61,0,14,1,0.813333333333333,0.897058823529412
Data_LLbetween_0100_LH_075_noise_050pct_rep_01,Full_HG,50,1,0.257879517414469,61,61,0,14,1,0.813333333333333,0.897058823529412
Data_LLbetween_0100_LH_075_noise_050pct_rep_01,Full_HG,50,1,0.259181939219592,61,61,0,14,1,0.813333333333333,0.897058823529412
Data_LLbetween_0100_LH_075_noise_050pct_rep_01,Full_HG,50,1,0.260484361024716,61,61,0,14,1,0.813333333333333,0.897058823529412
Data_LLbetween_0100_LH_075_noise_050pct_rep_01,Full_HG,50,1,0.261786782829839,60,60,0,15,1,0.8,0.888888888888889
Data_LLbetween_0100_LH_075_noise_050pct_rep_01,Full_HG,50,1,0.263089204634963,59,59,0,16,1,0.786666666666667,0.880597014925373
Data_LLbetween_0100_LH_075_noise_050pct_rep_01,Full_HG,50,1,0.264391626440087,57,57,0,18,1,0.76,0.863636363636364
Data_LLbetween_0100_LH_075_noise_050pct_rep_01,Full_HG,50,1,0.26569404824521,56,56,0,19,1,0.746666666666667,0.854961832061069
Data_LLbetween_0100_LH_075_noise_050pct_rep_01,Full_HG,50,1,0.266996470050334,53,53,0,22,1,0.706666666666667,0.828125
Data_LLbetween_0100_LH_075_noise_050pct_rep_01,Full_HG,50,1,0.268298891855457,52,52,0,23,1,0.693333333333333,0.818897637795276
Data_LLbetween_0100_LH_075_noise_050pct_rep_01,Full_HG,50,1,0.269601313660581,52,52,0,23,1,0.693333333333333,0.818897637795276
Data_LLbetween_0100_LH_075_noise_050pct_rep_01,Full_HG,50,1,0.270903735465705,50,50,0,25,1,0.666666666666667,0.8
Data_LLbetween_0100_LH_075_noise_050pct_rep_01,Full_HG,50,1,0.272206157270828,50,50,0,25,1,0.666666666666667,0.8
Data_LLbetween_0100_LH_075_noise_050pct_rep_01,Full_HG,50,1,0.273508579075952,49,49,0,26,1,0.653333333333333,0.790322580645161
Data_LLbetween_0100_LH_075_noise_050pct_rep_01,Full_HG,50,1,0.274811000881075,49,49,0,26,1,0.653333333333333,0.790322580645161
Data_LLbetween_0100_LH_075_noise_050pct_rep_01,Full_HG,50,1,0.276113422686199,49,49,0,26,1,0.653333333333333,0.790322580645161
Data_LLbetween_0100_LH_075_noise_050pct_rep_01,Full_HG,50,1,0.277415844491322,49,49,0,26,1,0.653333333333333,0.790322580645161
Data_LLbetween_0100_LH_075_noise_050pct_rep_01,Full_HG,50,1,0.278718266296446,48,48,0,27,1,0.64,0.780487804878049
Data_LLbetween_0100_LH_075_noise_050pct_rep_01,Full_HG,50,1,0.28002068810157,46,46,0,29,1,0.613333333333333,0.760330578512397
Data_LLbetween_0100_LH_075_noise_050pct_rep_01,Full_HG,50,1,0.281323109906693,45,45,0,30,1,0.6,0.75
Data_LLbetween_0100_LH_075_noise_050pct_rep_01,Full_HG,50,1,0.282625531711817,45,45,0,30,1,0.6,0.75
Data_LLbetween_0100_LH_075_noise_050pct_rep_01,Full_HG,50,1,0.28392795351694,45,45,0,30,1,0.6,0.75
Data_LLbetween_0100_LH_075_noise_050pct_rep_01,Full_HG,50,1,0.285230375322064,44,44,0,31,1,0.586666666666667,0.739495798319328
Data_LLbetween_0100_LH_075_noise_050pct_rep_01,Full_HG,50,1,0.286532797127187,44,44,0,31,1,0.586666666666667,0.739495798319328
Data_LLbetween_0100_LH_075_noise_050pct_rep_01,Full_HG,50,1,0.287835218932311,43,43,0,32,1,0.573333333333333,0.728813559322034
Data_LLbetween_0100_LH_075_noise_050pct_rep_01,Full_HG,50,1,0.289137640737435,42,42,0,33,1,0.56,0.717948717948718
Data_LLbetween_0100_LH_075_noise_050pct_rep_01,Full_HG,50,1,0.290440062542558,42,42,0,33,1,0.56,0.717948717948718
Data_LLbetween_0100_LH_075_noise_050pct_rep_01,Full_HG,50,1,0.291742484347682,41,41,0,34,1,0.546666666666667,0.706896551724138
Data_LLbetween_0100_LH_075_noise_050pct_rep_01,Full_HG,50,1,0.293044906152805,41,41,0,34,1,0.546666666666667,0.706896551724138
Data_LLbetween_0100_LH_075_noise_050pct_rep_01,Full_HG,50,1,0.294347327957929,41,41,0,34,1,0.546666666666667,0.706896551724138
Data_LLbetween_0100_LH_075_noise_050pct_rep_01,Full_HG,50,1,0.295649749763053,41,41,0,34,1,0.546666666666667,0.706896551724138
Data_LLbetween_0100_LH_075_noise_050pct_rep_01,Full_HG,50,1,0.296952171568176,39,39,0,36,1,0.52,0.684210526315789
Data_LLbetween_0100_LH_075_noise_050pct_rep_01,Full_HG,50,1,0.2982545933733,39,39,0,36,1,0.52,0.684210526315789
Data_LLbetween_0100_LH_075_noise_050pct_rep_01,Full_HG,50,1,0.299557015178423,38,38,0,37,1,0.506666666666667,0.672566371681416
Data_LLbetween_0100_LH_075_noise_050pct_rep_01,Full_HG,50,1,0.300859436983547,36,36,0,39,1,0.48,0.648648648648649
Data_LLbetween_0100_LH_075_noise_050pct_rep_01,Full_HG,50,1,0.30216185878867,35,35,0,40,1,0.466666666666667,0.636363636363636
Data_LLbetween_0100_LH_075_noise_050pct_rep_01,Full_HG,50,1,0.303464280593794,34,34,0,41,1,0.453333333333333,0.623853211009174
Data_LLbetween_0100_LH_075_noise_050pct_rep_01,Full_HG,50,1,0.304766702398918,33,33,0,42,1,0.44,0.611111111111111
Data_LLbetween_0100_LH_075_noise_050pct_rep_01,Full_HG,50,1,0.306069124204041,30,30,0,45,1,0.4,0.571428571428572
Data_LLbetween_0100_LH_075_noise_050pct_rep_01,Full_HG,50,1,0.307371546009165,30,30,0,45,1,0.4,0.571428571428572
Data_LLbetween_0100_LH_075_noise_050pct_rep_01,Full_HG,50,1,0.308673967814288,29,29,0,46,1,0.386666666666667,0.557692307692308
Data_LLbetween_0100_LH_075_noise_050pct_rep_01,Full_HG,50,1,0.309976389619412,27,27,0,48,1,0.36,0.529411764705882
Data_LLbetween_0100_LH_075_noise_050pct_rep_01,Full_HG,50,1,0.311278811424536,26,26,0,49,1,0.346666666666667,0.514851485148515
Data_LLbetween_0100_LH_075_noise_050pct_rep_01,Full_HG,50,1,0.312581233229659,25,25,0,50,1,0.333333333333333,0.5
Data_LLbetween_0100_LH_075_noise_050pct_rep_01,Full_HG,50,1,0.313883655034783,25,25,0,50,1,0.333333333333333,0.5
Data_LLbetween_0100_LH_075_noise_050pct_rep_01,Full_HG,50,1,0.315186076839906,25,25,0,50,1,0.333333333333333,0.5
Data_LLbetween_0100_LH_075_noise_050pct_rep_01,Full_HG,50,1,0.31648849864503,25,25,0,50,1,0.333333333333333,0.5
Data_LLbetween_0100_LH_075_noise_050pct_rep_01,Full_HG,50,1,0.317790920450153,25,25,0,50,1,0.333333333333333,0.5
Data_LLbetween_0100_LH_075_noise_050pct_rep_01,Full_HG,50,1,0.319093342255277,25,25,0,50,1,0.333333333333333,0.5
Data_LLbetween_0100_LH_075_noise_050pct_rep_01,Full_HG,50,1,0.320395764060401,24,24,0,51,1,0.32,0.484848484848485
Data_LLbetween_0100_LH_075_noise_050pct_rep_01,Full_HG,50,1,0.321698185865524,24,24,0,51,1,0.32,0.484848484848485
Data_LLbetween_0100_LH_075_noise_050pct_rep_01,Full_HG,50,1,0.323000607670648,23,23,0,52,1,0.306666666666667,0.469387755102041
Data_LLbetween_0100_LH_075_noise_050pct_rep_01,Full_HG,50,1,0.324303029475771,22,22,0,53,1,0.293333333333333,0.45360824742268
Data_LLbetween_0100_LH_075_noise_050pct_rep_01,Full_HG,50,1,0.325605451280895,21,21,0,54,1,0.28,0.4375
Data_LLbetween_0100_LH_075_noise_050pct_rep_01,Full_HG,50,1,0.326907873086018,21,21,0,54,1,0.28,0.4375
Data_LLbetween_0100_LH_075_noise_050pct_rep_01,Full_HG,50,1,0.328210294891142,20,20,0,55,1,0.266666666666667,0.421052631578947
Data_LLbetween_0100_LH_075_noise_050pct_rep_01,Full_HG,50,1,0.329512716696266,20,20,0,55,1,0.266666666666667,0.421052631578947
Data_LLbetween_0100_LH_075_noise_050pct_rep_01,Full_HG,50,1,0.330815138501389,20,20,0,55,1,0.266666666666667,0.421052631578947
Data_LLbetween_0100_LH_075_noise_050pct_rep_01,Full_HG,50,1,0.332117560306513,19,19,0,56,1,0.253333333333333,0.404255319148936
Data_LLbetween_0100_LH_075_noise_050pct_rep_01,Full_HG,50,1,0.333419982111636,18,18,0,57,1,0.24,0.387096774193548
Data_LLbetween_0100_LH_075_noise_050pct_rep_01,Full_HG,50,1,0.33472240391676,17,17,0,58,1,0.226666666666667,0.369565217391304
Data_LLbetween_0100_LH_075_noise_050pct_rep_01,Full_HG,50,1,0.336024825721884,17,17,0,58,1,0.226666666666667,0.369565217391304
Data_LLbetween_0100_LH_075_noise_050pct_rep_01,Full_HG,50,1,0.337327247527007,16,16,0,59,1,0.213333333333333,0.351648351648352
Data_LLbetween_0100_LH_075_noise_050pct_rep_01,Full_HG,50,1,0.338629669332131,16,16,0,59,1,0.213333333333333,0.351648351648352
Data_LLbetween_0100_LH_075_noise_050pct_rep_01,Full_HG,50,1,0.339932091137254,16,16,0,59,1,0.213333333333333,0.351648351648352
Data_LLbetween_0100_LH_075_noise_050pct_rep_01,Full_HG,50,1,0.341234512942378,15,15,0,60,1,0.2,0.333333333333333
Data_LLbetween_0100_LH_075_noise_050pct_rep_01,Full_HG,50,1,0.342536934747501,14,14,0,61,1,0.186666666666667,0.314606741573034
Data_LLbetween_0100_LH_075_noise_050pct_rep_01,Full_HG,50,1,0.343839356552625,14,14,0,61,1,0.186666666666667,0.314606741573034
Data_LLbetween_0100_LH_075_noise_050pct_rep_01,Full_HG,50,1,0.345141778357749,14,14,0,61,1,0.186666666666667,0.314606741573034
Data_LLbetween_0100_LH_075_noise_050pct_rep_01,Full_HG,50,1,0.346444200162872,13,13,0,62,1,0.173333333333333,0.295454545454545
Data_LLbetween_0100_LH_075_noise_050pct_rep_01,Full_HG,50,1,0.347746621967996,13,13,0,62,1,0.173333333333333,0.295454545454545
Data_LLbetween_0100_LH_075_noise_050pct_rep_01,Full_HG,50,1,0.349049043773119,13,13,0,62,1,0.173333333333333,0.295454545454545
Data_LLbetween_0100_LH_075_noise_050pct_rep_01,Full_HG,50,1,0.350351465578243,13,13,0,62,1,0.173333333333333,0.295454545454545
Data_LLbetween_0100_LH_075_noise_050pct_rep_01,Full_HG,50,1,0.351653887383366,13,13,0,62,1,0.173333333333333,0.295454545454545
Data_LLbetween_0100_LH_075_noise_050pct_rep_01,Full_HG,50,1,0.35295630918849,12,12,0,63,1,0.16,0.275862068965517
Data_LLbetween_0100_LH_075_noise_050pct_rep_01,Full_HG,50,1,0.354258730993614,12,12,0,63,1,0.16,0.275862068965517
Data_LLbetween_0100_LH_075_noise_050pct_rep_01,Full_HG,50,1,0.355561152798737,11,11,0,64,1,0.146666666666667,0.255813953488372
Data_LLbetween_0100_LH_075_noise_050pct_rep_01,Full_HG,50,1,0.356863574603861,10,10,0,65,1,0.133333333333333,0.235294117647059
Data_LLbetween_0100_LH_075_noise_050pct_rep_01,Full_HG,50,1,0.358165996408984,10,10,0,65,1,0.133333333333333,0.235294117647059
Data_LLbetween_0100_LH_075_noise_050pct_rep_01,Full_HG,50,1,0.359468418214108,9,9,0,66,1,0.12,0.214285714285714
Data_LLbetween_0100_LH_075_noise_050pct_rep_01,Full_HG,50,1,0.360770840019232,8,8,0,67,1,0.106666666666667,0.192771084337349
Data_LLbetween_0100_LH_075_noise_050pct_rep_01,Full_HG,50,1,0.362073261824355,8,8,0,67,1,0.106666666666667,0.192771084337349
Data_LLbetween_0100_LH_075_noise_050pct_rep_01,Full_HG,50,1,0.363375683629479,8,8,0,67,1,0.106666666666667,0.192771084337349
Data_LLbetween_0100_LH_075_noise_050pct_rep_01,Full_HG,50,1,0.364678105434602,8,8,0,67,1,0.106666666666667,0.192771084337349
Data_LLbetween_0100_LH_075_noise_050pct_rep_01,Full_HG,50,1,0.365980527239726,8,8,0,67,1,0.106666666666667,0.192771084337349
Data_LLbetween_0100_LH_075_noise_050pct_rep_01,Full_HG,50,1,0.367282949044849,7,7,0,68,1,0.0933333333333333,0.170731707317073
Data_LLbetween_0100_LH_075_noise_050pct_rep_01,Full_HG,50,1,0.368585370849973,7,7,0,68,1,0.0933333333333333,0.170731707317073
Data_LLbetween_0100_LH_075_noise_050pct_rep_01,Full_HG,50,1,0.369887792655097,6,6,0,69,1,0.08,0.148148148148148
Data_LLbetween_0100_LH_075_noise_050pct_rep_01,Full_HG,50,1,0.37119021446022,6,6,0,69,1,0.08,0.148148148148148
Data_LLbetween_0100_LH_075_noise_050pct_rep_01,Full_HG,50,1,0.372492636265344,5,5,0,70,1,0.0666666666666667,0.125
Data_LLbetween_0100_LH_075_noise_050pct_rep_01,Full_HG,50,1,0.373795058070467,4,4,0,71,1,0.0533333333333333,0.10126582278481
Data_LLbetween_0100_LH_075_noise_050pct_rep_01,Full_HG,50,1,0.375097479875591,4,4,0,71,1,0.0533333333333333,0.10126582278481
Data_LLbetween_0100_LH_075_noise_050pct_rep_01,Full_HG,50,1,0.376399901680714,4,4,0,71,1,0.0533333333333333,0.10126582278481
Data_LLbetween_0100_LH_075_noise_050pct_rep_01,Full_HG,50,1,0.377702323485838,4,4,0,71,1,0.0533333333333333,0.10126582278481
Data_LLbetween_0100_LH_075_noise_050pct_rep_01,Full_HG,50,1,0.379004745290962,4,4,0,71,1,0.0533333333333333,0.10126582278481
Data_LLbetween_0100_LH_075_noise_050pct_rep_01,Full_HG,50,1,0.380307167096085,4,4,0,71,1,0.0533333333333333,0.10126582278481
Data_LLbetween_0100_LH_075_noise_050pct_rep_01,Full_HG,50,1,0.381609588901209,4,4,0,71,1,0.0533333333333333,0.10126582278481
Data_LLbetween_0100_LH_075_noise_050pct_rep_01,Full_HG,50,1,0.382912010706332,3,3,0,72,1,0.04,0.0769230769230769
Data_LLbetween_0100_LH_075_noise_050pct_rep_01,Full_HG,50,1,0.384214432511456,2,2,0,73,1,0.0266666666666667,0.051948051948052
Data_LLbetween_0100_LH_075_noise_050pct_rep_01,Full_HG,50,1,0.38551685431658,2,2,0,73,1,0.0266666666666667,0.051948051948052
Data_LLbetween_0100_LH_075_noise_050pct_rep_01,Full_HG,50,1,0.386819276121703,2,2,0,73,1,0.0266666666666667,0.051948051948052
Data_LLbetween_0100_LH_075_noise_050pct_rep_01,Full_HG,50,1,0.388121697926827,2,2,0,73,1,0.0266666666666667,0.051948051948052
Data_LLbetween_0100_LH_075_noise_050pct_rep_01,Full_HG,50,1,0.38942411973195,2,2,0,73,1,0.0266666666666667,0.051948051948052
Data_LLbetween_0100_LH_075_noise_050pct_rep_01,Full_HG,50,1,0.390726541537074,1,1,0,74,1,0.0133333333333333,0.0263157894736842
Data_LLbetween_0100_LH_075_noise_050pct_rep_01,Full_HG,50,1,0.392028963342197,1,1,0,74,1,0.0133333333333333,0.0263157894736842
Data_LLbetween_0100_LH_075_noise_050pct_rep_01,Full_HG,50,1,0.393331385147321,1,1,0,74,1,0.0133333333333333,0.0263157894736842
Data_LLbetween_0100_LH_075_noise_050pct_rep_01,Full_HG,50,1,0.394633806952445,1,1,0,74,1,0.0133333333333333,0.0263157894736842
Data_LLbetween_0100_LH_075_noise_050pct_rep_01,Full_HG,50,1,0.395936228757568,1,1,0,74,1,0.0133333333333333,0.0263157894736842
Data_LLbetween_0100_LH_075_noise_050pct_rep_01,Full_HG,50,1,0.397238650562692,1,1,0,74,1,0.0133333333333333,0.0263157894736842
Data_LLbetween_0100_LH_075_noise_050pct_rep_01,Full_HG,50,1,0.398541072367815,1,1,0,74,1,0.0133333333333333,0.0263157894736842
Data_LLbetween_0100_LH_075_noise_050pct_rep_01,Full_HG,50,1,0.399843494172939,1,1,0,74,1,0.0133333333333333,0.0263157894736842
Data_LLbetween_0100_LH_075_noise_050pct_rep_01,Full_HG,50,1,0.401145915978062,1,1,0,74,1,0.0133333333333333,0.0263157894736842
Data_LLbetween_0100_LH_075_noise_050pct_rep_01,Full_HG,50,1,0.402448337783186,1,1,0,74,1,0.0133333333333333,0.0263157894736842
Data_LLbetween_0100_LH_075_noise_050pct_rep_01,Full_HG,50,1,0.40375075958831,1,1,0,74,1,0.0133333333333333,0.0263157894736842
Data_LLbetween_0100_LH_075_noise_050pct_rep_01,Full_HG,50,1,0.405053181393433,1,1,0,74,1,0.0133333333333333,0.0263157894736842
Data_LLbetween_0100_LH_075_noise_050pct_rep_01,Full_HG,50,1,0.406355603198557,0,0,0,75,NaN,0,0
Data_LLbetween_0100_LH_075_noise_050pct_rep_01,Full_HG,50,1,0.40765802500368,0,0,0,75,NaN,0,0
Data_LLbetween_0100_LH_075_noise_050pct_rep_01,Full_HG,50,1,0.408960446808804,0,0,0,75,NaN,0,0
Data_LLbetween_0100_LH_075_noise_050pct_rep_01,Full_HG,50,1,0.410262868613928,0,0,0,75,NaN,0,0
Data_LLbetween_0100_LH_075_noise_050pct_rep_01,Full_HG,50,1,0.411565290419051,0,0,0,75,NaN,0,0
Data_LLbetween_0100_LH_075_noise_050pct_rep_01,Full_HG,50,1,0.412867712224175,0,0,0,75,NaN,0,0
Data_LLbetween_0100_LH_075_noise_050pct_rep_01,Full_HG,50,1,0.414170134029298,0,0,0,75,NaN,0,0
Data_LLbetween_0100_LH_075_noise_050pct_rep_01,Full_HG,50,1,0.415472555834422,0,0,0,75,NaN,0,0
Data_LLbetween_0100_LH_075_noise_050pct_rep_01,Full_HG,50,1,0.416774977639545,0,0,0,75,NaN,0,0
Data_LLbetween_0100_LH_075_noise_050pct_rep_01,Full_HG,50,1,0.418077399444669,0,0,0,75,NaN,0,0
Data_LLbetween_0100_LH_075_noise_050pct_rep_01,Full_HG,50,1,0.419379821249793,0,0,0,75,NaN,0,0
Data_LLbetween_0100_LH_075_noise_050pct_rep_01,Full_HG,50,1,0.420682243054916,0,0,0,75,NaN,0,0
Data_LLbetween_0100_LH_075_noise_050pct_rep_01,Full_HG,50,1,0.42198466486004,0,0,0,75,NaN,0,0
Data_LLbetween_0100_LH_075_noise_050pct_rep_01,Full_HG,50,1,0.423287086665163,0,0,0,75,NaN,0,0
Data_LLbetween_0100_LH_075_noise_050pct_rep_01,Full_HG,50,1,0.424589508470287,0,0,0,75,NaN,0,0
Data_LLbetween_0100_LH_075_noise_050pct_rep_01,Full_HG,50,1,0.425891930275411,0,0,0,75,NaN,0,0
Data_LLbetween_0100_LH_075_noise_050pct_rep_01,Full_HG,50,1,0.427194352080534,0,0,0,75,NaN,0,0
Data_LLbetween_0100_LH_075_noise_050pct_rep_01,Full_HG,50,1,0.428496773885658,0,0,0,75,NaN,0,0
Data_LLbetween_0100_LH_075_noise_050pct_rep_01,Full_HG,50,1,0.429799195690781,0,0,0,75,NaN,0,0
Data_LLbetween_0100_LH_075_noise_050pct_rep_01,Full_HG,50,1,0.431101617495905,0,0,0,75,NaN,0,0
Data_LLbetween_0100_LH_075_noise_050pct_rep_01,Full_HG,50,1,0.432404039301028,0,0,0,75,NaN,0,0
Data_LLbetween_0100_LH_075_noise_050pct_rep_01,Full_HG,50,1,0.433706461106152,0,0,0,75,NaN,0,0
Data_LLbetween_0100_LH_075_noise_050pct_rep_01,Full_HG,50,1,0.435008882911276,0,0,0,75,NaN,0,0
Data_LLbetween_0100_LH_075_noise_050pct_rep_01,Full_HG,50,1,0.436311304716399,0,0,0,75,NaN,0,0
Data_LLbetween_0100_LH_075_noise_050pct_rep_01,Full_HG,50,1,0.437613726521523,0,0,0,75,NaN,0,0
Data_LLbetween_0100_LH_075_noise_050pct_rep_01,Full_HG,50,1,0.438916148326646,0,0,0,75,NaN,0,0
Data_LLbetween_0100_LH_075_noise_050pct_rep_01,Full_HG,50,1,0.44021857013177,0,0,0,75,NaN,0,0
Data_LLbetween_0100_LH_075_noise_050pct_rep_01,Full_HG,50,1,0.441520991936893,0,0,0,75,NaN,0,0
Data_LLbetween_0100_LH_075_noise_050pct_rep_01,Full_HG,50,1,0.442823413742017,0,0,0,75,NaN,0,0
Data_LLbetween_0100_LH_075_noise_050pct_rep_01,Full_HG,50,1,0.444125835547141,0,0,0,75,NaN,0,0
Data_LLbetween_0100_LH_075_noise_050pct_rep_01,Full_HG,50,1,0.445428257352264,0,0,0,75,NaN,0,0
Data_LLbetween_0100_LH_075_noise_050pct_rep_01,Full_HG,50,1,0.446730679157388,0,0,0,75,NaN,0,0
Data_LLbetween_0100_LH_075_noise_050pct_rep_01,Full_HG,50,1,0.448033100962511,0,0,0,75,NaN,0,0
Data_LLbetween_0100_LH_075_noise_050pct_rep_01,Full_HG,50,1,0.449335522767635,0,0,0,75,NaN,0,0
Data_LLbetween_0100_LH_075_noise_050pct_rep_01,Full_HG,50,1,0.450637944572758,0,0,0,75,NaN,0,0
Data_LLbetween_0100_LH_075_noise_050pct_rep_01,Full_HG,50,1,0.451940366377882,0,0,0,75,NaN,0,0
Data_LLbetween_0100_LH_075_noise_050pct_rep_01,Full_HG,50,1,0.453242788183006,0,0,0,75,NaN,0,0
Data_LLbetween_0100_LH_075_noise_050pct_rep_01,Full_HG,50,1,0.454545209988129,0,0,0,75,NaN,0,0
Data_LLbetween_0100_LH_075_noise_050pct_rep_01,Full_HG,50,1,0.455847631793253,0,0,0,75,NaN,0,0
Data_LLbetween_0100_LH_075_noise_050pct_rep_01,Full_HG,50,1,0.457150053598376,0,0,0,75,NaN,0,0
Data_LLbetween_0100_LH_075_noise_050pct_rep_01,Full_HG,50,1,0.4584524754035,0,0,0,75,NaN,0,0
Data_LLbetween_0100_LH_075_noise_050pct_rep_01,Full_HG,50,1,0.459754897208624,0,0,0,75,NaN,0,0
Data_LLbetween_0100_LH_075_noise_050pct_rep_01,Full_HG,50,1,0.461057319013747,0,0,0,75,NaN,0,0
Data_LLbetween_0100_LH_075_noise_050pct_rep_01,Full_HG,50,1,0.462359740818871,0,0,0,75,NaN,0,0
Data_LLbetween_0100_LH_075_noise_050pct_rep_01,Full_HG,50,1,0.463662162623994,0,0,0,75,NaN,0,0
Data_LLbetween_0100_LH_075_noise_050pct_rep_01,Full_HG,50,1,0.464964584429118,0,0,0,75,NaN,0,0
Data_LLbetween_0100_LH_075_noise_050pct_rep_01,Full_HG,50,1,0.466267006234241,0,0,0,75,NaN,0,0
Data_LLbetween_0100_LH_075_noise_050pct_rep_01,Full_HG,50,1,0.467569428039365,0,0,0,75,NaN,0,0
Data_LLbetween_0100_LH_075_noise_050pct_rep_01,Full_HG,50,1,0.468871849844489,0,0,0,75,NaN,0,0
Data_LLbetween_0100_LH_075_noise_050pct_rep_01,Full_HG,50,1,0.470174271649612,0,0,0,75,NaN,0,0
Data_LLbetween_0100_LH_075_noise_050pct_rep_01,Full_HG,50,1,0.471476693454736,0,0,0,75,NaN,0,0
Data_LLbetween_0100_LH_075_noise_050pct_rep_01,Full_HG,50,1,0.472779115259859,0,0,0,75,NaN,0,0
Data_LLbetween_0100_LH_075_noise_050pct_rep_01,Full_HG,50,1,0.474081537064983,0,0,0,75,NaN,0,0
Data_LLbetween_0100_LH_075_noise_050pct_rep_01,Full_HG,50,1,0.475383958870107,0,0,0,75,NaN,0,0
Data_LLbetween_0100_LH_075_noise_050pct_rep_01,Full_HG,50,1,0.47668638067523,0,0,0,75,NaN,0,0
Data_LLbetween_0100_LH_075_noise_050pct_rep_01,Full_HG,50,1,0.477988802480354,0,0,0,75,NaN,0,0
Data_LLbetween_0100_LH_075_noise_050pct_rep_01,Full_HG,50,1,0.479291224285477,0,0,0,75,NaN,0,0
Data_LLbetween_0100_LH_075_noise_050pct_rep_01,Full_HG,50,1,0.480593646090601,0,0,0,75,NaN,0,0
Data_LLbetween_0100_LH_075_noise_050pct_rep_01,Full_HG,50,1,0.481896067895724,0,0,0,75,NaN,0,0
Data_LLbetween_0100_LH_075_noise_050pct_rep_01,Full_HG,50,1,0.483198489700848,0,0,0,75,NaN,0,0
Data_LLbetween_0100_LH_075_noise_050pct_rep_01,Full_HG,50,1,0.484500911505972,0,0,0,75,NaN,0,0
Data_LLbetween_0100_LH_075_noise_050pct_rep_01,Full_HG,50,1,0.485803333311095,0,0,0,75,NaN,0,0
Data_LLbetween_0100_LH_075_noise_050pct_rep_01,Full_HG,50,1,0.487105755116219,0,0,0,75,NaN,0,0
Data_LLbetween_0100_LH_075_noise_050pct_rep_01,Full_HG,50,1,0.488408176921342,0,0,0,75,NaN,0,0
Data_LLbetween_0100_LH_075_noise_050pct_rep_01,Full_HG,50,1,0.489710598726466,0,0,0,75,NaN,0,0
Data_LLbetween_0100_LH_075_noise_050pct_rep_01,Full_HG,50,1,0.491013020531589,0,0,0,75,NaN,0,0
Data_LLbetween_0100_LH_075_noise_050pct_rep_01,Full_HG,50,1,0.492315442336713,0,0,0,75,NaN,0,0
Data_LLbetween_0100_LH_075_noise_050pct_rep_01,Full_HG,50,1,0.493617864141837,0,0,0,75,NaN,0,0
Data_LLbetween_0100_LH_075_noise_050pct_rep_01,Full_HG,50,1,0.49492028594696,0,0,0,75,NaN,0,0
Data_LLbetween_0100_LH_075_noise_050pct_rep_01,Full_HG,50,1,0.496222707752084,0,0,0,75,NaN,0,0
Data_LLbetween_0100_LH_075_noise_050pct_rep_01,Full_HG,50,1,0.497525129557207,0,0,0,75,NaN,0,0
Data_LLbetween_0100_LH_075_noise_050pct_rep_01,Full_HG,50,1,0.498827551362331,0,0,0,75,NaN,0,0
Data_LLbetween_0100_LH_075_noise_050pct_rep_01,Full_HG,50,1,0.500129973167455,0,0,0,75,NaN,0,0
Data_LLbetween_0100_LH_075_noise_050pct_rep_01,Full_HG,50,1,0.501432394972578,0,0,0,75,NaN,0,0
Data_LLbetween_0100_LH_075_noise_050pct_rep_01,Full_HG,50,1,0.502734816777702,0,0,0,75,NaN,0,0
Data_LLbetween_0100_LH_075_noise_050pct_rep_01,Full_HG,50,1,0.504037238582825,0,0,0,75,NaN,0,0
Data_LLbetween_0100_LH_075_noise_050pct_rep_01,Full_HG,50,1,0.505339660387949,0,0,0,75,NaN,0,0
Data_LLbetween_0100_LH_075_noise_050pct_rep_01,Full_HG,50,1,0.506642082193072,0,0,0,75,NaN,0,0
Data_LLbetween_0100_LH_075_noise_050pct_rep_01,Full_HG,50,1,0.507944503998196,0,0,0,75,NaN,0,0
Data_LLbetween_0100_LH_075_noise_050pct_rep_01,Full_HG,50,1,0.50924692580332,0,0,0,75,NaN,0,0
Data_LLbetween_0100_LH_075_noise_050pct_rep_01,Full_HG,50,1,0.510549347608443,0,0,0,75,NaN,0,0
Data_LLbetween_0100_LH_075_noise_050pct_rep_01,Full_HG,50,1,0.511851769413567,0,0,0,75,NaN,0,0
Data_LLbetween_0100_LH_075_noise_050pct_rep_01,Full_HG,50,1,0.51315419121869,0,0,0,75,NaN,0,0
Data_LLbetween_0100_LH_075_noise_050pct_rep_01,Full_HG,50,1,0.514456613023814,0,0,0,75,NaN,0,0
Data_LLbetween_0100_LH_075_noise_050pct_rep_01,Full_HG,50,1,0.515759034828937,0,0,0,75,NaN,0,0
Data_LLbetween_0100_LH_075_noise_050pct_rep_01,Full_HG,50,1,0.517061456634061,0,0,0,75,NaN,0,0
Data_LLbetween_0100_LH_075_noise_050pct_rep_01,Full_HG,50,1,0.518363878439185,0,0,0,75,NaN,0,0
Data_LLbetween_0100_LH_075_noise_050pct_rep_01,Full_HG,50,1,0.519666300244308,0,0,0,75,NaN,0,0
Data_LLbetween_0100_LH_075_noise_050pct_rep_01,Full_HG,50,1,0.520968722049432,0,0,0,75,NaN,0,0
Data_LLbetween_0100_LH_075_noise_050pct_rep_02,Full_HG,50,2,0,92,75,17,0,0.815217391304348,1,0.898203592814371
Data_LLbetween_0100_LH_075_noise_050pct_rep_02,Full_HG,50,2,0.00130242180512358,90,75,15,0,0.833333333333333,1,0.909090909090909
Data_LLbetween_0100_LH_075_noise_050pct_rep_02,Full_HG,50,2,0.00260484361024716,88,75,13,0,0.852272727272727,1,0.920245398773006
Data_LLbetween_0100_LH_075_noise_050pct_rep_02,Full_HG,50,2,0.00390726541537074,88,75,13,0,0.852272727272727,1,0.920245398773006
Data_LLbetween_0100_LH_075_noise_050pct_rep_02,Full_HG,50,2,0.00520968722049432,87,75,12,0,0.862068965517241,1,0.925925925925926
Data_LLbetween_0100_LH_075_noise_050pct_rep_02,Full_HG,50,2,0.0065121090256179,87,75,12,0,0.862068965517241,1,0.925925925925926
Data_LLbetween_0100_LH_075_noise_050pct_rep_02,Full_HG,50,2,0.00781453083074148,86,75,11,0,0.872093023255814,1,0.93167701863354
Data_LLbetween_0100_LH_075_noise_050pct_rep_02,Full_HG,50,2,0.00911695263586506,86,75,11,0,0.872093023255814,1,0.93167701863354
Data_LLbetween_0100_LH_075_noise_050pct_rep_02,Full_HG,50,2,0.0104193744409886,84,75,9,0,0.892857142857143,1,0.943396226415094
Data_LLbetween_0100_LH_075_noise_050pct_rep_02,Full_HG,50,2,0.0117217962461122,82,75,7,0,0.914634146341463,1,0.955414012738854
Data_LLbetween_0100_LH_075_noise_050pct_rep_02,Full_HG,50,2,0.0130242180512358,82,75,7,0,0.914634146341463,1,0.955414012738854
Data_LLbetween_0100_LH_075_noise_050pct_rep_02,Full_HG,50,2,0.0143266398563594,82,75,7,0,0.914634146341463,1,0.955414012738854
Data_LLbetween_0100_LH_075_noise_050pct_rep_02,Full_HG,50,2,0.015629061661483,80,75,5,0,0.9375,1,0.967741935483871
Data_LLbetween_0100_LH_075_noise_050pct_rep_02,Full_HG,50,2,0.0169314834666065,80,75,5,0,0.9375,1,0.967741935483871
Data_LLbetween_0100_LH_075_noise_050pct_rep_02,Full_HG,50,2,0.0182339052717301,80,75,5,0,0.9375,1,0.967741935483871
Data_LLbetween_0100_LH_075_noise_050pct_rep_02,Full_HG,50,2,0.0195363270768537,80,75,5,0,0.9375,1,0.967741935483871
Data_LLbetween_0100_LH_075_noise_050pct_rep_02,Full_HG,50,2,0.0208387488819773,80,75,5,0,0.9375,1,0.967741935483871
Data_LLbetween_0100_LH_075_noise_050pct_rep_02,Full_HG,50,2,0.0221411706871009,80,75,5,0,0.9375,1,0.967741935483871
Data_LLbetween_0100_LH_075_noise_050pct_rep_02,Full_HG,50,2,0.0234435924922244,80,75,5,0,0.9375,1,0.967741935483871
Data_LLbetween_0100_LH_075_noise_050pct_rep_02,Full_HG,50,2,0.024746014297348,79,75,4,0,0.949367088607595,1,0.974025974025974
Data_LLbetween_0100_LH_075_noise_050pct_rep_02,Full_HG,50,2,0.0260484361024716,79,75,4,0,0.949367088607595,1,0.974025974025974
Data_LLbetween_0100_LH_075_noise_050pct_rep_02,Full_HG,50,2,0.0273508579075952,79,75,4,0,0.949367088607595,1,0.974025974025974
Data_LLbetween_0100_LH_075_noise_050pct_rep_02,Full_HG,50,2,0.0286532797127187,79,75,4,0,0.949367088607595,1,0.974025974025974
Data_LLbetween_0100_LH_075_noise_050pct_rep_02,Full_HG,50,2,0.0299557015178423,78,75,3,0,0.961538461538462,1,0.980392156862745
Data_LLbetween_0100_LH_075_noise_050pct_rep_02,Full_HG,50,2,0.0312581233229659,76,75,1,0,0.986842105263158,1,0.993377483443709
Data_LLbetween_0100_LH_075_noise_050pct_rep_02,Full_HG,50,2,0.0325605451280895,76,75,1,0,0.986842105263158,1,0.993377483443709
Data_LLbetween_0100_LH_075_noise_050pct_rep_02,Full_HG,50,2,0.0338629669332131,76,75,1,0,0.986842105263158,1,0.993377483443709
Data_LLbetween_0100_LH_075_noise_050pct_rep_02,Full_HG,50,2,0.0351653887383366,76,75,1,0,0.986842105263158,1,0.993377483443709
Data_LLbetween_0100_LH_075_noise_050pct_rep_02,Full_HG,50,2,0.0364678105434602,75,75,0,0,1,1,1
Data_LLbetween_0100_LH_075_noise_050pct_rep_02,Full_HG,50,2,0.0377702323485838,75,75,0,0,1,1,1
Data_LLbetween_0100_LH_075_noise_050pct_rep_02,Full_HG,50,2,0.0390726541537074,75,75,0,0,1,1,1
Data_LLbetween_0100_LH_075_noise_050pct_rep_02,Full_HG,50,2,0.040375075958831,75,75,0,0,1,1,1
Data_LLbetween_0100_LH_075_noise_050pct_rep_02,Full_HG,50,2,0.0416774977639545,75,75,0,0,1,1,1
Data_LLbetween_0100_LH_075_noise_050pct_rep_02,Full_HG,50,2,0.0429799195690781,75,75,0,0,1,1,1
Data_LLbetween_0100_LH_075_noise_050pct_rep_02,Full_HG,50,2,0.0442823413742017,75,75,0,0,1,1,1
Data_LLbetween_0100_LH_075_noise_050pct_rep_02,Full_HG,50,2,0.0455847631793253,75,75,0,0,1,1,1
Data_LLbetween_0100_LH_075_noise_050pct_rep_02,Full_HG,50,2,0.0468871849844489,75,75,0,0,1,1,1
Data_LLbetween_0100_LH_075_noise_050pct_rep_02,Full_HG,50,2,0.0481896067895724,75,75,0,0,1,1,1
Data_LLbetween_0100_LH_075_noise_050pct_rep_02,Full_HG,50,2,0.049492028594696,75,75,0,0,1,1,1
Data_LLbetween_0100_LH_075_noise_050pct_rep_02,Full_HG,50,2,0.0507944503998196,75,75,0,0,1,1,1
Data_LLbetween_0100_LH_075_noise_050pct_rep_02,Full_HG,50,2,0.0520968722049432,75,75,0,0,1,1,1
Data_LLbetween_0100_LH_075_noise_050pct_rep_02,Full_HG,50,2,0.0533992940100668,75,75,0,0,1,1,1
Data_LLbetween_0100_LH_075_noise_050pct_rep_02,Full_HG,50,2,0.0547017158151903,75,75,0,0,1,1,1
Data_LLbetween_0100_LH_075_noise_050pct_rep_02,Full_HG,50,2,0.0560041376203139,75,75,0,0,1,1,1
Data_LLbetween_0100_LH_075_noise_050pct_rep_02,Full_HG,50,2,0.0573065594254375,75,75,0,0,1,1,1
Data_LLbetween_0100_LH_075_noise_050pct_rep_02,Full_HG,50,2,0.0586089812305611,75,75,0,0,1,1,1
Data_LLbetween_0100_LH_075_noise_050pct_rep_02,Full_HG,50,2,0.0599114030356847,75,75,0,0,1,1,1
Data_LLbetween_0100_LH_075_noise_050pct_rep_02,Full_HG,50,2,0.0612138248408082,75,75,0,0,1,1,1
Data_LLbetween_0100_LH_075_noise_050pct_rep_02,Full_HG,50,2,0.0625162466459318,75,75,0,0,1,1,1
Data_LLbetween_0100_LH_075_noise_050pct_rep_02,Full_HG,50,2,0.0638186684510554,75,75,0,0,1,1,1
Data_LLbetween_0100_LH_075_noise_050pct_rep_02,Full_HG,50,2,0.065121090256179,75,75,0,0,1,1,1
Data_LLbetween_0100_LH_075_noise_050pct_rep_02,Full_HG,50,2,0.0664235120613026,75,75,0,0,1,1,1
Data_LLbetween_0100_LH_075_noise_050pct_rep_02,Full_HG,50,2,0.0677259338664261,75,75,0,0,1,1,1
Data_LLbetween_0100_LH_075_noise_050pct_rep_02,Full_HG,50,2,0.0690283556715497,75,75,0,0,1,1,1
Data_LLbetween_0100_LH_075_noise_050pct_rep_02,Full_HG,50,2,0.0703307774766733,75,75,0,0,1,1,1
Data_LLbetween_0100_LH_075_noise_050pct_rep_02,Full_HG,50,2,0.0716331992817969,75,75,0,0,1,1,1
Data_LLbetween_0100_LH_075_noise_050pct_rep_02,Full_HG,50,2,0.0729356210869204,75,75,0,0,1,1,1
Data_LLbetween_0100_LH_075_noise_050pct_rep_02,Full_HG,50,2,0.074238042892044,75,75,0,0,1,1,1
Data_LLbetween_0100_LH_075_noise_050pct_rep_02,Full_HG,50,2,0.0755404646971676,75,75,0,0,1,1,1
Data_LLbetween_0100_LH_075_noise_050pct_rep_02,Full_HG,50,2,0.0768428865022912,75,75,0,0,1,1,1
Data_LLbetween_0100_LH_075_noise_050pct_rep_02,Full_HG,50,2,0.0781453083074148,75,75,0,0,1,1,1
Data_LLbetween_0100_LH_075_noise_050pct_rep_02,Full_HG,50,2,0.0794477301125383,75,75,0,0,1,1,1
Data_LLbetween_0100_LH_075_noise_050pct_rep_02,Full_HG,50,2,0.0807501519176619,75,75,0,0,1,1,1
Data_LLbetween_0100_LH_075_noise_050pct_rep_02,Full_HG,50,2,0.0820525737227855,75,75,0,0,1,1,1
Data_LLbetween_0100_LH_075_noise_050pct_rep_02,Full_HG,50,2,0.0833549955279091,75,75,0,0,1,1,1
Data_LLbetween_0100_LH_075_noise_050pct_rep_02,Full_HG,50,2,0.0846574173330327,75,75,0,0,1,1,1
Data_LLbetween_0100_LH_075_noise_050pct_rep_02,Full_HG,50,2,0.0859598391381562,75,75,0,0,1,1,1
Data_LLbetween_0100_LH_075_noise_050pct_rep_02,Full_HG,50,2,0.0872622609432798,75,75,0,0,1,1,1
Data_LLbetween_0100_LH_075_noise_050pct_rep_02,Full_HG,50,2,0.0885646827484034,75,75,0,0,1,1,1
Data_LLbetween_0100_LH_075_noise_050pct_rep_02,Full_HG,50,2,0.089867104553527,75,75,0,0,1,1,1
Data_LLbetween_0100_LH_075_noise_050pct_rep_02,Full_HG,50,2,0.0911695263586506,75,75,0,0,1,1,1
Data_LLbetween_0100_LH_075_noise_050pct_rep_02,Full_HG,50,2,0.0924719481637741,75,75,0,0,1,1,1
Data_LLbetween_0100_LH_075_noise_050pct_rep_02,Full_HG,50,2,0.0937743699688977,75,75,0,0,1,1,1
Data_LLbetween_0100_LH_075_noise_050pct_rep_02,Full_HG,50,2,0.0950767917740213,75,75,0,0,1,1,1
Data_LLbetween_0100_LH_075_noise_050pct_rep_02,Full_HG,50,2,0.0963792135791449,75,75,0,0,1,1,1
Data_LLbetween_0100_LH_075_noise_050pct_rep_02,Full_HG,50,2,0.0976816353842685,75,75,0,0,1,1,1
Data_LLbetween_0100_LH_075_noise_050pct_rep_02,Full_HG,50,2,0.098984057189392,75,75,0,0,1,1,1
Data_LLbetween_0100_LH_075_noise_050pct_rep_02,Full_HG,50,2,0.100286478994516,75,75,0,0,1,1,1
Data_LLbetween_0100_LH_075_noise_050pct_rep_02,Full_HG,50,2,0.101588900799639,75,75,0,0,1,1,1
Data_LLbetween_0100_LH_075_noise_050pct_rep_02,Full_HG,50,2,0.102891322604763,75,75,0,0,1,1,1
Data_LLbetween_0100_LH_075_noise_050pct_rep_02,Full_HG,50,2,0.104193744409886,75,75,0,0,1,1,1
Data_LLbetween_0100_LH_075_noise_050pct_rep_02,Full_HG,50,2,0.10549616621501,75,75,0,0,1,1,1
Data_LLbetween_0100_LH_075_noise_050pct_rep_02,Full_HG,50,2,0.106798588020134,75,75,0,0,1,1,1
Data_LLbetween_0100_LH_075_noise_050pct_rep_02,Full_HG,50,2,0.108101009825257,75,75,0,0,1,1,1
Data_LLbetween_0100_LH_075_noise_050pct_rep_02,Full_HG,50,2,0.109403431630381,75,75,0,0,1,1,1
Data_LLbetween_0100_LH_075_noise_050pct_rep_02,Full_HG,50,2,0.110705853435504,75,75,0,0,1,1,1
Data_LLbetween_0100_LH_075_noise_050pct_rep_02,Full_HG,50,2,0.112008275240628,75,75,0,0,1,1,1
Data_LLbetween_0100_LH_075_noise_050pct_rep_02,Full_HG,50,2,0.113310697045751,75,75,0,0,1,1,1
Data_LLbetween_0100_LH_075_noise_050pct_rep_02,Full_HG,50,2,0.114613118850875,75,75,0,0,1,1,1
Data_LLbetween_0100_LH_075_noise_050pct_rep_02,Full_HG,50,2,0.115915540655999,75,75,0,0,1,1,1
Data_LLbetween_0100_LH_075_noise_050pct_rep_02,Full_HG,50,2,0.117217962461122,75,75,0,0,1,1,1
Data_LLbetween_0100_LH_075_noise_050pct_rep_02,Full_HG,50,2,0.118520384266246,75,75,0,0,1,1,1
Data_LLbetween_0100_LH_075_noise_050pct_rep_02,Full_HG,50,2,0.119822806071369,75,75,0,0,1,1,1
Data_LLbetween_0100_LH_075_noise_050pct_rep_02,Full_HG,50,2,0.121125227876493,75,75,0,0,1,1,1
Data_LLbetween_0100_LH_075_noise_050pct_rep_02,Full_HG,50,2,0.122427649681616,75,75,0,0,1,1,1
Data_LLbetween_0100_LH_075_noise_050pct_rep_02,Full_HG,50,2,0.12373007148674,75,75,0,0,1,1,1
Data_LLbetween_0100_LH_075_noise_050pct_rep_02,Full_HG,50,2,0.125032493291864,75,75,0,0,1,1,1
Data_LLbetween_0100_LH_075_noise_050pct_rep_02,Full_HG,50,2,0.126334915096987,75,75,0,0,1,1,1
Data_LLbetween_0100_LH_075_noise_050pct_rep_02,Full_HG,50,2,0.127637336902111,75,75,0,0,1,1,1
Data_LLbetween_0100_LH_075_noise_050pct_rep_02,Full_HG,50,2,0.128939758707234,75,75,0,0,1,1,1
Data_LLbetween_0100_LH_075_noise_050pct_rep_02,Full_HG,50,2,0.130242180512358,75,75,0,0,1,1,1
Data_LLbetween_0100_LH_075_noise_050pct_rep_02,Full_HG,50,2,0.131544602317482,75,75,0,0,1,1,1
Data_LLbetween_0100_LH_075_noise_050pct_rep_02,Full_HG,50,2,0.132847024122605,75,75,0,0,1,1,1
Data_LLbetween_0100_LH_075_noise_050pct_rep_02,Full_HG,50,2,0.134149445927729,75,75,0,0,1,1,1
Data_LLbetween_0100_LH_075_noise_050pct_rep_02,Full_HG,50,2,0.135451867732852,75,75,0,0,1,1,1
Data_LLbetween_0100_LH_075_noise_050pct_rep_02,Full_HG,50,2,0.136754289537976,75,75,0,0,1,1,1
Data_LLbetween_0100_LH_075_noise_050pct_rep_02,Full_HG,50,2,0.138056711343099,75,75,0,0,1,1,1
Data_LLbetween_0100_LH_075_noise_050pct_rep_02,Full_HG,50,2,0.139359133148223,75,75,0,0,1,1,1
Data_LLbetween_0100_LH_075_noise_050pct_rep_02,Full_HG,50,2,0.140661554953347,75,75,0,0,1,1,1
Data_LLbetween_0100_LH_075_noise_050pct_rep_02,Full_HG,50,2,0.14196397675847,75,75,0,0,1,1,1
Data_LLbetween_0100_LH_075_noise_050pct_rep_02,Full_HG,50,2,0.143266398563594,75,75,0,0,1,1,1
Data_LLbetween_0100_LH_075_noise_050pct_rep_02,Full_HG,50,2,0.144568820368717,75,75,0,0,1,1,1
Data_LLbetween_0100_LH_075_noise_050pct_rep_02,Full_HG,50,2,0.145871242173841,75,75,0,0,1,1,1
Data_LLbetween_0100_LH_075_noise_050pct_rep_02,Full_HG,50,2,0.147173663978964,75,75,0,0,1,1,1
Data_LLbetween_0100_LH_075_noise_050pct_rep_02,Full_HG,50,2,0.148476085784088,75,75,0,0,1,1,1
Data_LLbetween_0100_LH_075_noise_050pct_rep_02,Full_HG,50,2,0.149778507589212,75,75,0,0,1,1,1
Data_LLbetween_0100_LH_075_noise_050pct_rep_02,Full_HG,50,2,0.151080929394335,75,75,0,0,1,1,1
Data_LLbetween_0100_LH_075_noise_050pct_rep_02,Full_HG,50,2,0.152383351199459,75,75,0,0,1,1,1
Data_LLbetween_0100_LH_075_noise_050pct_rep_02,Full_HG,50,2,0.153685773004582,75,75,0,0,1,1,1
Data_LLbetween_0100_LH_075_noise_050pct_rep_02,Full_HG,50,2,0.154988194809706,75,75,0,0,1,1,1
Data_LLbetween_0100_LH_075_noise_050pct_rep_02,Full_HG,50,2,0.15629061661483,75,75,0,0,1,1,1
Data_LLbetween_0100_LH_075_noise_050pct_rep_02,Full_HG,50,2,0.157593038419953,75,75,0,0,1,1,1
Data_LLbetween_0100_LH_075_noise_050pct_rep_02,Full_HG,50,2,0.158895460225077,75,75,0,0,1,1,1
Data_LLbetween_0100_LH_075_noise_050pct_rep_02,Full_HG,50,2,0.1601978820302,75,75,0,0,1,1,1
Data_LLbetween_0100_LH_075_noise_050pct_rep_02,Full_HG,50,2,0.161500303835324,75,75,0,0,1,1,1
Data_LLbetween_0100_LH_075_noise_050pct_rep_02,Full_HG,50,2,0.162802725640447,75,75,0,0,1,1,1
Data_LLbetween_0100_LH_075_noise_050pct_rep_02,Full_HG,50,2,0.164105147445571,75,75,0,0,1,1,1
Data_LLbetween_0100_LH_075_noise_050pct_rep_02,Full_HG,50,2,0.165407569250695,75,75,0,0,1,1,1
Data_LLbetween_0100_LH_075_noise_050pct_rep_02,Full_HG,50,2,0.166709991055818,75,75,0,0,1,1,1
Data_LLbetween_0100_LH_075_noise_050pct_rep_02,Full_HG,50,2,0.168012412860942,75,75,0,0,1,1,1
Data_LLbetween_0100_LH_075_noise_050pct_rep_02,Full_HG,50,2,0.169314834666065,75,75,0,0,1,1,1
Data_LLbetween_0100_LH_075_noise_050pct_rep_02,Full_HG,50,2,0.170617256471189,75,75,0,0,1,1,1
Data_LLbetween_0100_LH_075_noise_050pct_rep_02,Full_HG,50,2,0.171919678276312,75,75,0,0,1,1,1
Data_LLbetween_0100_LH_075_noise_050pct_rep_02,Full_HG,50,2,0.173222100081436,75,75,0,0,1,1,1
Data_LLbetween_0100_LH_075_noise_050pct_rep_02,Full_HG,50,2,0.17452452188656,75,75,0,0,1,1,1
Data_LLbetween_0100_LH_075_noise_050pct_rep_02,Full_HG,50,2,0.175826943691683,75,75,0,0,1,1,1
Data_LLbetween_0100_LH_075_noise_050pct_rep_02,Full_HG,50,2,0.177129365496807,75,75,0,0,1,1,1
Data_LLbetween_0100_LH_075_noise_050pct_rep_02,Full_HG,50,2,0.17843178730193,75,75,0,0,1,1,1
Data_LLbetween_0100_LH_075_noise_050pct_rep_02,Full_HG,50,2,0.179734209107054,75,75,0,0,1,1,1
Data_LLbetween_0100_LH_075_noise_050pct_rep_02,Full_HG,50,2,0.181036630912178,75,75,0,0,1,1,1
Data_LLbetween_0100_LH_075_noise_050pct_rep_02,Full_HG,50,2,0.182339052717301,75,75,0,0,1,1,1
Data_LLbetween_0100_LH_075_noise_050pct_rep_02,Full_HG,50,2,0.183641474522425,75,75,0,0,1,1,1
Data_LLbetween_0100_LH_075_noise_050pct_rep_02,Full_HG,50,2,0.184943896327548,75,75,0,0,1,1,1
Data_LLbetween_0100_LH_075_noise_050pct_rep_02,Full_HG,50,2,0.186246318132672,75,75,0,0,1,1,1
Data_LLbetween_0100_LH_075_noise_050pct_rep_02,Full_HG,50,2,0.187548739937795,75,75,0,0,1,1,1
Data_LLbetween_0100_LH_075_noise_050pct_rep_02,Full_HG,50,2,0.188851161742919,75,75,0,0,1,1,1
Data_LLbetween_0100_LH_075_noise_050pct_rep_02,Full_HG,50,2,0.190153583548043,75,75,0,0,1,1,1
Data_LLbetween_0100_LH_075_noise_050pct_rep_02,Full_HG,50,2,0.191456005353166,75,75,0,0,1,1,1
Data_LLbetween_0100_LH_075_noise_050pct_rep_02,Full_HG,50,2,0.19275842715829,74,74,0,1,1,0.986666666666667,0.993288590604027
Data_LLbetween_0100_LH_075_noise_050pct_rep_02,Full_HG,50,2,0.194060848963413,74,74,0,1,1,0.986666666666667,0.993288590604027
Data_LLbetween_0100_LH_075_noise_050pct_rep_02,Full_HG,50,2,0.195363270768537,74,74,0,1,1,0.986666666666667,0.993288590604027
Data_LLbetween_0100_LH_075_noise_050pct_rep_02,Full_HG,50,2,0.19666569257366,74,74,0,1,1,0.986666666666667,0.993288590604027
Data_LLbetween_0100_LH_075_noise_050pct_rep_02,Full_HG,50,2,0.197968114378784,74,74,0,1,1,0.986666666666667,0.993288590604027
Data_LLbetween_0100_LH_075_noise_050pct_rep_02,Full_HG,50,2,0.199270536183908,73,73,0,2,1,0.973333333333333,0.986486486486487
Data_LLbetween_0100_LH_075_noise_050pct_rep_02,Full_HG,50,2,0.200572957989031,73,73,0,2,1,0.973333333333333,0.986486486486487
Data_LLbetween_0100_LH_075_noise_050pct_rep_02,Full_HG,50,2,0.201875379794155,73,73,0,2,1,0.973333333333333,0.986486486486487
Data_LLbetween_0100_LH_075_noise_050pct_rep_02,Full_HG,50,2,0.203177801599278,73,73,0,2,1,0.973333333333333,0.986486486486487
Data_LLbetween_0100_LH_075_noise_050pct_rep_02,Full_HG,50,2,0.204480223404402,73,73,0,2,1,0.973333333333333,0.986486486486487
Data_LLbetween_0100_LH_075_noise_050pct_rep_02,Full_HG,50,2,0.205782645209526,73,73,0,2,1,0.973333333333333,0.986486486486487
Data_LLbetween_0100_LH_075_noise_050pct_rep_02,Full_HG,50,2,0.207085067014649,73,73,0,2,1,0.973333333333333,0.986486486486487
Data_LLbetween_0100_LH_075_noise_050pct_rep_02,Full_HG,50,2,0.208387488819773,73,73,0,2,1,0.973333333333333,0.986486486486487
Data_LLbetween_0100_LH_075_noise_050pct_rep_02,Full_HG,50,2,0.209689910624896,73,73,0,2,1,0.973333333333333,0.986486486486487
Data_LLbetween_0100_LH_075_noise_050pct_rep_02,Full_HG,50,2,0.21099233243002,73,73,0,2,1,0.973333333333333,0.986486486486487
Data_LLbetween_0100_LH_075_noise_050pct_rep_02,Full_HG,50,2,0.212294754235143,73,73,0,2,1,0.973333333333333,0.986486486486487
Data_LLbetween_0100_LH_075_noise_050pct_rep_02,Full_HG,50,2,0.213597176040267,73,73,0,2,1,0.973333333333333,0.986486486486487
Data_LLbetween_0100_LH_075_noise_050pct_rep_02,Full_HG,50,2,0.214899597845391,72,72,0,3,1,0.96,0.979591836734694
Data_LLbetween_0100_LH_075_noise_050pct_rep_02,Full_HG,50,2,0.216202019650514,72,72,0,3,1,0.96,0.979591836734694
Data_LLbetween_0100_LH_075_noise_050pct_rep_02,Full_HG,50,2,0.217504441455638,72,72,0,3,1,0.96,0.979591836734694
Data_LLbetween_0100_LH_075_noise_050pct_rep_02,Full_HG,50,2,0.218806863260761,72,72,0,3,1,0.96,0.979591836734694
Data_LLbetween_0100_LH_075_noise_050pct_rep_02,Full_HG,50,2,0.220109285065885,72,72,0,3,1,0.96,0.979591836734694
Data_LLbetween_0100_LH_075_noise_050pct_rep_02,Full_HG,50,2,0.221411706871009,72,72,0,3,1,0.96,0.979591836734694
Data_LLbetween_0100_LH_075_noise_050pct_rep_02,Full_HG,50,2,0.222714128676132,72,72,0,3,1,0.96,0.979591836734694
Data_LLbetween_0100_LH_075_noise_050pct_rep_02,Full_HG,50,2,0.224016550481256,72,72,0,3,1,0.96,0.979591836734694
Data_LLbetween_0100_LH_075_noise_050pct_rep_02,Full_HG,50,2,0.225318972286379,72,72,0,3,1,0.96,0.979591836734694
Data_LLbetween_0100_LH_075_noise_050pct_rep_02,Full_HG,50,2,0.226621394091503,72,72,0,3,1,0.96,0.979591836734694
Data_LLbetween_0100_LH_075_noise_050pct_rep_02,Full_HG,50,2,0.227923815896626,72,72,0,3,1,0.96,0.979591836734694
Data_LLbetween_0100_LH_075_noise_050pct_rep_02,Full_HG,50,2,0.22922623770175,72,72,0,3,1,0.96,0.979591836734694
Data_LLbetween_0100_LH_075_noise_050pct_rep_02,Full_HG,50,2,0.230528659506874,72,72,0,3,1,0.96,0.979591836734694
Data_LLbetween_0100_LH_075_noise_050pct_rep_02,Full_HG,50,2,0.231831081311997,72,72,0,3,1,0.96,0.979591836734694
Data_LLbetween_0100_LH_075_noise_050pct_rep_02,Full_HG,50,2,0.233133503117121,72,72,0,3,1,0.96,0.979591836734694
Data_LLbetween_0100_LH_075_noise_050pct_rep_02,Full_HG,50,2,0.234435924922244,72,72,0,3,1,0.96,0.979591836734694
Data_LLbetween_0100_LH_075_noise_050pct_rep_02,Full_HG,50,2,0.235738346727368,72,72,0,3,1,0.96,0.979591836734694
Data_LLbetween_0100_LH_075_noise_050pct_rep_02,Full_HG,50,2,0.237040768532491,72,72,0,3,1,0.96,0.979591836734694
Data_LLbetween_0100_LH_075_noise_050pct_rep_02,Full_HG,50,2,0.238343190337615,72,72,0,3,1,0.96,0.979591836734694
Data_LLbetween_0100_LH_075_noise_050pct_rep_02,Full_HG,50,2,0.239645612142739,72,72,0,3,1,0.96,0.979591836734694
Data_LLbetween_0100_LH_075_noise_050pct_rep_02,Full_HG,50,2,0.240948033947862,72,72,0,3,1,0.96,0.979591836734694
Data_LLbetween_0100_LH_075_noise_050pct_rep_02,Full_HG,50,2,0.242250455752986,70,70,0,5,1,0.933333333333333,0.96551724137931
Data_LLbetween_0100_LH_075_noise_050pct_rep_02,Full_HG,50,2,0.243552877558109,70,70,0,5,1,0.933333333333333,0.96551724137931
Data_LLbetween_0100_LH_075_noise_050pct_rep_02,Full_HG,50,2,0.244855299363233,69,69,0,6,1,0.92,0.958333333333333
Data_LLbetween_0100_LH_075_noise_050pct_rep_02,Full_HG,50,2,0.246157721168356,69,69,0,6,1,0.92,0.958333333333333
Data_LLbetween_0100_LH_075_noise_050pct_rep_02,Full_HG,50,2,0.24746014297348,69,69,0,6,1,0.92,0.958333333333333
Data_LLbetween_0100_LH_075_noise_050pct_rep_02,Full_HG,50,2,0.248762564778604,69,69,0,6,1,0.92,0.958333333333333
Data_LLbetween_0100_LH_075_noise_050pct_rep_02,Full_HG,50,2,0.250064986583727,69,69,0,6,1,0.92,0.958333333333333
Data_LLbetween_0100_LH_075_noise_050pct_rep_02,Full_HG,50,2,0.251367408388851,68,68,0,7,1,0.906666666666667,0.951048951048951
Data_LLbetween_0100_LH_075_noise_050pct_rep_02,Full_HG,50,2,0.252669830193974,68,68,0,7,1,0.906666666666667,0.951048951048951
Data_LLbetween_0100_LH_075_noise_050pct_rep_02,Full_HG,50,2,0.253972251999098,68,68,0,7,1,0.906666666666667,0.951048951048951
Data_LLbetween_0100_LH_075_noise_050pct_rep_02,Full_HG,50,2,0.255274673804222,68,68,0,7,1,0.906666666666667,0.951048951048951
Data_LLbetween_0100_LH_075_noise_050pct_rep_02,Full_HG,50,2,0.256577095609345,66,66,0,9,1,0.88,0.936170212765957
Data_LLbetween_0100_LH_075_noise_050pct_rep_02,Full_HG,50,2,0.257879517414469,65,65,0,10,1,0.866666666666667,0.928571428571429
Data_LLbetween_0100_LH_075_noise_050pct_rep_02,Full_HG,50,2,0.259181939219592,65,65,0,10,1,0.866666666666667,0.928571428571429
Data_LLbetween_0100_LH_075_noise_050pct_rep_02,Full_HG,50,2,0.260484361024716,63,63,0,12,1,0.84,0.91304347826087
Data_LLbetween_0100_LH_075_noise_050pct_rep_02,Full_HG,50,2,0.261786782829839,62,62,0,13,1,0.826666666666667,0.905109489051095
Data_LLbetween_0100_LH_075_noise_050pct_rep_02,Full_HG,50,2,0.263089204634963,62,62,0,13,1,0.826666666666667,0.905109489051095
Data_LLbetween_0100_LH_075_noise_050pct_rep_02,Full_HG,50,2,0.264391626440087,62,62,0,13,1,0.826666666666667,0.905109489051095
Data_LLbetween_0100_LH_075_noise_050pct_rep_02,Full_HG,50,2,0.26569404824521,60,60,0,15,1,0.8,0.888888888888889
Data_LLbetween_0100_LH_075_noise_050pct_rep_02,Full_HG,50,2,0.266996470050334,60,60,0,15,1,0.8,0.888888888888889
Data_LLbetween_0100_LH_075_noise_050pct_rep_02,Full_HG,50,2,0.268298891855457,58,58,0,17,1,0.773333333333333,0.87218045112782
Data_LLbetween_0100_LH_075_noise_050pct_rep_02,Full_HG,50,2,0.269601313660581,58,58,0,17,1,0.773333333333333,0.87218045112782
Data_LLbetween_0100_LH_075_noise_050pct_rep_02,Full_HG,50,2,0.270903735465705,58,58,0,17,1,0.773333333333333,0.87218045112782
Data_LLbetween_0100_LH_075_noise_050pct_rep_02,Full_HG,50,2,0.272206157270828,58,58,0,17,1,0.773333333333333,0.87218045112782
Data_LLbetween_0100_LH_075_noise_050pct_rep_02,Full_HG,50,2,0.273508579075952,58,58,0,17,1,0.773333333333333,0.87218045112782
Data_LLbetween_0100_LH_075_noise_050pct_rep_02,Full_HG,50,2,0.274811000881075,57,57,0,18,1,0.76,0.863636363636364
Data_LLbetween_0100_LH_075_noise_050pct_rep_02,Full_HG,50,2,0.276113422686199,56,56,0,19,1,0.746666666666667,0.854961832061069
Data_LLbetween_0100_LH_075_noise_050pct_rep_02,Full_HG,50,2,0.277415844491322,55,55,0,20,1,0.733333333333333,0.846153846153846
Data_LLbetween_0100_LH_075_noise_050pct_rep_02,Full_HG,50,2,0.278718266296446,55,55,0,20,1,0.733333333333333,0.846153846153846
Data_LLbetween_0100_LH_075_noise_050pct_rep_02,Full_HG,50,2,0.28002068810157,55,55,0,20,1,0.733333333333333,0.846153846153846
Data_LLbetween_0100_LH_075_noise_050pct_rep_02,Full_HG,50,2,0.281323109906693,55,55,0,20,1,0.733333333333333,0.846153846153846
Data_LLbetween_0100_LH_075_noise_050pct_rep_02,Full_HG,50,2,0.282625531711817,55,55,0,20,1,0.733333333333333,0.846153846153846
Data_LLbetween_0100_LH_075_noise_050pct_rep_02,Full_HG,50,2,0.28392795351694,54,54,0,21,1,0.72,0.837209302325581
Data_LLbetween_0100_LH_075_noise_050pct_rep_02,Full_HG,50,2,0.285230375322064,54,54,0,21,1,0.72,0.837209302325581
Data_LLbetween_0100_LH_075_noise_050pct_rep_02,Full_HG,50,2,0.286532797127187,53,53,0,22,1,0.706666666666667,0.828125
Data_LLbetween_0100_LH_075_noise_050pct_rep_02,Full_HG,50,2,0.287835218932311,53,53,0,22,1,0.706666666666667,0.828125
Data_LLbetween_0100_LH_075_noise_050pct_rep_02,Full_HG,50,2,0.289137640737435,53,53,0,22,1,0.706666666666667,0.828125
Data_LLbetween_0100_LH_075_noise_050pct_rep_02,Full_HG,50,2,0.290440062542558,51,51,0,24,1,0.68,0.80952380952381
Data_LLbetween_0100_LH_075_noise_050pct_rep_02,Full_HG,50,2,0.291742484347682,50,50,0,25,1,0.666666666666667,0.8
Data_LLbetween_0100_LH_075_noise_050pct_rep_02,Full_HG,50,2,0.293044906152805,49,49,0,26,1,0.653333333333333,0.790322580645161
Data_LLbetween_0100_LH_075_noise_050pct_rep_02,Full_HG,50,2,0.294347327957929,49,49,0,26,1,0.653333333333333,0.790322580645161
Data_LLbetween_0100_LH_075_noise_050pct_rep_02,Full_HG,50,2,0.295649749763053,49,49,0,26,1,0.653333333333333,0.790322580645161
Data_LLbetween_0100_LH_075_noise_050pct_rep_02,Full_HG,50,2,0.296952171568176,46,46,0,29,1,0.613333333333333,0.760330578512397
Data_LLbetween_0100_LH_075_noise_050pct_rep_02,Full_HG,50,2,0.2982545933733,46,46,0,29,1,0.613333333333333,0.760330578512397
Data_LLbetween_0100_LH_075_noise_050pct_rep_02,Full_HG,50,2,0.299557015178423,46,46,0,29,1,0.613333333333333,0.760330578512397
Data_LLbetween_0100_LH_075_noise_050pct_rep_02,Full_HG,50,2,0.300859436983547,45,45,0,30,1,0.6,0.75
Data_LLbetween_0100_LH_075_noise_050pct_rep_02,Full_HG,50,2,0.30216185878867,45,45,0,30,1,0.6,0.75
Data_LLbetween_0100_LH_075_noise_050pct_rep_02,Full_HG,50,2,0.303464280593794,45,45,0,30,1,0.6,0.75
Data_LLbetween_0100_LH_075_noise_050pct_rep_02,Full_HG,50,2,0.304766702398918,45,45,0,30,1,0.6,0.75
Data_LLbetween_0100_LH_075_noise_050pct_rep_02,Full_HG,50,2,0.306069124204041,43,43,0,32,1,0.573333333333333,0.728813559322034
Data_LLbetween_0100_LH_075_noise_050pct_rep_02,Full_HG,50,2,0.307371546009165,41,41,0,34,1,0.546666666666667,0.706896551724138
Data_LLbetween_0100_LH_075_noise_050pct_rep_02,Full_HG,50,2,0.308673967814288,39,39,0,36,1,0.52,0.684210526315789
Data_LLbetween_0100_LH_075_noise_050pct_rep_02,Full_HG,50,2,0.309976389619412,38,38,0,37,1,0.506666666666667,0.672566371681416
Data_LLbetween_0100_LH_075_noise_050pct_rep_02,Full_HG,50,2,0.311278811424536,37,37,0,38,1,0.493333333333333,0.660714285714286
Data_LLbetween_0100_LH_075_noise_050pct_rep_02,Full_HG,50,2,0.312581233229659,36,36,0,39,1,0.48,0.648648648648649
Data_LLbetween_0100_LH_075_noise_050pct_rep_02,Full_HG,50,2,0.313883655034783,36,36,0,39,1,0.48,0.648648648648649
Data_LLbetween_0100_LH_075_noise_050pct_rep_02,Full_HG,50,2,0.315186076839906,34,34,0,41,1,0.453333333333333,0.623853211009174
Data_LLbetween_0100_LH_075_noise_050pct_rep_02,Full_HG,50,2,0.31648849864503,34,34,0,41,1,0.453333333333333,0.623853211009174
Data_LLbetween_0100_LH_075_noise_050pct_rep_02,Full_HG,50,2,0.317790920450153,33,33,0,42,1,0.44,0.611111111111111
Data_LLbetween_0100_LH_075_noise_050pct_rep_02,Full_HG,50,2,0.319093342255277,32,32,0,43,1,0.426666666666667,0.598130841121495
Data_LLbetween_0100_LH_075_noise_050pct_rep_02,Full_HG,50,2,0.320395764060401,31,31,0,44,1,0.413333333333333,0.584905660377358
Data_LLbetween_0100_LH_075_noise_050pct_rep_02,Full_HG,50,2,0.321698185865524,31,31,0,44,1,0.413333333333333,0.584905660377358
Data_LLbetween_0100_LH_075_noise_050pct_rep_02,Full_HG,50,2,0.323000607670648,30,30,0,45,1,0.4,0.571428571428572
Data_LLbetween_0100_LH_075_noise_050pct_rep_02,Full_HG,50,2,0.324303029475771,28,28,0,47,1,0.373333333333333,0.54368932038835
Data_LLbetween_0100_LH_075_noise_050pct_rep_02,Full_HG,50,2,0.325605451280895,27,27,0,48,1,0.36,0.529411764705882
Data_LLbetween_0100_LH_075_noise_050pct_rep_02,Full_HG,50,2,0.326907873086018,26,26,0,49,1,0.346666666666667,0.514851485148515
Data_LLbetween_0100_LH_075_noise_050pct_rep_02,Full_HG,50,2,0.328210294891142,26,26,0,49,1,0.346666666666667,0.514851485148515
Data_LLbetween_0100_LH_075_noise_050pct_rep_02,Full_HG,50,2,0.329512716696266,25,25,0,50,1,0.333333333333333,0.5
Data_LLbetween_0100_LH_075_noise_050pct_rep_02,Full_HG,50,2,0.330815138501389,25,25,0,50,1,0.333333333333333,0.5
Data_LLbetween_0100_LH_075_noise_050pct_rep_02,Full_HG,50,2,0.332117560306513,25,25,0,50,1,0.333333333333333,0.5
Data_LLbetween_0100_LH_075_noise_050pct_rep_02,Full_HG,50,2,0.333419982111636,22,22,0,53,1,0.293333333333333,0.45360824742268
Data_LLbetween_0100_LH_075_noise_050pct_rep_02,Full_HG,50,2,0.33472240391676,22,22,0,53,1,0.293333333333333,0.45360824742268
Data_LLbetween_0100_LH_075_noise_050pct_rep_02,Full_HG,50,2,0.336024825721884,20,20,0,55,1,0.266666666666667,0.421052631578947
Data_LLbetween_0100_LH_075_noise_050pct_rep_02,Full_HG,50,2,0.337327247527007,20,20,0,55,1,0.266666666666667,0.421052631578947
Data_LLbetween_0100_LH_075_noise_050pct_rep_02,Full_HG,50,2,0.338629669332131,20,20,0,55,1,0.266666666666667,0.421052631578947
Data_LLbetween_0100_LH_075_noise_050pct_rep_02,Full_HG,50,2,0.339932091137254,20,20,0,55,1,0.266666666666667,0.421052631578947
Data_LLbetween_0100_LH_075_noise_050pct_rep_02,Full_HG,50,2,0.341234512942378,20,20,0,55,1,0.266666666666667,0.421052631578947
Data_LLbetween_0100_LH_075_noise_050pct_rep_02,Full_HG,50,2,0.342536934747501,20,20,0,55,1,0.266666666666667,0.421052631578947
Data_LLbetween_0100_LH_075_noise_050pct_rep_02,Full_HG,50,2,0.343839356552625,19,19,0,56,1,0.253333333333333,0.404255319148936
Data_LLbetween_0100_LH_075_noise_050pct_rep_02,Full_HG,50,2,0.345141778357749,19,19,0,56,1,0.253333333333333,0.404255319148936
Data_LLbetween_0100_LH_075_noise_050pct_rep_02,Full_HG,50,2,0.346444200162872,19,19,0,56,1,0.253333333333333,0.404255319148936
Data_LLbetween_0100_LH_075_noise_050pct_rep_02,Full_HG,50,2,0.347746621967996,16,16,0,59,1,0.213333333333333,0.351648351648352
Data_LLbetween_0100_LH_075_noise_050pct_rep_02,Full_HG,50,2,0.349049043773119,16,16,0,59,1,0.213333333333333,0.351648351648352
Data_LLbetween_0100_LH_075_noise_050pct_rep_02,Full_HG,50,2,0.350351465578243,16,16,0,59,1,0.213333333333333,0.351648351648352
Data_LLbetween_0100_LH_075_noise_050pct_rep_02,Full_HG,50,2,0.351653887383366,15,15,0,60,1,0.2,0.333333333333333
Data_LLbetween_0100_LH_075_noise_050pct_rep_02,Full_HG,50,2,0.35295630918849,13,13,0,62,1,0.173333333333333,0.295454545454545
Data_LLbetween_0100_LH_075_noise_050pct_rep_02,Full_HG,50,2,0.354258730993614,13,13,0,62,1,0.173333333333333,0.295454545454545
Data_LLbetween_0100_LH_075_noise_050pct_rep_02,Full_HG,50,2,0.355561152798737,12,12,0,63,1,0.16,0.275862068965517
Data_LLbetween_0100_LH_075_noise_050pct_rep_02,Full_HG,50,2,0.356863574603861,10,10,0,65,1,0.133333333333333,0.235294117647059
Data_LLbetween_0100_LH_075_noise_050pct_rep_02,Full_HG,50,2,0.358165996408984,9,9,0,66,1,0.12,0.214285714285714
Data_LLbetween_0100_LH_075_noise_050pct_rep_02,Full_HG,50,2,0.359468418214108,9,9,0,66,1,0.12,0.214285714285714
Data_LLbetween_0100_LH_075_noise_050pct_rep_02,Full_HG,50,2,0.360770840019232,8,8,0,67,1,0.106666666666667,0.192771084337349
Data_LLbetween_0100_LH_075_noise_050pct_rep_02,Full_HG,50,2,0.362073261824355,8,8,0,67,1,0.106666666666667,0.192771084337349
Data_LLbetween_0100_LH_075_noise_050pct_rep_02,Full_HG,50,2,0.363375683629479,8,8,0,67,1,0.106666666666667,0.192771084337349
Data_LLbetween_0100_LH_075_noise_050pct_rep_02,Full_HG,50,2,0.364678105434602,8,8,0,67,1,0.106666666666667,0.192771084337349
Data_LLbetween_0100_LH_075_noise_050pct_rep_02,Full_HG,50,2,0.365980527239726,7,7,0,68,1,0.0933333333333333,0.170731707317073
Data_LLbetween_0100_LH_075_noise_050pct_rep_02,Full_HG,50,2,0.367282949044849,6,6,0,69,1,0.08,0.148148148148148
Data_LLbetween_0100_LH_075_noise_050pct_rep_02,Full_HG,50,2,0.368585370849973,5,5,0,70,1,0.0666666666666667,0.125
Data_LLbetween_0100_LH_075_noise_050pct_rep_02,Full_HG,50,2,0.369887792655097,4,4,0,71,1,0.0533333333333333,0.10126582278481
Data_LLbetween_0100_LH_075_noise_050pct_rep_02,Full_HG,50,2,0.37119021446022,4,4,0,71,1,0.0533333333333333,0.10126582278481
Data_LLbetween_0100_LH_075_noise_050pct_rep_02,Full_HG,50,2,0.372492636265344,4,4,0,71,1,0.0533333333333333,0.10126582278481
Data_LLbetween_0100_LH_075_noise_050pct_rep_02,Full_HG,50,2,0.373795058070467,4,4,0,71,1,0.0533333333333333,0.10126582278481
Data_LLbetween_0100_LH_075_noise_050pct_rep_02,Full_HG,50,2,0.375097479875591,4,4,0,71,1,0.0533333333333333,0.10126582278481
Data_LLbetween_0100_LH_075_noise_050pct_rep_02,Full_HG,50,2,0.376399901680714,4,4,0,71,1,0.0533333333333333,0.10126582278481
Data_LLbetween_0100_LH_075_noise_050pct_rep_02,Full_HG,50,2,0.377702323485838,3,3,0,72,1,0.04,0.0769230769230769
Data_LLbetween_0100_LH_075_noise_050pct_rep_02,Full_HG,50,2,0.379004745290962,3,3,0,72,1,0.04,0.0769230769230769
Data_LLbetween_0100_LH_075_noise_050pct_rep_02,Full_HG,50,2,0.380307167096085,3,3,0,72,1,0.04,0.0769230769230769
Data_LLbetween_0100_LH_075_noise_050pct_rep_02,Full_HG,50,2,0.381609588901209,3,3,0,72,1,0.04,0.0769230769230769
Data_LLbetween_0100_LH_075_noise_050pct_rep_02,Full_HG,50,2,0.382912010706332,3,3,0,72,1,0.04,0.0769230769230769
Data_LLbetween_0100_LH_075_noise_050pct_rep_02,Full_HG,50,2,0.384214432511456,3,3,0,72,1,0.04,0.0769230769230769
Data_LLbetween_0100_LH_075_noise_050pct_rep_02,Full_HG,50,2,0.38551685431658,1,1,0,74,1,0.0133333333333333,0.0263157894736842
Data_LLbetween_0100_LH_075_noise_050pct_rep_02,Full_HG,50,2,0.386819276121703,1,1,0,74,1,0.0133333333333333,0.0263157894736842
Data_LLbetween_0100_LH_075_noise_050pct_rep_02,Full_HG,50,2,0.388121697926827,1,1,0,74,1,0.0133333333333333,0.0263157894736842
Data_LLbetween_0100_LH_075_noise_050pct_rep_02,Full_HG,50,2,0.38942411973195,1,1,0,74,1,0.0133333333333333,0.0263157894736842
Data_LLbetween_0100_LH_075_noise_050pct_rep_02,Full_HG,50,2,0.390726541537074,1,1,0,74,1,0.0133333333333333,0.0263157894736842
Data_LLbetween_0100_LH_075_noise_050pct_rep_02,Full_HG,50,2,0.392028963342197,1,1,0,74,1,0.0133333333333333,0.0263157894736842
Data_LLbetween_0100_LH_075_noise_050pct_rep_02,Full_HG,50,2,0.393331385147321,1,1,0,74,1,0.0133333333333333,0.0263157894736842
Data_LLbetween_0100_LH_075_noise_050pct_rep_02,Full_HG,50,2,0.394633806952445,1,1,0,74,1,0.0133333333333333,0.0263157894736842
Data_LLbetween_0100_LH_075_noise_050pct_rep_02,Full_HG,50,2,0.395936228757568,1,1,0,74,1,0.0133333333333333,0.0263157894736842
Data_LLbetween_0100_LH_075_noise_050pct_rep_02,Full_HG,50,2,0.397238650562692,1,1,0,74,1,0.0133333333333333,0.0263157894736842
Data_LLbetween_0100_LH_075_noise_050pct_rep_02,Full_HG,50,2,0.398541072367815,1,1,0,74,1,0.0133333333333333,0.0263157894736842
Data_LLbetween_0100_LH_075_noise_050pct_rep_02,Full_HG,50,2,0.399843494172939,1,1,0,74,1,0.0133333333333333,0.0263157894736842
Data_LLbetween_0100_LH_075_noise_050pct_rep_02,Full_HG,50,2,0.401145915978062,1,1,0,74,1,0.0133333333333333,0.0263157894736842
Data_LLbetween_0100_LH_075_noise_050pct_rep_02,Full_HG,50,2,0.402448337783186,1,1,0,74,1,0.0133333333333333,0.0263157894736842
Data_LLbetween_0100_LH_075_noise_050pct_rep_02,Full_HG,50,2,0.40375075958831,1,1,0,74,1,0.0133333333333333,0.0263157894736842
Data_LLbetween_0100_LH_075_noise_050pct_rep_02,Full_HG,50,2,0.405053181393433,1,1,0,74,1,0.0133333333333333,0.0263157894736842
Data_LLbetween_0100_LH_075_noise_050pct_rep_02,Full_HG,50,2,0.406355603198557,0,0,0,75,NaN,0,0
Data_LLbetween_0100_LH_075_noise_050pct_rep_02,Full_HG,50,2,0.40765802500368,0,0,0,75,NaN,0,0
Data_LLbetween_0100_LH_075_noise_050pct_rep_02,Full_HG,50,2,0.408960446808804,0,0,0,75,NaN,0,0
Data_LLbetween_0100_LH_075_noise_050pct_rep_02,Full_HG,50,2,0.410262868613928,0,0,0,75,NaN,0,0
Data_LLbetween_0100_LH_075_noise_050pct_rep_02,Full_HG,50,2,0.411565290419051,0,0,0,75,NaN,0,0
Data_LLbetween_0100_LH_075_noise_050pct_rep_02,Full_HG,50,2,0.412867712224175,0,0,0,75,NaN,0,0
Data_LLbetween_0100_LH_075_noise_050pct_rep_02,Full_HG,50,2,0.414170134029298,0,0,0,75,NaN,0,0
Data_LLbetween_0100_LH_075_noise_050pct_rep_02,Full_HG,50,2,0.415472555834422,0,0,0,75,NaN,0,0
Data_LLbetween_0100_LH_075_noise_050pct_rep_02,Full_HG,50,2,0.416774977639545,0,0,0,75,NaN,0,0
Data_LLbetween_0100_LH_075_noise_050pct_rep_02,Full_HG,50,2,0.418077399444669,0,0,0,75,NaN,0,0
Data_LLbetween_0100_LH_075_noise_050pct_rep_02,Full_HG,50,2,0.419379821249793,0,0,0,75,NaN,0,0
Data_LLbetween_0100_LH_075_noise_050pct_rep_02,Full_HG,50,2,0.420682243054916,0,0,0,75,NaN,0,0
Data_LLbetween_0100_LH_075_noise_050pct_rep_02,Full_HG,50,2,0.42198466486004,0,0,0,75,NaN,0,0
Data_LLbetween_0100_LH_075_noise_050pct_rep_02,Full_HG,50,2,0.423287086665163,0,0,0,75,NaN,0,0
Data_LLbetween_0100_LH_075_noise_050pct_rep_02,Full_HG,50,2,0.424589508470287,0,0,0,75,NaN,0,0
Data_LLbetween_0100_LH_075_noise_050pct_rep_02,Full_HG,50,2,0.425891930275411,0,0,0,75,NaN,0,0
Data_LLbetween_0100_LH_075_noise_050pct_rep_02,Full_HG,50,2,0.427194352080534,0,0,0,75,NaN,0,0
Data_LLbetween_0100_LH_075_noise_050pct_rep_02,Full_HG,50,2,0.428496773885658,0,0,0,75,NaN,0,0
Data_LLbetween_0100_LH_075_noise_050pct_rep_02,Full_HG,50,2,0.429799195690781,0,0,0,75,NaN,0,0
Data_LLbetween_0100_LH_075_noise_050pct_rep_02,Full_HG,50,2,0.431101617495905,0,0,0,75,NaN,0,0
Data_LLbetween_0100_LH_075_noise_050pct_rep_02,Full_HG,50,2,0.432404039301028,0,0,0,75,NaN,0,0
Data_LLbetween_0100_LH_075_noise_050pct_rep_02,Full_HG,50,2,0.433706461106152,0,0,0,75,NaN,0,0
Data_LLbetween_0100_LH_075_noise_050pct_rep_02,Full_HG,50,2,0.435008882911276,0,0,0,75,NaN,0,0
Data_LLbetween_0100_LH_075_noise_050pct_rep_02,Full_HG,50,2,0.436311304716399,0,0,0,75,NaN,0,0
Data_LLbetween_0100_LH_075_noise_050pct_rep_02,Full_HG,50,2,0.437613726521523,0,0,0,75,NaN,0,0
Data_LLbetween_0100_LH_075_noise_050pct_rep_02,Full_HG,50,2,0.438916148326646,0,0,0,75,NaN,0,0
Data_LLbetween_0100_LH_075_noise_050pct_rep_02,Full_HG,50,2,0.44021857013177,0,0,0,75,NaN,0,0
Data_LLbetween_0100_LH_075_noise_050pct_rep_02,Full_HG,50,2,0.441520991936893,0,0,0,75,NaN,0,0
Data_LLbetween_0100_LH_075_noise_050pct_rep_02,Full_HG,50,2,0.442823413742017,0,0,0,75,NaN,0,0
Data_LLbetween_0100_LH_075_noise_050pct_rep_02,Full_HG,50,2,0.444125835547141,0,0,0,75,NaN,0,0
Data_LLbetween_0100_LH_075_noise_050pct_rep_02,Full_HG,50,2,0.445428257352264,0,0,0,75,NaN,0,0
Data_LLbetween_0100_LH_075_noise_050pct_rep_02,Full_HG,50,2,0.446730679157388,0,0,0,75,NaN,0,0
Data_LLbetween_0100_LH_075_noise_050pct_rep_02,Full_HG,50,2,0.448033100962511,0,0,0,75,NaN,0,0
Data_LLbetween_0100_LH_075_noise_050pct_rep_02,Full_HG,50,2,0.449335522767635,0,0,0,75,NaN,0,0
Data_LLbetween_0100_LH_075_noise_050pct_rep_02,Full_HG,50,2,0.450637944572758,0,0,0,75,NaN,0,0
Data_LLbetween_0100_LH_075_noise_050pct_rep_02,Full_HG,50,2,0.451940366377882,0,0,0,75,NaN,0,0
Data_LLbetween_0100_LH_075_noise_050pct_rep_02,Full_HG,50,2,0.453242788183006,0,0,0,75,NaN,0,0
Data_LLbetween_0100_LH_075_noise_050pct_rep_02,Full_HG,50,2,0.454545209988129,0,0,0,75,NaN,0,0
Data_LLbetween_0100_LH_075_noise_050pct_rep_02,Full_HG,50,2,0.455847631793253,0,0,0,75,NaN,0,0
Data_LLbetween_0100_LH_075_noise_050pct_rep_02,Full_HG,50,2,0.457150053598376,0,0,0,75,NaN,0,0
Data_LLbetween_0100_LH_075_noise_050pct_rep_02,Full_HG,50,2,0.4584524754035,0,0,0,75,NaN,0,0
Data_LLbetween_0100_LH_075_noise_050pct_rep_02,Full_HG,50,2,0.459754897208624,0,0,0,75,NaN,0,0
Data_LLbetween_0100_LH_075_noise_050pct_rep_02,Full_HG,50,2,0.461057319013747,0,0,0,75,NaN,0,0
Data_LLbetween_0100_LH_075_noise_050pct_rep_02,Full_HG,50,2,0.462359740818871,0,0,0,75,NaN,0,0
Data_LLbetween_0100_LH_075_noise_050pct_rep_02,Full_HG,50,2,0.463662162623994,0,0,0,75,NaN,0,0
Data_LLbetween_0100_LH_075_noise_050pct_rep_02,Full_HG,50,2,0.464964584429118,0,0,0,75,NaN,0,0
Data_LLbetween_0100_LH_075_noise_050pct_rep_02,Full_HG,50,2,0.466267006234241,0,0,0,75,NaN,0,0
Data_LLbetween_0100_LH_075_noise_050pct_rep_02,Full_HG,50,2,0.467569428039365,0,0,0,75,NaN,0,0
Data_LLbetween_0100_LH_075_noise_050pct_rep_02,Full_HG,50,2,0.468871849844489,0,0,0,75,NaN,0,0
Data_LLbetween_0100_LH_075_noise_050pct_rep_02,Full_HG,50,2,0.470174271649612,0,0,0,75,NaN,0,0
Data_LLbetween_0100_LH_075_noise_050pct_rep_02,Full_HG,50,2,0.471476693454736,0,0,0,75,NaN,0,0
Data_LLbetween_0100_LH_075_noise_050pct_rep_02,Full_HG,50,2,0.472779115259859,0,0,0,75,NaN,0,0
Data_LLbetween_0100_LH_075_noise_050pct_rep_02,Full_HG,50,2,0.474081537064983,0,0,0,75,NaN,0,0
Data_LLbetween_0100_LH_075_noise_050pct_rep_02,Full_HG,50,2,0.475383958870107,0,0,0,75,NaN,0,0
Data_LLbetween_0100_LH_075_noise_050pct_rep_02,Full_HG,50,2,0.47668638067523,0,0,0,75,NaN,0,0
Data_LLbetween_0100_LH_075_noise_050pct_rep_02,Full_HG,50,2,0.477988802480354,0,0,0,75,NaN,0,0
Data_LLbetween_0100_LH_075_noise_050pct_rep_02,Full_HG,50,2,0.479291224285477,0,0,0,75,NaN,0,0
Data_LLbetween_0100_LH_075_noise_050pct_rep_02,Full_HG,50,2,0.480593646090601,0,0,0,75,NaN,0,0
Data_LLbetween_0100_LH_075_noise_050pct_rep_02,Full_HG,50,2,0.481896067895724,0,0,0,75,NaN,0,0
Data_LLbetween_0100_LH_075_noise_050pct_rep_02,Full_HG,50,2,0.483198489700848,0,0,0,75,NaN,0,0
Data_LLbetween_0100_LH_075_noise_050pct_rep_02,Full_HG,50,2,0.484500911505972,0,0,0,75,NaN,0,0
Data_LLbetween_0100_LH_075_noise_050pct_rep_02,Full_HG,50,2,0.485803333311095,0,0,0,75,NaN,0,0
Data_LLbetween_0100_LH_075_noise_050pct_rep_02,Full_HG,50,2,0.487105755116219,0,0,0,75,NaN,0,0
Data_LLbetween_0100_LH_075_noise_050pct_rep_02,Full_HG,50,2,0.488408176921342,0,0,0,75,NaN,0,0
Data_LLbetween_0100_LH_075_noise_050pct_rep_02,Full_HG,50,2,0.489710598726466,0,0,0,75,NaN,0,0
Data_LLbetween_0100_LH_075_noise_050pct_rep_02,Full_HG,50,2,0.491013020531589,0,0,0,75,NaN,0,0
Data_LLbetween_0100_LH_075_noise_050pct_rep_02,Full_HG,50,2,0.492315442336713,0,0,0,75,NaN,0,0
Data_LLbetween_0100_LH_075_noise_050pct_rep_02,Full_HG,50,2,0.493617864141837,0,0,0,75,NaN,0,0
Data_LLbetween_0100_LH_075_noise_050pct_rep_02,Full_HG,50,2,0.49492028594696,0,0,0,75,NaN,0,0
Data_LLbetween_0100_LH_075_noise_050pct_rep_02,Full_HG,50,2,0.496222707752084,0,0,0,75,NaN,0,0
Data_LLbetween_0100_LH_075_noise_050pct_rep_02,Full_HG,50,2,0.497525129557207,0,0,0,75,NaN,0,0
Data_LLbetween_0100_LH_075_noise_050pct_rep_02,Full_HG,50,2,0.498827551362331,0,0,0,75,NaN,0,0
Data_LLbetween_0100_LH_075_noise_050pct_rep_02,Full_HG,50,2,0.500129973167455,0,0,0,75,NaN,0,0
Data_LLbetween_0100_LH_075_noise_050pct_rep_02,Full_HG,50,2,0.501432394972578,0,0,0,75,NaN,0,0
Data_LLbetween_0100_LH_075_noise_050pct_rep_02,Full_HG,50,2,0.502734816777702,0,0,0,75,NaN,0,0
Data_LLbetween_0100_LH_075_noise_050pct_rep_02,Full_HG,50,2,0.504037238582825,0,0,0,75,NaN,0,0
Data_LLbetween_0100_LH_075_noise_050pct_rep_02,Full_HG,50,2,0.505339660387949,0,0,0,75,NaN,0,0
Data_LLbetween_0100_LH_075_noise_050pct_rep_02,Full_HG,50,2,0.506642082193072,0,0,0,75,NaN,0,0
Data_LLbetween_0100_LH_075_noise_050pct_rep_02,Full_HG,50,2,0.507944503998196,0,0,0,75,NaN,0,0
Data_LLbetween_0100_LH_075_noise_050pct_rep_02,Full_HG,50,2,0.50924692580332,0,0,0,75,NaN,0,0
Data_LLbetween_0100_LH_075_noise_050pct_rep_02,Full_HG,50,2,0.510549347608443,0,0,0,75,NaN,0,0
Data_LLbetween_0100_LH_075_noise_050pct_rep_02,Full_HG,50,2,0.511851769413567,0,0,0,75,NaN,0,0
Data_LLbetween_0100_LH_075_noise_050pct_rep_02,Full_HG,50,2,0.51315419121869,0,0,0,75,NaN,0,0
Data_LLbetween_0100_LH_075_noise_050pct_rep_02,Full_HG,50,2,0.514456613023814,0,0,0,75,NaN,0,0
Data_LLbetween_0100_LH_075_noise_050pct_rep_02,Full_HG,50,2,0.515759034828937,0,0,0,75,NaN,0,0
Data_LLbetween_0100_LH_075_noise_050pct_rep_02,Full_HG,50,2,0.517061456634061,0,0,0,75,NaN,0,0
Data_LLbetween_0100_LH_075_noise_050pct_rep_02,Full_HG,50,2,0.518363878439185,0,0,0,75,NaN,0,0
Data_LLbetween_0100_LH_075_noise_050pct_rep_02,Full_HG,50,2,0.519666300244308,0,0,0,75,NaN,0,0
Data_LLbetween_0100_LH_075_noise_050pct_rep_02,Full_HG,50,2,0.520968722049432,0,0,0,75,NaN,0,0
Data_LLbetween_0100_LH_075_noise_050pct_rep_03,Full_HG,50,3,0,85,75,10,0,0.882352941176471,1,0.9375
Data_LLbetween_0100_LH_075_noise_050pct_rep_03,Full_HG,50,3,0.00130242180512358,85,75,10,0,0.882352941176471,1,0.9375
Data_LLbetween_0100_LH_075_noise_050pct_rep_03,Full_HG,50,3,0.00260484361024716,85,75,10,0,0.882352941176471,1,0.9375
Data_LLbetween_0100_LH_075_noise_050pct_rep_03,Full_HG,50,3,0.00390726541537074,84,75,9,0,0.892857142857143,1,0.943396226415094
Data_LLbetween_0100_LH_075_noise_050pct_rep_03,Full_HG,50,3,0.00520968722049432,83,75,8,0,0.903614457831325,1,0.949367088607595
Data_LLbetween_0100_LH_075_noise_050pct_rep_03,Full_HG,50,3,0.0065121090256179,82,75,7,0,0.914634146341463,1,0.955414012738854
Data_LLbetween_0100_LH_075_noise_050pct_rep_03,Full_HG,50,3,0.00781453083074148,80,75,5,0,0.9375,1,0.967741935483871
Data_LLbetween_0100_LH_075_noise_050pct_rep_03,Full_HG,50,3,0.00911695263586506,78,75,3,0,0.961538461538462,1,0.980392156862745
Data_LLbetween_0100_LH_075_noise_050pct_rep_03,Full_HG,50,3,0.0104193744409886,78,75,3,0,0.961538461538462,1,0.980392156862745
Data_LLbetween_0100_LH_075_noise_050pct_rep_03,Full_HG,50,3,0.0117217962461122,78,75,3,0,0.961538461538462,1,0.980392156862745
Data_LLbetween_0100_LH_075_noise_050pct_rep_03,Full_HG,50,3,0.0130242180512358,78,75,3,0,0.961538461538462,1,0.980392156862745
Data_LLbetween_0100_LH_075_noise_050pct_rep_03,Full_HG,50,3,0.0143266398563594,78,75,3,0,0.961538461538462,1,0.980392156862745
Data_LLbetween_0100_LH_075_noise_050pct_rep_03,Full_HG,50,3,0.015629061661483,78,75,3,0,0.961538461538462,1,0.980392156862745
Data_LLbetween_0100_LH_075_noise_050pct_rep_03,Full_HG,50,3,0.0169314834666065,78,75,3,0,0.961538461538462,1,0.980392156862745
Data_LLbetween_0100_LH_075_noise_050pct_rep_03,Full_HG,50,3,0.0182339052717301,78,75,3,0,0.961538461538462,1,0.980392156862745
Data_LLbetween_0100_LH_075_noise_050pct_rep_03,Full_HG,50,3,0.0195363270768537,77,75,2,0,0.974025974025974,1,0.986842105263158
Data_LLbetween_0100_LH_075_noise_050pct_rep_03,Full_HG,50,3,0.0208387488819773,76,75,1,0,0.986842105263158,1,0.993377483443709
Data_LLbetween_0100_LH_075_noise_050pct_rep_03,Full_HG,50,3,0.0221411706871009,75,75,0,0,1,1,1
Data_LLbetween_0100_LH_075_noise_050pct_rep_03,Full_HG,50,3,0.0234435924922244,75,75,0,0,1,1,1
Data_LLbetween_0100_LH_075_noise_050pct_rep_03,Full_HG,50,3,0.024746014297348,75,75,0,0,1,1,1
Data_LLbetween_0100_LH_075_noise_050pct_rep_03,Full_HG,50,3,0.0260484361024716,75,75,0,0,1,1,1
Data_LLbetween_0100_LH_075_noise_050pct_rep_03,Full_HG,50,3,0.0273508579075952,75,75,0,0,1,1,1
Data_LLbetween_0100_LH_075_noise_050pct_rep_03,Full_HG,50,3,0.0286532797127187,75,75,0,0,1,1,1
Data_LLbetween_0100_LH_075_noise_050pct_rep_03,Full_HG,50,3,0.0299557015178423,75,75,0,0,1,1,1
Data_LLbetween_0100_LH_075_noise_050pct_rep_03,Full_HG,50,3,0.0312581233229659,75,75,0,0,1,1,1
Data_LLbetween_0100_LH_075_noise_050pct_rep_03,Full_HG,50,3,0.0325605451280895,75,75,0,0,1,1,1
Data_LLbetween_0100_LH_075_noise_050pct_rep_03,Full_HG,50,3,0.0338629669332131,75,75,0,0,1,1,1
Data_LLbetween_0100_LH_075_noise_050pct_rep_03,Full_HG,50,3,0.0351653887383366,75,75,0,0,1,1,1
Data_LLbetween_0100_LH_075_noise_050pct_rep_03,Full_HG,50,3,0.0364678105434602,75,75,0,0,1,1,1
Data_LLbetween_0100_LH_075_noise_050pct_rep_03,Full_HG,50,3,0.0377702323485838,75,75,0,0,1,1,1
Data_LLbetween_0100_LH_075_noise_050pct_rep_03,Full_HG,50,3,0.0390726541537074,75,75,0,0,1,1,1
Data_LLbetween_0100_LH_075_noise_050pct_rep_03,Full_HG,50,3,0.040375075958831,75,75,0,0,1,1,1
Data_LLbetween_0100_LH_075_noise_050pct_rep_03,Full_HG,50,3,0.0416774977639545,75,75,0,0,1,1,1
Data_LLbetween_0100_LH_075_noise_050pct_rep_03,Full_HG,50,3,0.0429799195690781,75,75,0,0,1,1,1
Data_LLbetween_0100_LH_075_noise_050pct_rep_03,Full_HG,50,3,0.0442823413742017,75,75,0,0,1,1,1
Data_LLbetween_0100_LH_075_noise_050pct_rep_03,Full_HG,50,3,0.0455847631793253,75,75,0,0,1,1,1
Data_LLbetween_0100_LH_075_noise_050pct_rep_03,Full_HG,50,3,0.0468871849844489,75,75,0,0,1,1,1
Data_LLbetween_0100_LH_075_noise_050pct_rep_03,Full_HG,50,3,0.0481896067895724,75,75,0,0,1,1,1
Data_LLbetween_0100_LH_075_noise_050pct_rep_03,Full_HG,50,3,0.049492028594696,75,75,0,0,1,1,1
Data_LLbetween_0100_LH_075_noise_050pct_rep_03,Full_HG,50,3,0.0507944503998196,75,75,0,0,1,1,1
Data_LLbetween_0100_LH_075_noise_050pct_rep_03,Full_HG,50,3,0.0520968722049432,75,75,0,0,1,1,1
Data_LLbetween_0100_LH_075_noise_050pct_rep_03,Full_HG,50,3,0.0533992940100668,75,75,0,0,1,1,1
Data_LLbetween_0100_LH_075_noise_050pct_rep_03,Full_HG,50,3,0.0547017158151903,75,75,0,0,1,1,1
Data_LLbetween_0100_LH_075_noise_050pct_rep_03,Full_HG,50,3,0.0560041376203139,75,75,0,0,1,1,1
Data_LLbetween_0100_LH_075_noise_050pct_rep_03,Full_HG,50,3,0.0573065594254375,75,75,0,0,1,1,1
Data_LLbetween_0100_LH_075_noise_050pct_rep_03,Full_HG,50,3,0.0586089812305611,75,75,0,0,1,1,1
Data_LLbetween_0100_LH_075_noise_050pct_rep_03,Full_HG,50,3,0.0599114030356847,75,75,0,0,1,1,1
Data_LLbetween_0100_LH_075_noise_050pct_rep_03,Full_HG,50,3,0.0612138248408082,75,75,0,0,1,1,1
Data_LLbetween_0100_LH_075_noise_050pct_rep_03,Full_HG,50,3,0.0625162466459318,75,75,0,0,1,1,1
Data_LLbetween_0100_LH_075_noise_050pct_rep_03,Full_HG,50,3,0.0638186684510554,75,75,0,0,1,1,1
Data_LLbetween_0100_LH_075_noise_050pct_rep_03,Full_HG,50,3,0.065121090256179,75,75,0,0,1,1,1
Data_LLbetween_0100_LH_075_noise_050pct_rep_03,Full_HG,50,3,0.0664235120613026,75,75,0,0,1,1,1
Data_LLbetween_0100_LH_075_noise_050pct_rep_03,Full_HG,50,3,0.0677259338664261,75,75,0,0,1,1,1
Data_LLbetween_0100_LH_075_noise_050pct_rep_03,Full_HG,50,3,0.0690283556715497,75,75,0,0,1,1,1
Data_LLbetween_0100_LH_075_noise_050pct_rep_03,Full_HG,50,3,0.0703307774766733,75,75,0,0,1,1,1
Data_LLbetween_0100_LH_075_noise_050pct_rep_03,Full_HG,50,3,0.0716331992817969,75,75,0,0,1,1,1
Data_LLbetween_0100_LH_075_noise_050pct_rep_03,Full_HG,50,3,0.0729356210869204,75,75,0,0,1,1,1
Data_LLbetween_0100_LH_075_noise_050pct_rep_03,Full_HG,50,3,0.074238042892044,75,75,0,0,1,1,1
Data_LLbetween_0100_LH_075_noise_050pct_rep_03,Full_HG,50,3,0.0755404646971676,75,75,0,0,1,1,1
Data_LLbetween_0100_LH_075_noise_050pct_rep_03,Full_HG,50,3,0.0768428865022912,75,75,0,0,1,1,1
Data_LLbetween_0100_LH_075_noise_050pct_rep_03,Full_HG,50,3,0.0781453083074148,75,75,0,0,1,1,1
Data_LLbetween_0100_LH_075_noise_050pct_rep_03,Full_HG,50,3,0.0794477301125383,75,75,0,0,1,1,1
Data_LLbetween_0100_LH_075_noise_050pct_rep_03,Full_HG,50,3,0.0807501519176619,75,75,0,0,1,1,1
Data_LLbetween_0100_LH_075_noise_050pct_rep_03,Full_HG,50,3,0.0820525737227855,75,75,0,0,1,1,1
Data_LLbetween_0100_LH_075_noise_050pct_rep_03,Full_HG,50,3,0.0833549955279091,75,75,0,0,1,1,1
Data_LLbetween_0100_LH_075_noise_050pct_rep_03,Full_HG,50,3,0.0846574173330327,75,75,0,0,1,1,1
Data_LLbetween_0100_LH_075_noise_050pct_rep_03,Full_HG,50,3,0.0859598391381562,75,75,0,0,1,1,1
Data_LLbetween_0100_LH_075_noise_050pct_rep_03,Full_HG,50,3,0.0872622609432798,75,75,0,0,1,1,1
Data_LLbetween_0100_LH_075_noise_050pct_rep_03,Full_HG,50,3,0.0885646827484034,75,75,0,0,1,1,1
Data_LLbetween_0100_LH_075_noise_050pct_rep_03,Full_HG,50,3,0.089867104553527,75,75,0,0,1,1,1
Data_LLbetween_0100_LH_075_noise_050pct_rep_03,Full_HG,50,3,0.0911695263586506,75,75,0,0,1,1,1
Data_LLbetween_0100_LH_075_noise_050pct_rep_03,Full_HG,50,3,0.0924719481637741,75,75,0,0,1,1,1
Data_LLbetween_0100_LH_075_noise_050pct_rep_03,Full_HG,50,3,0.0937743699688977,75,75,0,0,1,1,1
Data_LLbetween_0100_LH_075_noise_050pct_rep_03,Full_HG,50,3,0.0950767917740213,75,75,0,0,1,1,1
Data_LLbetween_0100_LH_075_noise_050pct_rep_03,Full_HG,50,3,0.0963792135791449,75,75,0,0,1,1,1
Data_LLbetween_0100_LH_075_noise_050pct_rep_03,Full_HG,50,3,0.0976816353842685,75,75,0,0,1,1,1
Data_LLbetween_0100_LH_075_noise_050pct_rep_03,Full_HG,50,3,0.098984057189392,75,75,0,0,1,1,1
Data_LLbetween_0100_LH_075_noise_050pct_rep_03,Full_HG,50,3,0.100286478994516,75,75,0,0,1,1,1
Data_LLbetween_0100_LH_075_noise_050pct_rep_03,Full_HG,50,3,0.101588900799639,75,75,0,0,1,1,1
Data_LLbetween_0100_LH_075_noise_050pct_rep_03,Full_HG,50,3,0.102891322604763,75,75,0,0,1,1,1
Data_LLbetween_0100_LH_075_noise_050pct_rep_03,Full_HG,50,3,0.104193744409886,75,75,0,0,1,1,1
Data_LLbetween_0100_LH_075_noise_050pct_rep_03,Full_HG,50,3,0.10549616621501,75,75,0,0,1,1,1
Data_LLbetween_0100_LH_075_noise_050pct_rep_03,Full_HG,50,3,0.106798588020134,75,75,0,0,1,1,1
Data_LLbetween_0100_LH_075_noise_050pct_rep_03,Full_HG,50,3,0.108101009825257,75,75,0,0,1,1,1
Data_LLbetween_0100_LH_075_noise_050pct_rep_03,Full_HG,50,3,0.109403431630381,75,75,0,0,1,1,1
Data_LLbetween_0100_LH_075_noise_050pct_rep_03,Full_HG,50,3,0.110705853435504,75,75,0,0,1,1,1
Data_LLbetween_0100_LH_075_noise_050pct_rep_03,Full_HG,50,3,0.112008275240628,75,75,0,0,1,1,1
Data_LLbetween_0100_LH_075_noise_050pct_rep_03,Full_HG,50,3,0.113310697045751,75,75,0,0,1,1,1
Data_LLbetween_0100_LH_075_noise_050pct_rep_03,Full_HG,50,3,0.114613118850875,75,75,0,0,1,1,1
Data_LLbetween_0100_LH_075_noise_050pct_rep_03,Full_HG,50,3,0.115915540655999,75,75,0,0,1,1,1
Data_LLbetween_0100_LH_075_noise_050pct_rep_03,Full_HG,50,3,0.117217962461122,75,75,0,0,1,1,1
Data_LLbetween_0100_LH_075_noise_050pct_rep_03,Full_HG,50,3,0.118520384266246,75,75,0,0,1,1,1
Data_LLbetween_0100_LH_075_noise_050pct_rep_03,Full_HG,50,3,0.119822806071369,75,75,0,0,1,1,1
Data_LLbetween_0100_LH_075_noise_050pct_rep_03,Full_HG,50,3,0.121125227876493,75,75,0,0,1,1,1
Data_LLbetween_0100_LH_075_noise_050pct_rep_03,Full_HG,50,3,0.122427649681616,75,75,0,0,1,1,1
Data_LLbetween_0100_LH_075_noise_050pct_rep_03,Full_HG,50,3,0.12373007148674,75,75,0,0,1,1,1
Data_LLbetween_0100_LH_075_noise_050pct_rep_03,Full_HG,50,3,0.125032493291864,75,75,0,0,1,1,1
Data_LLbetween_0100_LH_075_noise_050pct_rep_03,Full_HG,50,3,0.126334915096987,75,75,0,0,1,1,1
Data_LLbetween_0100_LH_075_noise_050pct_rep_03,Full_HG,50,3,0.127637336902111,75,75,0,0,1,1,1
Data_LLbetween_0100_LH_075_noise_050pct_rep_03,Full_HG,50,3,0.128939758707234,75,75,0,0,1,1,1
Data_LLbetween_0100_LH_075_noise_050pct_rep_03,Full_HG,50,3,0.130242180512358,75,75,0,0,1,1,1
Data_LLbetween_0100_LH_075_noise_050pct_rep_03,Full_HG,50,3,0.131544602317482,75,75,0,0,1,1,1
Data_LLbetween_0100_LH_075_noise_050pct_rep_03,Full_HG,50,3,0.132847024122605,75,75,0,0,1,1,1
Data_LLbetween_0100_LH_075_noise_050pct_rep_03,Full_HG,50,3,0.134149445927729,75,75,0,0,1,1,1
Data_LLbetween_0100_LH_075_noise_050pct_rep_03,Full_HG,50,3,0.135451867732852,75,75,0,0,1,1,1
Data_LLbetween_0100_LH_075_noise_050pct_rep_03,Full_HG,50,3,0.136754289537976,75,75,0,0,1,1,1
Data_LLbetween_0100_LH_075_noise_050pct_rep_03,Full_HG,50,3,0.138056711343099,75,75,0,0,1,1,1
Data_LLbetween_0100_LH_075_noise_050pct_rep_03,Full_HG,50,3,0.139359133148223,75,75,0,0,1,1,1
Data_LLbetween_0100_LH_075_noise_050pct_rep_03,Full_HG,50,3,0.140661554953347,75,75,0,0,1,1,1
Data_LLbetween_0100_LH_075_noise_050pct_rep_03,Full_HG,50,3,0.14196397675847,75,75,0,0,1,1,1
Data_LLbetween_0100_LH_075_noise_050pct_rep_03,Full_HG,50,3,0.143266398563594,75,75,0,0,1,1,1
Data_LLbetween_0100_LH_075_noise_050pct_rep_03,Full_HG,50,3,0.144568820368717,75,75,0,0,1,1,1
Data_LLbetween_0100_LH_075_noise_050pct_rep_03,Full_HG,50,3,0.145871242173841,75,75,0,0,1,1,1
Data_LLbetween_0100_LH_075_noise_050pct_rep_03,Full_HG,50,3,0.147173663978964,75,75,0,0,1,1,1
Data_LLbetween_0100_LH_075_noise_050pct_rep_03,Full_HG,50,3,0.148476085784088,75,75,0,0,1,1,1
Data_LLbetween_0100_LH_075_noise_050pct_rep_03,Full_HG,50,3,0.149778507589212,75,75,0,0,1,1,1
Data_LLbetween_0100_LH_075_noise_050pct_rep_03,Full_HG,50,3,0.151080929394335,75,75,0,0,1,1,1
Data_LLbetween_0100_LH_075_noise_050pct_rep_03,Full_HG,50,3,0.152383351199459,75,75,0,0,1,1,1
Data_LLbetween_0100_LH_075_noise_050pct_rep_03,Full_HG,50,3,0.153685773004582,75,75,0,0,1,1,1
Data_LLbetween_0100_LH_075_noise_050pct_rep_03,Full_HG,50,3,0.154988194809706,75,75,0,0,1,1,1
Data_LLbetween_0100_LH_075_noise_050pct_rep_03,Full_HG,50,3,0.15629061661483,75,75,0,0,1,1,1
Data_LLbetween_0100_LH_075_noise_050pct_rep_03,Full_HG,50,3,0.157593038419953,75,75,0,0,1,1,1
Data_LLbetween_0100_LH_075_noise_050pct_rep_03,Full_HG,50,3,0.158895460225077,75,75,0,0,1,1,1
Data_LLbetween_0100_LH_075_noise_050pct_rep_03,Full_HG,50,3,0.1601978820302,75,75,0,0,1,1,1
Data_LLbetween_0100_LH_075_noise_050pct_rep_03,Full_HG,50,3,0.161500303835324,75,75,0,0,1,1,1
Data_LLbetween_0100_LH_075_noise_050pct_rep_03,Full_HG,50,3,0.162802725640447,75,75,0,0,1,1,1
Data_LLbetween_0100_LH_075_noise_050pct_rep_03,Full_HG,50,3,0.164105147445571,75,75,0,0,1,1,1
Data_LLbetween_0100_LH_075_noise_050pct_rep_03,Full_HG,50,3,0.165407569250695,75,75,0,0,1,1,1
Data_LLbetween_0100_LH_075_noise_050pct_rep_03,Full_HG,50,3,0.166709991055818,75,75,0,0,1,1,1
Data_LLbetween_0100_LH_075_noise_050pct_rep_03,Full_HG,50,3,0.168012412860942,75,75,0,0,1,1,1
Data_LLbetween_0100_LH_075_noise_050pct_rep_03,Full_HG,50,3,0.169314834666065,75,75,0,0,1,1,1
Data_LLbetween_0100_LH_075_noise_050pct_rep_03,Full_HG,50,3,0.170617256471189,75,75,0,0,1,1,1
Data_LLbetween_0100_LH_075_noise_050pct_rep_03,Full_HG,50,3,0.171919678276312,75,75,0,0,1,1,1
Data_LLbetween_0100_LH_075_noise_050pct_rep_03,Full_HG,50,3,0.173222100081436,75,75,0,0,1,1,1
Data_LLbetween_0100_LH_075_noise_050pct_rep_03,Full_HG,50,3,0.17452452188656,75,75,0,0,1,1,1
Data_LLbetween_0100_LH_075_noise_050pct_rep_03,Full_HG,50,3,0.175826943691683,75,75,0,0,1,1,1
Data_LLbetween_0100_LH_075_noise_050pct_rep_03,Full_HG,50,3,0.177129365496807,75,75,0,0,1,1,1
Data_LLbetween_0100_LH_075_noise_050pct_rep_03,Full_HG,50,3,0.17843178730193,75,75,0,0,1,1,1
Data_LLbetween_0100_LH_075_noise_050pct_rep_03,Full_HG,50,3,0.179734209107054,75,75,0,0,1,1,1
Data_LLbetween_0100_LH_075_noise_050pct_rep_03,Full_HG,50,3,0.181036630912178,75,75,0,0,1,1,1
Data_LLbetween_0100_LH_075_noise_050pct_rep_03,Full_HG,50,3,0.182339052717301,75,75,0,0,1,1,1
Data_LLbetween_0100_LH_075_noise_050pct_rep_03,Full_HG,50,3,0.183641474522425,75,75,0,0,1,1,1
Data_LLbetween_0100_LH_075_noise_050pct_rep_03,Full_HG,50,3,0.184943896327548,75,75,0,0,1,1,1
Data_LLbetween_0100_LH_075_noise_050pct_rep_03,Full_HG,50,3,0.186246318132672,75,75,0,0,1,1,1
Data_LLbetween_0100_LH_075_noise_050pct_rep_03,Full_HG,50,3,0.187548739937795,75,75,0,0,1,1,1
Data_LLbetween_0100_LH_075_noise_050pct_rep_03,Full_HG,50,3,0.188851161742919,75,75,0,0,1,1,1
Data_LLbetween_0100_LH_075_noise_050pct_rep_03,Full_HG,50,3,0.190153583548043,75,75,0,0,1,1,1
Data_LLbetween_0100_LH_075_noise_050pct_rep_03,Full_HG,50,3,0.191456005353166,75,75,0,0,1,1,1
Data_LLbetween_0100_LH_075_noise_050pct_rep_03,Full_HG,50,3,0.19275842715829,75,75,0,0,1,1,1
Data_LLbetween_0100_LH_075_noise_050pct_rep_03,Full_HG,50,3,0.194060848963413,75,75,0,0,1,1,1
Data_LLbetween_0100_LH_075_noise_050pct_rep_03,Full_HG,50,3,0.195363270768537,75,75,0,0,1,1,1
Data_LLbetween_0100_LH_075_noise_050pct_rep_03,Full_HG,50,3,0.19666569257366,75,75,0,0,1,1,1
Data_LLbetween_0100_LH_075_noise_050pct_rep_03,Full_HG,50,3,0.197968114378784,75,75,0,0,1,1,1
Data_LLbetween_0100_LH_075_noise_050pct_rep_03,Full_HG,50,3,0.199270536183908,75,75,0,0,1,1,1
Data_LLbetween_0100_LH_075_noise_050pct_rep_03,Full_HG,50,3,0.200572957989031,74,74,0,1,1,0.986666666666667,0.993288590604027
Data_LLbetween_0100_LH_075_noise_050pct_rep_03,Full_HG,50,3,0.201875379794155,74,74,0,1,1,0.986666666666667,0.993288590604027
Data_LLbetween_0100_LH_075_noise_050pct_rep_03,Full_HG,50,3,0.203177801599278,74,74,0,1,1,0.986666666666667,0.993288590604027
Data_LLbetween_0100_LH_075_noise_050pct_rep_03,Full_HG,50,3,0.204480223404402,74,74,0,1,1,0.986666666666667,0.993288590604027
Data_LLbetween_0100_LH_075_noise_050pct_rep_03,Full_HG,50,3,0.205782645209526,74,74,0,1,1,0.986666666666667,0.993288590604027
Data_LLbetween_0100_LH_075_noise_050pct_rep_03,Full_HG,50,3,0.207085067014649,74,74,0,1,1,0.986666666666667,0.993288590604027
Data_LLbetween_0100_LH_075_noise_050pct_rep_03,Full_HG,50,3,0.208387488819773,74,74,0,1,1,0.986666666666667,0.993288590604027
Data_LLbetween_0100_LH_075_noise_050pct_rep_03,Full_HG,50,3,0.209689910624896,73,73,0,2,1,0.973333333333333,0.986486486486487
Data_LLbetween_0100_LH_075_noise_050pct_rep_03,Full_HG,50,3,0.21099233243002,73,73,0,2,1,0.973333333333333,0.986486486486487
Data_LLbetween_0100_LH_075_noise_050pct_rep_03,Full_HG,50,3,0.212294754235143,73,73,0,2,1,0.973333333333333,0.986486486486487
Data_LLbetween_0100_LH_075_noise_050pct_rep_03,Full_HG,50,3,0.213597176040267,73,73,0,2,1,0.973333333333333,0.986486486486487
Data_LLbetween_0100_LH_075_noise_050pct_rep_03,Full_HG,50,3,0.214899597845391,73,73,0,2,1,0.973333333333333,0.986486486486487
Data_LLbetween_0100_LH_075_noise_050pct_rep_03,Full_HG,50,3,0.216202019650514,72,72,0,3,1,0.96,0.979591836734694
Data_LLbetween_0100_LH_075_noise_050pct_rep_03,Full_HG,50,3,0.217504441455638,72,72,0,3,1,0.96,0.979591836734694
Data_LLbetween_0100_LH_075_noise_050pct_rep_03,Full_HG,50,3,0.218806863260761,71,71,0,4,1,0.946666666666667,0.972602739726027
Data_LLbetween_0100_LH_075_noise_050pct_rep_03,Full_HG,50,3,0.220109285065885,71,71,0,4,1,0.946666666666667,0.972602739726027
Data_LLbetween_0100_LH_075_noise_050pct_rep_03,Full_HG,50,3,0.221411706871009,71,71,0,4,1,0.946666666666667,0.972602739726027
Data_LLbetween_0100_LH_075_noise_050pct_rep_03,Full_HG,50,3,0.222714128676132,71,71,0,4,1,0.946666666666667,0.972602739726027
Data_LLbetween_0100_LH_075_noise_050pct_rep_03,Full_HG,50,3,0.224016550481256,69,69,0,6,1,0.92,0.958333333333333
Data_LLbetween_0100_LH_075_noise_050pct_rep_03,Full_HG,50,3,0.225318972286379,69,69,0,6,1,0.92,0.958333333333333
Data_LLbetween_0100_LH_075_noise_050pct_rep_03,Full_HG,50,3,0.226621394091503,69,69,0,6,1,0.92,0.958333333333333
Data_LLbetween_0100_LH_075_noise_050pct_rep_03,Full_HG,50,3,0.227923815896626,69,69,0,6,1,0.92,0.958333333333333
Data_LLbetween_0100_LH_075_noise_050pct_rep_03,Full_HG,50,3,0.22922623770175,69,69,0,6,1,0.92,0.958333333333333
Data_LLbetween_0100_LH_075_noise_050pct_rep_03,Full_HG,50,3,0.230528659506874,69,69,0,6,1,0.92,0.958333333333333
Data_LLbetween_0100_LH_075_noise_050pct_rep_03,Full_HG,50,3,0.231831081311997,69,69,0,6,1,0.92,0.958333333333333
Data_LLbetween_0100_LH_075_noise_050pct_rep_03,Full_HG,50,3,0.233133503117121,68,68,0,7,1,0.906666666666667,0.951048951048951
Data_LLbetween_0100_LH_075_noise_050pct_rep_03,Full_HG,50,3,0.234435924922244,68,68,0,7,1,0.906666666666667,0.951048951048951
Data_LLbetween_0100_LH_075_noise_050pct_rep_03,Full_HG,50,3,0.235738346727368,67,67,0,8,1,0.893333333333333,0.943661971830986
Data_LLbetween_0100_LH_075_noise_050pct_rep_03,Full_HG,50,3,0.237040768532491,67,67,0,8,1,0.893333333333333,0.943661971830986
Data_LLbetween_0100_LH_075_noise_050pct_rep_03,Full_HG,50,3,0.238343190337615,67,67,0,8,1,0.893333333333333,0.943661971830986
Data_LLbetween_0100_LH_075_noise_050pct_rep_03,Full_HG,50,3,0.239645612142739,66,66,0,9,1,0.88,0.936170212765957
Data_LLbetween_0100_LH_075_noise_050pct_rep_03,Full_HG,50,3,0.240948033947862,66,66,0,9,1,0.88,0.936170212765957
Data_LLbetween_0100_LH_075_noise_050pct_rep_03,Full_HG,50,3,0.242250455752986,65,65,0,10,1,0.866666666666667,0.928571428571429
Data_LLbetween_0100_LH_075_noise_050pct_rep_03,Full_HG,50,3,0.243552877558109,65,65,0,10,1,0.866666666666667,0.928571428571429
Data_LLbetween_0100_LH_075_noise_050pct_rep_03,Full_HG,50,3,0.244855299363233,64,64,0,11,1,0.853333333333333,0.920863309352518
Data_LLbetween_0100_LH_075_noise_050pct_rep_03,Full_HG,50,3,0.246157721168356,64,64,0,11,1,0.853333333333333,0.920863309352518
Data_LLbetween_0100_LH_075_noise_050pct_rep_03,Full_HG,50,3,0.24746014297348,63,63,0,12,1,0.84,0.91304347826087
Data_LLbetween_0100_LH_075_noise_050pct_rep_03,Full_HG,50,3,0.248762564778604,63,63,0,12,1,0.84,0.91304347826087
Data_LLbetween_0100_LH_075_noise_050pct_rep_03,Full_HG,50,3,0.250064986583727,61,61,0,14,1,0.813333333333333,0.897058823529412
Data_LLbetween_0100_LH_075_noise_050pct_rep_03,Full_HG,50,3,0.251367408388851,61,61,0,14,1,0.813333333333333,0.897058823529412
Data_LLbetween_0100_LH_075_noise_050pct_rep_03,Full_HG,50,3,0.252669830193974,60,60,0,15,1,0.8,0.888888888888889
Data_LLbetween_0100_LH_075_noise_050pct_rep_03,Full_HG,50,3,0.253972251999098,59,59,0,16,1,0.786666666666667,0.880597014925373
Data_LLbetween_0100_LH_075_noise_050pct_rep_03,Full_HG,50,3,0.255274673804222,59,59,0,16,1,0.786666666666667,0.880597014925373
Data_LLbetween_0100_LH_075_noise_050pct_rep_03,Full_HG,50,3,0.256577095609345,59,59,0,16,1,0.786666666666667,0.880597014925373
Data_LLbetween_0100_LH_075_noise_050pct_rep_03,Full_HG,50,3,0.257879517414469,58,58,0,17,1,0.773333333333333,0.87218045112782
Data_LLbetween_0100_LH_075_noise_050pct_rep_03,Full_HG,50,3,0.259181939219592,58,58,0,17,1,0.773333333333333,0.87218045112782
Data_LLbetween_0100_LH_075_noise_050pct_rep_03,Full_HG,50,3,0.260484361024716,57,57,0,18,1,0.76,0.863636363636364
Data_LLbetween_0100_LH_075_noise_050pct_rep_03,Full_HG,50,3,0.261786782829839,57,57,0,18,1,0.76,0.863636363636364
Data_LLbetween_0100_LH_075_noise_050pct_rep_03,Full_HG,50,3,0.263089204634963,55,55,0,20,1,0.733333333333333,0.846153846153846
Data_LLbetween_0100_LH_075_noise_050pct_rep_03,Full_HG,50,3,0.264391626440087,55,55,0,20,1,0.733333333333333,0.846153846153846
Data_LLbetween_0100_LH_075_noise_050pct_rep_03,Full_HG,50,3,0.26569404824521,55,55,0,20,1,0.733333333333333,0.846153846153846
Data_LLbetween_0100_LH_075_noise_050pct_rep_03,Full_HG,50,3,0.266996470050334,55,55,0,20,1,0.733333333333333,0.846153846153846
Data_LLbetween_0100_LH_075_noise_050pct_rep_03,Full_HG,50,3,0.268298891855457,55,55,0,20,1,0.733333333333333,0.846153846153846
Data_LLbetween_0100_LH_075_noise_050pct_rep_03,Full_HG,50,3,0.269601313660581,53,53,0,22,1,0.706666666666667,0.828125
Data_LLbetween_0100_LH_075_noise_050pct_rep_03,Full_HG,50,3,0.270903735465705,53,53,0,22,1,0.706666666666667,0.828125
Data_LLbetween_0100_LH_075_noise_050pct_rep_03,Full_HG,50,3,0.272206157270828,53,53,0,22,1,0.706666666666667,0.828125
Data_LLbetween_0100_LH_075_noise_050pct_rep_03,Full_HG,50,3,0.273508579075952,53,53,0,22,1,0.706666666666667,0.828125
Data_LLbetween_0100_LH_075_noise_050pct_rep_03,Full_HG,50,3,0.274811000881075,52,52,0,23,1,0.693333333333333,0.818897637795276
Data_LLbetween_0100_LH_075_noise_050pct_rep_03,Full_HG,50,3,0.276113422686199,50,50,0,25,1,0.666666666666667,0.8
Data_LLbetween_0100_LH_075_noise_050pct_rep_03,Full_HG,50,3,0.277415844491322,49,49,0,26,1,0.653333333333333,0.790322580645161
Data_LLbetween_0100_LH_075_noise_050pct_rep_03,Full_HG,50,3,0.278718266296446,48,48,0,27,1,0.64,0.780487804878049
Data_LLbetween_0100_LH_075_noise_050pct_rep_03,Full_HG,50,3,0.28002068810157,47,47,0,28,1,0.626666666666667,0.770491803278689
Data_LLbetween_0100_LH_075_noise_050pct_rep_03,Full_HG,50,3,0.281323109906693,45,45,0,30,1,0.6,0.75
Data_LLbetween_0100_LH_075_noise_050pct_rep_03,Full_HG,50,3,0.282625531711817,44,44,0,31,1,0.586666666666667,0.739495798319328
Data_LLbetween_0100_LH_075_noise_050pct_rep_03,Full_HG,50,3,0.28392795351694,44,44,0,31,1,0.586666666666667,0.739495798319328
Data_LLbetween_0100_LH_075_noise_050pct_rep_03,Full_HG,50,3,0.285230375322064,43,43,0,32,1,0.573333333333333,0.728813559322034
Data_LLbetween_0100_LH_075_noise_050pct_rep_03,Full_HG,50,3,0.286532797127187,42,42,0,33,1,0.56,0.717948717948718
Data_LLbetween_0100_LH_075_noise_050pct_rep_03,Full_HG,50,3,0.287835218932311,41,41,0,34,1,0.546666666666667,0.706896551724138
Data_LLbetween_0100_LH_075_noise_050pct_rep_03,Full_HG,50,3,0.289137640737435,40,40,0,35,1,0.533333333333333,0.695652173913044
Data_LLbetween_0100_LH_075_noise_050pct_rep_03,Full_HG,50,3,0.290440062542558,40,40,0,35,1,0.533333333333333,0.695652173913044
Data_LLbetween_0100_LH_075_noise_050pct_rep_03,Full_HG,50,3,0.291742484347682,39,39,0,36,1,0.52,0.684210526315789
Data_LLbetween_0100_LH_075_noise_050pct_rep_03,Full_HG,50,3,0.293044906152805,38,38,0,37,1,0.506666666666667,0.672566371681416
Data_LLbetween_0100_LH_075_noise_050pct_rep_03,Full_HG,50,3,0.294347327957929,37,37,0,38,1,0.493333333333333,0.660714285714286
Data_LLbetween_0100_LH_075_noise_050pct_rep_03,Full_HG,50,3,0.295649749763053,36,36,0,39,1,0.48,0.648648648648649
Data_LLbetween_0100_LH_075_noise_050pct_rep_03,Full_HG,50,3,0.296952171568176,35,35,0,40,1,0.466666666666667,0.636363636363636
Data_LLbetween_0100_LH_075_noise_050pct_rep_03,Full_HG,50,3,0.2982545933733,34,34,0,41,1,0.453333333333333,0.623853211009174
Data_LLbetween_0100_LH_075_noise_050pct_rep_03,Full_HG,50,3,0.299557015178423,34,34,0,41,1,0.453333333333333,0.623853211009174
Data_LLbetween_0100_LH_075_noise_050pct_rep_03,Full_HG,50,3,0.300859436983547,33,33,0,42,1,0.44,0.611111111111111
Data_LLbetween_0100_LH_075_noise_050pct_rep_03,Full_HG,50,3,0.30216185878867,32,32,0,43,1,0.426666666666667,0.598130841121495
Data_LLbetween_0100_LH_075_noise_050pct_rep_03,Full_HG,50,3,0.303464280593794,32,32,0,43,1,0.426666666666667,0.598130841121495
Data_LLbetween_0100_LH_075_noise_050pct_rep_03,Full_HG,50,3,0.304766702398918,32,32,0,43,1,0.426666666666667,0.598130841121495
Data_LLbetween_0100_LH_075_noise_050pct_rep_03,Full_HG,50,3,0.306069124204041,32,32,0,43,1,0.426666666666667,0.598130841121495
Data_LLbetween_0100_LH_075_noise_050pct_rep_03,Full_HG,50,3,0.307371546009165,31,31,0,44,1,0.413333333333333,0.584905660377358
Data_LLbetween_0100_LH_075_noise_050pct_rep_03,Full_HG,50,3,0.308673967814288,31,31,0,44,1,0.413333333333333,0.584905660377358
Data_LLbetween_0100_LH_075_noise_050pct_rep_03,Full_HG,50,3,0.309976389619412,31,31,0,44,1,0.413333333333333,0.584905660377358
Data_LLbetween_0100_LH_075_noise_050pct_rep_03,Full_HG,50,3,0.311278811424536,27,27,0,48,1,0.36,0.529411764705882
Data_LLbetween_0100_LH_075_noise_050pct_rep_03,Full_HG,50,3,0.312581233229659,27,27,0,48,1,0.36,0.529411764705882
Data_LLbetween_0100_LH_075_noise_050pct_rep_03,Full_HG,50,3,0.313883655034783,27,27,0,48,1,0.36,0.529411764705882
Data_LLbetween_0100_LH_075_noise_050pct_rep_03,Full_HG,50,3,0.315186076839906,27,27,0,48,1,0.36,0.529411764705882
Data_LLbetween_0100_LH_075_noise_050pct_rep_03,Full_HG,50,3,0.31648849864503,25,25,0,50,1,0.333333333333333,0.5
Data_LLbetween_0100_LH_075_noise_050pct_rep_03,Full_HG,50,3,0.317790920450153,25,25,0,50,1,0.333333333333333,0.5
Data_LLbetween_0100_LH_075_noise_050pct_rep_03,Full_HG,50,3,0.319093342255277,24,24,0,51,1,0.32,0.484848484848485
Data_LLbetween_0100_LH_075_noise_050pct_rep_03,Full_HG,50,3,0.320395764060401,23,23,0,52,1,0.306666666666667,0.469387755102041
Data_LLbetween_0100_LH_075_noise_050pct_rep_03,Full_HG,50,3,0.321698185865524,23,23,0,52,1,0.306666666666667,0.469387755102041
Data_LLbetween_0100_LH_075_noise_050pct_rep_03,Full_HG,50,3,0.323000607670648,23,23,0,52,1,0.306666666666667,0.469387755102041
Data_LLbetween_0100_LH_075_noise_050pct_rep_03,Full_HG,50,3,0.324303029475771,23,23,0,52,1,0.306666666666667,0.469387755102041
Data_LLbetween_0100_LH_075_noise_050pct_rep_03,Full_HG,50,3,0.325605451280895,23,23,0,52,1,0.306666666666667,0.469387755102041
Data_LLbetween_0100_LH_075_noise_050pct_rep_03,Full_HG,50,3,0.326907873086018,22,22,0,53,1,0.293333333333333,0.45360824742268
Data_LLbetween_0100_LH_075_noise_050pct_rep_03,Full_HG,50,3,0.328210294891142,21,21,0,54,1,0.28,0.4375
Data_LLbetween_0100_LH_075_noise_050pct_rep_03,Full_HG,50,3,0.329512716696266,21,21,0,54,1,0.28,0.4375
Data_LLbetween_0100_LH_075_noise_050pct_rep_03,Full_HG,50,3,0.330815138501389,19,19,0,56,1,0.253333333333333,0.404255319148936
Data_LLbetween_0100_LH_075_noise_050pct_rep_03,Full_HG,50,3,0.332117560306513,18,18,0,57,1,0.24,0.387096774193548
Data_LLbetween_0100_LH_075_noise_050pct_rep_03,Full_HG,50,3,0.333419982111636,18,18,0,57,1,0.24,0.387096774193548
Data_LLbetween_0100_LH_075_noise_050pct_rep_03,Full_HG,50,3,0.33472240391676,18,18,0,57,1,0.24,0.387096774193548
Data_LLbetween_0100_LH_075_noise_050pct_rep_03,Full_HG,50,3,0.336024825721884,14,14,0,61,1,0.186666666666667,0.314606741573034
Data_LLbetween_0100_LH_075_noise_050pct_rep_03,Full_HG,50,3,0.337327247527007,14,14,0,61,1,0.186666666666667,0.314606741573034
Data_LLbetween_0100_LH_075_noise_050pct_rep_03,Full_HG,50,3,0.338629669332131,14,14,0,61,1,0.186666666666667,0.314606741573034
Data_LLbetween_0100_LH_075_noise_050pct_rep_03,Full_HG,50,3,0.339932091137254,14,14,0,61,1,0.186666666666667,0.314606741573034
Data_LLbetween_0100_LH_075_noise_050pct_rep_03,Full_HG,50,3,0.341234512942378,14,14,0,61,1,0.186666666666667,0.314606741573034
Data_LLbetween_0100_LH_075_noise_050pct_rep_03,Full_HG,50,3,0.342536934747501,13,13,0,62,1,0.173333333333333,0.295454545454545
Data_LLbetween_0100_LH_075_noise_050pct_rep_03,Full_HG,50,3,0.343839356552625,13,13,0,62,1,0.173333333333333,0.295454545454545
Data_LLbetween_0100_LH_075_noise_050pct_rep_03,Full_HG,50,3,0.345141778357749,13,13,0,62,1,0.173333333333333,0.295454545454545
Data_LLbetween_0100_LH_075_noise_050pct_rep_03,Full_HG,50,3,0.346444200162872,12,12,0,63,1,0.16,0.275862068965517
Data_LLbetween_0100_LH_075_noise_050pct_rep_03,Full_HG,50,3,0.347746621967996,12,12,0,63,1,0.16,0.275862068965517
Data_LLbetween_0100_LH_075_noise_050pct_rep_03,Full_HG,50,3,0.349049043773119,12,12,0,63,1,0.16,0.275862068965517
Data_LLbetween_0100_LH_075_noise_050pct_rep_03,Full_HG,50,3,0.350351465578243,10,10,0,65,1,0.133333333333333,0.235294117647059
Data_LLbetween_0100_LH_075_noise_050pct_rep_03,Full_HG,50,3,0.351653887383366,10,10,0,65,1,0.133333333333333,0.235294117647059
Data_LLbetween_0100_LH_075_noise_050pct_rep_03,Full_HG,50,3,0.35295630918849,7,7,0,68,1,0.0933333333333333,0.170731707317073
Data_LLbetween_0100_LH_075_noise_050pct_rep_03,Full_HG,50,3,0.354258730993614,7,7,0,68,1,0.0933333333333333,0.170731707317073
Data_LLbetween_0100_LH_075_noise_050pct_rep_03,Full_HG,50,3,0.355561152798737,6,6,0,69,1,0.08,0.148148148148148
Data_LLbetween_0100_LH_075_noise_050pct_rep_03,Full_HG,50,3,0.356863574603861,6,6,0,69,1,0.08,0.148148148148148
Data_LLbetween_0100_LH_075_noise_050pct_rep_03,Full_HG,50,3,0.358165996408984,6,6,0,69,1,0.08,0.148148148148148
Data_LLbetween_0100_LH_075_noise_050pct_rep_03,Full_HG,50,3,0.359468418214108,6,6,0,69,1,0.08,0.148148148148148
Data_LLbetween_0100_LH_075_noise_050pct_rep_03,Full_HG,50,3,0.360770840019232,6,6,0,69,1,0.08,0.148148148148148
Data_LLbetween_0100_LH_075_noise_050pct_rep_03,Full_HG,50,3,0.362073261824355,5,5,0,70,1,0.0666666666666667,0.125
Data_LLbetween_0100_LH_075_noise_050pct_rep_03,Full_HG,50,3,0.363375683629479,5,5,0,70,1,0.0666666666666667,0.125
Data_LLbetween_0100_LH_075_noise_050pct_rep_03,Full_HG,50,3,0.364678105434602,3,3,0,72,1,0.04,0.0769230769230769
Data_LLbetween_0100_LH_075_noise_050pct_rep_03,Full_HG,50,3,0.365980527239726,3,3,0,72,1,0.04,0.0769230769230769
Data_LLbetween_0100_LH_075_noise_050pct_rep_03,Full_HG,50,3,0.367282949044849,2,2,0,73,1,0.0266666666666667,0.051948051948052
Data_LLbetween_0100_LH_075_noise_050pct_rep_03,Full_HG,50,3,0.368585370849973,2,2,0,73,1,0.0266666666666667,0.051948051948052
Data_LLbetween_0100_LH_075_noise_050pct_rep_03,Full_HG,50,3,0.369887792655097,2,2,0,73,1,0.0266666666666667,0.051948051948052
Data_LLbetween_0100_LH_075_noise_050pct_rep_03,Full_HG,50,3,0.37119021446022,2,2,0,73,1,0.0266666666666667,0.051948051948052
Data_LLbetween_0100_LH_075_noise_050pct_rep_03,Full_HG,50,3,0.372492636265344,2,2,0,73,1,0.0266666666666667,0.051948051948052
Data_LLbetween_0100_LH_075_noise_050pct_rep_03,Full_HG,50,3,0.373795058070467,2,2,0,73,1,0.0266666666666667,0.051948051948052
Data_LLbetween_0100_LH_075_noise_050pct_rep_03,Full_HG,50,3,0.375097479875591,2,2,0,73,1,0.0266666666666667,0.051948051948052
Data_LLbetween_0100_LH_075_noise_050pct_rep_03,Full_HG,50,3,0.376399901680714,2,2,0,73,1,0.0266666666666667,0.051948051948052
Data_LLbetween_0100_LH_075_noise_050pct_rep_03,Full_HG,50,3,0.377702323485838,2,2,0,73,1,0.0266666666666667,0.051948051948052
Data_LLbetween_0100_LH_075_noise_050pct_rep_03,Full_HG,50,3,0.379004745290962,2,2,0,73,1,0.0266666666666667,0.051948051948052
Data_LLbetween_0100_LH_075_noise_050pct_rep_03,Full_HG,50,3,0.380307167096085,2,2,0,73,1,0.0266666666666667,0.051948051948052
Data_LLbetween_0100_LH_075_noise_050pct_rep_03,Full_HG,50,3,0.381609588901209,2,2,0,73,1,0.0266666666666667,0.051948051948052
Data_LLbetween_0100_LH_075_noise_050pct_rep_03,Full_HG,50,3,0.382912010706332,2,2,0,73,1,0.0266666666666667,0.051948051948052
Data_LLbetween_0100_LH_075_noise_050pct_rep_03,Full_HG,50,3,0.384214432511456,2,2,0,73,1,0.0266666666666667,0.051948051948052
Data_LLbetween_0100_LH_075_noise_050pct_rep_03,Full_HG,50,3,0.38551685431658,2,2,0,73,1,0.0266666666666667,0.051948051948052
Data_LLbetween_0100_LH_075_noise_050pct_rep_03,Full_HG,50,3,0.386819276121703,1,1,0,74,1,0.0133333333333333,0.0263157894736842
Data_LLbetween_0100_LH_075_noise_050pct_rep_03,Full_HG,50,3,0.388121697926827,1,1,0,74,1,0.0133333333333333,0.0263157894736842
Data_LLbetween_0100_LH_075_noise_050pct_rep_03,Full_HG,50,3,0.38942411973195,1,1,0,74,1,0.0133333333333333,0.0263157894736842
Data_LLbetween_0100_LH_075_noise_050pct_rep_03,Full_HG,50,3,0.390726541537074,1,1,0,74,1,0.0133333333333333,0.0263157894736842
Data_LLbetween_0100_LH_075_noise_050pct_rep_03,Full_HG,50,3,0.392028963342197,1,1,0,74,1,0.0133333333333333,0.0263157894736842
Data_LLbetween_0100_LH_075_noise_050pct_rep_03,Full_HG,50,3,0.393331385147321,1,1,0,74,1,0.0133333333333333,0.0263157894736842
Data_LLbetween_0100_LH_075_noise_050pct_rep_03,Full_HG,50,3,0.394633806952445,1,1,0,74,1,0.0133333333333333,0.0263157894736842
Data_LLbetween_0100_LH_075_noise_050pct_rep_03,Full_HG,50,3,0.395936228757568,1,1,0,74,1,0.0133333333333333,0.0263157894736842
Data_LLbetween_0100_LH_075_noise_050pct_rep_03,Full_HG,50,3,0.397238650562692,0,0,0,75,NaN,0,0
Data_LLbetween_0100_LH_075_noise_050pct_rep_03,Full_HG,50,3,0.398541072367815,0,0,0,75,NaN,0,0
Data_LLbetween_0100_LH_075_noise_050pct_rep_03,Full_HG,50,3,0.399843494172939,0,0,0,75,NaN,0,0
Data_LLbetween_0100_LH_075_noise_050pct_rep_03,Full_HG,50,3,0.401145915978062,0,0,0,75,NaN,0,0
Data_LLbetween_0100_LH_075_noise_050pct_rep_03,Full_HG,50,3,0.402448337783186,0,0,0,75,NaN,0,0
Data_LLbetween_0100_LH_075_noise_050pct_rep_03,Full_HG,50,3,0.40375075958831,0,0,0,75,NaN,0,0
Data_LLbetween_0100_LH_075_noise_050pct_rep_03,Full_HG,50,3,0.405053181393433,0,0,0,75,NaN,0,0
Data_LLbetween_0100_LH_075_noise_050pct_rep_03,Full_HG,50,3,0.406355603198557,0,0,0,75,NaN,0,0
Data_LLbetween_0100_LH_075_noise_050pct_rep_03,Full_HG,50,3,0.40765802500368,0,0,0,75,NaN,0,0
Data_LLbetween_0100_LH_075_noise_050pct_rep_03,Full_HG,50,3,0.408960446808804,0,0,0,75,NaN,0,0
Data_LLbetween_0100_LH_075_noise_050pct_rep_03,Full_HG,50,3,0.410262868613928,0,0,0,75,NaN,0,0
Data_LLbetween_0100_LH_075_noise_050pct_rep_03,Full_HG,50,3,0.411565290419051,0,0,0,75,NaN,0,0
Data_LLbetween_0100_LH_075_noise_050pct_rep_03,Full_HG,50,3,0.412867712224175,0,0,0,75,NaN,0,0
Data_LLbetween_0100_LH_075_noise_050pct_rep_03,Full_HG,50,3,0.414170134029298,0,0,0,75,NaN,0,0
Data_LLbetween_0100_LH_075_noise_050pct_rep_03,Full_HG,50,3,0.415472555834422,0,0,0,75,NaN,0,0
Data_LLbetween_0100_LH_075_noise_050pct_rep_03,Full_HG,50,3,0.416774977639545,0,0,0,75,NaN,0,0
Data_LLbetween_0100_LH_075_noise_050pct_rep_03,Full_HG,50,3,0.418077399444669,0,0,0,75,NaN,0,0
Data_LLbetween_0100_LH_075_noise_050pct_rep_03,Full_HG,50,3,0.419379821249793,0,0,0,75,NaN,0,0
Data_LLbetween_0100_LH_075_noise_050pct_rep_03,Full_HG,50,3,0.420682243054916,0,0,0,75,NaN,0,0
Data_LLbetween_0100_LH_075_noise_050pct_rep_03,Full_HG,50,3,0.42198466486004,0,0,0,75,NaN,0,0
Data_LLbetween_0100_LH_075_noise_050pct_rep_03,Full_HG,50,3,0.423287086665163,0,0,0,75,NaN,0,0
Data_LLbetween_0100_LH_075_noise_050pct_rep_03,Full_HG,50,3,0.424589508470287,0,0,0,75,NaN,0,0
Data_LLbetween_0100_LH_075_noise_050pct_rep_03,Full_HG,50,3,0.425891930275411,0,0,0,75,NaN,0,0
Data_LLbetween_0100_LH_075_noise_050pct_rep_03,Full_HG,50,3,0.427194352080534,0,0,0,75,NaN,0,0
Data_LLbetween_0100_LH_075_noise_050pct_rep_03,Full_HG,50,3,0.428496773885658,0,0,0,75,NaN,0,0
Data_LLbetween_0100_LH_075_noise_050pct_rep_03,Full_HG,50,3,0.429799195690781,0,0,0,75,NaN,0,0
Data_LLbetween_0100_LH_075_noise_050pct_rep_03,Full_HG,50,3,0.431101617495905,0,0,0,75,NaN,0,0
Data_LLbetween_0100_LH_075_noise_050pct_rep_03,Full_HG,50,3,0.432404039301028,0,0,0,75,NaN,0,0
Data_LLbetween_0100_LH_075_noise_050pct_rep_03,Full_HG,50,3,0.433706461106152,0,0,0,75,NaN,0,0
Data_LLbetween_0100_LH_075_noise_050pct_rep_03,Full_HG,50,3,0.435008882911276,0,0,0,75,NaN,0,0
Data_LLbetween_0100_LH_075_noise_050pct_rep_03,Full_HG,50,3,0.436311304716399,0,0,0,75,NaN,0,0
Data_LLbetween_0100_LH_075_noise_050pct_rep_03,Full_HG,50,3,0.437613726521523,0,0,0,75,NaN,0,0
Data_LLbetween_0100_LH_075_noise_050pct_rep_03,Full_HG,50,3,0.438916148326646,0,0,0,75,NaN,0,0
Data_LLbetween_0100_LH_075_noise_050pct_rep_03,Full_HG,50,3,0.44021857013177,0,0,0,75,NaN,0,0
Data_LLbetween_0100_LH_075_noise_050pct_rep_03,Full_HG,50,3,0.441520991936893,0,0,0,75,NaN,0,0
Data_LLbetween_0100_LH_075_noise_050pct_rep_03,Full_HG,50,3,0.442823413742017,0,0,0,75,NaN,0,0
Data_LLbetween_0100_LH_075_noise_050pct_rep_03,Full_HG,50,3,0.444125835547141,0,0,0,75,NaN,0,0
Data_LLbetween_0100_LH_075_noise_050pct_rep_03,Full_HG,50,3,0.445428257352264,0,0,0,75,NaN,0,0
Data_LLbetween_0100_LH_075_noise_050pct_rep_03,Full_HG,50,3,0.446730679157388,0,0,0,75,NaN,0,0
Data_LLbetween_0100_LH_075_noise_050pct_rep_03,Full_HG,50,3,0.448033100962511,0,0,0,75,NaN,0,0
Data_LLbetween_0100_LH_075_noise_050pct_rep_03,Full_HG,50,3,0.449335522767635,0,0,0,75,NaN,0,0
Data_LLbetween_0100_LH_075_noise_050pct_rep_03,Full_HG,50,3,0.450637944572758,0,0,0,75,NaN,0,0
Data_LLbetween_0100_LH_075_noise_050pct_rep_03,Full_HG,50,3,0.451940366377882,0,0,0,75,NaN,0,0
Data_LLbetween_0100_LH_075_noise_050pct_rep_03,Full_HG,50,3,0.453242788183006,0,0,0,75,NaN,0,0
Data_LLbetween_0100_LH_075_noise_050pct_rep_03,Full_HG,50,3,0.454545209988129,0,0,0,75,NaN,0,0
Data_LLbetween_0100_LH_075_noise_050pct_rep_03,Full_HG,50,3,0.455847631793253,0,0,0,75,NaN,0,0
Data_LLbetween_0100_LH_075_noise_050pct_rep_03,Full_HG,50,3,0.457150053598376,0,0,0,75,NaN,0,0
Data_LLbetween_0100_LH_075_noise_050pct_rep_03,Full_HG,50,3,0.4584524754035,0,0,0,75,NaN,0,0
Data_LLbetween_0100_LH_075_noise_050pct_rep_03,Full_HG,50,3,0.459754897208624,0,0,0,75,NaN,0,0
Data_LLbetween_0100_LH_075_noise_050pct_rep_03,Full_HG,50,3,0.461057319013747,0,0,0,75,NaN,0,0
Data_LLbetween_0100_LH_075_noise_050pct_rep_03,Full_HG,50,3,0.462359740818871,0,0,0,75,NaN,0,0
Data_LLbetween_0100_LH_075_noise_050pct_rep_03,Full_HG,50,3,0.463662162623994,0,0,0,75,NaN,0,0
Data_LLbetween_0100_LH_075_noise_050pct_rep_03,Full_HG,50,3,0.464964584429118,0,0,0,75,NaN,0,0
Data_LLbetween_0100_LH_075_noise_050pct_rep_03,Full_HG,50,3,0.466267006234241,0,0,0,75,NaN,0,0
Data_LLbetween_0100_LH_075_noise_050pct_rep_03,Full_HG,50,3,0.467569428039365,0,0,0,75,NaN,0,0
Data_LLbetween_0100_LH_075_noise_050pct_rep_03,Full_HG,50,3,0.468871849844489,0,0,0,75,NaN,0,0
Data_LLbetween_0100_LH_075_noise_050pct_rep_03,Full_HG,50,3,0.470174271649612,0,0,0,75,NaN,0,0
Data_LLbetween_0100_LH_075_noise_050pct_rep_03,Full_HG,50,3,0.471476693454736,0,0,0,75,NaN,0,0
Data_LLbetween_0100_LH_075_noise_050pct_rep_03,Full_HG,50,3,0.472779115259859,0,0,0,75,NaN,0,0
Data_LLbetween_0100_LH_075_noise_050pct_rep_03,Full_HG,50,3,0.474081537064983,0,0,0,75,NaN,0,0
Data_LLbetween_0100_LH_075_noise_050pct_rep_03,Full_HG,50,3,0.475383958870107,0,0,0,75,NaN,0,0
Data_LLbetween_0100_LH_075_noise_050pct_rep_03,Full_HG,50,3,0.47668638067523,0,0,0,75,NaN,0,0
Data_LLbetween_0100_LH_075_noise_050pct_rep_03,Full_HG,50,3,0.477988802480354,0,0,0,75,NaN,0,0
Data_LLbetween_0100_LH_075_noise_050pct_rep_03,Full_HG,50,3,0.479291224285477,0,0,0,75,NaN,0,0
Data_LLbetween_0100_LH_075_noise_050pct_rep_03,Full_HG,50,3,0.480593646090601,0,0,0,75,NaN,0,0
Data_LLbetween_0100_LH_075_noise_050pct_rep_03,Full_HG,50,3,0.481896067895724,0,0,0,75,NaN,0,0
Data_LLbetween_0100_LH_075_noise_050pct_rep_03,Full_HG,50,3,0.483198489700848,0,0,0,75,NaN,0,0
Data_LLbetween_0100_LH_075_noise_050pct_rep_03,Full_HG,50,3,0.484500911505972,0,0,0,75,NaN,0,0
Data_LLbetween_0100_LH_075_noise_050pct_rep_03,Full_HG,50,3,0.485803333311095,0,0,0,75,NaN,0,0
Data_LLbetween_0100_LH_075_noise_050pct_rep_03,Full_HG,50,3,0.487105755116219,0,0,0,75,NaN,0,0
Data_LLbetween_0100_LH_075_noise_050pct_rep_03,Full_HG,50,3,0.488408176921342,0,0,0,75,NaN,0,0
Data_LLbetween_0100_LH_075_noise_050pct_rep_03,Full_HG,50,3,0.489710598726466,0,0,0,75,NaN,0,0
Data_LLbetween_0100_LH_075_noise_050pct_rep_03,Full_HG,50,3,0.491013020531589,0,0,0,75,NaN,0,0
Data_LLbetween_0100_LH_075_noise_050pct_rep_03,Full_HG,50,3,0.492315442336713,0,0,0,75,NaN,0,0
Data_LLbetween_0100_LH_075_noise_050pct_rep_03,Full_HG,50,3,0.493617864141837,0,0,0,75,NaN,0,0
Data_LLbetween_0100_LH_075_noise_050pct_rep_03,Full_HG,50,3,0.49492028594696,0,0,0,75,NaN,0,0
Data_LLbetween_0100_LH_075_noise_050pct_rep_03,Full_HG,50,3,0.496222707752084,0,0,0,75,NaN,0,0
Data_LLbetween_0100_LH_075_noise_050pct_rep_03,Full_HG,50,3,0.497525129557207,0,0,0,75,NaN,0,0
Data_LLbetween_0100_LH_075_noise_050pct_rep_03,Full_HG,50,3,0.498827551362331,0,0,0,75,NaN,0,0
Data_LLbetween_0100_LH_075_noise_050pct_rep_03,Full_HG,50,3,0.500129973167455,0,0,0,75,NaN,0,0
Data_LLbetween_0100_LH_075_noise_050pct_rep_03,Full_HG,50,3,0.501432394972578,0,0,0,75,NaN,0,0
Data_LLbetween_0100_LH_075_noise_050pct_rep_03,Full_HG,50,3,0.502734816777702,0,0,0,75,NaN,0,0
Data_LLbetween_0100_LH_075_noise_050pct_rep_03,Full_HG,50,3,0.504037238582825,0,0,0,75,NaN,0,0
Data_LLbetween_0100_LH_075_noise_050pct_rep_03,Full_HG,50,3,0.505339660387949,0,0,0,75,NaN,0,0
Data_LLbetween_0100_LH_075_noise_050pct_rep_03,Full_HG,50,3,0.506642082193072,0,0,0,75,NaN,0,0
Data_LLbetween_0100_LH_075_noise_050pct_rep_03,Full_HG,50,3,0.507944503998196,0,0,0,75,NaN,0,0
Data_LLbetween_0100_LH_075_noise_050pct_rep_03,Full_HG,50,3,0.50924692580332,0,0,0,75,NaN,0,0
Data_LLbetween_0100_LH_075_noise_050pct_rep_03,Full_HG,50,3,0.510549347608443,0,0,0,75,NaN,0,0
Data_LLbetween_0100_LH_075_noise_050pct_rep_03,Full_HG,50,3,0.511851769413567,0,0,0,75,NaN,0,0
Data_LLbetween_0100_LH_075_noise_050pct_rep_03,Full_HG,50,3,0.51315419121869,0,0,0,75,NaN,0,0
Data_LLbetween_0100_LH_075_noise_050pct_rep_03,Full_HG,50,3,0.514456613023814,0,0,0,75,NaN,0,0
Data_LLbetween_0100_LH_075_noise_050pct_rep_03,Full_HG,50,3,0.515759034828937,0,0,0,75,NaN,0,0
Data_LLbetween_0100_LH_075_noise_050pct_rep_03,Full_HG,50,3,0.517061456634061,0,0,0,75,NaN,0,0
Data_LLbetween_0100_LH_075_noise_050pct_rep_03,Full_HG,50,3,0.518363878439185,0,0,0,75,NaN,0,0
Data_LLbetween_0100_LH_075_noise_050pct_rep_03,Full_HG,50,3,0.519666300244308,0,0,0,75,NaN,0,0
Data_LLbetween_0100_LH_075_noise_050pct_rep_03,Full_HG,50,3,0.520968722049432,0,0,0,75,NaN,0,0
