BootstrapReplicate,AP_HRGGM,AP_LVGGM,AP_PriorCorrelation,Enrichment721_HRGGM,Enrichment721_LVGGM,Enrichment721_PriorCorrelation
1,0.271207322980919,0.188124360199848,0.19922133231433,1.52407131995388,1.211018832612,1.31811573617633
2,0.285537780889875,0.190931535627581,0.198827610847644,1.54054776665608,1.23573350266531,1.24397172601641
3,0.284683108886236,0.193506174834007,0.207433153349642,1.47464197984727,1.28516284277192,1.29340106612302
4,0.269051201177469,0.183201536703461,0.192175147683945,1.53230954330498,1.1863041625587,1.16982771585649
5,0.282687232992628,0.188184225425689,0.204463826812036,1.42521263974065,1.26044817271861,1.33459218287853
6,0.278484624313477,0.17916513947375,0.187952158271269,1.42521263974065,1.09568370569657,1.12863659910098
7,0.26789970171525,0.200835746793967,0.206999467641981,1.51583309660278,1.28516284277192,1.28516284277192
8,0.270756048564375,0.195533243189087,0.204962029131028,1.51583309660278,1.36754507628294,1.28516284277192
9,0.292500399535645,0.194160824359608,0.213013687101749,1.50759487325168,1.30987751282523,1.33459218287853
10,0.29345692588293,0.187309400269458,0.208500319127181,1.6064535534649,1.211018832612,1.33459218287853
11,0.262366050198012,0.189094136144189,0.211716106326087,1.37578329963404,1.22749527931421,1.33459218287853
12,0.280952542557402,0.181907870193368,0.207728448666511,1.51583309660278,1.10392192904767,1.32635395952743
13,0.284025617091201,0.180632226875145,0.205569317246628,1.49935664990057,1.12039837574988,1.211018832612
14,0.285469930918611,0.197150785083914,0.204879966210976,1.49111842654947,1.29340106612302,1.40049796968735
15,0.295234785538896,0.197167948189498,0.212821055707873,1.45816553314506,1.26044817271861,1.26044817271861
16,0.274192350064306,0.202400766938454,0.219275262899264,1.47464197984727,1.26868639606972,1.42521263974065
17,0.259080217034094,0.172311177684674,0.20101414967633,1.31811573617633,1.03801614223886,1.28516284277192
18,0.281378916131799,0.179858470093365,0.209461058230515,1.48288020319837,1.09568370569657,1.35930685293184
19,0.257721143736775,0.201221739066209,0.208553032098529,1.41697441638955,1.32635395952743,1.37578329963404
20,0.289285800346948,0.186385632989201,0.19569491673313,1.53230954330498,1.26044817271861,1.211018832612
21,0.279087017153688,0.176338733070686,0.195485660908883,1.49935664990057,1.12039837574988,1.211018832612
22,0.253783181221981,0.195562840663277,0.195264242803397,1.30163928947412,1.22749527931421,1.23573350266531
23,0.29081055992858,0.18904445043545,0.215686534237501,1.51583309660278,1.25220994936751,1.40873619303845
24,0.276210877707246,0.187127487086459,0.205335202380872,1.50759487325168,1.28516284277192,1.33459218287853
25,0.283377573664789,0.180999725595486,0.198818429036301,1.48288020319837,1.11216015239878,1.24397172601641
26,0.283982827348883,0.193911355653426,0.202518228707526,1.41697441638955,1.23573350266531,1.29340106612302
27,0.282692559153185,0.190585106761802,0.203119006442167,1.49935664990057,1.16158949250539,1.28516284277192
28,0.307167318167594,0.177309574870864,0.203639521272719,1.68059756362482,1.12039837574988,1.32635395952743
29,0.264318812630167,0.186877525541998,0.202783602849569,1.41697441638955,1.22749527931421,1.30987751282523
30,0.293143417764032,0.186720180096008,0.179096605642731,1.45816553314506,1.14511304580318,1.02977791888776
31,0.285557903487254,0.182776851209053,0.206109994907304,1.54878599000719,1.1863041625587,1.25220994936751
32,0.28112246931316,0.199831261950266,0.218009533352886,1.50759487325168,1.33459218287853,1.39225974633625
33,0.270566332341289,0.179229028022204,0.191615661048969,1.55702421335829,1.13687482245208,1.26868639606972
34,0.306934721420844,0.199455735815804,0.2041516219848,1.53230954330498,1.35930685293184,1.30163928947412
35,0.288219786471258,0.178272460667168,0.207675450630201,1.45816553314506,1.11216015239878,1.36754507628294
36,0.301478196032269,0.183164922611605,0.202736555519892,1.56526243670939,1.13687482245208,1.29340106612302
37,0.3019774734479,0.167020958371396,0.191377774411275,1.46640375649616,0.972110355430042,1.1863041625587
38,0.259576060818497,0.183112745807283,0.19782055971083,1.40873619303845,1.13687482245208,1.26044817271861
39,0.284349752516021,0.18530775899069,0.200792529587116,1.6229300001671,1.16982771585649,1.2027806092609
40,0.282889332766576,0.198594529196608,0.219620615632932,1.51583309660278,1.28516284277192,1.35930685293184
41,0.262832121219505,0.182486901227057,0.210305770882004,1.45816553314506,1.16982771585649,1.30987751282523
42,0.291941271912704,0.186140548968811,0.192479591670326,1.52407131995388,1.16982771585649,1.26044817271861
43,0.302602726291787,0.196071829371935,0.199805139698429,1.69707401032702,1.1863041625587,1.23573350266531
44,0.275071487857786,0.181922894549768,0.201353566529973,1.33459218287853,1.32635395952743,1.31811573617633
45,0.280507370956871,0.191049449697369,0.201887262698345,1.46640375649616,1.2192570559631,1.33459218287853
46,0.278397234592283,0.179711115407901,0.200923622020157,1.49111842654947,1.1863041625587,1.26044817271861
47,0.275954075921497,0.180688488478347,0.204299637619498,1.47464197984727,1.1945423859098,1.28516284277192
48,0.273321251185306,0.181233763009026,0.192523356340074,1.36754507628294,1.15335126915429,1.211018832612
49,0.296333765355689,0.180201598945573,0.198521386737883,1.67235934027372,1.14511304580318,1.2027806092609
50,0.271850094016287,0.182966872201361,0.199638853899307,1.49111842654947,1.10392192904767,1.31811573617633
51,0.309872347729184,0.188039512450878,0.209310686994629,1.614691776816,1.16158949250539,1.35106862958074
52,0.278173853577965,0.205843094492558,0.203466278020189,1.53230954330498,1.30163928947412,1.31811573617633
53,0.265494271684142,0.18919148472371,0.194902284699583,1.44168908644286,1.25220994936751,1.23573350266531
54,0.283038822522678,0.184178052668883,0.206214441056232,1.54878599000719,1.23573350266531,1.35106862958074
55,0.276315027022845,0.185576828242126,0.205902518168304,1.48288020319837,1.11216015239878,1.33459218287853
56,0.290507785462528,0.175458694922749,0.1992639239509,1.55702421335829,1.12863659910098,1.29340106612302
57,0.284934432322336,0.193162384216564,0.20752742179056,1.46640375649616,1.25220994936751,1.32635395952743
58,0.285216172985976,0.193713058165144,0.220841163894573,1.63116822351821,1.26868639606972,1.38402152298514
59,0.271844926452149,0.185811100716825,0.222529540830646,1.48288020319837,1.1945423859098,1.41697441638955
60,0.275477072310397,0.193606043778319,0.205975101468819,1.49935664990057,1.24397172601641,1.40049796968735
61,0.2972907908244,0.195032238005599,0.207227040305892,1.6064535534649,1.26868639606972,1.28516284277192
62,0.291921202812441,0.190932764535316,0.208118247521649,1.44168908644286,1.23573350266531,1.27692461942082
63,0.310382322521211,0.18482517853738,0.208763832454833,1.58173888341159,1.2192570559631,1.35106862958074
64,0.296329806261838,0.182950906897438,0.203701568776663,1.6229300001671,1.13687482245208,1.30163928947412
65,0.273422798588096,0.188735707268254,0.194758024748286,1.48288020319837,1.27692461942082,1.2027806092609
66,0.273997656504124,0.190113623282045,0.206569586078157,1.51583309660278,1.26044817271861,1.22749527931421
67,0.29266656753181,0.183037080626931,0.202341266073749,1.53230954330498,1.17806593920759,1.30987751282523
68,0.27075721578935,0.177690569008711,0.202370669237357,1.40049796968735,1.16158949250539,1.17806593920759
69,0.278848936177324,0.190314409191055,0.204563364442663,1.44168908644286,1.2192570559631,1.27692461942082
70,0.267610985278873,0.183209293138895,0.202399661059529,1.47464197984727,1.211018832612,1.25220994936751
71,0.265796695174592,0.193037224564939,0.198471165573434,1.43345086309176,1.25220994936751,1.26868639606972
72,0.287262150574987,0.180006604795975,0.198538417765205,1.54878599000719,1.211018832612,1.22749527931421
73,0.261215742504783,0.181134812929227,0.209441942878936,1.44992730979396,1.08744548234547,1.34283040622963
74,0.280181909556751,0.197322546837408,0.191366905024578,1.55702421335829,1.26868639606972,1.22749527931421
75,0.268110952118095,0.193509965584463,0.197357504663871,1.42521263974065,1.30163928947412,1.1863041625587
76,0.320828264758184,0.179397824736082,0.212379850244428,1.58173888341159,1.10392192904767,1.35106862958074
77,0.285747638640919,0.184443415781633,0.199773460763802,1.45816553314506,1.1863041625587,1.30987751282523
78,0.278657452158487,0.189745169524126,0.203457611226567,1.42521263974065,1.32635395952743,1.30987751282523
79,0.260044057703058,0.176472868076962,0.204278349401389,1.38402152298514,1.14511304580318,1.211018832612
80,0.309423364048193,0.190651014464498,0.206577721129223,1.614691776816,1.26044817271861,1.32635395952743
81,0.291038604802468,0.188594242244175,0.201006244387221,1.53230954330498,1.30163928947412,1.23573350266531
82,0.275101408457903,0.180786533557108,0.192521981779252,1.44992730979396,1.2027806092609,1.1863041625587
83,0.275348241096954,0.185465182638638,0.204396479577791,1.48288020319837,1.1945423859098,1.32635395952743
84,0.28574984835403,0.183502052198686,0.204788788434442,1.52407131995388,1.17806593920759,1.33459218287853
85,0.285482404774729,0.1769180403437,0.186438108478049,1.42521263974065,1.12863659910098,1.23573350266531
86,0.28509391051932,0.184872353065216,0.196454195126712,1.52407131995388,1.17806593920759,1.30163928947412
87,0.272810550726771,0.19004125929173,0.214667862699148,1.54054776665608,1.25220994936751,1.33459218287853
88,0.286550309515843,0.184450723958192,0.201159242038291,1.53230954330498,1.25220994936751,1.26044817271861
89,0.296746418488138,0.200840305160527,0.199667771675955,1.46640375649616,1.35930685293184,1.30987751282523
90,0.268455277281412,0.180914794255742,0.203582810303756,1.45816553314506,1.09568370569657,1.34283040622963
91,0.277731800658673,0.177299974593384,0.186716151343814,1.49111842654947,1.04625436558996,1.12863659910098
92,0.263031012880057,0.183636261222521,0.196722124829428,1.42521263974065,1.2192570559631,1.211018832612
93,0.264993932131272,0.185196721646019,0.199567214683543,1.35930685293184,1.1945423859098,1.31811573617633
94,0.271600353710109,0.185895115047162,0.208299750090457,1.49111842654947,1.15335126915429,1.39225974633625
95,0.290072643102875,0.213318051038327,0.21320182282015,1.53230954330498,1.37578329963404,1.28516284277192
96,0.285703932823278,0.195214217043836,0.205319146163612,1.43345086309176,1.17806593920759,1.35106862958074
97,0.287406651981158,0.19374033010036,0.223402051719261,1.46640375649616,1.26044817271861,1.43345086309176
98,0.276459747105157,0.187384837960526,0.215046709190147,1.43345086309176,1.12863659910098,1.37578329963404
99,0.261112088632889,0.182165683785456,0.198366061048582,1.50759487325168,1.15335126915429,1.30987751282523
100,0.292404216562053,0.193865005623842,0.216644944312626,1.54054776665608,1.26868639606972,1.40049796968735
101,0.267701117270629,0.190116219843938,0.202838872699521,1.38402152298514,1.2192570559631,1.29340106612302
102,0.277289646773205,0.196122651849192,0.209429194882799,1.49935664990057,1.17806593920759,1.25220994936751
103,0.266899727991633,0.189996482352713,0.207397852247905,1.42521263974065,1.27692461942082,1.33459218287853
104,0.306156043070038,0.179264996054949,0.194338172038518,1.56526243670939,1.1863041625587,1.1863041625587
105,0.285012790154717,0.200702458921308,0.202395188109026,1.56526243670939,1.32635395952743,1.35106862958074
106,0.275250221150251,0.195414193652286,0.211501529151664,1.46640375649616,1.27692461942082,1.35930685293184
107,0.255051484136255,0.174898149300771,0.193308806721433,1.39225974633625,1.16982771585649,1.29340106612302
108,0.309322520139747,0.187100226167148,0.199198137872649,1.56526243670939,1.23573350266531,1.36754507628294
109,0.281992550184627,0.180233136207184,0.19984679200887,1.52407131995388,1.211018832612,1.30163928947412
110,0.277923144450345,0.178907708987327,0.196742583506191,1.41697441638955,1.11216015239878,1.35930685293184
111,0.273047656553873,0.180010586588841,0.203926474533774,1.51583309660278,1.25220994936751,1.30163928947412
112,0.281077533147001,0.176972607002845,0.201166437954961,1.51583309660278,1.12039837574988,1.28516284277192
113,0.292058355226647,0.178976080729173,0.203790294122803,1.57350066006049,1.10392192904767,1.26868639606972
114,0.301839296616449,0.181705968882066,0.192186917348573,1.57350066006049,1.17806593920759,1.17806593920759
115,0.265818441398344,0.189772831763393,0.193042451138444,1.35930685293184,1.24397172601641,1.2192570559631
116,0.261167460600165,0.181032853586674,0.201931598171107,1.40873619303845,1.1945423859098,1.31811573617633
117,0.275164518962341,0.189734008593615,0.206167551160983,1.49111842654947,1.23573350266531,1.38402152298514
118,0.283621707844907,0.176099581035902,0.209119944327952,1.47464197984727,1.09568370569657,1.35106862958074
119,0.278307439428691,0.180108618198739,0.194350065591519,1.48288020319837,1.16982771585649,1.30163928947412
120,0.276303067233214,0.18872585371301,0.195742501738407,1.46640375649616,1.2027806092609,1.26044817271861
121,0.268413116411307,0.186551317900456,0.205088399634008,1.35106862958074,1.22749527931421,1.28516284277192
122,0.2894162299489,0.188492303131963,0.199133347890063,1.614691776816,1.30163928947412,1.31811573617633
123,0.291448417179223,0.192696854239554,0.201921634225344,1.57350066006049,1.27692461942082,1.35106862958074
124,0.275912315221068,0.187143407937204,0.182304404139116,1.40049796968735,1.22749527931421,1.11216015239878
125,0.270387201453319,0.184574369880334,0.196019843027699,1.45816553314506,1.1863041625587,1.22749527931421
126,0.285472467393384,0.179618613810598,0.206999054150711,1.54878599000719,1.15335126915429,1.32635395952743
127,0.287408526888225,0.174357480128977,0.185814993669163,1.54054776665608,1.12863659910098,1.13687482245208
128,0.258130848064263,0.185319865230059,0.201237167461032,1.41697441638955,1.24397172601641,1.29340106612302
129,0.274306207907521,0.188724553423398,0.21584393441753,1.47464197984727,1.13687482245208,1.40873619303845
130,0.290324198176725,0.201478943207244,0.218513093602098,1.44992730979396,1.35106862958074,1.38402152298514
131,0.266983659338518,0.165162476376802,0.19005069144815,1.54878599000719,1.02977791888776,1.2192570559631
132,0.2509788434339,0.191856035968899,0.199519917468166,1.30163928947412,1.24397172601641,1.27692461942082
133,0.270149744876807,0.190551905772867,0.205090681869723,1.40873619303845,1.23573350266531,1.40049796968735
134,0.274605209628018,0.183575069282632,0.209750238580891,1.44992730979396,1.15335126915429,1.22749527931421
135,0.278756801110893,0.185802252166927,0.185833664877679,1.57350066006049,1.17806593920759,1.2192570559631
136,0.259762661933909,0.175286813713803,0.18861485081499,1.41697441638955,1.08744548234547,1.26868639606972
137,0.262711266352047,0.180709445240283,0.200102726745563,1.35106862958074,1.2192570559631,1.29340106612302
138,0.277801669854735,0.191817376738035,0.202654797477507,1.43345086309176,1.16158949250539,1.29340106612302
139,0.263028271891056,0.182663770537627,0.201599630487587,1.50759487325168,1.1863041625587,1.29340106612302
140,0.295680699806311,0.188240211526376,0.203385363739149,1.5982153301138,1.26868639606972,1.40049796968735
141,0.258108193088892,0.184525128293026,0.207063613660612,1.44992730979396,1.15335126915429,1.30163928947412
142,0.262346110604726,0.177400262995423,0.188078790857141,1.35930685293184,1.22749527931421,1.2027806092609
143,0.280246901788206,0.181403256079521,0.194515065499962,1.49111842654947,1.09568370569657,1.23573350266531
144,0.317144959498014,0.187405631140312,0.210651034138288,1.6064535534649,1.2192570559631,1.34283040622963
145,0.267847865737899,0.190631211990323,0.200610756028207,1.43345086309176,1.24397172601641,1.211018832612
146,0.282750360313271,0.177379558545429,0.199778565535488,1.45816553314506,1.11216015239878,1.33459218287853
147,0.269255142146155,0.16871811026458,0.193424982703754,1.42521263974065,1.07920725899437,1.211018832612
148,0.282634253975744,0.187622232084871,0.198684799509545,1.52407131995388,1.2027806092609,1.30987751282523
149,0.278261474417515,0.189017605613831,0.21954343589215,1.49935664990057,1.1945423859098,1.43345086309176
150,0.302147041994201,0.184091879515009,0.204639025083652,1.57350066006049,1.16982771585649,1.30987751282523
151,0.292648632572661,0.185246721918482,0.200384435971097,1.54054776665608,1.211018832612,1.25220994936751
152,0.290744464661047,0.174377127365115,0.193721204557431,1.54054776665608,1.12039837574988,1.25220994936751
153,0.310141484632255,0.182060286546077,0.200605578984656,1.6229300001671,1.16982771585649,1.30987751282523
154,0.278984780570938,0.181875504485363,0.202965085593549,1.50759487325168,1.16158949250539,1.2192570559631
155,0.281360063232989,0.190863405735496,0.198001581739998,1.53230954330498,1.23573350266531,1.28516284277192
156,0.307610559751523,0.19021158628857,0.200734995845001,1.50759487325168,1.24397172601641,1.30987751282523
157,0.280219602828209,0.180664327391767,0.186062665156384,1.50759487325168,1.17806593920759,1.12863659910098
158,0.281237879891748,0.190465376478629,0.214580558569017,1.44168908644286,1.2027806092609,1.40873619303845
159,0.300298992470751,0.193563660443398,0.200659584625415,1.51583309660278,1.30163928947412,1.35106862958074
160,0.269155266007881,0.170316582126642,0.190521760490428,1.47464197984727,1.07096903564327,1.27692461942082
161,0.263146036644598,0.175569209110248,0.192396717257729,1.39225974633625,1.12863659910098,1.16158949250539
162,0.269015235552057,0.178130800593535,0.184938001265374,1.38402152298514,1.15335126915429,1.16982771585649
163,0.29672064275106,0.190810629882951,0.200984279862275,1.54054776665608,1.211018832612,1.30987751282523
164,0.263322974177214,0.178139791538901,0.196083758285072,1.43345086309176,1.05449258894106,1.30163928947412
165,0.273675215431575,0.1840433660545,0.188638037216242,1.48288020319837,1.24397172601641,1.23573350266531
166,0.279914518305808,0.186572979379043,0.198160406509927,1.49935664990057,1.22749527931421,1.32635395952743
167,0.28975567419204,0.191541444579136,0.207097645155709,1.48288020319837,1.2027806092609,1.32635395952743
168,0.289172889189171,0.18001031993664,0.197499583300199,1.68883578697592,1.16158949250539,1.30163928947412
169,0.273567717454266,0.17944038178862,0.205734325996598,1.50759487325168,1.13687482245208,1.32635395952743
170,0.278084715708064,0.19493751343732,0.214214952589597,1.51583309660278,1.2027806092609,1.31811573617633
171,0.244254748729455,0.193607376662381,0.191513791691082,1.28516284277192,1.25220994936751,1.16158949250539
172,0.260895630637247,0.184542591082243,0.193147015516963,1.24397172601641,1.1863041625587,1.26868639606972
173,0.272908591086324,0.172633612811479,0.193828046666892,1.54054776665608,1.09568370569657,1.1945423859098
174,0.305251374901359,0.195047924955554,0.199951514349375,1.6229300001671,1.25220994936751,1.29340106612302
175,0.256891017931206,0.194916694333223,0.194235721116687,1.38402152298514,1.24397172601641,1.211018832612
176,0.283303192804361,0.198702759978105,0.200648993892688,1.53230954330498,1.30163928947412,1.27692461942082
177,0.26849541887834,0.184308314529194,0.192787701384567,1.44168908644286,1.15335126915429,1.2027806092609
178,0.274343182240133,0.17167252138851,0.200315888330257,1.34283040622963,1.06273081229216,1.25220994936751
179,0.267884075943734,0.176658631096684,0.198530899153931,1.38402152298514,1.13687482245208,1.24397172601641
180,0.266672996071578,0.184395293972822,0.194279320602636,1.42521263974065,1.17806593920759,1.2192570559631
181,0.287378827569665,0.190551250178863,0.211881797293581,1.52407131995388,1.25220994936751,1.35106862958074
182,0.280379907088196,0.186805880047342,0.188217987591387,1.51583309660278,1.23573350266531,1.17806593920759
183,0.273809734451472,0.180612870405154,0.210598316348908,1.48288020319837,1.1945423859098,1.33459218287853
184,0.295500922300803,0.183612198899456,0.214585648924669,1.64764467022041,1.1945423859098,1.35930685293184
185,0.280299152635706,0.194323131406248,0.214263272074526,1.47464197984727,1.31811573617633,1.36754507628294
186,0.300376981000822,0.174538907563572,0.199849761471716,1.57350066006049,1.08744548234547,1.26868639606972
187,0.284443381220269,0.183297557868281,0.192604840891367,1.54054776665608,1.16158949250539,1.2027806092609
188,0.286973359336553,0.210906981614919,0.235744310626799,1.53230954330498,1.32635395952743,1.52407131995388
189,0.281644337033372,0.187326846712485,0.204996143629618,1.47464197984727,1.211018832612,1.30987751282523
190,0.269992784171457,0.196450848529543,0.20666647617556,1.52407131995388,1.22749527931421,1.26044817271861
191,0.2886170730476,0.177734128826717,0.216583809062961,1.47464197984727,1.08744548234547,1.35106862958074
192,0.294517187274628,0.17858322902301,0.196644961600928,1.6064535534649,1.11216015239878,1.30163928947412
193,0.273725514743553,0.173267634395343,0.193405582656557,1.54054776665608,1.05449258894106,1.1945423859098
194,0.286542774760767,0.185690588613453,0.204227507517591,1.56526243670939,1.13687482245208,1.29340106612302
195,0.27555381362288,0.169409004861422,0.194119792740365,1.35930685293184,1.08744548234547,1.28516284277192
196,0.275631609468857,0.18506077244973,0.184179058467423,1.41697441638955,1.17806593920759,1.09568370569657
197,0.29881690058467,0.192405590377546,0.2085962226179,1.58173888341159,1.32635395952743,1.27692461942082
198,0.289028203548812,0.182612544920526,0.198498825764573,1.51583309660278,1.16982771585649,1.26868639606972
199,0.281698533058693,0.173764296542148,0.19530709640303,1.54878599000719,1.08744548234547,1.12039837574988
200,0.263063220921241,0.182363985706272,0.202606508054759,1.51583309660278,1.2192570559631,1.30163928947412
201,0.275153157505164,0.190445703359473,0.206185373760026,1.53230954330498,1.26868639606972,1.35106862958074
202,0.281883324654775,0.177681142942933,0.196275146038396,1.54878599000719,1.12039837574988,1.2192570559631
203,0.270911588560567,0.185221571315478,0.20352030617291,1.46640375649616,1.16158949250539,1.33459218287853
204,0.287793359901062,0.186812491465083,0.2041954959253,1.54878599000719,1.17806593920759,1.26868639606972
205,0.268802310437074,0.185651289281967,0.203224266273958,1.48288020319837,1.25220994936751,1.2192570559631
206,0.274532175315321,0.188979529615777,0.203826051735167,1.54054776665608,1.23573350266531,1.38402152298514
207,0.294028029406022,0.187926365331751,0.196899333078355,1.55702421335829,1.26044817271861,1.211018832612
208,0.288336811183673,0.172711337970948,0.20491388505369,1.43345086309176,1.05449258894106,1.26044817271861
209,0.294727381765153,0.18808995368069,0.197877719205883,1.56526243670939,1.26868639606972,1.211018832612
210,0.258003257285594,0.179994503830755,0.203808847214145,1.23573350266531,1.14511304580318,1.22749527931421
211,0.274064052109484,0.177626214649758,0.195721389473301,1.48288020319837,1.12039837574988,1.24397172601641
212,0.298796932720924,0.186088789986526,0.199715760400829,1.63940644686931,1.22749527931421,1.24397172601641
213,0.264099954199256,0.178772421129607,0.202456310556205,1.44168908644286,1.1863041625587,1.26868639606972
214,0.303652706555704,0.187145761239896,0.205253526567712,1.56526243670939,1.1863041625587,1.29340106612302
215,0.289187605344582,0.187038027352301,0.205931371073586,1.44992730979396,1.16982771585649,1.23573350266531
216,0.270992121617174,0.203619037170776,0.20566669500025,1.40873619303845,1.38402152298514,1.28516284277192
217,0.277105877046103,0.183181493624764,0.203643693503311,1.49111842654947,1.22749527931421,1.34283040622963
218,0.279224625187045,0.194927553685884,0.194057293809143,1.58173888341159,1.28516284277192,1.24397172601641
219,0.264411248634044,0.186971427223077,0.19577177342829,1.40049796968735,1.25220994936751,1.23573350266531
220,0.285804879780065,0.186631211745828,0.205108966014442,1.614691776816,1.2027806092609,1.25220994936751
221,0.259264153562016,0.175816545340968,0.195721750191549,1.46640375649616,1.13687482245208,1.30163928947412
222,0.29766085850828,0.205220102407679,0.217447207906664,1.68059756362482,1.44168908644286,1.40873619303845
223,0.291719225752553,0.188097635595043,0.223820012681008,1.56526243670939,1.2192570559631,1.40049796968735
224,0.276172762346327,0.182346255134634,0.190699722558848,1.48288020319837,1.15335126915429,1.15335126915429
225,0.251633410655053,0.205720223940527,0.203305443366301,1.39225974633625,1.35106862958074,1.30163928947412
226,0.273447010789123,0.171880916329635,0.186814162971018,1.42521263974065,1.07920725899437,1.2192570559631
227,0.278821131326794,0.180365741076464,0.183370042579887,1.54054776665608,1.08744548234547,1.2027806092609
228,0.29731119839521,0.186591149374163,0.203034983348723,1.5982153301138,1.25220994936751,1.26044817271861
229,0.282642174286685,0.180356272244771,0.199127468316789,1.54054776665608,1.10392192904767,1.29340106612302
230,0.2800297717043,0.177370490866857,0.188491165237907,1.44992730979396,1.12039837574988,1.2192570559631
231,0.293213695622658,0.174090721730088,0.200636506499938,1.53230954330498,1.09568370569657,1.39225974633625
232,0.270440679212669,0.179168561325092,0.209258813709103,1.43345086309176,1.16982771585649,1.38402152298514
233,0.292868287095548,0.196491746751454,0.204031272781616,1.54054776665608,1.29340106612302,1.32635395952743
234,0.26909335992654,0.179386227332225,0.201582824233643,1.38402152298514,1.12863659910098,1.2192570559631
235,0.310006546902658,0.192967018171587,0.210053214449851,1.57350066006049,1.30987751282523,1.40049796968735
236,0.279172931319854,0.191699540499776,0.211143152871815,1.47464197984727,1.27692461942082,1.41697441638955
237,0.313260033476143,0.193483898294715,0.213929001582178,1.52407131995388,1.24397172601641,1.37578329963404
238,0.273552986650041,0.188677266946636,0.197714554543233,1.51583309660278,1.2192570559631,1.24397172601641
239,0.281967034695095,0.175555109827307,0.201210536870386,1.57350066006049,1.05449258894106,1.35106862958074
240,0.256974737001668,0.190012313275419,0.204925129770074,1.41697441638955,1.26868639606972,1.24397172601641
241,0.282887492105371,0.171598895450047,0.207339063940707,1.49111842654947,1.07920725899437,1.37578329963404
242,0.284531956533488,0.204900670655824,0.197413821933004,1.55702421335829,1.22749527931421,1.31811573617633
243,0.290111055446664,0.18346372739318,0.20959201653016,1.56526243670939,1.16982771585649,1.33459218287853
244,0.290014495194292,0.197170561792135,0.213380383673383,1.51583309660278,1.30163928947412,1.36754507628294
245,0.267705408417313,0.1755832735937,0.197028875141861,1.50759487325168,1.10392192904767,1.23573350266531
246,0.281379494826369,0.192312323163251,0.218410134834019,1.49935664990057,1.26868639606972,1.41697441638955
247,0.276825364608742,0.191435038488204,0.206887432787701,1.49111842654947,1.31811573617633,1.35106862958074
248,0.302462406136691,0.172857354154958,0.193000982865569,1.6064535534649,1.09568370569657,1.28516284277192
249,0.261092134161914,0.19276861947131,0.2124668415472,1.47464197984727,1.30987751282523,1.32635395952743
250,0.268003915399846,0.193761297280252,0.212974605306064,1.44992730979396,1.211018832612,1.37578329963404
251,0.274338237080485,0.186646865412246,0.200052858210216,1.42521263974065,1.25220994936751,1.27692461942082
252,0.310254582999058,0.197079662950649,0.219427159213473,1.64764467022041,1.27692461942082,1.44992730979396
253,0.279480427905586,0.180178681551858,0.199389840629393,1.49935664990057,1.14511304580318,1.34283040622963
254,0.289547290093865,0.184567980200937,0.190355908241551,1.49935664990057,1.24397172601641,1.211018832612
255,0.294702776296257,0.182908478023065,0.215780793595766,1.65588289357151,1.16158949250539,1.35106862958074
256,0.279621277804908,0.189954872559631,0.2163993564046,1.49111842654947,1.1945423859098,1.40049796968735
257,0.288175768221948,0.19214849659113,0.205377608143713,1.614691776816,1.16982771585649,1.29340106612302
258,0.290782230665227,0.183435677246494,0.208871524507158,1.49935664990057,1.24397172601641,1.35930685293184
259,0.284448297173245,0.193155051714367,0.209604175611294,1.53230954330498,1.1863041625587,1.33459218287853
260,0.293362049596499,0.182205737124115,0.19640542862522,1.5982153301138,1.2027806092609,1.32635395952743
261,0.27957729912011,0.191338868519119,0.203617749372627,1.47464197984727,1.29340106612302,1.29340106612302
262,0.288936262632754,0.187991247104482,0.206415608777162,1.52407131995388,1.2192570559631,1.38402152298514
263,0.271995216025662,0.184850052552347,0.204917132226853,1.48288020319837,1.13687482245208,1.22749527931421
264,0.281154207134864,0.186939050079623,0.205482974104054,1.49935664990057,1.1945423859098,1.27692461942082
265,0.288868694764599,0.184391876646889,0.193963424290608,1.52407131995388,1.16982771585649,1.1863041625587
266,0.29530170736896,0.184493928657593,0.215604423471383,1.56526243670939,1.23573350266531,1.43345086309176
267,0.258882927708098,0.180196500332577,0.217241873989674,1.36754507628294,1.17806593920759,1.35930685293184
268,0.26347177232663,0.195387101283728,0.219248501127671,1.43345086309176,1.24397172601641,1.36754507628294
269,0.275481603161996,0.171675225034879,0.197436457881532,1.56526243670939,1.13687482245208,1.26044817271861
270,0.275552446882006,0.17579939564406,0.184988438130574,1.55702421335829,1.03801614223886,1.17806593920759
271,0.28154126923698,0.194443973333385,0.202075266062571,1.47464197984727,1.24397172601641,1.28516284277192
272,0.283160076589657,0.189556810878555,0.197497582998319,1.43345086309176,1.16982771585649,1.2027806092609
273,0.290681054431523,0.172735054252863,0.203788959199879,1.44992730979396,1.05449258894106,1.30163928947412
274,0.292671517107372,0.198290090742333,0.202188901864884,1.6229300001671,1.29340106612302,1.2027806092609
275,0.303096409521676,0.1888374470156,0.215581050648654,1.58173888341159,1.24397172601641,1.36754507628294
276,0.256556758937854,0.185227632618606,0.201575428225247,1.40873619303845,1.14511304580318,1.29340106612302
277,0.261405966014165,0.184734892060756,0.210843255492373,1.41697441638955,1.2192570559631,1.38402152298514
278,0.263845288728609,0.179703510311837,0.209221949934007,1.38402152298514,1.11216015239878,1.30987751282523
279,0.297980481281874,0.174894074074009,0.196997319436362,1.6064535534649,1.15335126915429,1.1863041625587
280,0.253244398550089,0.167747418563157,0.20784590053795,1.40873619303845,1.00506324883445,1.30987751282523
281,0.286066720615158,0.175486187653863,0.1851881690958,1.49935664990057,1.16158949250539,1.09568370569657
282,0.269709061558319,0.186486397947405,0.203992447583857,1.46640375649616,1.24397172601641,1.27692461942082
283,0.28247312737773,0.198401600377072,0.217086128982757,1.52407131995388,1.39225974633625,1.27692461942082
284,0.276093572107139,0.195165650458216,0.189771454389514,1.53230954330498,1.29340106612302,1.22749527931421
285,0.260668552310529,0.191111942641017,0.213191648895112,1.52407131995388,1.24397172601641,1.37578329963404
286,0.265557801934841,0.180995550606404,0.19396974282366,1.41697441638955,1.07920725899437,1.24397172601641
287,0.269399786691304,0.181545059293527,0.196944706717831,1.43345086309176,1.1945423859098,1.27692461942082
288,0.269846294771745,0.186252658033402,0.202085358706474,1.37578329963404,1.2027806092609,1.34283040622963
289,0.281586279111364,0.175453707472772,0.196552785851272,1.52407131995388,1.05449258894106,1.30987751282523
290,0.266576847679255,0.182589848290292,0.200836604522473,1.44168908644286,1.1863041625587,1.23573350266531
291,0.309639699409371,0.191758763072989,0.206798621442722,1.47464197984727,1.211018832612,1.30163928947412
292,0.302648753434378,0.190861003409489,0.210688426035721,1.614691776816,1.23573350266531,1.30987751282523
293,0.279166799084577,0.183584790247711,0.208646684777973,1.54878599000719,1.15335126915429,1.40049796968735
294,0.258259124112707,0.193515946449871,0.200729629333767,1.38402152298514,1.25220994936751,1.25220994936751
295,0.295636262436608,0.183896313380204,0.205967413085145,1.52407131995388,1.211018832612,1.22749527931421
296,0.282902581070196,0.188818057680414,0.200515784994373,1.47464197984727,1.24397172601641,1.23573350266531
297,0.292674262012486,0.185804498602728,0.196958896971826,1.51583309660278,1.2192570559631,1.23573350266531
298,0.296600272472192,0.184008027161807,0.188463255903359,1.53230954330498,1.1863041625587,1.1863041625587
299,0.265736246248044,0.183942149593789,0.211050549556992,1.47464197984727,1.16158949250539,1.35106862958074
300,0.284246394717901,0.180556773175893,0.207875281230131,1.47464197984727,1.16158949250539,1.33459218287853
301,0.267096824477598,0.175622737918038,0.19532219128541,1.43345086309176,1.17806593920759,1.1945423859098
302,0.293738328600641,0.177743673805548,0.203269296308576,1.63116822351821,1.25220994936751,1.22749527931421
303,0.29645669200231,0.181922709292025,0.208176750117514,1.5899771067627,1.211018832612,1.32635395952743
304,0.274490614627028,0.181092526605565,0.203661782663005,1.41697441638955,1.12039837574988,1.25220994936751
305,0.286993979087329,0.177819371742005,0.200714025886563,1.55702421335829,1.13687482245208,1.32635395952743
306,0.291732963940351,0.202009234741268,0.202887753817075,1.57350066006049,1.30163928947412,1.30163928947412
307,0.273965715745061,0.171983341279135,0.195622469470605,1.41697441638955,1.10392192904767,1.22749527931421
308,0.29839738021252,0.191945089498437,0.204845576382974,1.54878599000719,1.28516284277192,1.24397172601641
309,0.272605866022165,0.186070006268657,0.205281379112459,1.40049796968735,1.211018832612,1.40049796968735
310,0.293605847862558,0.178188645174877,0.199794918768894,1.58173888341159,1.14511304580318,1.30163928947412
311,0.267212526823609,0.192041723671712,0.196384694923119,1.52407131995388,1.30163928947412,1.26868639606972
312,0.295567853311739,0.178157281899425,0.197999666350281,1.54878599000719,1.12863659910098,1.26868639606972
313,0.291469065663949,0.17820001839158,0.193856932272211,1.49111842654947,1.12863659910098,1.1863041625587
314,0.283996344959091,0.193694063522326,0.204513689610417,1.55702421335829,1.30163928947412,1.29340106612302
315,0.270024098289559,0.179264903417257,0.194257263156361,1.45816553314506,1.17806593920759,1.1945423859098
316,0.271190119433313,0.186200028955221,0.190019671047922,1.54054776665608,1.27692461942082,1.28516284277192
317,0.284025134832984,0.178514067643305,0.197869879379081,1.54054776665608,1.12039837574988,1.29340106612302
318,0.270581445665796,0.184971706178742,0.192291105972281,1.47464197984727,1.2192570559631,1.25220994936751
319,0.270883352958338,0.178090229637055,0.194959029034788,1.38402152298514,1.12863659910098,1.211018832612
320,0.277838096959467,0.184129271073579,0.193080737105908,1.55702421335829,1.17806593920759,1.1945423859098
321,0.272641194620642,0.179618486221137,0.18950859617098,1.42521263974065,1.09568370569657,1.24397172601641
322,0.321523786984082,0.181640936092452,0.213714261297202,1.63940644686931,1.14511304580318,1.34283040622963
323,0.298350534869874,0.188102823904857,0.207911758883801,1.58173888341159,1.25220994936751,1.37578329963404
324,0.286181496940608,0.191265886998925,0.202978218954138,1.6064535534649,1.26868639606972,1.211018832612
325,0.281721002723837,0.195173272363699,0.208562328252493,1.54878599000719,1.26868639606972,1.37578329963404
326,0.281210889393085,0.185486403791244,0.211602377206278,1.51583309660278,1.26868639606972,1.39225974633625
327,0.291416521763617,0.172951958775182,0.186793984362677,1.48288020319837,1.08744548234547,1.2027806092609
328,0.274780605176076,0.200125532682736,0.216357690879255,1.50759487325168,1.29340106612302,1.35930685293184
329,0.280380038752255,0.172751909492888,0.202114095652771,1.56526243670939,1.1945423859098,1.27692461942082
330,0.284083786106616,0.196932218628701,0.204889400565062,1.49935664990057,1.33459218287853,1.33459218287853
331,0.29020863473927,0.187317382580327,0.193625072111802,1.49935664990057,1.1863041625587,1.1863041625587
332,0.29359544209085,0.171092191128624,0.184992921638201,1.63116822351821,1.11216015239878,1.08744548234547
333,0.312487552754309,0.176364869585807,0.194184313800544,1.56526243670939,1.07096903564327,1.26868639606972
334,0.295387044200499,0.19155671754693,0.211432717745955,1.53230954330498,1.2027806092609,1.40049796968735
335,0.289841967460303,0.180508715916381,0.195367145702783,1.54054776665608,1.08744548234547,1.26868639606972
336,0.282058446104871,0.184734788534763,0.21026813781488,1.54878599000719,1.17806593920759,1.37578329963404
337,0.264964338108769,0.205093985080683,0.20849236574576,1.33459218287853,1.30987751282523,1.35106862958074
338,0.291388445389776,0.188491254412456,0.195554051428512,1.50759487325168,1.23573350266531,1.14511304580318
339,0.284577608486753,0.189160927841652,0.208915535562168,1.49935664990057,1.11216015239878,1.27692461942082
340,0.31029862702754,0.169797068646188,0.207360047956706,1.45816553314506,1.05449258894106,1.32635395952743
341,0.285572500799942,0.192065357169337,0.222691139680576,1.40873619303845,1.27692461942082,1.37578329963404
342,0.303198211342271,0.182280046468607,0.204768370252911,1.6229300001671,1.12039837574988,1.27692461942082
343,0.304877067861934,0.188517030595233,0.208273714476088,1.57350066006049,1.22749527931421,1.31811573617633
344,0.297827999721721,0.189267067871657,0.205000989166928,1.49111842654947,1.211018832612,1.26868639606972
345,0.284050537034857,0.186122635192272,0.193277211224736,1.46640375649616,1.22749527931421,1.23573350266531
346,0.298856755542535,0.192641309961411,0.205862508498359,1.50759487325168,1.24397172601641,1.30163928947412
347,0.260811890003582,0.182784280568241,0.193613486728852,1.38402152298514,1.12039837574988,1.24397172601641
348,0.29052254320979,0.187846675487337,0.184975533405918,1.44168908644286,1.26868639606972,1.16158949250539
349,0.271694054405696,0.179034605994894,0.206376778939324,1.32635395952743,1.13687482245208,1.31811573617633
350,0.296080469021638,0.18066222297573,0.199032504096482,1.57350066006049,1.15335126915429,1.24397172601641
351,0.288905008666096,0.18291313922254,0.203572593150326,1.49111842654947,1.24397172601641,1.27692461942082
352,0.305442094458071,0.196638555241727,0.220426335065153,1.6064535534649,1.25220994936751,1.43345086309176
353,0.281015074464412,0.186493500912244,0.200316780465171,1.49111842654947,1.2192570559631,1.31811573617633
354,0.28697967858177,0.182616958260712,0.194101252599762,1.51583309660278,1.13687482245208,1.23573350266531
355,0.301682269766205,0.19076136256689,0.212922540155354,1.50759487325168,1.2027806092609,1.35106862958074
356,0.257108445866724,0.182285314174541,0.20396651471712,1.32635395952743,1.12863659910098,1.36754507628294
357,0.260229278249965,0.185633841031354,0.195929430262491,1.50759487325168,1.22749527931421,1.25220994936751
358,0.29358972871721,0.200323969505674,0.209496615838554,1.44168908644286,1.26868639606972,1.211018832612
359,0.296735093574836,0.174025929187131,0.197466795701202,1.45816553314506,1.14511304580318,1.1863041625587
360,0.277456356002683,0.169644474768202,0.187982628640856,1.48288020319837,1.08744548234547,1.2192570559631
361,0.284084513067755,0.189841368040347,0.220277576730828,1.51583309660278,1.2027806092609,1.41697441638955
362,0.2939188971476,0.188089805721932,0.213627825067012,1.53230954330498,1.1863041625587,1.44992730979396
363,0.262927947866453,0.178768318404282,0.200388042899598,1.35930685293184,1.14511304580318,1.28516284277192
364,0.290261755079272,0.187998733172505,0.197868976617463,1.49935664990057,1.25220994936751,1.29340106612302
365,0.280864980076745,0.171851383224665,0.19572164371839,1.49111842654947,1.10392192904767,1.17806593920759
366,0.273608103673615,0.185336061000325,0.195982347577465,1.44168908644286,1.16982771585649,1.24397172601641
367,0.315134717985228,0.191203830226491,0.2179727652932,1.63116822351821,1.25220994936751,1.38402152298514
368,0.260844392418344,0.186364595070624,0.200358554789713,1.32635395952743,1.1945423859098,1.29340106612302
369,0.273938761582457,0.187498251932841,0.212487045244812,1.46640375649616,1.24397172601641,1.42521263974065
370,0.288876364378493,0.185404412706492,0.204089174117663,1.49935664990057,1.24397172601641,1.24397172601641
371,0.273612039029669,0.179199357560167,0.213367480633671,1.52407131995388,1.14511304580318,1.36754507628294
372,0.269112688746908,0.169306415406466,0.190879931021565,1.40873619303845,1.03801614223886,1.23573350266531
373,0.290315137682781,0.183991690360445,0.201347586264698,1.51583309660278,1.26868639606972,1.29340106612302
374,0.286005897631923,0.182254166326379,0.206591989594158,1.51583309660278,1.15335126915429,1.35930685293184
375,0.298120255047755,0.188409219865718,0.213742133605954,1.48288020319837,1.17806593920759,1.33459218287853
376,0.306376105075622,0.183541807808619,0.203801497826346,1.66412111692261,1.211018832612,1.32635395952743
377,0.318502438605498,0.180304163049072,0.208078020598554,1.58173888341159,1.26044817271861,1.36754507628294
378,0.295195659544015,0.186820355148816,0.208127898553727,1.614691776816,1.2192570559631,1.30987751282523
379,0.283083012383651,0.18325920154956,0.220270678482946,1.49935664990057,1.12863659910098,1.50759487325168
380,0.274201300644305,0.184683296689494,0.19971531094022,1.46640375649616,1.1863041625587,1.32635395952743
381,0.283442214267658,0.189786785419267,0.2126583685528,1.49935664990057,1.2192570559631,1.47464197984727
382,0.281605869230152,0.177317451495029,0.203132626652582,1.54878599000719,1.11216015239878,1.26044817271861
383,0.286132330687128,0.17595000786398,0.206187256759524,1.46640375649616,1.08744548234547,1.33459218287853
384,0.307260789131128,0.19110354282689,0.193581884816942,1.6064535534649,1.1863041625587,1.26044817271861
385,0.251208812009469,0.184816582374445,0.192060920230134,1.47464197984727,1.1863041625587,1.26868639606972
386,0.291923171089949,0.181494914906138,0.191857106886685,1.55702421335829,1.17806593920759,1.12863659910098
387,0.326812539874399,0.194624308382852,0.219689661798722,1.5899771067627,1.2192570559631,1.33459218287853
388,0.285080079571572,0.181704997144716,0.197658935416014,1.49935664990057,1.12039837574988,1.2027806092609
389,0.272942883039254,0.173433236791747,0.185553731598399,1.44992730979396,1.04625436558996,1.09568370569657
390,0.264688628144768,0.180639721583807,0.183917974178231,1.35106862958074,1.16158949250539,1.06273081229216
391,0.284734008425365,0.172265905597979,0.20329061665131,1.57350066006049,1.04625436558996,1.24397172601641
392,0.288167269299248,0.18664184895787,0.19458689244256,1.49935664990057,1.17806593920759,1.22749527931421
393,0.278532747209173,0.187977092243711,0.211096170404068,1.49935664990057,1.2192570559631,1.38402152298514
394,0.291027223202094,0.176456731377771,0.202923413959126,1.5982153301138,1.07096903564327,1.12039837574988
395,0.278732540994692,0.194227886589527,0.20660201153934,1.45816553314506,1.27692461942082,1.30163928947412
396,0.276854197436041,0.173578613645861,0.204604823888861,1.55702421335829,1.14511304580318,1.31811573617633
397,0.290494633885583,0.180327880314331,0.211664942146886,1.44992730979396,1.16158949250539,1.42521263974065
398,0.289698148310005,0.188366893781714,0.2002899061165,1.44992730979396,1.2027806092609,1.23573350266531
399,0.263170804769481,0.183152251355926,0.206713902360687,1.52407131995388,1.211018832612,1.34283040622963
400,0.282110762985737,0.189232426618548,0.199749206572619,1.56526243670939,1.16982771585649,1.22749527931421
401,0.295991059602901,0.187842082503786,0.194599566414352,1.57350066006049,1.31811573617633,1.26868639606972
402,0.27426421433176,0.187481711193884,0.195595354174086,1.51583309660278,1.1945423859098,1.17806593920759
403,0.269161906829071,0.179342175204176,0.201444280368672,1.51583309660278,1.23573350266531,1.29340106612302
404,0.28478067086219,0.192815344107764,0.214157076427393,1.54054776665608,1.24397172601641,1.45816553314506
405,0.262824533263453,0.185311085494613,0.200962902224428,1.51583309660278,1.23573350266531,1.26044817271861
406,0.26172007326887,0.185260727196901,0.20019963711092,1.34283040622963,1.211018832612,1.30987751282523
407,0.273327230092789,0.166125681680203,0.186473380029593,1.48288020319837,0.922681015323429,1.10392192904767
408,0.264609301834569,0.185798826485251,0.190451054278543,1.40873619303845,1.14511304580318,1.2027806092609
409,0.283437695003055,0.171748516653278,0.189467176198865,1.42521263974065,1.11216015239878,1.2192570559631
410,0.27570450386709,0.190317944842753,0.218544841532355,1.51583309660278,1.24397172601641,1.43345086309176
411,0.296860698381363,0.186582775086793,0.209820211281326,1.5899771067627,1.2027806092609,1.38402152298514
412,0.271045630128171,0.200958399103321,0.209956313786103,1.47464197984727,1.35930685293184,1.40049796968735
413,0.269257872580549,0.189891485521342,0.209990649340625,1.44992730979396,1.22749527931421,1.36754507628294
414,0.286023490995815,0.188403001267252,0.203008997215769,1.49111842654947,1.2192570559631,1.29340106612302
415,0.278494395007008,0.180187017505064,0.19091553351691,1.49111842654947,1.16158949250539,1.23573350266531
416,0.281500213025988,0.185090934362303,0.199134625014084,1.49111842654947,1.17806593920759,1.27692461942082
417,0.296088473666947,0.177168681525199,0.200062989407059,1.58173888341159,1.14511304580318,1.211018832612
418,0.270880315239318,0.189203467084525,0.198318808378418,1.42521263974065,1.26868639606972,1.27692461942082
419,0.286197572705294,0.192568907056073,0.19992564641824,1.53230954330498,1.24397172601641,1.25220994936751
420,0.285887538632995,0.180843358790016,0.189388460356059,1.54878599000719,1.1945423859098,1.2027806092609
421,0.277916999801681,0.18937749954363,0.202883641247112,1.53230954330498,1.26868639606972,1.28516284277192
422,0.257711512086185,0.181868425856286,0.19152997620698,1.40049796968735,1.1863041625587,1.30163928947412
423,0.28707706192271,0.195284946076415,0.206974647734065,1.6229300001671,1.27692461942082,1.37578329963404
424,0.283989520065402,0.200556747896663,0.195770152756593,1.6064535534649,1.27692461942082,1.12863659910098
425,0.300579173807636,0.18844635480856,0.207848746472027,1.54054776665608,1.211018832612,1.39225974633625
426,0.293292591741229,0.170334239654757,0.197892957217188,1.49111842654947,1.04625436558996,1.23573350266531
427,0.295970348750498,0.183030240893525,0.203876210829399,1.55702421335829,1.15335126915429,1.23573350266531
428,0.276199410477499,0.194419614377092,0.190241216266941,1.53230954330498,1.32635395952743,1.26044817271861
429,0.279206637683212,0.190338750791451,0.195767814357108,1.50759487325168,1.14511304580318,1.14511304580318
430,0.271953446020821,0.196416301310897,0.190251891333952,1.49935664990057,1.30987751282523,1.1945423859098
431,0.266444050384364,0.175962816014863,0.19104848966485,1.47464197984727,1.11216015239878,1.23573350266531
432,0.307835502375817,0.176936515906418,0.189173444119257,1.63940644686931,1.14511304580318,1.1863041625587
433,0.279510166355872,0.179502145183049,0.208245255268305,1.49935664990057,1.07920725899437,1.30987751282523
434,0.286379731239892,0.197213762423157,0.220341909566088,1.54878599000719,1.28516284277192,1.44992730979396
435,0.300566636439443,0.182745275821349,0.1969515690346,1.66412111692261,1.22749527931421,1.34283040622963
436,0.293870012030073,0.190598458678167,0.202755581958789,1.45816553314506,1.24397172601641,1.38402152298514
437,0.275050420090413,0.199138268117677,0.2031230008998,1.51583309660278,1.28516284277192,1.30987751282523
438,0.291436274914506,0.199248489920952,0.210528446394867,1.48288020319837,1.26868639606972,1.33459218287853
439,0.283423054503602,0.184796702232703,0.208328231121825,1.51583309660278,1.15335126915429,1.30163928947412
440,0.294963658848409,0.179476374330256,0.195776255496374,1.56526243670939,1.12863659910098,1.17806593920759
441,0.267338551117104,0.183845002836171,0.211858630615939,1.45816553314506,1.16982771585649,1.32635395952743
442,0.268936655256792,0.190531012143811,0.202830560545935,1.49935664990057,1.28516284277192,1.25220994936751
443,0.277097306087785,0.177147826663219,0.193097773377598,1.52407131995388,1.09568370569657,1.2192570559631
444,0.285986704954697,0.180782469410629,0.203626352242414,1.50759487325168,1.13687482245208,1.38402152298514
445,0.278611537270863,0.184466040986963,0.198689272172517,1.5899771067627,1.211018832612,1.23573350266531
446,0.280176601081502,0.188938356087263,0.217545333083274,1.52407131995388,1.15335126915429,1.46640375649616
447,0.313581898587182,0.191671739799108,0.217298550888129,1.6064535534649,1.33459218287853,1.44168908644286
448,0.280884209791391,0.182678259547364,0.20980552190733,1.49935664990057,1.12863659910098,1.30163928947412
449,0.302070974844235,0.178650791817385,0.195591810803626,1.50759487325168,1.2027806092609,1.211018832612
450,0.291527783027051,0.182413172723507,0.198324854298455,1.614691776816,1.2027806092609,1.26868639606972
451,0.289539821616496,0.180940726971757,0.198263285089445,1.51583309660278,1.22749527931421,1.27692461942082
452,0.292604126467467,0.186548961417198,0.196430234838744,1.56526243670939,1.2027806092609,1.2192570559631
453,0.272550259074287,0.185686536522727,0.198391993875045,1.49935664990057,1.211018832612,1.29340106612302
454,0.284799743969118,0.19819804386779,0.200884640852224,1.58173888341159,1.34283040622963,1.32635395952743
455,0.266027396246418,0.192736850710342,0.200118274422638,1.44992730979396,1.22749527931421,1.31811573617633
456,0.283607326181319,0.181612293014835,0.209978991036485,1.57350066006049,1.11216015239878,1.33459218287853
457,0.317725630070769,0.191713197442563,0.206470374186927,1.68883578697592,1.32635395952743,1.40049796968735
458,0.294332645096149,0.185883159180512,0.194165493950022,1.53230954330498,1.17806593920759,1.2027806092609
459,0.260025774971389,0.185879958832081,0.202855233171956,1.38402152298514,1.16982771585649,1.41697441638955
460,0.269493779625975,0.186861574682827,0.205291976435838,1.43345086309176,1.25220994936751,1.42521263974065
461,0.272396425327088,0.189671808438901,0.201378477706497,1.43345086309176,1.17806593920759,1.35106862958074
462,0.256810038886559,0.192574635183871,0.194605186646385,1.40873619303845,1.33459218287853,1.22749527931421
463,0.301680468859381,0.194338223991273,0.209097831999672,1.5899771067627,1.27692461942082,1.36754507628294
464,0.286164302705931,0.184862810297484,0.200750609575107,1.53230954330498,1.28516284277192,1.1863041625587
465,0.302235065996805,0.169163406426994,0.183300552928752,1.50759487325168,1.07096903564327,1.211018832612
466,0.283827807857496,0.189570299628828,0.211675198059635,1.53230954330498,1.16982771585649,1.30163928947412
467,0.272180582737323,0.18629953439744,0.198179449444028,1.41697441638955,1.10392192904767,1.30987751282523
468,0.285424200507161,0.18902989267522,0.207792808354883,1.5899771067627,1.1945423859098,1.39225974633625
469,0.282661876807959,0.19136964733183,0.212517782823339,1.49111842654947,1.26044817271861,1.32635395952743
470,0.305809532205603,0.186467286941824,0.211071840857363,1.56526243670939,1.2192570559631,1.35106862958074
471,0.251284765874406,0.18437793083175,0.188244508126635,1.41697441638955,1.211018832612,1.23573350266531
472,0.28728159602881,0.179085507635013,0.194574474294573,1.49935664990057,1.16982771585649,1.26868639606972
473,0.300912906291749,0.200730376415471,0.216285411226242,1.56526243670939,1.36754507628294,1.44168908644286
474,0.278527895345284,0.176102044805534,0.193498825886321,1.48288020319837,1.13687482245208,1.29340106612302
475,0.303243526646498,0.178743769286547,0.198602488347347,1.51583309660278,1.10392192904767,1.22749527931421
476,0.276829041838215,0.183765924266098,0.195429286783795,1.44168908644286,1.16158949250539,1.27692461942082
477,0.250640077629494,0.170176840713222,0.191758561720242,1.36754507628294,1.02977791888776,1.15335126915429
478,0.285332500204185,0.179521531537095,0.216441153083143,1.49935664990057,1.17806593920759,1.40049796968735
479,0.263951652423596,0.187422396212231,0.180933867494026,1.35106862958074,1.31811573617633,1.15335126915429
480,0.271832625465443,0.184372903036193,0.209903144873687,1.49111842654947,1.17806593920759,1.31811573617633
481,0.269835148944378,0.183402134448031,0.200347051672964,1.39225974633625,1.16158949250539,1.23573350266531
482,0.259797889396624,0.179184444896374,0.194331043132359,1.33459218287853,1.13687482245208,1.1945423859098
483,0.290919847239206,0.189794129596858,0.204085511540124,1.5982153301138,1.1945423859098,1.31811573617633
484,0.285872380126221,0.189218703801789,0.214997960566361,1.54054776665608,1.26044817271861,1.35106862958074
485,0.258107082081262,0.183983188239206,0.195535807962402,1.33459218287853,1.12863659910098,1.24397172601641
486,0.27683717169264,0.175894462238887,0.195476717738641,1.53230954330498,1.12863659910098,1.24397172601641
487,0.286328888361177,0.170901556917024,0.191757782048848,1.54054776665608,1.12039837574988,1.14511304580318
488,0.282665118808421,0.185427887176248,0.200664728301867,1.44168908644286,1.25220994936751,1.35106862958074
489,0.283172307275395,0.185428842518598,0.212034739986028,1.44992730979396,1.16158949250539,1.35930685293184
490,0.308991459148353,0.182913913033516,0.2054218314822,1.54878599000719,1.1945423859098,1.36754507628294
491,0.287231376334572,0.183601294631267,0.200380876222695,1.54054776665608,1.1945423859098,1.26868639606972
492,0.304361486572824,0.176003174616983,0.192678288504249,1.38402152298514,1.11216015239878,1.1945423859098
493,0.278604384391473,0.181922341218152,0.192400567303863,1.45816553314506,1.14511304580318,1.22749527931421
494,0.293288070550852,0.189738147278552,0.208462545006045,1.54878599000719,1.26868639606972,1.40873619303845
495,0.275984478116237,0.182467658781834,0.216752334491947,1.53230954330498,1.16982771585649,1.27692461942082
496,0.293017755309532,0.19392827600545,0.208603228944362,1.64764467022041,1.23573350266531,1.32635395952743
497,0.267866310620104,0.176893140188142,0.202247618424411,1.40873619303845,1.02153969553665,1.26044817271861
498,0.274643067933333,0.183387597023749,0.198862159872666,1.50759487325168,1.26044817271861,1.2192570559631
499,0.27123233788203,0.18793607787227,0.19378235703374,1.41697441638955,1.24397172601641,1.28516284277192
500,0.281627523615874,0.204680347874473,0.209589074249234,1.55702421335829,1.34283040622963,1.28516284277192
501,0.279168469179346,0.189140747446443,0.199702285593928,1.46640375649616,1.26044817271861,1.27692461942082
502,0.274550371254347,0.184951955564366,0.201362088115678,1.43345086309176,1.16158949250539,1.26868639606972
503,0.292509103051732,0.191334401802691,0.209148456108431,1.54878599000719,1.26868639606972,1.36754507628294
504,0.263912331938414,0.1863589960149,0.192088559897761,1.42521263974065,1.26868639606972,1.24397172601641
505,0.282136340385709,0.186326380031891,0.192344987853336,1.49935664990057,1.2192570559631,1.24397172601641
506,0.29274782676806,0.184852149809167,0.194577948916633,1.58173888341159,1.211018832612,1.27692461942082
507,0.278956076541469,0.194354287112529,0.20324708512237,1.55702421335829,1.23573350266531,1.27692461942082
508,0.298544048965672,0.193426567900582,0.199252060793377,1.65588289357151,1.22749527931421,1.22749527931421
509,0.263685024902792,0.185348859876689,0.192684599928672,1.40873619303845,1.09568370569657,1.22749527931421
510,0.279066631579734,0.19165494541305,0.192475231602547,1.47464197984727,1.31811573617633,1.1945423859098
511,0.28689410211731,0.176514627555069,0.202044249071556,1.51583309660278,1.11216015239878,1.28516284277192
512,0.279837097830292,0.173870510557193,0.197946669491455,1.47464197984727,1.08744548234547,1.27692461942082
513,0.288533376091551,0.193934849160606,0.201857233696436,1.58173888341159,1.30163928947412,1.23573350266531
514,0.270911397483657,0.185986933931975,0.196953437819898,1.46640375649616,1.22749527931421,1.30987751282523
515,0.282661578850367,0.180977557002679,0.201703256950383,1.58173888341159,1.16982771585649,1.30987751282523
516,0.270779855774678,0.198300672555613,0.199332988042014,1.46640375649616,1.38402152298514,1.25220994936751
517,0.28397068955291,0.187060340712634,0.210201099276588,1.55702421335829,1.24397172601641,1.30987751282523
518,0.288014900552055,0.190462628422179,0.19460176516928,1.43345086309176,1.211018832612,1.26044817271861
519,0.256944128029058,0.189634415488444,0.20053450828129,1.45816553314506,1.30163928947412,1.27692461942082
520,0.280122963965534,0.174887044789507,0.207403089036173,1.46640375649616,1.06273081229216,1.40049796968735
521,0.288587914238079,0.18995445795123,0.199289348909102,1.42521263974065,1.27692461942082,1.30163928947412
522,0.2831832114831,0.184496966342614,0.198130991111255,1.57350066006049,1.22749527931421,1.22749527931421
523,0.28437549684232,0.18486534633352,0.208312063525819,1.54878599000719,1.14511304580318,1.2192570559631
524,0.27912079114642,0.189256518345757,0.201053342215185,1.57350066006049,1.26044817271861,1.25220994936751
525,0.288639308724508,0.178679775350932,0.204412053205671,1.58173888341159,1.04625436558996,1.35106862958074
526,0.268753160258276,0.172847111126636,0.184253907844815,1.38402152298514,1.14511304580318,1.09568370569657
527,0.252630569847627,0.179188877123305,0.196025590052426,1.35930685293184,1.12863659910098,1.16982771585649
528,0.288188759719942,0.178715483419276,0.202401464911323,1.54054776665608,1.211018832612,1.11216015239878
529,0.282142113738422,0.184572814853349,0.189610707910755,1.58173888341159,1.1945423859098,1.25220994936751
530,0.271202891076472,0.182767544297611,0.201470197849405,1.42521263974065,1.211018832612,1.28516284277192
531,0.282628661982416,0.199977314977312,0.205640651529074,1.50759487325168,1.31811573617633,1.26044817271861
532,0.275309678702535,0.18233094578975,0.194834390863062,1.47464197984727,1.15335126915429,1.2027806092609
533,0.26173974477756,0.180275349503964,0.203565142561434,1.42521263974065,1.12863659910098,1.26868639606972
534,0.258441093720457,0.193809733412608,0.209177671461914,1.46640375649616,1.28516284277192,1.31811573617633
535,0.276070163480463,0.185634764967729,0.20040564510485,1.47464197984727,1.23573350266531,1.29340106612302
536,0.281643982891266,0.165915277571621,0.192537559565103,1.614691776816,0.996825025483348,1.15335126915429
537,0.28361953076627,0.180046098172009,0.199894453954336,1.56526243670939,1.09568370569657,1.211018832612
538,0.294967388863465,0.187341965518204,0.203563675111693,1.50759487325168,1.22749527931421,1.28516284277192
539,0.281559869167694,0.195662788025257,0.206044823540023,1.48288020319837,1.24397172601641,1.34283040622963
540,0.249619057427542,0.201092394709404,0.201355083883313,1.36754507628294,1.23573350266531,1.2027806092609
541,0.288625115135415,0.190060161746232,0.204215613256288,1.52407131995388,1.22749527931421,1.33459218287853
542,0.282589479471893,0.182351163519509,0.203905438537385,1.56526243670939,1.22749527931421,1.25220994936751
543,0.305430386798532,0.182900322847249,0.193283296759669,1.614691776816,1.11216015239878,1.23573350266531
544,0.312352946504141,0.191951344507886,0.201197727241267,1.58173888341159,1.24397172601641,1.211018832612
545,0.285610739947721,0.185849691546569,0.198417866333588,1.48288020319837,1.12863659910098,1.31811573617633
546,0.278689570176972,0.181532698870195,0.218018094872668,1.53230954330498,1.13687482245208,1.35106862958074
547,0.298366379242978,0.179469116851788,0.194131059092225,1.5982153301138,1.17806593920759,1.211018832612
548,0.314138052274439,0.19580944702236,0.216822642929338,1.65588289357151,1.22749527931421,1.37578329963404
549,0.271078864745521,0.198619993903013,0.209327051707546,1.48288020319837,1.25220994936751,1.28516284277192
550,0.289818934086343,0.178904439666612,0.192302823179392,1.48288020319837,1.1863041625587,1.27692461942082
551,0.264748005066167,0.17932120831722,0.189953318985576,1.39225974633625,1.09568370569657,1.16158949250539
552,0.257090382866548,0.189792447279451,0.209760946921945,1.43345086309176,1.2192570559631,1.38402152298514
553,0.294176704096336,0.184884798737799,0.196313643846593,1.48288020319837,1.211018832612,1.30163928947412
554,0.264019878072488,0.171453824859163,0.204723565407815,1.42521263974065,1.06273081229216,1.2027806092609
555,0.282921460094514,0.181011967387085,0.202192302200945,1.54054776665608,1.17806593920759,1.30163928947412
556,0.303069143997736,0.18459458376997,0.194997860699448,1.57350066006049,1.211018832612,1.1863041625587
557,0.288901607583914,0.185075867330448,0.217519353404077,1.54054776665608,1.16158949250539,1.39225974633625
558,0.261488237132199,0.184109208657826,0.214495536792501,1.34283040622963,1.16982771585649,1.40873619303845
559,0.271012029131736,0.188179024621669,0.194857403960828,1.44992730979396,1.26868639606972,1.25220994936751
560,0.27632720113314,0.193701048042195,0.215984857331338,1.5899771067627,1.16982771585649,1.40049796968735
561,0.275863599281967,0.180963367297004,0.210944562752831,1.66412111692261,1.17806593920759,1.23573350266531
562,0.261432519695885,0.181572606512584,0.192567215099787,1.37578329963404,1.14511304580318,1.1863041625587
563,0.290033102941532,0.185729803080358,0.206273453368963,1.42521263974065,1.12039837574988,1.41697441638955
564,0.257326245669139,0.180301923694901,0.196901572410321,1.44168908644286,1.14511304580318,1.30987751282523
565,0.283393006392657,0.190876786641375,0.206163332465197,1.48288020319837,1.16982771585649,1.34283040622963
566,0.287802242987737,0.199793548372451,0.226995477940749,1.6064535534649,1.37578329963404,1.39225974633625
567,0.304771050702491,0.179140848656038,0.194515627051468,1.63116822351821,1.23573350266531,1.26868639606972
568,0.271741635189064,0.184529744344907,0.203419615234233,1.44168908644286,1.13687482245208,1.35106862958074
569,0.284732792090586,0.182315139762387,0.202170280444537,1.53230954330498,1.2192570559631,1.23573350266531
570,0.272722398053252,0.175403985346032,0.205095417566724,1.40873619303845,1.07096903564327,1.30987751282523
571,0.288523468854821,0.185052101571386,0.193293566329444,1.49935664990057,1.25220994936751,1.29340106612302
572,0.281783161050256,0.170053774461446,0.19335408008037,1.47464197984727,1.10392192904767,1.29340106612302
573,0.301115026460549,0.168832038286688,0.187334466595431,1.5982153301138,1.02153969553665,1.16158949250539
574,0.269603498917539,0.183555421452051,0.194702963029788,1.40873619303845,1.17806593920759,1.22749527931421
575,0.307706411888509,0.189401888300868,0.196562321382,1.614691776816,1.2192570559631,1.25220994936751
576,0.262653723768279,0.183241563903233,0.197787708333002,1.44168908644286,1.12863659910098,1.29340106612302
577,0.311097799806538,0.172618143541201,0.188479866429041,1.6064535534649,1.07920725899437,1.17806593920759
578,0.280721659300544,0.187010414137677,0.215549100374886,1.54054776665608,1.2027806092609,1.40049796968735
579,0.279081071773742,0.194614203272218,0.19938538163392,1.50759487325168,1.29340106612302,1.37578329963404
580,0.299729951486788,0.192192898227125,0.203764622641009,1.51583309660278,1.2027806092609,1.36754507628294
581,0.283707192681687,0.186229921723736,0.213322747533237,1.54054776665608,1.2027806092609,1.39225974633625
582,0.283276551914601,0.191455776103223,0.206071155160263,1.58173888341159,1.26044817271861,1.32635395952743
583,0.276370949600185,0.187432915872663,0.204195670466557,1.49935664990057,1.24397172601641,1.30987751282523
584,0.285995887796604,0.167632538377011,0.198029600587393,1.58173888341159,0.988586802132246,1.2192570559631
585,0.293776971362884,0.18968366169913,0.202205894333371,1.49935664990057,1.2192570559631,1.33459218287853
586,0.300145707505604,0.188070163060328,0.196748250229709,1.55702421335829,1.16982771585649,1.1945423859098
587,0.285956918837487,0.177580790462041,0.193885602925803,1.49935664990057,1.06273081229216,1.26868639606972
588,0.317710207445772,0.185472588130202,0.202713063926516,1.5899771067627,1.15335126915429,1.30987751282523
589,0.282471698197176,0.193281570878214,0.219550279221827,1.45816553314506,1.25220994936751,1.41697441638955
590,0.291825888328239,0.173328919410326,0.183825683759129,1.68059756362482,1.10392192904767,1.15335126915429
591,0.273271837373972,0.175572399483685,0.186464755483626,1.50759487325168,1.13687482245208,1.1863041625587
592,0.262492309306593,0.187255854973925,0.197348773014286,1.39225974633625,1.25220994936751,1.16158949250539
593,0.272172499775464,0.186553919537255,0.199976625650598,1.48288020319837,1.11216015239878,1.22749527931421
594,0.277768591027695,0.187591332490419,0.196922419669355,1.53230954330498,1.26044817271861,1.27692461942082
595,0.261929028725662,0.193526474585512,0.202151282090996,1.40873619303845,1.16158949250539,1.33459218287853
596,0.283855628065208,0.179092245366461,0.192442555501133,1.46640375649616,1.17806593920759,1.27692461942082
597,0.269006798789259,0.192864433507526,0.202324152831401,1.40049796968735,1.24397172601641,1.30987751282523
598,0.273242509160024,0.191324390787015,0.194178042879164,1.40873619303845,1.33459218287853,1.24397172601641
599,0.28956560613448,0.183926132180787,0.19838890002595,1.5899771067627,1.16158949250539,1.28516284277192
600,0.279960099545634,0.190398035535929,0.197673959682188,1.45816553314506,1.1863041625587,1.26044817271861
601,0.268413740603122,0.178266856505612,0.197779626559624,1.42521263974065,1.15335126915429,1.29340106612302
602,0.274220767491551,0.202655817917545,0.22438485560439,1.44168908644286,1.27692461942082,1.39225974633625
603,0.266768198246913,0.169552569320723,0.192006641023821,1.49111842654947,1.02153969553665,1.24397172601641
604,0.298897167764671,0.184530421792674,0.202909799198839,1.54054776665608,1.15335126915429,1.26868639606972
605,0.29944098434035,0.184023898320612,0.208805038948733,1.56526243670939,1.22749527931421,1.36754507628294
606,0.291093169051688,0.183628088744404,0.197945756901917,1.47464197984727,1.17806593920759,1.27692461942082
607,0.278203203954577,0.190435525759092,0.210150312821615,1.54054776665608,1.1863041625587,1.32635395952743
608,0.298712260554698,0.178996118313332,0.203915998255622,1.6064535534649,1.12863659910098,1.26868639606972
609,0.254359555165123,0.171940156147063,0.192847797841664,1.50759487325168,1.11216015239878,1.1945423859098
610,0.29047513495524,0.18625160559824,0.197540329346217,1.44992730979396,1.26868639606972,1.32635395952743
611,0.262749808133154,0.19205855415508,0.205012273477602,1.46640375649616,1.23573350266531,1.28516284277192
612,0.279802338653829,0.174227738524943,0.185930934023648,1.49935664990057,1.16158949250539,1.15335126915429
613,0.268667787647635,0.184092503959357,0.21049285745842,1.33459218287853,1.15335126915429,1.42521263974065
614,0.285070116718454,0.19421982789992,0.205417500169853,1.49111842654947,1.30987751282523,1.32635395952743
615,0.264288569008307,0.197111912361084,0.222862412596554,1.45816553314506,1.26044817271861,1.34283040622963
616,0.288230485883044,0.184825377506607,0.194584401479616,1.58173888341159,1.26044817271861,1.24397172601641
617,0.293723243653794,0.186987563155351,0.207914294560749,1.57350066006049,1.1945423859098,1.23573350266531
618,0.271366500978204,0.187595803194065,0.194067556376022,1.45816553314506,1.2027806092609,1.26868639606972
619,0.280694079445638,0.176074246811715,0.202644518851057,1.49111842654947,1.07096903564327,1.35106862958074
620,0.288220647251691,0.194366392814648,0.19995221385254,1.49935664990057,1.29340106612302,1.26868639606972
621,0.277074222558127,0.191216537552094,0.204147109988685,1.55702421335829,1.30987751282523,1.31811573617633
622,0.288080354487117,0.19788638043762,0.210535723801885,1.56526243670939,1.32635395952743,1.35106862958074
623,0.283779878871939,0.201785127820545,0.218760138255803,1.54878599000719,1.28516284277192,1.38402152298514
624,0.256958420482877,0.186291736632162,0.199165307011671,1.39225974633625,1.1863041625587,1.29340106612302
625,0.265791468127919,0.178829874968382,0.189763726298401,1.45816553314506,1.09568370569657,1.23573350266531
626,0.267174801727769,0.175438797392188,0.188965577727851,1.49111842654947,1.07920725899437,1.2027806092609
627,0.274673386319296,0.193142548523894,0.203356064267697,1.44168908644286,1.1863041625587,1.29340106612302
628,0.294257793089992,0.183508196746843,0.205254254034083,1.6229300001671,1.15335126915429,1.28516284277192
629,0.285619931376147,0.183639110944463,0.194423970511856,1.47464197984727,1.1945423859098,1.13687482245208
630,0.2905375069919,0.189055483593926,0.213004088016305,1.5899771067627,1.1945423859098,1.35930685293184
631,0.275085293430265,0.175306791419983,0.189736750969948,1.43345086309176,1.07920725899437,1.16982771585649
632,0.29804779441597,0.175291545931915,0.201919422744771,1.53230954330498,1.12039837574988,1.30987751282523
633,0.279393811335713,0.185122908277501,0.217859197207695,1.54054776665608,1.14511304580318,1.35930685293184
634,0.266394446804224,0.182290833454201,0.197271612418434,1.46640375649616,1.14511304580318,1.2192570559631
635,0.302587139544345,0.187606469642262,0.217244901967063,1.54878599000719,1.25220994936751,1.40049796968735
636,0.26867749312618,0.185208264228334,0.1944931762677,1.44168908644286,1.12039837574988,1.211018832612
637,0.297167186044416,0.184542598649263,0.211787637096613,1.50759487325168,1.2192570559631,1.40049796968735
638,0.270887197513754,0.182396643959479,0.203806413795231,1.43345086309176,1.1945423859098,1.24397172601641
639,0.266956252975442,0.191723999751523,0.192805884296031,1.50759487325168,1.29340106612302,1.22749527931421
640,0.279929474460303,0.192404548751366,0.206128805817829,1.54054776665608,1.28516284277192,1.36754507628294
641,0.297828780787288,0.185739772298242,0.208236645702001,1.5982153301138,1.14511304580318,1.26868639606972
642,0.280264975602004,0.177333310968306,0.208115671179,1.56526243670939,1.14511304580318,1.34283040622963
643,0.290904225666929,0.189439041267728,0.203315796421836,1.55702421335829,1.26044817271861,1.30163928947412
644,0.279643984267761,0.203252122453077,0.214022668455525,1.48288020319837,1.30163928947412,1.35930685293184
645,0.262905183676113,0.175434877542159,0.186169957389101,1.35930685293184,1.14511304580318,1.15335126915429
646,0.270399841090826,0.18539424358814,0.207159501166679,1.48288020319837,1.2192570559631,1.24397172601641
647,0.294479591760455,0.182566467407442,0.187065756836597,1.6064535534649,1.2027806092609,1.16982771585649
648,0.2980289129507,0.176528774145632,0.199596352134023,1.63116822351821,1.17806593920759,1.31811573617633
649,0.277942478144523,0.178535096993278,0.200329177910484,1.48288020319837,1.1863041625587,1.32635395952743
650,0.272192161706662,0.202269352753469,0.204860210098883,1.49111842654947,1.23573350266531,1.34283040622963
651,0.288966642492463,0.18559199204922,0.200494150851655,1.5899771067627,1.14511304580318,1.2192570559631
652,0.268994127952884,0.182255231592557,0.199461694482312,1.40049796968735,1.17806593920759,1.28516284277192
653,0.292529480495195,0.17366021424369,0.199618038896572,1.41697441638955,1.11216015239878,1.28516284277192
654,0.265516330854682,0.184054838739915,0.204761573418175,1.48288020319837,1.16982771585649,1.35106862958074
655,0.275772258956533,0.174307264375542,0.182224790773331,1.44168908644286,1.10392192904767,1.16158949250539
656,0.28262811393927,0.184023656803996,0.203060667426937,1.40873619303845,1.26044817271861,1.31811573617633
657,0.267469029883914,0.181019388713846,0.195840483075634,1.40049796968735,1.2027806092609,1.30163928947412
658,0.295661946322534,0.189615551049292,0.207316504449261,1.54878599000719,1.2192570559631,1.30163928947412
659,0.282583825586919,0.184658909864321,0.20766964524233,1.44992730979396,1.16982771585649,1.34283040622963
660,0.273417756208225,0.202464200470231,0.213333552737583,1.45816553314506,1.36754507628294,1.27692461942082
661,0.315265325186582,0.1761689897319,0.208656860961516,1.73826512708253,1.10392192904767,1.28516284277192
662,0.300163951729535,0.182128211819125,0.209526875931569,1.63940644686931,1.24397172601641,1.25220994936751
663,0.282362183519687,0.175283925394267,0.189670052001096,1.48288020319837,1.06273081229216,1.23573350266531
664,0.295503993127903,0.180212687949838,0.20175354977788,1.65588289357151,1.2192570559631,1.23573350266531
665,0.297508772840794,0.179622479513352,0.205161387597551,1.50759487325168,1.09568370569657,1.1945423859098
666,0.277374643692848,0.177189432816515,0.204323126707048,1.48288020319837,1.09568370569657,1.34283040622963
667,0.279550443675867,0.187506750124348,0.205308810382737,1.48288020319837,1.211018832612,1.44992730979396
668,0.270834796603736,0.201599180401374,0.215296694487261,1.43345086309176,1.33459218287853,1.36754507628294
669,0.277917442749196,0.191078543994418,0.201477226408244,1.43345086309176,1.2027806092609,1.31811573617633
670,0.260201398401289,0.176331189712455,0.191172535562266,1.39225974633625,1.2027806092609,1.211018832612
671,0.287659282446353,0.189230235535421,0.204883480675383,1.56526243670939,1.22749527931421,1.33459218287853
672,0.289625081425944,0.190558386399901,0.188414204512173,1.58173888341159,1.24397172601641,1.1863041625587
673,0.277968299827276,0.195172960518802,0.207952447609676,1.46640375649616,1.16158949250539,1.28516284277192
674,0.292578329071792,0.177792950745878,0.188819837318681,1.47464197984727,1.10392192904767,1.16982771585649
675,0.245930140256351,0.170734227544065,0.195173344164203,1.36754507628294,1.12863659910098,1.27692461942082
676,0.263294866474938,0.17697254182016,0.195427067835874,1.41697441638955,1.09568370569657,1.35930685293184
677,0.287870332288489,0.191357005983963,0.196447767019623,1.52407131995388,1.26868639606972,1.24397172601641
678,0.281267962484156,0.186247620454925,0.198212724273869,1.51583309660278,1.14511304580318,1.23573350266531
679,0.255576953923575,0.172249964884909,0.193045412882237,1.28516284277192,1.02153969553665,1.1863041625587
680,0.289752912665124,0.179079946014537,0.202400019677199,1.54054776665608,1.16158949250539,1.29340106612302
681,0.293663145638278,0.180589971035861,0.197794348986277,1.53230954330498,1.16982771585649,1.2192570559631
682,0.316804080393083,0.184690195631501,0.199634623492116,1.63940644686931,1.2027806092609,1.23573350266531
683,0.268751458976919,0.189788986869587,0.194113277655419,1.45816553314506,1.30163928947412,1.32635395952743
684,0.292448653616307,0.192223036152153,0.203830836992382,1.55702421335829,1.25220994936751,1.22749527931421
685,0.301402649410897,0.193429690413124,0.203730562199167,1.5899771067627,1.24397172601641,1.30987751282523
686,0.290003420760577,0.192200246687108,0.202274812233158,1.5899771067627,1.16158949250539,1.28516284277192
687,0.296052181602587,0.192280293144665,0.219557498606392,1.63116822351821,1.23573350266531,1.42521263974065
688,0.271172663127213,0.185349240920535,0.197847101108998,1.43345086309176,1.22749527931421,1.29340106612302
689,0.293881068276302,0.205495239833969,0.215647489142628,1.63116822351821,1.29340106612302,1.40049796968735
690,0.279255212715587,0.190476438669315,0.204314440901606,1.46640375649616,1.16982771585649,1.26044817271861
691,0.294994077443481,0.187142199714016,0.192767503342323,1.58173888341159,1.211018832612,1.211018832612
692,0.290269777645134,0.202809646330676,0.219797885156971,1.53230954330498,1.32635395952743,1.42521263974065
693,0.254778741775403,0.19003488349472,0.209044648618278,1.35106862958074,1.29340106612302,1.41697441638955
694,0.295898146460055,0.195157619443689,0.211063477572667,1.57350066006049,1.29340106612302,1.44992730979396
695,0.288775638649,0.18691764353082,0.211520199414146,1.54054776665608,1.2192570559631,1.30987751282523
696,0.303638861703942,0.181347970389496,0.202458442013712,1.57350066006049,1.16982771585649,1.33459218287853
697,0.273131676252608,0.182269977693183,0.191792020057125,1.48288020319837,1.16158949250539,1.14511304580318
698,0.271601573049251,0.174018959591502,0.18960145961359,1.36754507628294,1.06273081229216,1.10392192904767
699,0.276961723239831,0.18432382598179,0.203004806021632,1.46640375649616,1.2192570559631,1.24397172601641
700,0.295474330447425,0.198003205702946,0.21122202958823,1.47464197984727,1.26868639606972,1.38402152298514
701,0.28046673311965,0.172642465764099,0.193430946269094,1.51583309660278,1.12863659910098,1.1863041625587
702,0.291521917538402,0.173615036523058,0.183190717203758,1.57350066006049,1.11216015239878,1.1945423859098
703,0.242830418949362,0.192132754123453,0.210344052584854,1.30987751282523,1.26044817271861,1.33459218287853
704,0.284610935782413,0.183563351925858,0.218042106244123,1.57350066006049,1.17806593920759,1.40873619303845
705,0.275422713697864,0.178425909492716,0.200608213523109,1.54878599000719,1.13687482245208,1.30163928947412
706,0.270000383555792,0.197106359764596,0.211126129120949,1.36754507628294,1.25220994936751,1.37578329963404
707,0.275224128118219,0.181264806516183,0.207459379327989,1.50759487325168,1.2027806092609,1.34283040622963
708,0.297588941770738,0.179251272945721,0.192887696065571,1.53230954330498,1.1863041625587,1.27692461942082
709,0.307542554269547,0.194702401262265,0.211566488896749,1.6064535534649,1.26868639606972,1.40873619303845
710,0.292423027264485,0.188181057247147,0.208592493985954,1.44168908644286,1.16982771585649,1.39225974633625
711,0.274209407627438,0.182173751705556,0.21167866624087,1.55702421335829,1.16158949250539,1.36754507628294
712,0.284919194393336,0.191554693661468,0.206773623422174,1.50759487325168,1.22749527931421,1.42521263974065
713,0.311082046857444,0.183137493647487,0.207418424211635,1.6229300001671,1.2192570559631,1.34283040622963
714,0.276762235699193,0.20759012951309,0.212305271658619,1.48288020319837,1.35930685293184,1.35106862958074
715,0.27186541525286,0.193196251484144,0.215334386118635,1.41697441638955,1.24397172601641,1.34283040622963
716,0.269994823325089,0.198178754849097,0.202958068881365,1.54878599000719,1.35106862958074,1.31811573617633
717,0.289789536385789,0.184561939884886,0.204896280598649,1.51583309660278,1.15335126915429,1.26868639606972
718,0.277850628409925,0.188939828234632,0.203283373700614,1.41697441638955,1.24397172601641,1.2192570559631
719,0.299276415448019,0.183848835319933,0.211153654314241,1.43345086309176,1.12039837574988,1.35106862958074
720,0.27538624536944,0.181589543195364,0.204018934723235,1.43345086309176,1.08744548234547,1.24397172601641
721,0.269112549713323,0.178279678999053,0.19425464597027,1.52407131995388,1.15335126915429,1.26868639606972
722,0.255517348966351,0.189371654927949,0.197110527482132,1.27692461942082,1.211018832612,1.28516284277192
723,0.289519581216202,0.178649005678736,0.197837746747485,1.48288020319837,1.2192570559631,1.2192570559631
724,0.288657664335945,0.18345199196803,0.196220563575611,1.49111842654947,1.12039837574988,1.24397172601641
725,0.262523378733668,0.181648188456954,0.194668720321055,1.42521263974065,1.2027806092609,1.16982771585649
726,0.286886132844183,0.188836057318322,0.198448702997537,1.44992730979396,1.17806593920759,1.31811573617633
727,0.28117385782743,0.183151590652266,0.190666377207712,1.5899771067627,1.2192570559631,1.1863041625587
728,0.26799140334813,0.188470565745958,0.194944222080217,1.35106862958074,1.24397172601641,1.26044817271861
729,0.270018208444893,0.173611205891808,0.200332679639916,1.40049796968735,1.04625436558996,1.35106862958074
730,0.274718846532338,0.176304741108651,0.210837485758706,1.43345086309176,1.10392192904767,1.36754507628294
731,0.281961303450756,0.178264581735335,0.187302430934537,1.44992730979396,1.14511304580318,1.17806593920759
732,0.308439237846018,0.185084947133764,0.204079859405704,1.63940644686931,1.16982771585649,1.26044817271861
733,0.264110125451385,0.183246640559605,0.202234536913875,1.41697441638955,1.15335126915429,1.30987751282523
734,0.269195640470171,0.195129851429741,0.20721760442523,1.45816553314506,1.27692461942082,1.33459218287853
735,0.29938831777589,0.186139767537872,0.205866099686784,1.58173888341159,1.1863041625587,1.33459218287853
736,0.270374517374342,0.191417664935742,0.199882420210117,1.43345086309176,1.22749527931421,1.26044817271861
737,0.272402948284384,0.176902668015101,0.197143015543695,1.50759487325168,1.04625436558996,1.29340106612302
738,0.273748204716038,0.185710199965473,0.196004183585373,1.5982153301138,1.11216015239878,1.26868639606972
739,0.282562382099415,0.187350148792629,0.208484620194123,1.52407131995388,1.2192570559631,1.38402152298514
740,0.282717982178142,0.175077989322118,0.19714759249886,1.48288020319837,1.07096903564327,1.2192570559631
741,0.268806870398517,0.186394504751145,0.208073397304371,1.42521263974065,1.211018832612,1.31811573617633
742,0.276563455266112,0.187482035115142,0.206398523086255,1.41697441638955,1.17806593920759,1.30987751282523
743,0.316851987959078,0.182711688140611,0.189850761898614,1.5982153301138,1.17806593920759,1.13687482245208
744,0.265432844750561,0.190342869430971,0.207401025601348,1.36754507628294,1.16982771585649,1.36754507628294
745,0.29584114333558,0.185293286773631,0.2090834957212,1.52407131995388,1.2192570559631,1.41697441638955
746,0.287419710020152,0.192912798869329,0.206553202973103,1.56526243670939,1.2192570559631,1.30163928947412
747,0.27940875206921,0.18364430288392,0.206675507298876,1.47464197984727,1.24397172601641,1.35106862958074
748,0.276467921102899,0.173878872910025,0.193054267279114,1.41697441638955,0.980348578781144,1.17806593920759
749,0.27800839932135,0.187858380591261,0.212344614313126,1.49935664990057,1.24397172601641,1.35930685293184
750,0.298481888979896,0.198622864789879,0.21556278831975,1.56526243670939,1.27692461942082,1.45816553314506
751,0.277758739806365,0.178525315441666,0.201017898025739,1.42521263974065,1.14511304580318,1.33459218287853
752,0.261489444401744,0.195466947102009,0.208842991907872,1.37578329963404,1.27692461942082,1.26044817271861
753,0.280191821593719,0.176572056820355,0.20367805205257,1.48288020319837,1.11216015239878,1.33459218287853
754,0.266509601132537,0.18151552918921,0.203912541960927,1.44992730979396,1.04625436558996,1.1945423859098
755,0.252035902773198,0.197253668735725,0.210955513892252,1.47464197984727,1.24397172601641,1.30987751282523
756,0.268539846832529,0.19213106764836,0.192059011755566,1.43345086309176,1.26044817271861,1.24397172601641
757,0.289531996137079,0.192274010147416,0.190326840904954,1.50759487325168,1.24397172601641,1.1945423859098
758,0.289387948836659,0.176735498807399,0.19123635179148,1.49935664990057,1.1863041625587,1.25220994936751
759,0.298115878128861,0.186563573876997,0.193726357155316,1.614691776816,1.2027806092609,1.23573350266531
760,0.300102593533639,0.181930960089211,0.195102875290508,1.63116822351821,1.1945423859098,1.22749527931421
761,0.278254146649761,0.179392759269669,0.196202814097275,1.48288020319837,1.14511304580318,1.26044817271861
762,0.269971577196753,0.184206009525638,0.185594912955906,1.44168908644286,1.11216015239878,1.14511304580318
763,0.289618966423518,0.17930912426826,0.197882652029221,1.54878599000719,1.12863659910098,1.26868639606972
764,0.276868883656767,0.19670084896247,0.212515979032393,1.46640375649616,1.23573350266531,1.38402152298514
765,0.273556825891034,0.177926545975859,0.208897264719358,1.42521263974065,1.12863659910098,1.28516284277192
766,0.282057014220999,0.17045008333517,0.21203781855369,1.48288020319837,1.10392192904767,1.29340106612302
767,0.279477095573136,0.210222078528483,0.224019730397339,1.54878599000719,1.39225974633625,1.47464197984727
768,0.284817653635507,0.191106590653204,0.214849354379004,1.57350066006049,1.22749527931421,1.36754507628294
769,0.272798204194607,0.192840168553092,0.205690761684637,1.52407131995388,1.27692461942082,1.29340106612302
770,0.295541030613805,0.194316747785302,0.197561759597237,1.5899771067627,1.28516284277192,1.28516284277192
771,0.267865445456585,0.182031011167689,0.194446139329032,1.43345086309176,1.16982771585649,1.11216015239878
772,0.302603024794642,0.178008040312752,0.205906222746998,1.49935664990057,1.1945423859098,1.32635395952743
773,0.2589049150692,0.175925989888902,0.199409909534164,1.36754507628294,1.08744548234547,1.26044817271861
774,0.264533231359891,0.183472148268781,0.199102977056418,1.52407131995388,1.16982771585649,1.32635395952743
775,0.256345035881619,0.200566745624095,0.196550646821142,1.32635395952743,1.35930685293184,1.25220994936751
776,0.293894179540896,0.19177303558706,0.207982454003879,1.5899771067627,1.2027806092609,1.35106862958074
777,0.269440382048517,0.190303131797028,0.20317770440227,1.46640375649616,1.23573350266531,1.26868639606972
778,0.287744957592148,0.187724999283747,0.201723263666442,1.57350066006049,1.17806593920759,1.2027806092609
779,0.28973742134302,0.19635418371504,0.207697870892402,1.55702421335829,1.29340106612302,1.40873619303845
780,0.26404141104293,0.186305493466783,0.206489925433039,1.36754507628294,1.24397172601641,1.39225974633625
781,0.271785608458978,0.176235795862026,0.197548204989433,1.57350066006049,1.10392192904767,1.24397172601641
782,0.273234691309084,0.192869965220604,0.220144398541865,1.50759487325168,1.26868639606972,1.44992730979396
783,0.293764524156156,0.175268575456607,0.194663859819289,1.5982153301138,1.12039837574988,1.2192570559631
784,0.272150962249307,0.188449812907675,0.210655532774006,1.47464197984727,1.17806593920759,1.30163928947412
785,0.302378129274722,0.197320130042281,0.208766123355343,1.53230954330498,1.31811573617633,1.30163928947412
786,0.294783844304774,0.182621609685062,0.185930019352198,1.5899771067627,1.13687482245208,1.23573350266531
787,0.281673281581338,0.1935946816909,0.201896871503073,1.44168908644286,1.2027806092609,1.211018832612
788,0.274837267665123,0.187271612092181,0.206274041983002,1.42521263974065,1.37578329963404,1.26868639606972
789,0.279696637798615,0.179053493203537,0.197130687569693,1.47464197984727,1.211018832612,1.28516284277192
790,0.259781875093217,0.176810505321128,0.175570844132409,1.41697441638955,1.16982771585649,1.07920725899437
791,0.282911532233432,0.194287384413474,0.200711560237801,1.47464197984727,1.2192570559631,1.26868639606972
792,0.292951881856628,0.177850939600054,0.197756584601774,1.5982153301138,1.12863659910098,1.24397172601641
793,0.280349475808008,0.170336649490187,0.206464357400795,1.49935664990057,1.12039837574988,1.33459218287853
794,0.284432902154604,0.188534293425485,0.205840275878218,1.53230954330498,1.26044817271861,1.29340106612302
795,0.307405154385386,0.187605346031468,0.204600839666072,1.63940644686931,1.13687482245208,1.24397172601641
796,0.314640293833389,0.189190506583051,0.220097126778318,1.5982153301138,1.211018832612,1.44992730979396
797,0.291303977942915,0.168514072040405,0.196572941228876,1.48288020319837,1.06273081229216,1.27692461942082
798,0.299369535195513,0.203414669251295,0.21569133240985,1.5899771067627,1.35930685293184,1.41697441638955
799,0.279901089711502,0.187454420242358,0.202489272638411,1.53230954330498,1.16158949250539,1.29340106612302
800,0.278110290055594,0.194581280777885,0.225331875241237,1.63116822351821,1.32635395952743,1.39225974633625
801,0.289388382516894,0.187060800124781,0.20234344438706,1.49935664990057,1.2027806092609,1.26044817271861
802,0.271742768217657,0.183922151590452,0.197156547821244,1.49111842654947,1.14511304580318,1.26044817271861
803,0.310036265346413,0.189938124612986,0.209082100276468,1.68059756362482,1.16158949250539,1.27692461942082
804,0.270390341443509,0.190022893595919,0.21217260901173,1.53230954330498,1.22749527931421,1.30163928947412
805,0.29178186490259,0.186143668422806,0.199226105615532,1.58173888341159,1.24397172601641,1.32635395952743
806,0.284389032198882,0.190578840472676,0.208736963974578,1.46640375649616,1.2192570559631,1.42521263974065
807,0.259656461653749,0.185837699173128,0.203106104172571,1.46640375649616,1.16158949250539,1.24397172601641
808,0.261103772561592,0.190554780180131,0.190723569710391,1.40873619303845,1.1945423859098,1.09568370569657
809,0.277913400278169,0.187794438548872,0.203782075451319,1.45816553314506,1.24397172601641,1.34283040622963
810,0.273273409242476,0.175611105333772,0.201428924056926,1.49935664990057,1.2027806092609,1.30987751282523
811,0.278646554840234,0.192211314119897,0.203713660072626,1.49111842654947,1.2027806092609,1.2192570559631
812,0.301086185950456,0.179754920785787,0.19058572162636,1.54878599000719,1.07096903564327,1.23573350266531
813,0.289195201451135,0.188828605786009,0.204367715764985,1.5982153301138,1.22749527931421,1.28516284277192
814,0.267731575277134,0.183180702203397,0.210719658467158,1.45816553314506,1.14511304580318,1.28516284277192
815,0.298503040127582,0.177689752961093,0.190586208101521,1.54054776665608,1.11216015239878,1.2027806092609
816,0.269144914659952,0.19339054910752,0.198091413311619,1.47464197984727,1.2027806092609,1.28516284277192
817,0.273964186756033,0.191984160576362,0.198397682853136,1.42521263974065,1.24397172601641,1.26868639606972
818,0.278268166084754,0.185892375399174,0.198030216852593,1.47464197984727,1.14511304580318,1.23573350266531
819,0.300742556111371,0.179085362274331,0.198217937786544,1.49111842654947,1.12863659910098,1.26044817271861
820,0.302197192782246,0.184975413761816,0.20692981265435,1.47464197984727,1.211018832612,1.39225974633625
821,0.295312031886645,0.199500914128207,0.224896143403059,1.6229300001671,1.29340106612302,1.48288020319837
822,0.258838690370813,0.168554572443067,0.198243825952311,1.38402152298514,1.02153969553665,1.23573350266531
823,0.311825089904822,0.208564542683699,0.23020483362857,1.64764467022041,1.33459218287853,1.48288020319837
824,0.285941262674672,0.186851914242116,0.198705877174386,1.57350066006049,1.23573350266531,1.34283040622963
825,0.303466036832624,0.198042394000322,0.206208259117817,1.63116822351821,1.32635395952743,1.39225974633625
826,0.297794375346234,0.175950350139686,0.210285999045871,1.56526243670939,1.12039837574988,1.33459218287853
827,0.279317300700696,0.176435047096961,0.198258668432324,1.52407131995388,1.12863659910098,1.32635395952743
828,0.261464194974712,0.173229482153947,0.20240951186974,1.42521263974065,1.10392192904767,1.30987751282523
829,0.274363822753753,0.20571925995692,0.217533690718946,1.40049796968735,1.40873619303845,1.40049796968735
830,0.288236669234771,0.189359716555206,0.210085901606578,1.54878599000719,1.27692461942082,1.37578329963404
831,0.29728004016036,0.193750331172649,0.202897253206904,1.614691776816,1.26868639606972,1.30987751282523
832,0.277786848139051,0.185555974211652,0.20335400069071,1.40873619303845,1.211018832612,1.35106862958074
833,0.27874668309657,0.177505914065435,0.191421607165635,1.43345086309176,1.14511304580318,1.211018832612
834,0.293299060044312,0.190156940404137,0.210692471689228,1.5899771067627,1.24397172601641,1.36754507628294
835,0.285552591224973,0.184454806031229,0.205926103284195,1.51583309660278,1.2192570559631,1.27692461942082
836,0.291097183086791,0.178483000760246,0.213716486994099,1.52407131995388,1.12863659910098,1.38402152298514
837,0.256543027807063,0.187430051855259,0.190240391149439,1.40873619303845,1.13687482245208,1.17806593920759
838,0.265437142453486,0.179453365101687,0.191638398514141,1.44168908644286,1.04625436558996,1.09568370569657
839,0.286038024684538,0.188027847819155,0.214635728512894,1.5982153301138,1.14511304580318,1.31811573617633
840,0.296695054005353,0.187645040040208,0.199525442456894,1.51583309660278,1.27692461942082,1.34283040622963
841,0.267229312685488,0.191102476179983,0.20478993649405,1.35930685293184,1.26868639606972,1.35930685293184
842,0.317925145091334,0.1915505146558,0.210212757833748,1.6064535534649,1.24397172601641,1.37578329963404
843,0.278436250535238,0.195201696399319,0.19733701036919,1.48288020319837,1.1863041625587,1.25220994936751
844,0.28435496816733,0.19400006380433,0.200512096913524,1.64764467022041,1.32635395952743,1.2027806092609
845,0.283567927811439,0.174675259236965,0.196091401663492,1.54878599000719,1.12863659910098,1.27692461942082
846,0.286119137070421,0.177816496661876,0.196613349493997,1.58173888341159,1.07920725899437,1.25220994936751
847,0.275546429697978,0.201027469794233,0.209177051936784,1.47464197984727,1.29340106612302,1.36754507628294
848,0.271124483553622,0.176404672637915,0.192150934121683,1.41697441638955,1.08744548234547,1.16982771585649
849,0.290917114074607,0.17454019265482,0.199283263911741,1.45816553314506,1.16158949250539,1.16158949250539
850,0.290635749189805,0.178747621531103,0.198886707773826,1.50759487325168,1.14511304580318,1.33459218287853
851,0.310551636428492,0.180412887085616,0.20253308106247,1.5899771067627,1.15335126915429,1.30987751282523
852,0.272780611577401,0.189603859911074,0.205860346115455,1.45816553314506,1.2027806092609,1.37578329963404
853,0.286474583778763,0.17501548039809,0.202724944192302,1.47464197984727,1.09568370569657,1.35106862958074
854,0.285677357621717,0.180227051717372,0.192259788075726,1.38402152298514,1.12863659910098,1.2027806092609
855,0.268843960663841,0.183364266182141,0.208081297490551,1.44168908644286,1.16982771585649,1.39225974633625
856,0.283345191187601,0.172950078228153,0.201933789341677,1.54054776665608,1.10392192904767,1.33459218287853
857,0.277971816387208,0.181911720528144,0.203747524993908,1.45816553314506,1.1863041625587,1.29340106612302
858,0.274208752777136,0.177154172890864,0.189803242710515,1.49935664990057,1.09568370569657,1.12039837574988
859,0.26644470880706,0.170117242252016,0.19872448435543,1.44168908644286,1.06273081229216,1.30987751282523
860,0.269868401424929,0.173619916390033,0.188227887158871,1.34283040622963,1.11216015239878,1.23573350266531
861,0.28884692254212,0.181930510679056,0.208041407539363,1.58173888341159,1.2027806092609,1.35106862958074
862,0.288829256185349,0.188801037024937,0.193968182433307,1.6064535534649,1.26044817271861,1.22749527931421
863,0.259311150591087,0.189259567060684,0.202086912340976,1.39225974633625,1.27692461942082,1.2192570559631
864,0.286322770701104,0.18856729629491,0.210053964973387,1.51583309660278,1.24397172601641,1.39225974633625
865,0.282177407729456,0.18530906530148,0.193853543244307,1.48288020319837,1.1863041625587,1.2027806092609
866,0.321261328860012,0.184392261142774,0.203461344145286,1.65588289357151,1.2027806092609,1.26868639606972
867,0.294059957964401,0.179016388191749,0.205410497402113,1.63116822351821,1.15335126915429,1.38402152298514
868,0.291810270358219,0.195982186886133,0.209312045177863,1.53230954330498,1.1945423859098,1.25220994936751
869,0.286465923268956,0.176386145740146,0.206655503110673,1.52407131995388,1.06273081229216,1.35930685293184
870,0.271082971248093,0.178197108924466,0.204547036458177,1.39225974633625,1.07920725899437,1.25220994936751
871,0.280256229102009,0.171801046711071,0.202268020435058,1.46640375649616,1.15335126915429,1.35930685293184
872,0.265197582119138,0.204458036461937,0.206139219523376,1.43345086309176,1.30987751282523,1.32635395952743
873,0.26575295120316,0.192230782275871,0.198991919910963,1.45816553314506,1.24397172601641,1.30163928947412
874,0.321084052234321,0.204065548413499,0.198210700549891,1.614691776816,1.35930685293184,1.26868639606972
875,0.284241914363315,0.169204522615074,0.190824229047827,1.53230954330498,1.03801614223886,1.211018832612
876,0.28041787136067,0.182702706576961,0.192035100215,1.43345086309176,1.14511304580318,1.22749527931421
877,0.277950930478076,0.191208281404576,0.195054591020654,1.35930685293184,1.1863041625587,1.16982771585649
878,0.27909765601691,0.194019320467795,0.209960487567878,1.54878599000719,1.22749527931421,1.26044817271861
879,0.293742109710002,0.195008367647591,0.212008572107321,1.54054776665608,1.23573350266531,1.36754507628294
880,0.280507713621106,0.180089637733751,0.207467142833449,1.49111842654947,1.13687482245208,1.35106862958074
881,0.27233703796827,0.181549859532592,0.20575026661873,1.47464197984727,1.16982771585649,1.33459218287853
882,0.26165182949064,0.176617304901264,0.197772814949296,1.30163928947412,1.10392192904767,1.30163928947412
883,0.262961852369496,0.179963245498623,0.194374244083658,1.43345086309176,1.12039837574988,1.22749527931421
884,0.271053000653937,0.191033306647144,0.192078839330232,1.48288020319837,1.22749527931421,1.12039837574988
885,0.266664195998929,0.181918431440873,0.207322996370405,1.44992730979396,1.11216015239878,1.30987751282523
886,0.279603550154897,0.18516095109359,0.197435821516097,1.54054776665608,1.2192570559631,1.27692461942082
887,0.282176928910232,0.178811723562428,0.198653599814575,1.56526243670939,1.17806593920759,1.22749527931421
888,0.266611692306185,0.178781316842595,0.198046872162776,1.39225974633625,1.07920725899437,1.28516284277192
889,0.287271378649841,0.179047139326289,0.189914677617704,1.5899771067627,1.17806593920759,1.24397172601641
890,0.290825048003145,0.17364583150065,0.196970193584242,1.58173888341159,1.07920725899437,1.16982771585649
891,0.265540618997751,0.177018482698443,0.196143384385628,1.44992730979396,1.12863659910098,1.1945423859098
892,0.291544676775407,0.179440438211052,0.201857650549004,1.48288020319837,1.1863041625587,1.2192570559631
893,0.291743363938147,0.182087020897044,0.192282187684816,1.44168908644286,1.211018832612,1.2027806092609
894,0.272214736134824,0.175394346073297,0.202212487701595,1.53230954330498,1.17806593920759,1.2027806092609
895,0.291288253503923,0.199242878314393,0.201736768714472,1.54054776665608,1.39225974633625,1.31811573617633
896,0.277129142812104,0.187171967265951,0.20608753548364,1.40873619303845,1.23573350266531,1.2192570559631
897,0.280150278029823,0.195997295893474,0.207910742461591,1.52407131995388,1.2192570559631,1.35930685293184
898,0.28865511314252,0.181464223544916,0.202539844147372,1.56526243670939,1.2027806092609,1.30987751282523
899,0.275113212681736,0.191432095018855,0.212028248554378,1.48288020319837,1.28516284277192,1.36754507628294
900,0.307793486733591,0.181509302734915,0.200618205826001,1.67235934027372,1.08744548234547,1.27692461942082
901,0.283634256344692,0.194403370297828,0.196703930252967,1.48288020319837,1.1863041625587,1.30987751282523
902,0.27407300961877,0.188604117062406,0.192234233438106,1.41697441638955,1.10392192904767,1.2027806092609
903,0.291554096644646,0.175763973280801,0.203706933977387,1.54054776665608,1.10392192904767,1.33459218287853
904,0.263905307118202,0.17943729310418,0.199722323851934,1.34283040622963,1.10392192904767,1.27692461942082
905,0.291022603298027,0.177924671597303,0.189639717074767,1.6229300001671,1.04625436558996,1.24397172601641
906,0.289964670212708,0.185343839648853,0.202393911059799,1.6064535534649,1.22749527931421,1.23573350266531
907,0.275682673513377,0.190742363086939,0.187263606511954,1.48288020319837,1.23573350266531,1.12863659910098
908,0.301710226218354,0.198830298625366,0.203615099451798,1.55702421335829,1.31811573617633,1.32635395952743
909,0.263156218565901,0.190535201263777,0.193922888011766,1.52407131995388,1.211018832612,1.24397172601641
910,0.306751403449973,0.190356879730011,0.216521423417111,1.63116822351821,1.211018832612,1.41697441638955
911,0.274487742482866,0.16860735890055,0.189474335045105,1.43345086309176,1.07096903564327,1.23573350266531
912,0.267611179764032,0.180475108444822,0.204523197309959,1.44992730979396,1.11216015239878,1.31811573617633
913,0.260804136281054,0.166537831947681,0.206735374090005,1.40049796968735,1.03801614223886,1.33459218287853
914,0.282864605934718,0.192158895440915,0.206359666597674,1.5899771067627,1.29340106612302,1.33459218287853
915,0.261140515455443,0.180642230896746,0.203632923507985,1.37578329963404,1.16158949250539,1.28516284277192
916,0.285062481204953,0.184165662393273,0.194211920626283,1.54878599000719,1.17806593920759,1.26868639606972
917,0.276251172871418,0.186092514404139,0.201785430756875,1.55702421335829,1.22749527931421,1.26044817271861
918,0.277354827253247,0.184367126638541,0.191424643288333,1.34283040622963,1.14511304580318,1.16158949250539
919,0.283728486026946,0.172634526191339,0.212935011653904,1.56526243670939,1.02977791888776,1.31811573617633
920,0.303844859342994,0.197925140856799,0.202126150159389,1.45816553314506,1.24397172601641,1.37578329963404
921,0.299904005595328,0.184466728382382,0.20632503917723,1.58173888341159,1.23573350266531,1.26044817271861
922,0.31215196122959,0.187713307984848,0.202108461423371,1.68059756362482,1.26044817271861,1.30987751282523
923,0.289463862155326,0.18104285009574,0.19422355601033,1.49111842654947,1.12863659910098,1.29340106612302
924,0.279070568467812,0.199850796087579,0.218758083768655,1.44168908644286,1.2027806092609,1.40049796968735
925,0.288439452491234,0.193563222730199,0.197533979774555,1.54878599000719,1.24397172601641,1.1863041625587
926,0.289077880663891,0.18072616663482,0.197214794615912,1.50759487325168,1.211018832612,1.31811573617633
927,0.276818929601702,0.170737707851196,0.196964861507418,1.36754507628294,1.08744548234547,1.2027806092609
928,0.256866273030237,0.191312209705235,0.197161922531907,1.35106862958074,1.2027806092609,1.28516284277192
929,0.265381901014604,0.184383751025664,0.21306611423547,1.38402152298514,1.13687482245208,1.38402152298514
930,0.26341391420363,0.190202964029978,0.220811212657546,1.44168908644286,1.17806593920759,1.48288020319837
931,0.286042799258056,0.188341091992862,0.21584612631727,1.6229300001671,1.2192570559631,1.40873619303845
932,0.257845750221812,0.180827474680877,0.194987484171691,1.40873619303845,1.10392192904767,1.16158949250539
933,0.288286333927683,0.190721998155528,0.214063150224687,1.47464197984727,1.16982771585649,1.45816553314506
934,0.287976783240448,0.199289862730733,0.20509362577007,1.56526243670939,1.27692461942082,1.32635395952743
935,0.273165160371333,0.193712594809662,0.215024567688633,1.49935664990057,1.23573350266531,1.35930685293184
936,0.30171632848574,0.175062740600892,0.185991449509893,1.55702421335829,1.12039837574988,1.23573350266531
937,0.276577273462987,0.191731225051308,0.22149452842894,1.47464197984727,1.1863041625587,1.44992730979396
938,0.295433024917281,0.199982056211756,0.196959010894366,1.55702421335829,1.29340106612302,1.32635395952743
939,0.300365598365068,0.194846396560508,0.207320389878153,1.55702421335829,1.35930685293184,1.37578329963404
940,0.281905428173516,0.18086690555154,0.207758135054972,1.42521263974065,1.11216015239878,1.33459218287853
941,0.294237360214672,0.17684614375489,0.194679225297648,1.57350066006049,1.16982771585649,1.211018832612
942,0.284614432191046,0.185889715602004,0.201126464280181,1.55702421335829,1.07920725899437,1.26868639606972
943,0.283825599442567,0.186466027390967,0.193409727930652,1.48288020319837,1.30987751282523,1.16158949250539
944,0.291893692360357,0.180469269887923,0.195712239783099,1.6064535534649,1.13687482245208,1.15335126915429
945,0.290397292974981,0.179991301685463,0.185749387068295,1.53230954330498,1.11216015239878,1.12039837574988
946,0.269985452718381,0.188945014955551,0.198757761947595,1.48288020319837,1.24397172601641,1.14511304580318
947,0.275406330577523,0.207758001251433,0.210705667467725,1.47464197984727,1.30987751282523,1.30163928947412
948,0.283080346687123,0.193129859243506,0.215450104180119,1.40873619303845,1.28516284277192,1.38402152298514
949,0.279496274480674,0.18526450308394,0.203583319153348,1.45816553314506,1.1945423859098,1.24397172601641
950,0.28010560102724,0.181647010044382,0.205200186177579,1.48288020319837,1.12863659910098,1.36754507628294
951,0.288077901120989,0.202465329358896,0.217185084450012,1.58173888341159,1.38402152298514,1.35106862958074
952,0.293351501456379,0.172391321622811,0.200145902754603,1.44168908644286,1.08744548234547,1.25220994936751
953,0.292254477814123,0.175147957593776,0.194861582505617,1.50759487325168,1.11216015239878,1.26868639606972
954,0.262061210860624,0.189686303548742,0.195276854162938,1.49935664990057,1.211018832612,1.211018832612
955,0.269529275129328,0.184165834977469,0.209122255351187,1.44168908644286,1.1945423859098,1.25220994936751
956,0.290116170398636,0.178448934972659,0.19083747627922,1.55702421335829,1.2027806092609,1.17806593920759
957,0.260260926772156,0.181161942702894,0.192460798088407,1.41697441638955,1.16158949250539,1.24397172601641
958,0.273867859838842,0.182722301005368,0.20891404436613,1.49111842654947,1.13687482245208,1.36754507628294
959,0.282676075531158,0.194063837515708,0.212653950791698,1.56526243670939,1.30163928947412,1.40049796968735
960,0.323102414040648,0.190503061983984,0.217631255765418,1.72178868038033,1.25220994936751,1.49935664990057
961,0.283830353787519,0.179432365447863,0.195246493047654,1.49111842654947,1.17806593920759,1.26044817271861
962,0.278124967932687,0.181538017486594,0.194675246909611,1.43345086309176,1.16982771585649,1.17806593920759
963,0.291545460379633,0.181808364259662,0.203628237911055,1.54054776665608,1.23573350266531,1.39225974633625
964,0.292402056813589,0.207973822427362,0.218335646723435,1.53230954330498,1.32635395952743,1.40049796968735
965,0.272327977792145,0.193075634147627,0.215705303724075,1.49111842654947,1.32635395952743,1.30987751282523
966,0.266855024601019,0.18205780523407,0.197349125089297,1.49111842654947,1.12039837574988,1.14511304580318
967,0.268453393910955,0.18882369978314,0.210640735084674,1.50759487325168,1.13687482245208,1.31811573617633
968,0.280105883991962,0.19909375338439,0.20085932781846,1.49111842654947,1.34283040622963,1.30163928947412
969,0.269822653263864,0.196243684725077,0.204816611393515,1.45816553314506,1.30163928947412,1.26868639606972
970,0.271870412129028,0.1909535198783,0.208877030958095,1.46640375649616,1.17806593920759,1.30987751282523
971,0.271433409009532,0.187140604390285,0.207597880274144,1.44168908644286,1.16158949250539,1.31811573617633
972,0.279123223294797,0.177322894609815,0.212586707113764,1.40049796968735,1.1863041625587,1.40873619303845
973,0.262829951565177,0.184806777009842,0.20357385421641,1.47464197984727,1.2027806092609,1.26044817271861
974,0.286526053477145,0.194010680031505,0.206648699746131,1.48288020319837,1.25220994936751,1.39225974633625
975,0.289727593425356,0.182879176398482,0.191280885902113,1.614691776816,1.10392192904767,1.13687482245208
976,0.297582596809672,0.1794376743682,0.200873015937722,1.52407131995388,1.13687482245208,1.28516284277192
977,0.270670641763192,0.191733094425738,0.207687770456583,1.45816553314506,1.26044817271861,1.35930685293184
978,0.260947777750076,0.193792130110174,0.204427276401145,1.40873619303845,1.35106862958074,1.26868639606972
979,0.259828617397396,0.181075385099528,0.190504296752846,1.39225974633625,1.16982771585649,1.25220994936751
980,0.288900100331858,0.193250915579584,0.20543823909403,1.54054776665608,1.29340106612302,1.35106862958074
981,0.266801790562794,0.197750692898255,0.207234766290566,1.41697441638955,1.23573350266531,1.35106862958074
982,0.267807992941815,0.190929849710784,0.19771894519238,1.45816553314506,1.211018832612,1.28516284277192
983,0.279994649505529,0.169757512479143,0.19776650279187,1.39225974633625,1.10392192904767,1.28516284277192
984,0.262714390885381,0.187777366384827,0.202522704884542,1.35930685293184,1.24397172601641,1.30163928947412
985,0.268413921118625,0.19176481635188,0.197440230788514,1.40873619303845,1.1945423859098,1.32635395952743
986,0.281864002562942,0.187878390290514,0.200093661726012,1.54878599000719,1.16158949250539,1.30163928947412
987,0.288775804267726,0.191450280991803,0.213945455630878,1.43345086309176,1.30163928947412,1.42521263974065
988,0.281291028702803,0.173101901644903,0.201986743629323,1.51583309660278,1.16158949250539,1.29340106612302
989,0.270167098635135,0.193271810122164,0.209753443820137,1.53230954330498,1.2027806092609,1.28516284277192
990,0.296606569485535,0.181881145710305,0.199266394482371,1.6064535534649,1.14511304580318,1.28516284277192
991,0.262650322782157,0.182984729328051,0.20584486754115,1.44168908644286,1.1945423859098,1.30163928947412
992,0.291357861016007,0.178885682771459,0.18056780602828,1.57350066006049,1.12039837574988,1.10392192904767
993,0.28634328366989,0.168017879761315,0.192867262171183,1.49935664990057,1.00506324883445,1.24397172601641
994,0.268661690753808,0.192779466533397,0.193178377711649,1.40049796968735,1.26044817271861,1.211018832612
995,0.283855935359159,0.185557978747893,0.204542181588961,1.64764467022041,1.16982771585649,1.35930685293184
996,0.303684196146507,0.193103851342513,0.203624853682909,1.51583309660278,1.25220994936751,1.30987751282523
997,0.275548018106667,0.192389272523325,0.213666464569482,1.44992730979396,1.24397172601641,1.40873619303845
998,0.290531646860315,0.191622305556832,0.201581790998327,1.54878599000719,1.34283040622963,1.36754507628294
999,0.269614436107719,0.197531332718091,0.197821852488873,1.38402152298514,1.39225974633625,1.33459218287853
1000,0.28249592066322,0.196865704259913,0.193393451615734,1.44992730979396,1.26868639606972,1.2192570559631
1001,0.276486571501267,0.194490146813808,0.202336115703542,1.46640375649616,1.23573350266531,1.36754507628294
1002,0.278219803324879,0.191971869429398,0.206350287252971,1.49935664990057,1.211018832612,1.27692461942082
1003,0.277691643218272,0.187712808724307,0.205875229110077,1.53230954330498,1.22749527931421,1.26868639606972
1004,0.256348461567134,0.180744895086185,0.199098929824734,1.43345086309176,1.16982771585649,1.211018832612
1005,0.241119435409839,0.174374616176967,0.190561320174786,1.34283040622963,1.06273081229216,1.1945423859098
1006,0.291862919387007,0.171064546496922,0.184239613637774,1.50759487325168,1.07920725899437,1.12039837574988
1007,0.288601550529643,0.184500900917074,0.210095304434701,1.5982153301138,1.1863041625587,1.36754507628294
1008,0.25514276288158,0.186090886269675,0.204895555848303,1.33459218287853,1.17806593920759,1.35930685293184
1009,0.258276106309437,0.18187010990624,0.192595966696979,1.35106862958074,1.1945423859098,1.16982771585649
1010,0.288094311214849,0.17248727980029,0.20861576672008,1.53230954330498,1.12863659910098,1.28516284277192
1011,0.308261572475467,0.180921125486341,0.202955507198272,1.5899771067627,1.06273081229216,1.27692461942082
1012,0.266967113426761,0.197804362813477,0.210425493651245,1.47464197984727,1.29340106612302,1.26868639606972
1013,0.287129968988399,0.192733348353344,0.203971438172013,1.6064535534649,1.24397172601641,1.2192570559631
1014,0.27817969868432,0.181742333210256,0.193414729685982,1.49111842654947,1.12863659910098,1.24397172601641
1015,0.292421968205245,0.179841240496898,0.196318124103118,1.54054776665608,1.11216015239878,1.28516284277192
1016,0.266769379356676,0.181037620078184,0.180769005798139,1.33459218287853,1.2027806092609,1.12863659910098
1017,0.284072146534044,0.201231226550536,0.211275356291317,1.53230954330498,1.33459218287853,1.35106862958074
1018,0.294057047629156,0.177148210191518,0.190311562067558,1.45816553314506,1.16158949250539,1.15335126915429
1019,0.282178563194902,0.166805728583795,0.192867917482751,1.47464197984727,0.996825025483348,1.16982771585649
1020,0.287353474458049,0.18062620842485,0.195568345957796,1.52407131995388,1.1945423859098,1.25220994936751
1021,0.271525432061465,0.179219059288751,0.19542859659129,1.39225974633625,1.15335126915429,1.26868639606972
1022,0.274873822060418,0.178103696811868,0.187741922034594,1.44168908644286,1.12863659910098,1.1863041625587
1023,0.303796422895997,0.205598290339965,0.233470968366543,1.56526243670939,1.27692461942082,1.48288020319837
1024,0.28259939644583,0.2285084627715,0.228207238921877,1.58173888341159,1.46640375649616,1.37578329963404
1025,0.27448930237099,0.194668026167073,0.190976025745664,1.52407131995388,1.24397172601641,1.2027806092609
1026,0.251939244693271,0.201004204312953,0.214290350529395,1.36754507628294,1.35930685293184,1.33459218287853
1027,0.252355869831576,0.181609380477297,0.192152258162017,1.25220994936751,1.14511304580318,1.28516284277192
1028,0.287768776143474,0.174510937795355,0.192413221330655,1.6064535534649,1.10392192904767,1.15335126915429
1029,0.268861891384578,0.179504984203349,0.192376860840616,1.45816553314506,1.1863041625587,1.16158949250539
1030,0.262556128022762,0.177124055425615,0.205490146175941,1.33459218287853,1.1863041625587,1.29340106612302
1031,0.302761687280694,0.201646689232271,0.227198212824461,1.56526243670939,1.30987751282523,1.35930685293184
1032,0.242914924653708,0.185530286964975,0.190448218125407,1.36754507628294,1.17806593920759,1.2192570559631
1033,0.254935019333347,0.186414251011989,0.191843280789469,1.36754507628294,1.12863659910098,1.16158949250539
1034,0.25817260265767,0.187731697526678,0.203378877136238,1.35106862958074,1.2192570559631,1.28516284277192
1035,0.262804089256367,0.196922361863761,0.197970334555002,1.42521263974065,1.24397172601641,1.22749527931421
1036,0.294061068610143,0.175614676439887,0.204025348152458,1.54878599000719,1.13687482245208,1.37578329963404
1037,0.273716744038424,0.193921615080195,0.208748739758638,1.43345086309176,1.2027806092609,1.29340106612302
1038,0.275056415858419,0.188416817162719,0.204428130411139,1.48288020319837,1.1863041625587,1.30163928947412
1039,0.266821122688758,0.199725813646675,0.220381726864297,1.40049796968735,1.30987751282523,1.39225974633625
1040,0.296193574777755,0.190378699055141,0.214172312365392,1.54054776665608,1.2192570559631,1.31811573617633
1041,0.261376318209144,0.179293767801035,0.188007086501392,1.45816553314506,1.1863041625587,1.12039837574988
1042,0.277293501268735,0.183450490550865,0.209407410806062,1.44168908644286,1.15335126915429,1.35930685293184
1043,0.270866175287366,0.198156636441656,0.189226608030413,1.49111842654947,1.29340106612302,1.2192570559631
1044,0.250685415754758,0.183066272025191,0.196973261316076,1.40873619303845,1.22749527931421,1.32635395952743
1045,0.29411571954656,0.196808422801948,0.208454129479828,1.49111842654947,1.25220994936751,1.34283040622963
1046,0.292023192479438,0.173412190832081,0.18957985641691,1.57350066006049,1.11216015239878,1.1863041625587
1047,0.271856634887909,0.183006143116216,0.190625438729332,1.50759487325168,1.17806593920759,1.2027806092609
1048,0.269943959335675,0.187256940780416,0.210286205528458,1.37578329963404,1.211018832612,1.31811573617633
1049,0.288900293259582,0.187845378041809,0.207960819190186,1.50759487325168,1.26868639606972,1.37578329963404
1050,0.266786090437822,0.187907597043785,0.214598560302411,1.51583309660278,1.12863659910098,1.34283040622963
1051,0.276383578192721,0.189524775164628,0.196859907869081,1.47464197984727,1.27692461942082,1.24397172601641
1052,0.265771568701122,0.188119233479458,0.20480973068635,1.43345086309176,1.1945423859098,1.30163928947412
1053,0.289883261846336,0.187008764137952,0.216365888612924,1.614691776816,1.211018832612,1.44992730979396
1054,0.29135136617077,0.179943365876608,0.201923640528648,1.49111842654947,1.15335126915429,1.22749527931421
1055,0.308548956823055,0.179477611743933,0.194581543004132,1.58173888341159,1.14511304580318,1.22749527931421
1056,0.298224980008319,0.202059881026176,0.214118575528613,1.5899771067627,1.25220994936751,1.32635395952743
1057,0.285739694920872,0.178378426692944,0.197310860128845,1.53230954330498,1.1863041625587,1.2192570559631
1058,0.261533346268492,0.175742800394264,0.193655560945869,1.35930685293184,1.13687482245208,1.30163928947412
1059,0.309485252033892,0.188774338313339,0.21186835529121,1.6229300001671,1.30163928947412,1.42521263974065
1060,0.297536082879937,0.174759686264814,0.189896653589197,1.55702421335829,1.16158949250539,1.16158949250539
1061,0.29773597350547,0.181695843255549,0.210030371733782,1.57350066006049,1.07920725899437,1.26868639606972
1062,0.272517181573208,0.168826289234355,0.190708640162553,1.43345086309176,1.07920725899437,1.15335126915429
1063,0.268959641239903,0.191161164306372,0.198748001135982,1.43345086309176,1.31811573617633,1.1863041625587
1064,0.290629147706116,0.18786468427305,0.199554112021392,1.40049796968735,1.13687482245208,1.30163928947412
1065,0.288330423456874,0.192510754696978,0.206217415646436,1.54054776665608,1.22749527931421,1.2027806092609
1066,0.278498264818947,0.168162989605603,0.193204804167086,1.54054776665608,1.05449258894106,1.14511304580318
1067,0.285293436184621,0.185418673608369,0.20253610224585,1.44168908644286,1.1863041625587,1.24397172601641
1068,0.272209760720093,0.199570316158284,0.215957512137108,1.53230954330498,1.32635395952743,1.42521263974065
1069,0.268811321408519,0.18308494719025,0.193052500583322,1.48288020319837,1.1863041625587,1.16982771585649
1070,0.290238798049338,0.183423819515084,0.200840146532125,1.57350066006049,1.17806593920759,1.22749527931421
1071,0.270828142367654,0.184504999195762,0.192601906185752,1.42521263974065,1.26044817271861,1.24397172601641
1072,0.275758665435722,0.196178013497337,0.2059038507848,1.44992730979396,1.30987751282523,1.28516284277192
1073,0.255833111572462,0.182720062790132,0.196386922721918,1.47464197984727,1.211018832612,1.23573350266531
1074,0.284961910453424,0.184568728800537,0.214087685759316,1.37578329963404,1.2192570559631,1.43345086309176
1075,0.272590687599838,0.190488265357585,0.197633732813667,1.50759487325168,1.2192570559631,1.2192570559631
1076,0.287791727302892,0.174023231340505,0.203457160173355,1.50759487325168,1.08744548234547,1.26044817271861
1077,0.283969612032916,0.183026098350545,0.196685826154535,1.49935664990057,1.2027806092609,1.33459218287853
1078,0.281023083295713,0.188816000412848,0.203472793068529,1.53230954330498,1.25220994936751,1.25220994936751
1079,0.259321807124011,0.184615269414195,0.193470328202745,1.44992730979396,1.25220994936751,1.2027806092609
1080,0.285591386931747,0.179848121798914,0.198131251054368,1.44168908644286,1.14511304580318,1.17806593920759
1081,0.286123028566377,0.190672205500637,0.200744672215649,1.49935664990057,1.24397172601641,1.27692461942082
1082,0.270129137401449,0.181412807685629,0.190953126229353,1.44992730979396,1.12863659910098,1.2027806092609
1083,0.274841450002388,0.167680337903369,0.197616779666473,1.47464197984727,1.03801614223886,1.30163928947412
1084,0.304481428565436,0.175201811696799,0.206206869458223,1.68059756362482,1.14511304580318,1.35106862958074
1085,0.275714057624135,0.182952697660773,0.199513042097263,1.48288020319837,1.1945423859098,1.30987751282523
1086,0.271132202756384,0.186666146630748,0.194870338645605,1.49935664990057,1.211018832612,1.16982771585649
1087,0.282580578383851,0.182451018479014,0.199330242534805,1.49111842654947,1.15335126915429,1.30163928947412
1088,0.281190647291117,0.190035748796685,0.204416884599128,1.46640375649616,1.26044817271861,1.33459218287853
1089,0.266115283474925,0.196284458665647,0.199801347895126,1.46640375649616,1.29340106612302,1.24397172601641
1090,0.270374676610028,0.18365163018186,0.201443758161381,1.49111842654947,1.14511304580318,1.25220994936751
1091,0.277704225661389,0.18700091833238,0.198486941215916,1.42521263974065,1.1863041625587,1.26044817271861
1092,0.280398634604966,0.180318041990621,0.191437474334512,1.45816553314506,1.211018832612,1.2027806092609
1093,0.285626280345106,0.170924484845181,0.20112721291877,1.49935664990057,1.07920725899437,1.30163928947412
1094,0.276585449522694,0.196875226573156,0.215360696956647,1.54878599000719,1.24397172601641,1.25220994936751
1095,0.283696430487624,0.190502493345509,0.200547296511142,1.5899771067627,1.1945423859098,1.16158949250539
1096,0.289519497311035,0.173285701951431,0.1954783633575,1.52407131995388,1.16982771585649,1.23573350266531
1097,0.291770719335132,0.17940239482919,0.192934416139419,1.46640375649616,1.2027806092609,1.211018832612
1098,0.270131793965933,0.178160202633242,0.215173149762274,1.45816553314506,1.16158949250539,1.42521263974065
1099,0.278400101878646,0.189804998687071,0.209961955591783,1.54054776665608,1.24397172601641,1.30163928947412
1100,0.258276419127532,0.173207289813747,0.195857462458662,1.34283040622963,1.02153969553665,1.211018832612
1101,0.29133339913121,0.183806212456729,0.213231599991094,1.57350066006049,1.211018832612,1.33459218287853
1102,0.291974760451755,0.185829006413382,0.198878378926598,1.5899771067627,1.16158949250539,1.25220994936751
1103,0.261885231502781,0.175134704343357,0.210420584483794,1.35930685293184,1.10392192904767,1.36754507628294
1104,0.271645648312698,0.182339443115862,0.199677994134486,1.49111842654947,1.11216015239878,1.22749527931421
1105,0.269106375186917,0.178468918241933,0.200535167744455,1.41697441638955,1.12863659910098,1.30163928947412
1106,0.274781403636853,0.192325125257566,0.203706118080121,1.51583309660278,1.1863041625587,1.26868639606972
1107,0.294415350774698,0.178581509904356,0.203644050348235,1.54878599000719,1.10392192904767,1.27692461942082
1108,0.270040685122217,0.190548230578644,0.198152571788696,1.44992730979396,1.28516284277192,1.211018832612
1109,0.259306961584532,0.196595359856185,0.225318070065788,1.43345086309176,1.22749527931421,1.43345086309176
1110,0.280810124161076,0.194755650403037,0.214204911135805,1.46640375649616,1.29340106612302,1.44168908644286
1111,0.277768960416401,0.194878176735057,0.196619346042462,1.56526243670939,1.211018832612,1.2027806092609
1112,0.296325102995435,0.18427207445607,0.199344782949251,1.57350066006049,1.16158949250539,1.28516284277192
1113,0.30058372198747,0.19682183285857,0.198956458941216,1.57350066006049,1.30987751282523,1.27692461942082
1114,0.266623666923253,0.180680458903446,0.198766508104852,1.39225974633625,1.07920725899437,1.31811573617633
1115,0.251044087696306,0.173014358946623,0.197707070325325,1.33459218287853,0.980348578781144,1.1863041625587
1116,0.27109212881991,0.183862679400295,0.206438032970574,1.42521263974065,1.12863659910098,1.30987751282523
1117,0.271262699682697,0.175753260651475,0.19817819225432,1.46640375649616,1.1945423859098,1.22749527931421
1118,0.293682690009264,0.20063643579635,0.209645288220251,1.52407131995388,1.31811573617633,1.30987751282523
1119,0.284224165792105,0.17499959673509,0.189391568310472,1.55702421335829,1.10392192904767,1.11216015239878
1120,0.282742949654296,0.187510361611207,0.194409767478757,1.43345086309176,1.17806593920759,1.2027806092609
1121,0.284577259283551,0.194561756537742,0.225663997244481,1.45816553314506,1.1863041625587,1.40873619303845
1122,0.273832734513769,0.181316902922277,0.206920724543089,1.38402152298514,1.07096903564327,1.30163928947412
1123,0.286838563446027,0.191395649970162,0.2133236485001,1.53230954330498,1.27692461942082,1.38402152298514
1124,0.282231746390298,0.183737134406292,0.207021039080296,1.47464197984727,1.1863041625587,1.29340106612302
1125,0.275337817643087,0.195634896824292,0.189704995524435,1.53230954330498,1.29340106612302,1.16158949250539
1126,0.267744525641916,0.195418958999043,0.20601417010631,1.46640375649616,1.29340106612302,1.33459218287853
1127,0.278901742761882,0.197049649982299,0.19914854727546,1.52407131995388,1.23573350266531,1.23573350266531
1128,0.28132955278204,0.188212860782323,0.197700190148312,1.47464197984727,1.26868639606972,1.26044817271861
1129,0.281690754722002,0.178406760283997,0.188629782572431,1.43345086309176,1.17806593920759,1.1945423859098
1130,0.271571892870792,0.207415058391585,0.211425257236499,1.42521263974065,1.38402152298514,1.37578329963404
1131,0.288571980011452,0.178368546896553,0.203194330256113,1.35106862958074,1.211018832612,1.35106862958074
1132,0.293715005972053,0.185223667009185,0.211257547144058,1.52407131995388,1.1863041625587,1.30163928947412
1133,0.2761068479506,0.187714804853681,0.210735764412565,1.46640375649616,1.17806593920759,1.29340106612302
1134,0.28047793852949,0.190657359359533,0.206773434562709,1.50759487325168,1.33459218287853,1.28516284277192
1135,0.277527190583739,0.185264749307722,0.205349292389036,1.49935664990057,1.13687482245208,1.39225974633625
1136,0.278501029357655,0.183971873254832,0.198499416753489,1.44992730979396,1.25220994936751,1.1863041625587
1137,0.26349161785112,0.198540500706329,0.212794611657603,1.49111842654947,1.2192570559631,1.48288020319837
1138,0.251039569798699,0.185120060537938,0.192471904660456,1.29340106612302,1.2027806092609,1.28516284277192
1139,0.310471843802664,0.179447474773149,0.206345352222502,1.65588289357151,1.17806593920759,1.30987751282523
1140,0.262356659611288,0.188387463785585,0.189337853753286,1.42521263974065,1.15335126915429,1.16982771585649
1141,0.272371669128859,0.182844318866355,0.219172534520013,1.44168908644286,1.13687482245208,1.36754507628294
1142,0.292658492900121,0.192774466692066,0.208714187842966,1.50759487325168,1.2192570559631,1.28516284277192
1143,0.303403992044365,0.187524189034607,0.20794730500439,1.54878599000719,1.14511304580318,1.31811573617633
1144,0.289044074558123,0.187880932865449,0.192086795095592,1.49935664990057,1.24397172601641,1.26044817271861
1145,0.279488293577907,0.184728392856943,0.195950332857284,1.48288020319837,1.23573350266531,1.211018832612
1146,0.273463918153357,0.187945215441286,0.185802716829338,1.44168908644286,1.13687482245208,1.16158949250539
1147,0.27354270668863,0.182618492893251,0.195999484995736,1.40873619303845,1.2027806092609,1.15335126915429
1148,0.284537888584162,0.17842502417651,0.209710809547845,1.49935664990057,1.12863659910098,1.34283040622963
1149,0.294301387947787,0.175123592416737,0.204711944998827,1.52407131995388,1.15335126915429,1.26868639606972
1150,0.284409637627231,0.176890433576282,0.184827238818756,1.614691776816,1.1945423859098,1.12863659910098
1151,0.254802348608288,0.205122857415587,0.196219447827228,1.34283040622963,1.34283040622963,1.24397172601641
1152,0.255431043853863,0.205914323199236,0.20240150266502,1.42521263974065,1.32635395952743,1.23573350266531
1153,0.286511305719277,0.184602999223964,0.19125105541935,1.49935664990057,1.12039837574988,1.2192570559631
1154,0.274956848068359,0.184208258686501,0.200787493637109,1.49111842654947,1.16982771585649,1.31811573617633
1155,0.295710528846148,0.193713095152409,0.213286972234848,1.6064535534649,1.22749527931421,1.30163928947412
1156,0.260935925083479,0.199872380492349,0.211308401714255,1.32635395952743,1.24397172601641,1.39225974633625
1157,0.278856376315689,0.183008422738043,0.218678181015232,1.46640375649616,1.29340106612302,1.32635395952743
1158,0.264569026658606,0.185228222534973,0.207833188522013,1.42521263974065,1.1863041625587,1.32635395952743
1159,0.294050958129049,0.182572153995196,0.198387840409293,1.54878599000719,1.23573350266531,1.27692461942082
1160,0.265977178960917,0.184301755828198,0.196249126855138,1.44168908644286,1.2027806092609,1.23573350266531
1161,0.293903418042644,0.20466043159497,0.192875305636006,1.47464197984727,1.28516284277192,1.16982771585649
1162,0.296061229017629,0.18484760030362,0.201350321531997,1.55702421335829,1.211018832612,1.28516284277192
1163,0.280270507031174,0.19434956074692,0.211814592846367,1.6064535534649,1.26044817271861,1.35106862958074
1164,0.293689571130547,0.178438377901788,0.202180543933107,1.63116822351821,1.08744548234547,1.27692461942082
1165,0.261185733222932,0.182669106817594,0.186382854503146,1.34283040622963,1.12863659910098,1.15335126915429
1166,0.264522628455455,0.180731217542691,0.1906258405913,1.48288020319837,1.13687482245208,1.23573350266531
1167,0.281168272363183,0.196656834926684,0.192809570006559,1.52407131995388,1.27692461942082,1.2192570559631
1168,0.305481239872381,0.174995059711511,0.191594782175511,1.69707401032702,1.06273081229216,1.2027806092609
1169,0.288246800822893,0.184869373810653,0.214231043259931,1.58173888341159,1.16982771585649,1.36754507628294
1170,0.278629235484067,0.187219256154332,0.214186570521595,1.49935664990057,1.211018832612,1.40049796968735
1171,0.252354304167619,0.194756896213569,0.197573511375809,1.40049796968735,1.26868639606972,1.24397172601641
1172,0.312249644209658,0.182002255580852,0.203130679563328,1.54054776665608,1.13687482245208,1.30987751282523
1173,0.289430563695871,0.180172568387786,0.189025990904755,1.44168908644286,1.16982771585649,1.16158949250539
1174,0.290829000861609,0.187684304289588,0.208099285401812,1.57350066006049,1.12039837574988,1.33459218287853
1175,0.279221429444554,0.189396272712766,0.200629408026315,1.44168908644286,1.17806593920759,1.2027806092609
1176,0.291177739460691,0.18306429999721,0.197873945736486,1.54878599000719,1.22749527931421,1.22749527931421
1177,0.278178071916551,0.168755241660945,0.201007817281143,1.40049796968735,1.04625436558996,1.26044817271861
1178,0.294755219612742,0.173814885354777,0.199066837619468,1.57350066006049,1.08744548234547,1.30163928947412
1179,0.289191949703021,0.18428509964285,0.201984946658231,1.52407131995388,1.25220994936751,1.34283040622963
1180,0.286091559755435,0.174096846633464,0.188607058095657,1.52407131995388,1.08744548234547,1.15335126915429
1181,0.281894125459579,0.18186133256762,0.196114267582459,1.46640375649616,1.16982771585649,1.23573350266531
1182,0.29370305255021,0.192384117168059,0.201267996888441,1.54054776665608,1.25220994936751,1.2027806092609
1183,0.247850067271594,0.184394789568072,0.186707964874172,1.31811573617633,1.13687482245208,1.13687482245208
1184,0.309383949796939,0.177541251069464,0.210292795556962,1.614691776816,1.17806593920759,1.33459218287853
1185,0.296365796359516,0.182138430678245,0.206844953556561,1.56526243670939,1.16158949250539,1.34283040622963
1186,0.280281915690044,0.187620871809834,0.224821010037109,1.46640375649616,1.26868639606972,1.40873619303845
1187,0.277528945002321,0.189566417229713,0.204954606568656,1.56526243670939,1.30163928947412,1.25220994936751
1188,0.301414310466559,0.174172234489252,0.196971415654737,1.54054776665608,1.08744548234547,1.211018832612
1189,0.29889458917686,0.174506364611866,0.189684342638489,1.5982153301138,1.07920725899437,1.16158949250539
1190,0.276372521846528,0.174411802334385,0.192895021453997,1.40049796968735,1.2027806092609,1.1945423859098
1191,0.275510194524983,0.194789415094198,0.201049470990731,1.53230954330498,1.23573350266531,1.25220994936751
1192,0.270780296033364,0.198186035225911,0.206084852171412,1.38402152298514,1.30987751282523,1.26868639606972
1193,0.27475287595723,0.17822195421024,0.207632200169302,1.43345086309176,1.09568370569657,1.33459218287853
1194,0.260494636168927,0.192905572362927,0.203025611439867,1.32635395952743,1.1945423859098,1.34283040622963
1195,0.280406310979733,0.180377476326719,0.199479479464258,1.44168908644286,1.2027806092609,1.30163928947412
1196,0.297120596602103,0.176228335628536,0.200577719950642,1.56526243670939,1.2192570559631,1.2192570559631
1197,0.270118685252106,0.206045447595598,0.19820923351846,1.44992730979396,1.42521263974065,1.30163928947412
1198,0.28046523680457,0.186070512003839,0.188063586293454,1.50759487325168,1.17806593920759,1.2192570559631
1199,0.285880123347214,0.179287881648251,0.20160907588568,1.54054776665608,1.10392192904767,1.24397172601641
1200,0.272604371719919,0.190390213006145,0.210650362112459,1.49935664990057,1.2027806092609,1.29340106612302
1201,0.283598418806652,0.172928631941354,0.203359397386442,1.58173888341159,1.14511304580318,1.23573350266531
1202,0.287218198940369,0.189488160448779,0.194272075422628,1.47464197984727,1.26868639606972,1.211018832612
1203,0.310811426745271,0.186480471891994,0.186308726324492,1.56526243670939,1.15335126915429,1.11216015239878
1204,0.278819526293836,0.181055582515774,0.197638021190529,1.51583309660278,1.07096903564327,1.28516284277192
1205,0.291987062946954,0.190622383125377,0.192530720736549,1.58173888341159,1.2192570559631,1.1863041625587
1206,0.276617768398467,0.172851239840725,0.201939969390115,1.40049796968735,1.05449258894106,1.35106862958074
1207,0.28873013324398,0.180812834531577,0.194281670960616,1.47464197984727,1.1945423859098,1.24397172601641
1208,0.28721435373228,0.188607158332777,0.213917338756245,1.42521263974065,1.2027806092609,1.45816553314506
1209,0.281621337669077,0.186226203128121,0.198931147173523,1.47464197984727,1.24397172601641,1.1863041625587
1210,0.285175062383379,0.174874723388437,0.191354737640453,1.50759487325168,1.04625436558996,1.211018832612
1211,0.277479020359886,0.17269813980736,0.182281872348429,1.45816553314506,1.12039837574988,1.09568370569657
1212,0.279714384071224,0.195197740084333,0.204277517211563,1.50759487325168,1.27692461942082,1.26044817271861
1213,0.285590545504832,0.178869221135639,0.194304853527511,1.55702421335829,1.15335126915429,1.1863041625587
1214,0.28744908442325,0.187265834928745,0.213508616212375,1.44992730979396,1.17806593920759,1.37578329963404
1215,0.297474541895105,0.171553941473873,0.220486486700871,1.49111842654947,1.03801614223886,1.39225974633625
1216,0.267210432847972,0.179916743861632,0.197520655784607,1.46640375649616,1.09568370569657,1.26044817271861
1217,0.29302343664599,0.170727829327726,0.191642914257507,1.46640375649616,1.07096903564327,1.24397172601641
1218,0.29016297969725,0.176007107390465,0.200856768862226,1.47464197984727,1.13687482245208,1.26044817271861
1219,0.305276857061533,0.190774137599172,0.21278580587353,1.57350066006049,1.2027806092609,1.41697441638955
1220,0.292275997880418,0.191363360029118,0.188928829376901,1.56526243670939,1.15335126915429,1.13687482245208
1221,0.283715597225021,0.18062746440442,0.203518799959808,1.43345086309176,1.211018832612,1.31811573617633
1222,0.28760939407458,0.187117594233636,0.204612254292325,1.51583309660278,1.211018832612,1.29340106612302
1223,0.290136935515623,0.190966530325767,0.211758654074945,1.5899771067627,1.1863041625587,1.35930685293184
1224,0.289000485784447,0.179933344808926,0.184452327942694,1.43345086309176,1.04625436558996,1.15335126915429
1225,0.29133642931149,0.186021726309846,0.198877240398095,1.63116822351821,1.24397172601641,1.25220994936751
1226,0.307762270285886,0.174663465631774,0.206043789365603,1.57350066006049,1.10392192904767,1.35106862958074
1227,0.294462083442019,0.19664549257735,0.197530554495297,1.49935664990057,1.35106862958074,1.35106862958074
1228,0.296549031250217,0.181476903249101,0.205136808518565,1.58173888341159,1.16982771585649,1.22749527931421
1229,0.286038902637909,0.18393825183933,0.186495102637164,1.55702421335829,1.22749527931421,1.12039837574988
1230,0.285539895746554,0.201021654934078,0.202221969427416,1.40049796968735,1.32635395952743,1.30163928947412
1231,0.281987079589826,0.194596087525928,0.215849278495681,1.49935664990057,1.25220994936751,1.42521263974065
1232,0.261632485571559,0.193400372067519,0.210578606008492,1.54054776665608,1.1945423859098,1.33459218287853
1233,0.268773912547887,0.178693298348923,0.194297097200116,1.42521263974065,1.17806593920759,1.16982771585649
1234,0.288268487207816,0.177251386054523,0.191383674877245,1.54054776665608,1.16982771585649,1.14511304580318
1235,0.263794434121962,0.182952825482994,0.206168299834302,1.44168908644286,1.1945423859098,1.39225974633625
1236,0.268757894213323,0.195131537730353,0.203724392770142,1.48288020319837,1.23573350266531,1.28516284277192
1237,0.255089822307409,0.168430999348458,0.188502393377658,1.49935664990057,1.08744548234547,1.211018832612
1238,0.278318919197262,0.18558001569048,0.196858864382522,1.57350066006049,1.16158949250539,1.2192570559631
1239,0.308777212012482,0.195039656606154,0.210146634770039,1.77121802048694,1.32635395952743,1.32635395952743
1240,0.275538965204503,0.182600581008979,0.196508286850158,1.51583309660278,1.10392192904767,1.22749527931421
1241,0.26333239767172,0.190465717929024,0.210452046175843,1.35930685293184,1.29340106612302,1.33459218287853
1242,0.283823240018015,0.175580738291988,0.184350146089984,1.40873619303845,1.07920725899437,1.26044817271861
1243,0.255030971779859,0.192167183443495,0.200098775073041,1.44992730979396,1.30163928947412,1.26868639606972
1244,0.279697714971152,0.18136675469246,0.208569969059137,1.47464197984727,1.15335126915429,1.34283040622963
1245,0.287121738572312,0.192852573692333,0.206057905799889,1.50759487325168,1.26044817271861,1.37578329963404
1246,0.285604987871595,0.171124777120555,0.197669395346226,1.44168908644286,1.04625436558996,1.35930685293184
1247,0.297910278491705,0.193464558713818,0.208068867782484,1.68883578697592,1.1863041625587,1.36754507628294
1248,0.272944473418629,0.184535122430933,0.206159375772772,1.46640375649616,1.16158949250539,1.31811573617633
1249,0.300225525088043,0.17525374393779,0.191400565582601,1.63116822351821,1.04625436558996,1.26044817271861
1250,0.26287169228648,0.190862406683058,0.206165121191556,1.36754507628294,1.2027806092609,1.34283040622963
1251,0.299198057281183,0.169879719162106,0.214938203402703,1.54878599000719,1.03801614223886,1.36754507628294
1252,0.268726416880146,0.18191466007448,0.198321163791362,1.43345086309176,1.12039837574988,1.27692461942082
1253,0.306975482968472,0.187441089989747,0.207592371619651,1.52407131995388,1.25220994936751,1.34283040622963
1254,0.300506080448338,0.185259004354318,0.198845495456765,1.58173888341159,1.15335126915429,1.1945423859098
1255,0.287334743470543,0.174230162214918,0.191318964274746,1.57350066006049,1.04625436558996,1.12039837574988
1256,0.27808628808424,0.175439261662217,0.205237084662778,1.47464197984727,1.11216015239878,1.30163928947412
1257,0.299859644799389,0.200464069762512,0.212954798040612,1.68883578697592,1.30163928947412,1.34283040622963
1258,0.269866403644867,0.178888842500921,0.201458083255974,1.42521263974065,1.13687482245208,1.30163928947412
1259,0.305633691968645,0.192458754032986,0.208221287851592,1.53230954330498,1.22749527931421,1.28516284277192
1260,0.264903940081178,0.177511416569133,0.189307347401486,1.46640375649616,1.11216015239878,1.26044817271861
1261,0.273723269289196,0.195898200560473,0.210630257623222,1.52407131995388,1.26044817271861,1.47464197984727
1262,0.282906056900757,0.175219531761788,0.217026820830013,1.53230954330498,1.12863659910098,1.37578329963404
1263,0.2782755985435,0.188619782876308,0.200842110736616,1.49935664990057,1.23573350266531,1.2192570559631
1264,0.284299506125448,0.179941843719279,0.196070659819343,1.5982153301138,1.16982771585649,1.211018832612
1265,0.276817635650528,0.197215389777647,0.224510874495723,1.44992730979396,1.28516284277192,1.43345086309176
1266,0.271189469255231,0.202424058803586,0.224323500220448,1.47464197984727,1.32635395952743,1.53230954330498
1267,0.298604404761025,0.190285851174438,0.200223948177749,1.51583309660278,1.2027806092609,1.40873619303845
1268,0.254912693543462,0.181296921959595,0.198290978627396,1.35930685293184,1.13687482245208,1.28516284277192
1269,0.277436526764954,0.186135505516351,0.201484091213804,1.53230954330498,1.2027806092609,1.31811573617633
1270,0.287262784614609,0.190208084743916,0.213370101400624,1.49935664990057,1.27692461942082,1.35106862958074
1271,0.294144785817822,0.186057110630724,0.205504805894121,1.5982153301138,1.1945423859098,1.29340106612302
1272,0.299198136957546,0.183721174839929,0.203734775799964,1.51583309660278,1.15335126915429,1.32635395952743
1273,0.279520422195892,0.19820411170174,0.196321242385678,1.53230954330498,1.33459218287853,1.14511304580318
1274,0.307862929857961,0.192752617390135,0.195060227335674,1.55702421335829,1.22749527931421,1.2192570559631
1275,0.275750636722089,0.190346038581338,0.200407477237951,1.48288020319837,1.23573350266531,1.26868639606972
1276,0.275334277465369,0.167855104342974,0.192489470610763,1.45816553314506,0.988586802132246,1.13687482245208
1277,0.273944215466959,0.181582016281776,0.201941868839974,1.54878599000719,1.13687482245208,1.27692461942082
1278,0.28772320217204,0.177904111003802,0.202110951173632,1.45816553314506,1.12039837574988,1.26868639606972
1279,0.284887734585459,0.188200210514492,0.203516795600631,1.42521263974065,1.17806593920759,1.31811573617633
1280,0.286615191379552,0.183997542899157,0.224108950953962,1.50759487325168,1.23573350266531,1.54054776665608
1281,0.277542945128593,0.200432726854349,0.207329340382716,1.49111842654947,1.28516284277192,1.26044817271861
1282,0.309995554468303,0.18996870593867,0.205201040000137,1.68883578697592,1.24397172601641,1.31811573617633
1283,0.306379271811249,0.184529663836607,0.207025386823591,1.66412111692261,1.1945423859098,1.27692461942082
1284,0.289946311388072,0.179916803304138,0.208042362285827,1.51583309660278,1.04625436558996,1.40049796968735
1285,0.291646399135504,0.168947320216169,0.198780571681171,1.50759487325168,0.988586802132246,1.34283040622963
1286,0.282997201373019,0.183995915215337,0.19959920049318,1.49111842654947,1.15335126915429,1.22749527931421
1287,0.301095804293871,0.182483330660371,0.208990637051732,1.63940644686931,1.2192570559631,1.32635395952743
1288,0.291372822261408,0.17674637603245,0.193732786222478,1.47464197984727,1.16982771585649,1.24397172601641
1289,0.271627781624417,0.188075562330402,0.204895732801263,1.44168908644286,1.17806593920759,1.26868639606972
1290,0.292981904917998,0.177439401689293,0.214298758566907,1.53230954330498,1.16158949250539,1.34283040622963
1291,0.289841246241241,0.183112557048734,0.195100860389931,1.46640375649616,1.211018832612,1.2192570559631
1292,0.28981127806625,0.190658589073425,0.199712770625857,1.614691776816,1.24397172601641,1.211018832612
1293,0.301209230862604,0.185207152174491,0.204597234511464,1.5899771067627,1.26044817271861,1.34283040622963
1294,0.283227820014312,0.17390616405286,0.198401999174349,1.51583309660278,1.07920725899437,1.39225974633625
1295,0.273734044435706,0.187769274988629,0.194292846841828,1.47464197984727,1.1863041625587,1.2027806092609
1296,0.275244393430992,0.174801021009711,0.192679062597788,1.49111842654947,1.07920725899437,1.17806593920759
1297,0.29325518161898,0.181298569952398,0.203477024183503,1.54878599000719,1.14511304580318,1.27692461942082
1298,0.309250508279229,0.176588050225885,0.191495132617428,1.6229300001671,1.12863659910098,1.15335126915429
1299,0.276675475402559,0.179455781589039,0.201366322735332,1.34283040622963,1.16982771585649,1.29340106612302
1300,0.294473236137882,0.168829803122588,0.192502919281669,1.56526243670939,1.07096903564327,1.23573350266531
1301,0.277501406197381,0.181350152531262,0.201653261318426,1.55702421335829,1.1863041625587,1.26044817271861
1302,0.277778954501923,0.201758426234092,0.227791002801889,1.42521263974065,1.22749527931421,1.40873619303845
1303,0.285747627212206,0.179487647113321,0.186281317107605,1.55702421335829,1.11216015239878,1.15335126915429
1304,0.294344765644343,0.178806774058832,0.210140624543003,1.6064535534649,1.17806593920759,1.40873619303845
1305,0.27490399331658,0.196662226881244,0.220481720067495,1.48288020319837,1.23573350266531,1.47464197984727
1306,0.285471033924337,0.183180339736994,0.192612643349188,1.51583309660278,1.15335126915429,1.2027806092609
1307,0.298244810173621,0.179723207550408,0.202175392173887,1.53230954330498,1.2027806092609,1.28516284277192
1308,0.269832843931664,0.194204706786359,0.200000242750912,1.53230954330498,1.2192570559631,1.29340106612302
1309,0.271432849232943,0.184031008583031,0.208879020167514,1.35930685293184,1.16158949250539,1.33459218287853
1310,0.279052597082113,0.175065236679756,0.189429420748078,1.47464197984727,1.12863659910098,1.16982771585649
1311,0.275280133518122,0.19330053827176,0.217803976052335,1.47464197984727,1.2027806092609,1.35106862958074
1312,0.285815739475872,0.178111924413637,0.20010736633467,1.47464197984727,1.211018832612,1.27692461942082
1313,0.291049217474816,0.190722794424624,0.21136543611029,1.48288020319837,1.17806593920759,1.34283040622963
1314,0.269361578474287,0.187233783501582,0.213927125170325,1.39225974633625,1.10392192904767,1.31811573617633
1315,0.283360314233116,0.180906058620074,0.194653520679902,1.54878599000719,1.06273081229216,1.2192570559631
1316,0.296846858525571,0.17406790099931,0.210027451713653,1.55702421335829,1.11216015239878,1.42521263974065
1317,0.261168574671029,0.188152312154179,0.203972629926192,1.39225974633625,1.16158949250539,1.24397172601641
1318,0.279584653623086,0.209783623490082,0.228903699827294,1.42521263974065,1.30163928947412,1.44992730979396
1319,0.28351377833402,0.184862874469011,0.197350903053764,1.52407131995388,1.2192570559631,1.23573350266531
1320,0.289120459801457,0.172836250906343,0.20186525114293,1.40873619303845,1.12039837574988,1.26044817271861
1321,0.26497774187949,0.171019929567654,0.17776382988302,1.34283040622963,1.13687482245208,1.05449258894106
1322,0.292336642877214,0.191654333326433,0.202025952662982,1.64764467022041,1.2192570559631,1.28516284277192
1323,0.292401379326836,0.205989235239049,0.212537787889866,1.56526243670939,1.30163928947412,1.40873619303845
1324,0.276183040964997,0.182146019621528,0.212156319851499,1.49935664990057,1.16158949250539,1.30987751282523
1325,0.272154782539124,0.180908962034417,0.196288574414881,1.44992730979396,1.13687482245208,1.2192570559631
1326,0.252581360989224,0.183722063204924,0.196365391961972,1.32635395952743,1.1863041625587,1.22749527931421
1327,0.289717984888653,0.188594214897336,0.199031528317101,1.614691776816,1.1945423859098,1.24397172601641
1328,0.281092900732003,0.17932763004128,0.195714708296054,1.51583309660278,1.16982771585649,1.24397172601641
1329,0.283839077907375,0.183508120378502,0.191941020966899,1.52407131995388,1.16158949250539,1.22749527931421
1330,0.268919496218089,0.177062656865634,0.191192376535257,1.34283040622963,1.17806593920759,1.25220994936751
1331,0.26941826038463,0.186357947392284,0.189120124196888,1.54054776665608,1.22749527931421,1.16158949250539
1332,0.281979683682558,0.172765736325059,0.201973970693913,1.55702421335829,1.15335126915429,1.34283040622963
1333,0.279584483272162,0.196357702595602,0.210403825135328,1.6229300001671,1.26044817271861,1.31811573617633
1334,0.296862847402811,0.176354112279779,0.208016388436668,1.68059756362482,1.13687482245208,1.30987751282523
1335,0.280647916879031,0.208216357669823,0.217774779311235,1.52407131995388,1.35930685293184,1.40049796968735
1336,0.310430821706099,0.179477975259209,0.210882497317707,1.54054776665608,1.16982771585649,1.44168908644286
1337,0.262730798740602,0.176448147065663,0.20412290233006,1.51583309660278,1.09568370569657,1.27692461942082
1338,0.272793437154624,0.195110809834262,0.201981877134054,1.39225974633625,1.35106862958074,1.23573350266531
1339,0.286995808865935,0.189329429071027,0.212839029626087,1.5899771067627,1.23573350266531,1.35930685293184
1340,0.278591097786065,0.181104335071486,0.202947880255414,1.51583309660278,1.12863659910098,1.22749527931421
1341,0.333779304491208,0.181735577913887,0.197654545391469,1.68059756362482,1.1863041625587,1.35106862958074
1342,0.268824770209276,0.193099630781063,0.208999927339455,1.53230954330498,1.22749527931421,1.35106862958074
1343,0.271452325054263,0.209045759492848,0.212954778338345,1.49935664990057,1.45816553314506,1.40873619303845
1344,0.280623575493622,0.198366545349386,0.198562953016965,1.44168908644286,1.31811573617633,1.30987751282523
1345,0.273450869079938,0.183646147770626,0.203738529823119,1.31811573617633,1.2027806092609,1.33459218287853
1346,0.284278859566304,0.197295267306754,0.203747297317604,1.44992730979396,1.28516284277192,1.30987751282523
1347,0.290636909947619,0.192115789387169,0.202769164460749,1.41697441638955,1.29340106612302,1.30163928947412
1348,0.311939991023884,0.18417142896877,0.196185266918322,1.53230954330498,1.2192570559631,1.26868639606972
1349,0.282453046872809,0.207213400791356,0.209931626716246,1.42521263974065,1.26868639606972,1.38402152298514
1350,0.276311188145409,0.189104369737953,0.214410868896937,1.48288020319837,1.16982771585649,1.37578329963404
1351,0.251648303741595,0.187875943174208,0.214316422408616,1.27692461942082,1.211018832612,1.40049796968735
1352,0.266022036146056,0.174071878052787,0.187058344291492,1.43345086309176,1.15335126915429,1.15335126915429
1353,0.27323482922705,0.178233975818603,0.19157097770063,1.44168908644286,1.13687482245208,1.211018832612
1354,0.291552810903242,0.180323068051899,0.209131091023374,1.47464197984727,1.16158949250539,1.35930685293184
1355,0.278116406951781,0.170813944848834,0.191014801670163,1.38402152298514,1.04625436558996,1.23573350266531
1356,0.301807057245888,0.192576614974995,0.207377169776755,1.63940644686931,1.2192570559631,1.26044817271861
1357,0.274650257282069,0.200020524783906,0.21148172089507,1.37578329963404,1.26868639606972,1.31811573617633
1358,0.267023575430575,0.181494115896168,0.199082377264241,1.50759487325168,1.06273081229216,1.22749527931421
1359,0.257736759237011,0.186225085319514,0.18707606978044,1.43345086309176,1.16982771585649,1.17806593920759
1360,0.270537517207836,0.189593190841847,0.195646911279559,1.46640375649616,1.1945423859098,1.22749527931421
1361,0.287391037565374,0.180116621329634,0.199498378694743,1.49111842654947,1.15335126915429,1.27692461942082
1362,0.264752833613213,0.197968516235352,0.210835790683684,1.36754507628294,1.26044817271861,1.2027806092609
1363,0.284863481550964,0.188308398393416,0.212460905898905,1.51583309660278,1.1863041625587,1.41697441638955
1364,0.271950891183457,0.202376965191418,0.220938788368117,1.49935664990057,1.34283040622963,1.43345086309176
1365,0.296962653972728,0.187787088072082,0.193508169246457,1.54054776665608,1.211018832612,1.30163928947412
1366,0.272598915650127,0.180044332740862,0.20403911414091,1.49935664990057,1.16982771585649,1.26044817271861
1367,0.284897156871173,0.182864586833061,0.19319157691272,1.50759487325168,1.1863041625587,1.26868639606972
1368,0.258285701554968,0.188065985638605,0.198524467479398,1.42521263974065,1.22749527931421,1.17806593920759
1369,0.291857833671035,0.18741554369892,0.203636271877577,1.49111842654947,1.1863041625587,1.30987751282523
1370,0.291575587248437,0.185815832054996,0.210288190684711,1.57350066006049,1.1945423859098,1.35930685293184
1371,0.293264858765015,0.170585081729075,0.200464042416135,1.48288020319837,1.01330147218555,1.30987751282523
1372,0.262304059015902,0.177452194941642,0.184167166655503,1.39225974633625,1.12039837574988,1.09568370569657
1373,0.277393027576216,0.192832612666639,0.198926667050841,1.47464197984727,1.30987751282523,1.34283040622963
1374,0.279504736517044,0.194313891512163,0.208887187384728,1.45816553314506,1.34283040622963,1.33459218287853
1375,0.2930757574843,0.188310907351902,0.213836206328162,1.63116822351821,1.14511304580318,1.29340106612302
1376,0.263284353260034,0.194521752023413,0.218585698789906,1.29340106612302,1.24397172601641,1.39225974633625
1377,0.277513353172341,0.192356908483652,0.21501580849657,1.48288020319837,1.27692461942082,1.36754507628294
1378,0.272992792910216,0.167003967419049,0.19237003869234,1.46640375649616,1.02977791888776,1.23573350266531
1379,0.276125052610742,0.175756460880759,0.191634982369678,1.49111842654947,1.2192570559631,1.07920725899437
1380,0.283494225862006,0.187443376820158,0.206841061579481,1.43345086309176,1.17806593920759,1.34283040622963
1381,0.25624792116896,0.185191228983517,0.191815334102536,1.44992730979396,1.13687482245208,1.25220994936751
1382,0.285093498118953,0.179224480674526,0.217047498544021,1.44992730979396,1.12039837574988,1.44992730979396
1383,0.281214074148642,0.18442099694218,0.202028744844189,1.46640375649616,1.2027806092609,1.35930685293184
1384,0.305433842534038,0.182934444452523,0.202514275834322,1.57350066006049,1.1863041625587,1.28516284277192
1385,0.276989790821126,0.209249619609272,0.222820318146057,1.54054776665608,1.40049796968735,1.43345086309176
1386,0.27569310170364,0.1712168846738,0.187259850389281,1.37578329963404,1.07920725899437,1.16158949250539
1387,0.319177849723294,0.175906432649049,0.195957228987125,1.6064535534649,1.09568370569657,1.26044817271861
1388,0.299895279182654,0.186815115597744,0.208493062894691,1.71355045702923,1.2192570559631,1.33459218287853
1389,0.300451553736597,0.182725186240474,0.20064285015981,1.58173888341159,1.14511304580318,1.1945423859098
1390,0.26445066067924,0.180633429670973,0.197239335614858,1.41697441638955,1.11216015239878,1.16158949250539
1391,0.30844777284803,0.176463939053921,0.206110267850967,1.5982153301138,1.10392192904767,1.31811573617633
1392,0.291264211635616,0.212017933937063,0.213493794659083,1.63116822351821,1.40049796968735,1.34283040622963
1393,0.281448218607446,0.187849805678297,0.199786666146119,1.44992730979396,1.16158949250539,1.26044817271861
1394,0.296309673773033,0.196219772781257,0.210831766735388,1.55702421335829,1.27692461942082,1.35930685293184
1395,0.275331832341969,0.18158630885809,0.187352813092483,1.48288020319837,1.15335126915429,1.07096903564327
1396,0.288956268891374,0.180153711344067,0.202735505634902,1.46640375649616,1.12863659910098,1.28516284277192
1397,0.295575630658817,0.18537896695806,0.198025744993707,1.50759487325168,1.16982771585649,1.35106862958074
1398,0.276014722313671,0.183018259081473,0.193727515274322,1.58173888341159,1.15335126915429,1.27692461942082
1399,0.286550175576987,0.191848521633951,0.199951290885752,1.5899771067627,1.31811573617633,1.29340106612302
1400,0.304501854274439,0.183157675133338,0.208970341793755,1.58173888341159,1.13687482245208,1.33459218287853
1401,0.290069123652676,0.186074626015125,0.192259057276151,1.49111842654947,1.22749527931421,1.211018832612
1402,0.270551444782468,0.17871182258052,0.198656684354673,1.45816553314506,1.2192570559631,1.24397172601641
1403,0.291360466863226,0.175443124602447,0.206235884656723,1.48288020319837,1.07920725899437,1.2192570559631
1404,0.284441938200438,0.163554386504618,0.197456222754713,1.49935664990057,0.972110355430042,1.24397172601641
1405,0.284096904141048,0.180574724976095,0.192478640341643,1.48288020319837,1.07920725899437,1.2192570559631
1406,0.309283901522239,0.187667008439144,0.202829037898253,1.56526243670939,1.22749527931421,1.30163928947412
1407,0.302408472102706,0.180324885960283,0.199711931531411,1.53230954330498,1.12039837574988,1.27692461942082
1408,0.252741517064686,0.197699261984354,0.205412300840074,1.32635395952743,1.31811573617633,1.23573350266531
1409,0.284593593155653,0.173456644388676,0.188623577426646,1.6064535534649,1.12863659910098,1.11216015239878
1410,0.270994033044603,0.190991514198782,0.205794883162618,1.43345086309176,1.26868639606972,1.34283040622963
1411,0.267713771395741,0.194709992056126,0.204217450939463,1.40873619303845,1.29340106612302,1.34283040622963
1412,0.281968049740993,0.193995655431242,0.194481207236949,1.43345086309176,1.28516284277192,1.25220994936751
1413,0.27414522005323,0.189146374092644,0.204594920678985,1.41697441638955,1.23573350266531,1.31811573617633
1414,0.278781720785037,0.175518113224853,0.191124063445347,1.44168908644286,1.06273081229216,1.2192570559631
1415,0.277376480548196,0.2006885438279,0.221474911422184,1.55702421335829,1.30987751282523,1.47464197984727
1416,0.260539889118221,0.179018350030684,0.193333819520668,1.39225974633625,1.10392192904767,1.23573350266531
1417,0.294852118551819,0.177786904676155,0.202627401383866,1.63116822351821,1.15335126915429,1.25220994936751
1418,0.277514906572617,0.193877253666188,0.220251172541819,1.37578329963404,1.27692461942082,1.44168908644286
1419,0.26925049079585,0.185370471102051,0.202980931924768,1.54878599000719,1.25220994936751,1.25220994936751
1420,0.29240832240833,0.187164821074648,0.210994309689421,1.51583309660278,1.23573350266531,1.42521263974065
1421,0.2732480957751,0.202031016781326,0.214792539627812,1.54878599000719,1.32635395952743,1.33459218287853
1422,0.278043827403624,0.187586801579831,0.204045408901254,1.49935664990057,1.15335126915429,1.34283040622963
1423,0.313277417388763,0.181890538188028,0.199559243166407,1.65588289357151,1.11216015239878,1.27692461942082
1424,0.270148026226416,0.172412001196061,0.194070980351042,1.40049796968735,1.12039837574988,1.27692461942082
1425,0.295124868569564,0.18056384161753,0.192249699719271,1.51583309660278,1.1863041625587,1.15335126915429
1426,0.274425078001879,0.177991334255062,0.209977080707523,1.40049796968735,1.09568370569657,1.33459218287853
1427,0.29508300311176,0.180935286853994,0.199754694470599,1.6064535534649,1.17806593920759,1.26868639606972
1428,0.274055322471722,0.201719137121504,0.206625830938038,1.54054776665608,1.30163928947412,1.35106862958074
1429,0.267233298828503,0.177007624528776,0.200749023517583,1.42521263974065,1.12863659910098,1.28516284277192
1430,0.291721577024887,0.181660227559581,0.200589229121469,1.614691776816,1.15335126915429,1.32635395952743
1431,0.280972571834727,0.19737634471925,0.208308923256403,1.5982153301138,1.26868639606972,1.27692461942082
1432,0.281003416461784,0.17580972806992,0.198356985712943,1.49111842654947,1.12863659910098,1.211018832612
1433,0.267394291121707,0.179406915647006,0.194756313659226,1.49935664990057,1.1945423859098,1.2192570559631
1434,0.277132126185326,0.183395972852501,0.195367783200365,1.47464197984727,1.23573350266531,1.27692461942082
1435,0.272710130804174,0.183662477629505,0.195582041069399,1.49935664990057,1.1945423859098,1.29340106612302
1436,0.283978969896501,0.178230331046426,0.184977631231836,1.47464197984727,1.17806593920759,1.06273081229216
1437,0.286559954433451,0.183823404164994,0.209623468623168,1.5899771067627,1.07920725899437,1.34283040622963
1438,0.288240759629756,0.191628130455044,0.202162717712847,1.6064535534649,1.34283040622963,1.26868639606972
1439,0.267010017801833,0.186293951581884,0.193095398523609,1.51583309660278,1.25220994936751,1.30987751282523
1440,0.293573020931471,0.188172655835061,0.202677222191257,1.5982153301138,1.24397172601641,1.36754507628294
1441,0.269908008867529,0.191887075977603,0.215438743636035,1.40049796968735,1.2192570559631,1.33459218287853
1442,0.290551637616615,0.200149663217173,0.204054036698251,1.5982153301138,1.31811573617633,1.22749527931421
1443,0.286352430530613,0.191862498518562,0.215017218872694,1.52407131995388,1.26044817271861,1.33459218287853
1444,0.258511367424086,0.187312477762802,0.196376040387664,1.32635395952743,1.2027806092609,1.211018832612
1445,0.257464375459153,0.185245827686816,0.185864330600189,1.46640375649616,1.17806593920759,1.10392192904767
1446,0.266986199929612,0.189390888295281,0.231794299299059,1.42521263974065,1.26868639606972,1.41697441638955
1447,0.290040834945349,0.185417254123016,0.209809398708105,1.54878599000719,1.14511304580318,1.35106862958074
1448,0.309236128536424,0.192552686748532,0.20549124557073,1.5899771067627,1.28516284277192,1.35106862958074
1449,0.279319687460116,0.181985263390018,0.197049981447823,1.44992730979396,1.13687482245208,1.2027806092609
1450,0.26428175301871,0.201380542403498,0.22049507689633,1.39225974633625,1.31811573617633,1.44992730979396
1451,0.291363695934849,0.185508190550929,0.190601530605996,1.6064535534649,1.1863041625587,1.2027806092609
1452,0.295188607926595,0.186668094165598,0.204999968653911,1.49111842654947,1.12863659910098,1.34283040622963
1453,0.26145967852566,0.178346998903513,0.183947653200763,1.43345086309176,1.16158949250539,1.13687482245208
1454,0.276879524302261,0.188418473697969,0.19237745412061,1.44168908644286,1.26044817271861,1.16982771585649
1455,0.268679469087165,0.184469382333334,0.204547170638636,1.40873619303845,1.13687482245208,1.35106862958074
1456,0.276809192966249,0.169443311404844,0.203462716281209,1.48288020319837,1.04625436558996,1.32635395952743
1457,0.300522319897634,0.18253782611004,0.202853828964555,1.57350066006049,1.2192570559631,1.23573350266531
1458,0.281346030939965,0.19486203206981,0.212378922726855,1.56526243670939,1.24397172601641,1.35106862958074
1459,0.293711620735837,0.179466487786384,0.190143848022203,1.5982153301138,1.1863041625587,1.1863041625587
1460,0.286108777149773,0.195055013359079,0.20362855717377,1.63940644686931,1.28516284277192,1.31811573617633
1461,0.275149538087406,0.187250684970776,0.197528673900174,1.48288020319837,1.13687482245208,1.23573350266531
1462,0.287924635711827,0.191053570883227,0.207238224125937,1.50759487325168,1.16158949250539,1.35930685293184
1463,0.274760740785422,0.192721566058131,0.206915178289323,1.44168908644286,1.30163928947412,1.29340106612302
1464,0.263211980435178,0.189419363371327,0.220268537439862,1.42521263974065,1.29340106612302,1.35106862958074
1465,0.285907430636695,0.178442920808312,0.207317061660166,1.44168908644286,1.12863659910098,1.27692461942082
1466,0.302899215461575,0.182354683676554,0.208742894919718,1.55702421335829,1.22749527931421,1.30987751282523
1467,0.291683530445278,0.182827510815418,0.215580179884384,1.52407131995388,1.15335126915429,1.44992730979396
1468,0.291186746639453,0.185979829353674,0.200794731818908,1.53230954330498,1.2027806092609,1.26044817271861
1469,0.279413151665638,0.186976907049602,0.205934097232629,1.54878599000719,1.16158949250539,1.32635395952743
1470,0.289927451975013,0.186619524195712,0.210889063945457,1.49935664990057,1.2192570559631,1.30163928947412
1471,0.273883471118762,0.188019798013103,0.193110468108354,1.37578329963404,1.1945423859098,1.1863041625587
1472,0.280563931939921,0.189220168711543,0.204407497161198,1.41697441638955,1.1863041625587,1.22749527931421
1473,0.31337253357734,0.182374023205681,0.198156521432883,1.54054776665608,1.12863659910098,1.28516284277192
1474,0.303325898787247,0.174950963949592,0.195562545531483,1.614691776816,1.07096903564327,1.26868639606972
1475,0.281519856634871,0.201159457752228,0.224479364096257,1.45816553314506,1.31811573617633,1.40873619303845
1476,0.273362294163958,0.184881055196101,0.197453130476075,1.38402152298514,1.07920725899437,1.30163928947412
1477,0.272511419701912,0.185733200462181,0.205086825061925,1.49935664990057,1.1863041625587,1.34283040622963
1478,0.28638119018664,0.218684028346784,0.212611124123473,1.52407131995388,1.42521263974065,1.38402152298514
1479,0.281184140535329,0.186498999342335,0.203543377481441,1.57350066006049,1.2192570559631,1.29340106612302
1480,0.28943741668138,0.194722866447195,0.206160016714502,1.58173888341159,1.2192570559631,1.34283040622963
1481,0.270976482215879,0.18648859831207,0.198029925315674,1.35106862958074,1.15335126915429,1.26044817271861
1482,0.280058881437884,0.189050477842891,0.198347851614688,1.54878599000719,1.24397172601641,1.211018832612
1483,0.284947371780962,0.182354716949093,0.207710780813471,1.54878599000719,1.11216015239878,1.33459218287853
1484,0.288722585776387,0.185025400412271,0.197728938055666,1.6064535534649,1.13687482245208,1.211018832612
1485,0.285699418695042,0.191835950014195,0.205137789660603,1.42521263974065,1.27692461942082,1.37578329963404
1486,0.28772489406837,0.172001161663524,0.200023835408665,1.53230954330498,1.07096903564327,1.24397172601641
1487,0.302167133957961,0.183155783943322,0.223637761396801,1.58173888341159,1.2192570559631,1.46640375649616
1488,0.273519740261237,0.180836297984277,0.192437548697549,1.40049796968735,1.25220994936751,1.25220994936751
1489,0.26531283218901,0.200666494621156,0.209860225907468,1.46640375649616,1.2192570559631,1.24397172601641
1490,0.282918009034272,0.185530036747822,0.196492630791159,1.51583309660278,1.17806593920759,1.26868639606972
1491,0.291602629782335,0.190159198373478,0.215043157574433,1.5899771067627,1.17806593920759,1.35930685293184
1492,0.278904230057185,0.191642751684132,0.199282082731008,1.45816553314506,1.28516284277192,1.29340106612302
1493,0.283974279717823,0.202764259896535,0.203144345650686,1.54054776665608,1.33459218287853,1.30987751282523
1494,0.264353874508664,0.188835029286277,0.206013720767174,1.44168908644286,1.23573350266531,1.35106862958074
1495,0.265690859291588,0.170511166469779,0.19383558620365,1.48288020319837,1.07096903564327,1.1945423859098
1496,0.282406247221849,0.182886943035898,0.196440859450201,1.49111842654947,1.12039837574988,1.26868639606972
1497,0.280291396162042,0.172177020779865,0.1929937708357,1.56526243670939,1.09568370569657,1.2027806092609
1498,0.305466732955934,0.180426686256835,0.202183026114249,1.6064535534649,1.08744548234547,1.30987751282523
1499,0.278699482869625,0.177821225141721,0.190644893016282,1.44168908644286,1.14511304580318,1.25220994936751
1500,0.2584782115621,0.187075530033349,0.201952787938718,1.42521263974065,1.12863659910098,1.28516284277192
1501,0.277180375870014,0.185258733763781,0.202072350251259,1.50759487325168,1.16158949250539,1.34283040622963
1502,0.284845153551492,0.186494049886424,0.196604695173664,1.50759487325168,1.22749527931421,1.1945423859098
1503,0.265083898332243,0.180111471084027,0.190693947618002,1.38402152298514,1.09568370569657,1.23573350266531
1504,0.302933709956841,0.189320083352786,0.208468811469614,1.5899771067627,1.23573350266531,1.2192570559631
1505,0.292736704749721,0.172833428877031,0.207932932296866,1.6229300001671,1.07096903564327,1.35930685293184
1506,0.27748807840866,0.187658529336455,0.21903641280699,1.56526243670939,1.2192570559631,1.38402152298514
1507,0.275955983167388,0.188245074491118,0.198487185125527,1.40049796968735,1.16982771585649,1.26044817271861
1508,0.290857061062336,0.204457972773327,0.208964133566948,1.54878599000719,1.40873619303845,1.28516284277192
1509,0.274003748341332,0.180755262858299,0.208852576463779,1.58173888341159,1.2027806092609,1.40873619303845
1510,0.276071161504955,0.17991580456819,0.187986612121015,1.49111842654947,1.11216015239878,1.13687482245208
1511,0.282987885840076,0.189619956631219,0.203921103547772,1.44992730979396,1.30163928947412,1.26044817271861
1512,0.276788084335249,0.175449736659387,0.196115670915351,1.614691776816,1.12863659910098,1.1945423859098
1513,0.27378091104486,0.173146328597481,0.192964934697056,1.44168908644286,1.11216015239878,1.28516284277192
1514,0.312461129792751,0.174374185140568,0.196222040713143,1.54054776665608,1.12039837574988,1.26044817271861
1515,0.280639911204694,0.183465303484698,0.203326772405731,1.56526243670939,1.10392192904767,1.27692461942082
1516,0.320425831148126,0.183441876347585,0.194957424933954,1.6064535534649,1.16982771585649,1.32635395952743
1517,0.298089957461347,0.182117223726653,0.193294795263144,1.6064535534649,1.22749527931421,1.23573350266531
1518,0.276917903785764,0.187780447180622,0.22793493326075,1.55702421335829,1.211018832612,1.41697441638955
1519,0.283990963214912,0.179173717655889,0.218949917715784,1.55702421335829,1.13687482245208,1.41697441638955
1520,0.307625429257574,0.187789420425346,0.197763270100098,1.58173888341159,1.23573350266531,1.29340106612302
1521,0.281988384917606,0.181564355386035,0.209725052276601,1.55702421335829,1.08744548234547,1.33459218287853
1522,0.297094620121745,0.180668813071889,0.199502871709349,1.63940644686931,1.1945423859098,1.23573350266531
1523,0.271394523188504,0.18877522871326,0.192446663444382,1.45816553314506,1.22749527931421,1.14511304580318
1524,0.312588933383663,0.179833775061427,0.186723263831735,1.6064535534649,1.09568370569657,1.16982771585649
1525,0.298810673580972,0.186636017290917,0.201264256686208,1.64764467022041,1.27692461942082,1.28516284277192
1526,0.280979824294758,0.170394285612472,0.188204227424256,1.54054776665608,0.947395685376736,1.15335126915429
1527,0.303487850462105,0.190872156430715,0.208121168089438,1.54054776665608,1.2027806092609,1.30987751282523
1528,0.26355198627399,0.172381263526202,0.196762727054742,1.46640375649616,1.16158949250539,1.2192570559631
1529,0.264771223308524,0.189989646758787,0.205053754817947,1.40873619303845,1.1945423859098,1.35930685293184
1530,0.261868894744108,0.193422529073538,0.196863622679175,1.47464197984727,1.24397172601641,1.2192570559631
1531,0.286738988648098,0.201701638240246,0.210482780733542,1.52407131995388,1.30987751282523,1.33459218287853
1532,0.280967572178965,0.179135987457728,0.189598886479836,1.45816553314506,1.09568370569657,1.14511304580318
1533,0.295375537801458,0.17521044484359,0.203546271281502,1.54878599000719,1.11216015239878,1.35930685293184
1534,0.266693038614984,0.187029731620634,0.207114898387444,1.43345086309176,1.13687482245208,1.32635395952743
1535,0.272326454878439,0.191449960827048,0.215605697593623,1.47464197984727,1.211018832612,1.32635395952743
1536,0.269852262911898,0.173798498695532,0.189994972462591,1.56526243670939,1.06273081229216,1.15335126915429
1537,0.298263697155889,0.175215349772055,0.188167417014669,1.66412111692261,1.16982771585649,1.16158949250539
1538,0.286894036357691,0.18899674508655,0.197414813899201,1.56526243670939,1.2192570559631,1.17806593920759
1539,0.266257055823247,0.166010971406011,0.185226457771546,1.41697441638955,1.02153969553665,1.16982771585649
1540,0.289883055393259,0.195786983903271,0.201885466388068,1.44992730979396,1.30987751282523,1.34283040622963
1541,0.296607739822754,0.1759234446201,0.189523132945141,1.65588289357151,1.03801614223886,1.15335126915429
1542,0.29886873491798,0.166425328253606,0.201497568023232,1.66412111692261,1.02153969553665,1.30163928947412
1543,0.287826783571962,0.175383267509384,0.202076246091715,1.68883578697592,1.12039837574988,1.35106862958074
1544,0.287655093809692,0.180033683361446,0.197818394524547,1.54878599000719,1.14511304580318,1.26044817271861
1545,0.283226207978211,0.179140015937253,0.204820651592307,1.47464197984727,1.14511304580318,1.211018832612
1546,0.285796294763187,0.181386079484856,0.21236445180844,1.5982153301138,1.12863659910098,1.45816553314506
1547,0.28780768208558,0.182473287589051,0.191614276172336,1.57350066006049,1.2192570559631,1.26868639606972
1548,0.268020127331173,0.188376397907917,0.197928711068946,1.35930685293184,1.12039837574988,1.211018832612
1549,0.270372213781341,0.176312886732342,0.184084457531442,1.39225974633625,1.10392192904767,1.13687482245208
1550,0.268659290542499,0.186076695851642,0.197837135735516,1.37578329963404,1.22749527931421,1.30163928947412
1551,0.275473883831292,0.184641237284213,0.192556561167807,1.50759487325168,1.15335126915429,1.2027806092609
1552,0.263901343383651,0.197130616698504,0.199704962252019,1.37578329963404,1.17806593920759,1.30987751282523
1553,0.27261395834352,0.192108371270033,0.211880842321854,1.43345086309176,1.1945423859098,1.30163928947412
1554,0.272699158306597,0.183524310949277,0.194406316295434,1.42521263974065,1.14511304580318,1.26868639606972
1555,0.280905663392433,0.188671327823968,0.198747817638823,1.51583309660278,1.1945423859098,1.29340106612302
1556,0.272332716413285,0.196995934913428,0.198335805348942,1.48288020319837,1.25220994936751,1.2027806092609
1557,0.27104418967226,0.194332563751596,0.211481341929608,1.44992730979396,1.34283040622963,1.42521263974065
1558,0.289485838458714,0.190587635371304,0.222609884688312,1.6064535534649,1.22749527931421,1.40049796968735
1559,0.262850152811395,0.181880569211607,0.194859440087378,1.39225974633625,1.10392192904767,1.26044817271861
1560,0.293305574521411,0.175599183847916,0.199386491255559,1.49111842654947,1.16158949250539,1.30987751282523
1561,0.295065713467372,0.184695291291784,0.188678283626867,1.6064535534649,1.26868639606972,1.07920725899437
1562,0.30302270882422,0.184979770919786,0.201038285417003,1.67235934027372,1.2027806092609,1.30987751282523
1563,0.284094581916383,0.195731323295841,0.201864257567484,1.44168908644286,1.31811573617633,1.27692461942082
1564,0.278949422673934,0.177639666893674,0.204806513594272,1.54054776665608,1.12039837574988,1.35930685293184
1565,0.312333688667101,0.180107477665504,0.219473713669804,1.5899771067627,1.10392192904767,1.38402152298514
1566,0.270646308554157,0.185104365174405,0.198284760326785,1.42521263974065,1.17806593920759,1.26044817271861
1567,0.297295148212555,0.182342597014995,0.203448138207048,1.63940644686931,1.14511304580318,1.28516284277192
1568,0.275019348719376,0.185251856559828,0.198632405353535,1.42521263974065,1.12039837574988,1.25220994936751
1569,0.313277976791353,0.183967247374737,0.202533071108051,1.64764467022041,1.09568370569657,1.32635395952743
1570,0.289582389629338,0.188851645197453,0.212238979589378,1.54878599000719,1.211018832612,1.44168908644286
1571,0.297710577355542,0.192005606989622,0.210243820277122,1.5982153301138,1.22749527931421,1.29340106612302
1572,0.249695776203823,0.186326214343784,0.19290544946422,1.27692461942082,1.211018832612,1.22749527931421
1573,0.297746348412415,0.184925919208389,0.209569537056003,1.56526243670939,1.17806593920759,1.33459218287853
1574,0.284515152044953,0.181825045004447,0.198284497840376,1.51583309660278,1.13687482245208,1.26868639606972
1575,0.294756405371211,0.189003002855828,0.197012810781185,1.55702421335829,1.17806593920759,1.16158949250539
1576,0.286747161157968,0.209276055904754,0.209295956852248,1.44992730979396,1.33459218287853,1.40873619303845
1577,0.273951222521956,0.18223801121678,0.201803853769864,1.48288020319837,1.07920725899437,1.211018832612
1578,0.30406276196499,0.173691948940426,0.201644436129976,1.63116822351821,1.06273081229216,1.35930685293184
1579,0.304271051326569,0.19134969715999,0.193439697139287,1.56526243670939,1.24397172601641,1.1863041625587
1580,0.28835638240704,0.177489093789224,0.197223324047741,1.53230954330498,1.10392192904767,1.1945423859098
1581,0.27845241225463,0.189979192289875,0.196695816291385,1.47464197984727,1.2027806092609,1.2027806092609
1582,0.27771304090831,0.184998265333038,0.201688021893725,1.54054776665608,1.211018832612,1.25220994936751
1583,0.291144258539835,0.185506964083885,0.211237021660027,1.54878599000719,1.1945423859098,1.30987751282523
1584,0.281156982648948,0.177653607482257,0.208263723419011,1.49935664990057,1.11216015239878,1.40873619303845
1585,0.269746339422248,0.185030359511226,0.224794353138912,1.49111842654947,1.2192570559631,1.39225974633625
1586,0.2847195260444,0.185637887419879,0.204266993105489,1.44168908644286,1.16982771585649,1.32635395952743
1587,0.275220584520443,0.183145203264645,0.204754055924818,1.43345086309176,1.1863041625587,1.39225974633625
1588,0.282288599924656,0.192895177747051,0.208278960368657,1.49935664990057,1.29340106612302,1.34283040622963
1589,0.313067122785956,0.195331339820617,0.217341826864053,1.66412111692261,1.24397172601641,1.40049796968735
1590,0.299508846314646,0.170855131421104,0.208355775315269,1.5982153301138,1.11216015239878,1.43345086309176
1591,0.261842878707356,0.17368231502681,0.190757003989989,1.36754507628294,1.14511304580318,1.1945423859098
1592,0.280496407909049,0.196363732679136,0.208432295408932,1.52407131995388,1.2192570559631,1.31811573617633
1593,0.301638529231119,0.184157660416449,0.208281862978953,1.6229300001671,1.24397172601641,1.28516284277192
1594,0.29994102436522,0.19590761219538,0.214064357349578,1.5982153301138,1.29340106612302,1.32635395952743
1595,0.296569551906973,0.177233147368439,0.20204096666394,1.52407131995388,1.211018832612,1.26044817271861
1596,0.277144055412358,0.191734778722075,0.207474095145988,1.49935664990057,1.29340106612302,1.23573350266531
1597,0.287200918944996,0.185304451610205,0.193480326345724,1.5899771067627,1.1863041625587,1.28516284277192
1598,0.278931722123346,0.186552113292985,0.206301570515028,1.47464197984727,1.22749527931421,1.43345086309176
1599,0.297180426195089,0.182533546774245,0.195810363188894,1.49111842654947,1.10392192904767,1.2192570559631
1600,0.275161500905732,0.200900286392765,0.207887250596922,1.40049796968735,1.28516284277192,1.40873619303845
1601,0.255036234195088,0.190666582008742,0.202417947389123,1.39225974633625,1.23573350266531,1.34283040622963
1602,0.26746737051797,0.182800872319896,0.198066496259065,1.33459218287853,1.16982771585649,1.30987751282523
1603,0.289262829992315,0.173689083231573,0.194644918084252,1.57350066006049,1.12039837574988,1.1945423859098
1604,0.273505503770971,0.178320243579777,0.204168427548703,1.39225974633625,1.09568370569657,1.32635395952743
1605,0.275904601530214,0.172642167110629,0.201353439314865,1.46640375649616,1.16982771585649,1.26044817271861
1606,0.322275048088739,0.188595654799268,0.209542588522225,1.68883578697592,1.22749527931421,1.38402152298514
1607,0.273901854555551,0.190332196800846,0.204822695646004,1.51583309660278,1.16982771585649,1.27692461942082
1608,0.26629437829824,0.17569833856986,0.199767034241534,1.49935664990057,1.12039837574988,1.28516284277192
1609,0.296436740457792,0.180045038117969,0.204119084671652,1.5899771067627,1.12039837574988,1.27692461942082
1610,0.311242434833481,0.174731031468535,0.195025564424633,1.58173888341159,1.13687482245208,1.23573350266531
1611,0.284835165801937,0.1868844146197,0.191335577602006,1.56526243670939,1.17806593920759,1.1945423859098
1612,0.270711710797174,0.18644479371872,0.202293250660892,1.54878599000719,1.14511304580318,1.30163928947412
1613,0.276804402373882,0.183349780825789,0.192893299155258,1.48288020319837,1.15335126915429,1.2192570559631
1614,0.286744111530574,0.198495679760631,0.206844651932296,1.48288020319837,1.30163928947412,1.27692461942082
1615,0.267298961066738,0.179436611849702,0.193219544019472,1.49111842654947,1.04625436558996,1.12863659910098
1616,0.257704210243725,0.188041641689751,0.199825245498354,1.37578329963404,1.12039837574988,1.25220994936751
1617,0.289691277494815,0.189384020685018,0.203764576980571,1.58173888341159,1.2027806092609,1.26044817271861
1618,0.275698219846373,0.186255258365878,0.195654240873808,1.38402152298514,1.2027806092609,1.26868639606972
1619,0.279413746182233,0.19793373333776,0.210219782899107,1.55702421335829,1.34283040622963,1.34283040622963
1620,0.271790775607042,0.201426720861198,0.208901318270638,1.58173888341159,1.23573350266531,1.35106862958074
1621,0.276515144935532,0.173616781953963,0.191184649609212,1.5899771067627,1.09568370569657,1.2027806092609
1622,0.300775642255372,0.186146158894183,0.206453291928131,1.58173888341159,1.25220994936751,1.35930685293184
1623,0.26323345734811,0.173871796219028,0.194069205402316,1.42521263974065,1.12039837574988,1.22749527931421
1624,0.261624877128603,0.18744604634835,0.202549669265341,1.36754507628294,1.1945423859098,1.16982771585649
1625,0.285839759880437,0.19145490539851,0.188791924332796,1.47464197984727,1.211018832612,1.2027806092609
1626,0.28053599669183,0.183294362140088,0.201097320792178,1.57350066006049,1.14511304580318,1.30163928947412
1627,0.257622682337374,0.188886488382025,0.2076250382109,1.37578329963404,1.29340106612302,1.32635395952743
1628,0.278422911729496,0.184482984264348,0.192555758617183,1.45816553314506,1.26868639606972,1.23573350266531
1629,0.28427186293847,0.178825436433492,0.19861862758081,1.49935664990057,1.10392192904767,1.211018832612
1630,0.30083823761929,0.18625852733837,0.20433416831951,1.54878599000719,1.211018832612,1.29340106612302
1631,0.282631638907133,0.18634984804454,0.217554393968465,1.49111842654947,1.16158949250539,1.38402152298514
1632,0.261810011708234,0.191157395773696,0.195017672873431,1.47464197984727,1.24397172601641,1.25220994936751
1633,0.281356781887195,0.181476788370495,0.196668039403877,1.55702421335829,1.17806593920759,1.24397172601641
1634,0.28122875214809,0.178787688284058,0.199383106303907,1.54054776665608,1.16158949250539,1.28516284277192
1635,0.260934740020331,0.177946561929908,0.201450379504892,1.46640375649616,1.14511304580318,1.30163928947412
1636,0.261031468730491,0.193899208738171,0.215390267711262,1.40873619303845,1.2027806092609,1.31811573617633
1637,0.302458438462391,0.183915637741169,0.2042320359144,1.54054776665608,1.1945423859098,1.33459218287853
1638,0.319838778983779,0.184471912081839,0.201361843896812,1.63116822351821,1.04625436558996,1.29340106612302
1639,0.259065022913063,0.186248082019492,0.194836130014857,1.44168908644286,1.23573350266531,1.30163928947412
1640,0.285828857183511,0.172165580718865,0.19112238886206,1.45816553314506,1.03801614223886,1.2192570559631
1641,0.285574718949416,0.192890755935498,0.217371704439906,1.58173888341159,1.25220994936751,1.43345086309176
1642,0.302801118933664,0.19046700541476,0.20137313459381,1.71355045702923,1.29340106612302,1.27692461942082
1643,0.277487703182905,0.202466533665391,0.215521010072293,1.56526243670939,1.28516284277192,1.40873619303845
1644,0.258139337250093,0.18672740430607,0.205156283692247,1.29340106612302,1.11216015239878,1.28516284277192
1645,0.254830086849801,0.189066283046018,0.210184108650543,1.33459218287853,1.29340106612302,1.31811573617633
1646,0.272467471388306,0.180220890416131,0.207123219531945,1.52407131995388,1.1945423859098,1.27692461942082
1647,0.286992860886282,0.181409722019204,0.20578146096643,1.56526243670939,1.15335126915429,1.27692461942082
1648,0.285816884746029,0.19157680980027,0.194888493471263,1.32635395952743,1.26044817271861,1.25220994936751
1649,0.293655902577,0.19493296222985,0.202799472695832,1.50759487325168,1.30987751282523,1.30987751282523
1650,0.282252639809333,0.189072740464877,0.200263625684453,1.44992730979396,1.24397172601641,1.26044817271861
1651,0.276972822188918,0.190271870653119,0.205231636446768,1.51583309660278,1.28516284277192,1.25220994936751
1652,0.289243293012651,0.184641363089986,0.205092529085532,1.53230954330498,1.24397172601641,1.30163928947412
1653,0.311651893546299,0.179782523280483,0.207509803620487,1.6064535534649,1.14511304580318,1.30163928947412
1654,0.293577163003317,0.174269583329546,0.194899972186409,1.54054776665608,1.17806593920759,1.27692461942082
1655,0.272445379167653,0.188080362926269,0.206912228943499,1.41697441638955,1.25220994936751,1.38402152298514
1656,0.295806133447603,0.18970209825118,0.199222851145509,1.55702421335829,1.26868639606972,1.32635395952743
1657,0.277115380981421,0.190781371183148,0.217404157589304,1.51583309660278,1.1863041625587,1.44992730979396
1658,0.274846792366074,0.182109209375247,0.195867091224696,1.52407131995388,1.1945423859098,1.16158949250539
1659,0.280726240561253,0.183101926539354,0.199815888069643,1.51583309660278,1.16158949250539,1.2192570559631
1660,0.261597904360621,0.173880216879307,0.191695048313519,1.41697441638955,1.14511304580318,1.22749527931421
1661,0.286246985930395,0.181982338810178,0.196203814368711,1.58173888341159,1.10392192904767,1.16158949250539
1662,0.270169199624743,0.191404756799829,0.21146011081543,1.41697441638955,1.211018832612,1.26868639606972
1663,0.270867036729696,0.188930078695836,0.195573778327265,1.45816553314506,1.16982771585649,1.17806593920759
1664,0.286413681647051,0.181403254748125,0.200580678367883,1.52407131995388,1.15335126915429,1.32635395952743
1665,0.280442410934147,0.190602136479295,0.205149880364085,1.53230954330498,1.24397172601641,1.34283040622963
1666,0.259392741402791,0.18165669864794,0.210002413495376,1.35930685293184,1.11216015239878,1.26868639606972
1667,0.29812189248577,0.182032983294879,0.199559118734412,1.56526243670939,1.26044817271861,1.32635395952743
1668,0.263531997508381,0.18925092719286,0.183435579087435,1.41697441638955,1.15335126915429,1.2027806092609
1669,0.292292539699351,0.180591113312208,0.198182141615247,1.50759487325168,1.10392192904767,1.26868639606972
1670,0.297108495119271,0.176141052515681,0.193802643767472,1.56526243670939,1.14511304580318,1.16158949250539
1671,0.246710908282331,0.172893546210642,0.187520692275844,1.27692461942082,1.07096903564327,1.17806593920759
1672,0.273501198111738,0.187751104534041,0.201343589993765,1.54054776665608,1.17806593920759,1.29340106612302
1673,0.293942694657503,0.183011051752953,0.209749875535704,1.49111842654947,1.12039837574988,1.38402152298514
1674,0.268086272192423,0.186184763197896,0.189725259300667,1.42521263974065,1.1863041625587,1.1945423859098
1675,0.262375400859406,0.180478631784912,0.193261108022072,1.44992730979396,1.16158949250539,1.15335126915429
1676,0.27814473685961,0.182982575314126,0.204516392796068,1.49935664990057,1.14511304580318,1.30987751282523
1677,0.270643372080625,0.172056476177338,0.198459858955232,1.38402152298514,1.08744548234547,1.29340106612302
1678,0.284595788419979,0.195584026140825,0.20249201834351,1.48288020319837,1.31811573617633,1.31811573617633
1679,0.271731411369549,0.187781210230375,0.205585467944847,1.49111842654947,1.26044817271861,1.2027806092609
1680,0.278556290931884,0.182176663066956,0.197337102378423,1.55702421335829,1.211018832612,1.17806593920759
1681,0.27242630803127,0.189254235255314,0.204622740005588,1.6064535534649,1.31811573617633,1.27692461942082
1682,0.293717813970478,0.180283226099238,0.206504792110472,1.51583309660278,1.16982771585649,1.26044817271861
1683,0.273750334253264,0.185860315760803,0.208455819328718,1.51583309660278,1.14511304580318,1.26044817271861
1684,0.281747399769606,0.163409449517012,0.194875007856615,1.50759487325168,0.930919238674532,1.30163928947412
1685,0.269972496197885,0.173877771226426,0.187450230491314,1.34283040622963,1.16158949250539,1.28516284277192
1686,0.286301866090085,0.193394946350623,0.206149475443261,1.46640375649616,1.17806593920759,1.30163928947412
1687,0.294401682496253,0.181879551348025,0.20577403435221,1.52407131995388,1.14511304580318,1.32635395952743
1688,0.292460767469809,0.189769800830665,0.211536585693179,1.52407131995388,1.16158949250539,1.30987751282523
1689,0.262560202529106,0.187863648899449,0.193187378298631,1.55702421335829,1.2027806092609,1.22749527931421
1690,0.304263228732726,0.191380473404616,0.207197431213821,1.52407131995388,1.11216015239878,1.26868639606972
1691,0.267652772907068,0.175778663435955,0.200610739904743,1.46640375649616,1.02977791888776,1.32635395952743
1692,0.279470576996623,0.179057565984784,0.199040963157419,1.42521263974065,1.16982771585649,1.22749527931421
1693,0.272484571014106,0.190805991425585,0.199824932241939,1.56526243670939,1.2027806092609,1.26044817271861
1694,0.277014413848111,0.196481563094121,0.212250873773665,1.43345086309176,1.29340106612302,1.39225974633625
1695,0.272787438413533,0.177886766805189,0.19750871962454,1.49111842654947,1.16158949250539,1.28516284277192
1696,0.279974173745312,0.186204548478446,0.216571603789061,1.47464197984727,1.1945423859098,1.36754507628294
1697,0.274935948664766,0.175652983836439,0.189774314598013,1.39225974633625,1.09568370569657,1.1863041625587
1698,0.281085876990305,0.188703730854301,0.197383113085525,1.45816553314506,1.1863041625587,1.16158949250539
1699,0.277281992617027,0.189202128918915,0.197651656109192,1.45816553314506,1.1945423859098,1.15335126915429
1700,0.290182195926214,0.183423976896408,0.196749567852212,1.63940644686931,1.16158949250539,1.22749527931421
1701,0.278211629243884,0.186140235402869,0.198426571555245,1.50759487325168,1.1945423859098,1.26044817271861
1702,0.281083034428155,0.19112120912667,0.21859958327234,1.52407131995388,1.2192570559631,1.40049796968735
1703,0.27042978802478,0.181991121556891,0.203982301627784,1.47464197984727,1.25220994936751,1.33459218287853
1704,0.27427345195027,0.163805918995906,0.198289249592324,1.40873619303845,1.04625436558996,1.30987751282523
1705,0.268244837268808,0.180354838611338,0.191460927354357,1.50759487325168,1.16158949250539,1.16158949250539
1706,0.278973474516834,0.199881961691727,0.22358526377859,1.42521263974065,1.27692461942082,1.26044817271861
1707,0.295711534959884,0.18808344669412,0.199716393201495,1.44992730979396,1.17806593920759,1.27692461942082
1708,0.282940020931449,0.201472292472766,0.216710839700135,1.55702421335829,1.32635395952743,1.42521263974065
1709,0.291126245342162,0.199056391646981,0.212679210256924,1.6064535534649,1.29340106612302,1.37578329963404
1710,0.282899151617751,0.187376096583132,0.203559580872827,1.50759487325168,1.22749527931421,1.2192570559631
1711,0.263904922554393,0.174404340544609,0.194397441238459,1.44992730979396,1.12863659910098,1.16158949250539
1712,0.300087864064713,0.185675691663346,0.208075983863903,1.5982153301138,1.1863041625587,1.37578329963404
1713,0.280900268799757,0.189189491927266,0.196269639422888,1.45816553314506,1.1945423859098,1.25220994936751
1714,0.292535006197402,0.186871483137673,0.201422617107414,1.47464197984727,1.2027806092609,1.2192570559631
1715,0.275482963020699,0.187918663937035,0.197176744836389,1.49935664990057,1.16158949250539,1.33459218287853
1716,0.279464556043085,0.177502261130264,0.185005632278172,1.49935664990057,1.12039837574988,1.07920725899437
1717,0.285189485203543,0.182528718523256,0.195291469048126,1.49935664990057,1.211018832612,1.28516284277192
1718,0.258176808871095,0.179012097867745,0.187546095437694,1.39225974633625,1.12039837574988,1.2192570559631
1719,0.273008520160253,0.177310131233263,0.192041078023386,1.40049796968735,1.10392192904767,1.2192570559631
1720,0.274934102439657,0.183682745386094,0.195108349767801,1.46640375649616,1.26044817271861,1.1863041625587
1721,0.275947860001564,0.181705512166246,0.200867621867503,1.46640375649616,1.08744548234547,1.1863041625587
1722,0.266625209078142,0.17995816856321,0.198676107827357,1.42521263974065,1.13687482245208,1.31811573617633
1723,0.276137291023878,0.179402211291694,0.203422876615024,1.53230954330498,1.15335126915429,1.26868639606972
1724,0.286893254038723,0.174450000178128,0.192430342586296,1.51583309660278,1.01330147218555,1.25220994936751
1725,0.249917913803844,0.196659782319948,0.20684179504521,1.37578329963404,1.2192570559631,1.32635395952743
1726,0.280484795885308,0.190753060598788,0.197339030901832,1.58173888341159,1.26044817271861,1.25220994936751
1727,0.293789154040629,0.198170225275235,0.204508426729003,1.53230954330498,1.26044817271861,1.32635395952743
1728,0.293742062447478,0.190138234362963,0.202505985613946,1.68059756362482,1.2027806092609,1.31811573617633
1729,0.291169064328917,0.186079993658673,0.210650563986193,1.48288020319837,1.2027806092609,1.30987751282523
1730,0.277570917963801,0.174237162273659,0.197448118315265,1.49111842654947,1.10392192904767,1.30163928947412
1731,0.278611776165256,0.186984800129797,0.211961272825515,1.34283040622963,1.25220994936751,1.32635395952743
1732,0.286232953193897,0.188915258994079,0.200439023690632,1.44168908644286,1.2192570559631,1.22749527931421
1733,0.26971662496188,0.211417556527767,0.195450809180207,1.49935664990057,1.46640375649616,1.28516284277192
1734,0.282883559019513,0.192387859210607,0.199132531622154,1.55702421335829,1.26044817271861,1.30163928947412
1735,0.271752135430123,0.179276098726214,0.195167423989269,1.56526243670939,1.16158949250539,1.25220994936751
1736,0.282079848097251,0.181613268116893,0.208467728187691,1.53230954330498,1.12863659910098,1.26868639606972
1737,0.286569223405091,0.18584478931266,0.203441575557418,1.48288020319837,1.2192570559631,1.33459218287853
1738,0.294241558709615,0.187747052011906,0.209738946529487,1.48288020319837,1.2027806092609,1.42521263974065
1739,0.291087494934678,0.183414337830954,0.19873190882513,1.54878599000719,1.2192570559631,1.39225974633625
1740,0.284119017217479,0.178831312300276,0.20266064975366,1.57350066006049,1.16158949250539,1.35930685293184
1741,0.2615547226015,0.189702573747249,0.205464260065682,1.49111842654947,1.2027806092609,1.34283040622963
1742,0.277217271393491,0.172969335848843,0.198360829822772,1.53230954330498,1.05449258894106,1.2027806092609
1743,0.267525398952748,0.182771334795096,0.196977401495602,1.36754507628294,1.211018832612,1.26868639606972
1744,0.285005664891114,0.190099061017929,0.208512112099004,1.49935664990057,1.16158949250539,1.41697441638955
1745,0.279393354968572,0.187916981226142,0.214394099959521,1.52407131995388,1.26868639606972,1.38402152298514
1746,0.273915619025607,0.183261161589639,0.20452040186663,1.42521263974065,1.2027806092609,1.30987751282523
1747,0.288217018898746,0.176657961313928,0.206467953348503,1.56526243670939,1.05449258894106,1.35106862958074
1748,0.290518033362468,0.182152615202302,0.208740100391821,1.46640375649616,1.07096903564327,1.37578329963404
1749,0.308644941891166,0.185458031403513,0.210520966736151,1.54878599000719,1.12863659910098,1.36754507628294
1750,0.272366591444501,0.189403305292971,0.197240558953744,1.44992730979396,1.14511304580318,1.23573350266531
1751,0.264330166694193,0.179457029382613,0.196196293624238,1.48288020319837,1.12039837574988,1.22749527931421
1752,0.279809552276139,0.176238418817031,0.20215711544553,1.51583309660278,1.16158949250539,1.29340106612302
1753,0.283335946354309,0.191481887303509,0.193553134228037,1.47464197984727,1.26044817271861,1.16158949250539
1754,0.259973976831075,0.186629106614231,0.206237556627903,1.42521263974065,1.16158949250539,1.30987751282523
1755,0.272399796864145,0.175271189266141,0.200181319436131,1.43345086309176,1.12039837574988,1.34283040622963
1756,0.276376028608094,0.186968039174157,0.202933352792213,1.49111842654947,1.1863041625587,1.23573350266531
1757,0.272351397075059,0.185227795446854,0.201712780233318,1.35106862958074,1.211018832612,1.31811573617633
1758,0.282278004281445,0.179836899484325,0.208975188205868,1.49935664990057,1.14511304580318,1.38402152298514
1759,0.277459572088182,0.206053325817535,0.210964785565007,1.44168908644286,1.33459218287853,1.35106862958074
1760,0.263167082814811,0.18916545126881,0.207452223827318,1.40049796968735,1.24397172601641,1.30987751282523
1761,0.277880052029641,0.188760087113026,0.203140284114969,1.54054776665608,1.24397172601641,1.30163928947412
1762,0.309003310155304,0.180471273054876,0.19765162657774,1.6064535534649,1.15335126915429,1.25220994936751
1763,0.302506856752421,0.184868533120397,0.202414096156849,1.69707401032702,1.2192570559631,1.30163928947412
1764,0.284713925410707,0.194796622288977,0.199050678093184,1.58173888341159,1.22749527931421,1.26868639606972
1765,0.273531996114301,0.183941220147993,0.189243971263875,1.46640375649616,1.22749527931421,1.25220994936751
1766,0.308380721205325,0.185948944394399,0.208689096229943,1.58173888341159,1.1945423859098,1.26868639606972
1767,0.278462708706274,0.183720354940027,0.193365033907708,1.54054776665608,1.26044817271861,1.30163928947412
1768,0.278352164856,0.181790878134814,0.195272528832291,1.43345086309176,1.10392192904767,1.1945423859098
1769,0.303438116741286,0.188067481906145,0.204486130904754,1.5899771067627,1.2027806092609,1.35106862958074
1770,0.276214897885961,0.176203564878405,0.20093587835295,1.51583309660278,1.13687482245208,1.28516284277192
1771,0.278949531592658,0.18465124142218,0.200122945573709,1.50759487325168,1.211018832612,1.26044817271861
1772,0.287070738637988,0.189001917389699,0.198978414792091,1.47464197984727,1.24397172601641,1.28516284277192
1773,0.278524774768519,0.188093151403311,0.185514308121501,1.42521263974065,1.1863041625587,1.16158949250539
1774,0.271330759853359,0.173537786324347,0.199608885830873,1.44168908644286,1.12039837574988,1.28516284277192
1775,0.289308711981732,0.183309323999644,0.207170730947184,1.44992730979396,1.2027806092609,1.24397172601641
1776,0.290063224693908,0.195640074469604,0.219630046682843,1.63940644686931,1.23573350266531,1.43345086309176
1777,0.299341921127811,0.194369177771704,0.210932033786288,1.6064535534649,1.24397172601641,1.29340106612302
1778,0.293385663645227,0.182930308174496,0.210582461058085,1.42521263974065,1.15335126915429,1.39225974633625
1779,0.246238685349055,0.205133166486093,0.23079796677711,1.35106862958074,1.30163928947412,1.47464197984727
1780,0.283425714841887,0.184397903113345,0.200835595353276,1.54054776665608,1.1945423859098,1.27692461942082
1781,0.255954335840001,0.176694485915384,0.198039297966853,1.39225974633625,0.988586802132246,1.1863041625587
1782,0.275797041355993,0.17141942282799,0.183936930084416,1.49111842654947,1.16158949250539,1.2027806092609
1783,0.272600576017541,0.177179014608287,0.187619416110628,1.44992730979396,1.12039837574988,1.26868639606972
1784,0.290166094715266,0.192209970043412,0.208052246112996,1.54878599000719,1.25220994936751,1.32635395952743
1785,0.283521863632065,0.185347611369521,0.207144672661596,1.50759487325168,1.211018832612,1.30987751282523
1786,0.295560687866529,0.197025419553423,0.214301262790624,1.54054776665608,1.30163928947412,1.35930685293184
1787,0.266491440294716,0.181546995414419,0.201551847410923,1.39225974633625,1.14511304580318,1.26868639606972
1788,0.26857961147627,0.183679809365713,0.201593842263001,1.40049796968735,1.13687482245208,1.32635395952743
1789,0.254531330983432,0.185039499939823,0.196598576241846,1.41697441638955,1.1863041625587,1.27692461942082
1790,0.256637950423496,0.191172260703223,0.191121198502543,1.31811573617633,1.24397172601641,1.24397172601641
1791,0.30758903778965,0.190452677464356,0.200027102960423,1.56526243670939,1.22749527931421,1.27692461942082
1792,0.287403395601065,0.196306555632746,0.201648991923415,1.46640375649616,1.27692461942082,1.40873619303845
1793,0.287481378884381,0.175421829720946,0.201190677254379,1.48288020319837,1.1945423859098,1.32635395952743
1794,0.266720837730589,0.19075210662714,0.216320960719308,1.52407131995388,1.24397172601641,1.40873619303845
1795,0.279193045408391,0.182908134085457,0.211665634219006,1.46640375649616,1.2027806092609,1.30987751282523
1796,0.279841360327173,0.172622212997698,0.181915540923673,1.40873619303845,1.10392192904767,1.12863659910098
1797,0.269402131116917,0.19233787178173,0.194161190970302,1.40873619303845,1.17806593920759,1.22749527931421
1798,0.289414004537616,0.182983874013557,0.193950863822163,1.40873619303845,1.17806593920759,1.22749527931421
1799,0.274137178168511,0.184595639207864,0.198921553248354,1.49935664990057,1.13687482245208,1.29340106612302
1800,0.293673353865375,0.195270310642333,0.210522772689755,1.51583309660278,1.1863041625587,1.38402152298514
1801,0.282627370162814,0.185466922151974,0.1921587285448,1.49935664990057,1.25220994936751,1.26868639606972
1802,0.275042762389234,0.185565531835461,0.193609321179816,1.51583309660278,1.1863041625587,1.22749527931421
1803,0.301052081352487,0.193317251947156,0.210373564472184,1.47464197984727,1.35106862958074,1.41697441638955
1804,0.295504242444901,0.191485227539352,0.200666487379206,1.6229300001671,1.26868639606972,1.28516284277192
1805,0.282144950664446,0.179205967616223,0.192327043420126,1.49935664990057,1.12863659910098,1.2027806092609
1806,0.278474194196068,0.194340356877834,0.200037827363288,1.44992730979396,1.24397172601641,1.31811573617633
1807,0.264227888590874,0.181412707223516,0.19939406887419,1.42521263974065,1.12863659910098,1.2027806092609
1808,0.26726108933125,0.172196795143016,0.193163599392776,1.47464197984727,1.03801614223886,1.2027806092609
1809,0.285955962787104,0.172675090801894,0.197066617924922,1.52407131995388,1.14511304580318,1.2027806092609
1810,0.261849765612328,0.173906093608274,0.186968161178459,1.30163928947412,1.11216015239878,1.17806593920759
1811,0.303020085504068,0.195838881904947,0.210465082419573,1.50759487325168,1.22749527931421,1.34283040622963
1812,0.29190372487057,0.189629870363945,0.220024317739541,1.58173888341159,1.211018832612,1.41697441638955
1813,0.265323179957659,0.169255207574914,0.195906548619453,1.37578329963404,0.972110355430042,1.31811573617633
1814,0.29517348786743,0.173747652332141,0.185959270843427,1.56526243670939,1.02977791888776,1.11216015239878
1815,0.270675251297825,0.176587649019136,0.186378621677336,1.43345086309176,1.11216015239878,1.10392192904767
1816,0.265047972620846,0.185870335115527,0.203553074694881,1.31811573617633,1.16982771585649,1.25220994936751
1817,0.277808205258776,0.170942244740855,0.191765793313406,1.50759487325168,1.01330147218555,1.16158949250539
1818,0.298887139993991,0.173090989061721,0.200071200014745,1.54878599000719,1.07920725899437,1.34283040622963
1819,0.296643346506881,0.182596519897305,0.21162839683818,1.49935664990057,1.2027806092609,1.38402152298514
1820,0.271214867583565,0.191545381310449,0.207579669266134,1.47464197984727,1.27692461942082,1.22749527931421
1821,0.269321193620033,0.190813248156522,0.201542521970074,1.46640375649616,1.26044817271861,1.28516284277192
1822,0.266702596999814,0.175900261930845,0.200062869938909,1.27692461942082,1.14511304580318,1.22749527931421
1823,0.29867335329188,0.185705701129601,0.211270389317333,1.57350066006049,1.1945423859098,1.35106862958074
1824,0.277145354576937,0.195883729424659,0.211411077330347,1.51583309660278,1.211018832612,1.38402152298514
1825,0.297631980230675,0.179662998245218,0.216483752890598,1.6229300001671,1.2192570559631,1.36754507628294
1826,0.276842776085786,0.170174944620204,0.19854212448252,1.50759487325168,1.06273081229216,1.28516284277192
1827,0.278718259710189,0.1806993903303,0.187072981035383,1.48288020319837,1.13687482245208,1.2192570559631
1828,0.287949900660078,0.191412967761075,0.208288629772903,1.58173888341159,1.22749527931421,1.38402152298514
1829,0.273310392996493,0.198700197196769,0.218960853377261,1.53230954330498,1.28516284277192,1.40049796968735
1830,0.302593980623128,0.181044508797739,0.200219501418062,1.54054776665608,1.06273081229216,1.27692461942082
1831,0.288956688105636,0.186559350129611,0.207573631864848,1.49935664990057,1.211018832612,1.31811573617633
1832,0.275194992949816,0.182024851843396,0.199281754228644,1.48288020319837,1.1945423859098,1.26044817271861
1833,0.266264024860544,0.182000886493377,0.207281134286594,1.44168908644286,1.2192570559631,1.33459218287853
1834,0.294985485155421,0.186704384561457,0.205283711953436,1.614691776816,1.27692461942082,1.36754507628294
1835,0.280624944209205,0.187094868768065,0.206655542438792,1.40049796968735,1.17806593920759,1.30163928947412
1836,0.272460349550064,0.177418758651506,0.193010162709611,1.56526243670939,1.12039837574988,1.211018832612
1837,0.271392692379597,0.19515270046285,0.199145069359143,1.42521263974065,1.27692461942082,1.2192570559631
1838,0.300468090953271,0.196524140627999,0.200232434245423,1.52407131995388,1.31811573617633,1.30163928947412
1839,0.294578393804319,0.195689444616393,0.213715486252687,1.66412111692261,1.26044817271861,1.35930685293184
1840,0.256432990491154,0.177984440673699,0.202923606245068,1.41697441638955,1.06273081229216,1.28516284277192
1841,0.285743500773788,0.181891147766505,0.192683019603585,1.50759487325168,1.1945423859098,1.1945423859098
1842,0.275761771919822,0.177567094751808,0.199285227571437,1.55702421335829,1.13687482245208,1.27692461942082
1843,0.283641283428998,0.188113905337541,0.211561303075587,1.52407131995388,1.28516284277192,1.28516284277192
1844,0.282916725485331,0.183289750440918,0.189540224373878,1.49935664990057,1.17806593920759,1.2027806092609
1845,0.291291453870959,0.19664753674274,0.200696235178821,1.51583309660278,1.24397172601641,1.28516284277192
1846,0.281437222105286,0.179340651926769,0.18524499485103,1.36754507628294,1.14511304580318,1.26868639606972
1847,0.289692232098208,0.182954114078001,0.208371175776732,1.6064535534649,1.17806593920759,1.23573350266531
1848,0.27441916756446,0.190079045988642,0.201830392194121,1.57350066006049,1.17806593920759,1.30163928947412
1849,0.264789626482635,0.177041101359272,0.196598029712442,1.43345086309176,1.12863659910098,1.26044817271861
1850,0.295183015787936,0.187411986208535,0.209271816277576,1.54878599000719,1.2192570559631,1.36754507628294
1851,0.268395108619708,0.18235519532326,0.190032357062464,1.42521263974065,1.16982771585649,1.17806593920759
1852,0.280031553104245,0.182310908074619,0.204120838478887,1.45816553314506,1.16982771585649,1.36754507628294
1853,0.316220402095895,0.187602204499681,0.213203684709404,1.614691776816,1.16158949250539,1.40049796968735
1854,0.298742480597676,0.18567339781701,0.203553523425297,1.63940644686931,1.17806593920759,1.35106862958074
1855,0.306592284743624,0.201930853394441,0.219322861160353,1.64764467022041,1.32635395952743,1.40873619303845
1856,0.285885218726578,0.192963385312232,0.196181328062343,1.44992730979396,1.27692461942082,1.26044817271861
1857,0.288591911140352,0.190376852569336,0.200129593879889,1.56526243670939,1.211018832612,1.30987751282523
1858,0.266059694780212,0.189521164374215,0.212240002407344,1.40873619303845,1.16158949250539,1.42521263974065
1859,0.271851223538653,0.177783220062162,0.202243539392078,1.44168908644286,1.13687482245208,1.27692461942082
1860,0.296972834707336,0.186702830256901,0.208710008786967,1.6064535534649,1.211018832612,1.39225974633625
1861,0.304430819018335,0.190516443210339,0.201544190888495,1.55702421335829,1.1863041625587,1.30987751282523
1862,0.263785446824903,0.183677770508426,0.197766887701173,1.44168908644286,1.211018832612,1.30163928947412
1863,0.299269092979994,0.170437745175118,0.202485559690179,1.68883578697592,1.08744548234547,1.26044817271861
1864,0.268586874537683,0.183367274731751,0.203016500406049,1.41697441638955,1.16982771585649,1.29340106612302
1865,0.279337593858707,0.172783818815565,0.194957171211928,1.40873619303845,1.1945423859098,1.2192570559631
1866,0.289171990098631,0.181123893970991,0.201321797346751,1.49111842654947,1.13687482245208,1.30987751282523
1867,0.281618892034025,0.190461180954393,0.202709439263582,1.52407131995388,1.23573350266531,1.27692461942082
1868,0.27252087206613,0.186895705701955,0.211179845327819,1.49111842654947,1.2027806092609,1.29340106612302
1869,0.280207680113804,0.191670493967108,0.202254984505156,1.56526243670939,1.30987751282523,1.26868639606972
1870,0.293026296820289,0.197542835289179,0.20109256337676,1.49111842654947,1.32635395952743,1.27692461942082
1871,0.285561360753382,0.190659321845759,0.209252828587854,1.58173888341159,1.16158949250539,1.33459218287853
1872,0.289896918300377,0.172870828915593,0.198770221854222,1.51583309660278,1.10392192904767,1.26044817271861
1873,0.283675878275824,0.180950207532885,0.207347389758496,1.52407131995388,1.11216015239878,1.33459218287853
1874,0.272160439537666,0.185439534234202,0.202420130337089,1.44168908644286,1.1863041625587,1.30163928947412
1875,0.292979849067848,0.175585980695267,0.203609732186784,1.54878599000719,1.15335126915429,1.38402152298514
1876,0.276706422445296,0.195899472371141,0.205928963527399,1.48288020319837,1.26868639606972,1.29340106612302
1877,0.283957697514446,0.189740766536311,0.210803694439968,1.54054776665608,1.26868639606972,1.29340106612302
1878,0.289483796333619,0.197904633215549,0.20394978126619,1.51583309660278,1.25220994936751,1.25220994936751
1879,0.263712790374565,0.182929283780772,0.201247667150226,1.47464197984727,1.2027806092609,1.16982771585649
1880,0.292642130878373,0.193043184939119,0.207303247052129,1.48288020319837,1.31811573617633,1.32635395952743
1881,0.275657288413306,0.183292273888735,0.202095183810934,1.44168908644286,1.16982771585649,1.31811573617633
1882,0.287573511656815,0.205094784417001,0.221794366828401,1.43345086309176,1.26044817271861,1.42521263974065
1883,0.281484365171964,0.184094134405228,0.198021371836465,1.40873619303845,1.17806593920759,1.24397172601641
1884,0.273965581377487,0.198418756195191,0.204255624726541,1.37578329963404,1.26044817271861,1.16982771585649
1885,0.297174612894099,0.193465014358927,0.20371034702506,1.63940644686931,1.31811573617633,1.34283040622963
1886,0.273731907849092,0.200093092133298,0.225392777931445,1.5982153301138,1.34283040622963,1.41697441638955
1887,0.299128912106042,0.178531039273068,0.209634682353865,1.614691776816,1.12039837574988,1.35930685293184
1888,0.276963321213645,0.173843872892968,0.192403589741663,1.36754507628294,1.11216015239878,1.22749527931421
1889,0.268543610409416,0.187777646325874,0.200797914248396,1.46640375649616,1.26868639606972,1.31811573617633
1890,0.283691836246962,0.196448772700268,0.207051760213821,1.48288020319837,1.29340106612302,1.22749527931421
1891,0.29508356523932,0.175156306592672,0.185569204724337,1.5982153301138,1.10392192904767,1.02153969553665
1892,0.286547241782152,0.198596351720739,0.212848938443785,1.53230954330498,1.38402152298514,1.39225974633625
1893,0.291671881030772,0.172497947227197,0.203564023362287,1.614691776816,1.16158949250539,1.30987751282523
1894,0.281089330803926,0.193811090598539,0.220094759967159,1.52407131995388,1.29340106612302,1.49935664990057
1895,0.274533731646222,0.17142448040841,0.193325353588055,1.58173888341159,1.06273081229216,1.2027806092609
1896,0.301222794660229,0.190548963041553,0.199632445367786,1.5982153301138,1.1863041625587,1.31811573617633
1897,0.285584453744422,0.17713146001605,0.19092337107078,1.58173888341159,1.08744548234547,1.14511304580318
1898,0.254804569064642,0.184071404177031,0.20614834494929,1.43345086309176,1.1863041625587,1.26044817271861
1899,0.287287540030712,0.177333122055549,0.199083467482858,1.5982153301138,1.12863659910098,1.25220994936751
1900,0.286217468063303,0.187678094800911,0.198495912450424,1.58173888341159,1.23573350266531,1.16158949250539
1901,0.280980618495123,0.184661768415821,0.207409497043165,1.51583309660278,1.17806593920759,1.40049796968735
1902,0.275592649969881,0.176248788370339,0.192352736182625,1.46640375649616,1.13687482245208,1.16982771585649
1903,0.282675855938819,0.18130982586646,0.197679036866482,1.54054776665608,1.14511304580318,1.24397172601641
1904,0.279862145710339,0.170847927178435,0.173712354320662,1.56526243670939,1.08744548234547,1.04625436558996
1905,0.281154864994156,0.207525946380066,0.222154022196182,1.41697441638955,1.38402152298514,1.40873619303845
1906,0.303955180121306,0.193819857116931,0.212365034174343,1.73826512708253,1.1945423859098,1.25220994936751
1907,0.306954361174959,0.189538490656267,0.200397227029123,1.63116822351821,1.22749527931421,1.28516284277192
1908,0.275870443825379,0.189787410978119,0.197783986366992,1.42521263974065,1.23573350266531,1.25220994936751
1909,0.28489571117452,0.180493218016418,0.187373057308804,1.58173888341159,1.1863041625587,1.15335126915429
1910,0.293059614383633,0.193122848511999,0.198355466031963,1.58173888341159,1.1945423859098,1.24397172601641
1911,0.299979333462411,0.185831352231458,0.199719381899626,1.54054776665608,1.12039837574988,1.35106862958074
1912,0.276831600247403,0.195002493772257,0.207635781857016,1.36754507628294,1.17806593920759,1.33459218287853
1913,0.293745504576469,0.17854295423081,0.18989264575419,1.5899771067627,1.12039837574988,1.2027806092609
1914,0.274431889798024,0.199291783605889,0.212941291654306,1.39225974633625,1.30163928947412,1.31811573617633
1915,0.289316970619051,0.187496764498333,0.186511712076164,1.43345086309176,1.22749527931421,1.17806593920759
1916,0.268871181974073,0.185060976730137,0.196234538967036,1.40873619303845,1.1945423859098,1.31811573617633
1917,0.292103686721517,0.176259393838935,0.191976991729617,1.48288020319837,1.1863041625587,1.24397172601641
1918,0.277706457428875,0.188490627699947,0.195561993892099,1.51583309660278,1.33459218287853,1.30163928947412
1919,0.25790442157129,0.171180814948426,0.192572325865887,1.47464197984727,1.13687482245208,1.14511304580318
1920,0.295237522600267,0.189265646561881,0.22084364116742,1.51583309660278,1.2192570559631,1.41697441638955
1921,0.280279378540015,0.169029228807782,0.183387689092669,1.48288020319837,1.04625436558996,1.13687482245208
1922,0.268721997633655,0.187108833810184,0.208593584312665,1.42521263974065,1.30163928947412,1.33459218287853
1923,0.280776866102327,0.174680380508935,0.204375630456562,1.55702421335829,1.13687482245208,1.25220994936751
1924,0.275740508409824,0.180075804684438,0.197613609881458,1.50759487325168,1.09568370569657,1.25220994936751
1925,0.285012902582007,0.186814795941186,0.197368230132788,1.5982153301138,1.2027806092609,1.1945423859098
1926,0.281918185209629,0.187427849244978,0.206782591080456,1.50759487325168,1.211018832612,1.30987751282523
1927,0.278197413154107,0.181287373811558,0.198889811295674,1.45816553314506,1.11216015239878,1.31811573617633
1928,0.275529468479194,0.200785082432461,0.205832114480285,1.43345086309176,1.32635395952743,1.24397172601641
1929,0.292868710402454,0.182253433041363,0.199604619070554,1.53230954330498,1.1945423859098,1.25220994936751
1930,0.281266264918398,0.185321622209008,0.193334186114306,1.49935664990057,1.1945423859098,1.2027806092609
1931,0.290637454497311,0.194498264616722,0.202008760666711,1.57350066006049,1.211018832612,1.30987751282523
1932,0.278014473748082,0.185203948149943,0.207452709235429,1.37578329963404,1.25220994936751,1.33459218287853
1933,0.2808604035944,0.180670703583252,0.198332036006219,1.53230954330498,1.15335126915429,1.2192570559631
1934,0.252175920711264,0.179870848205364,0.191187046369935,1.41697441638955,1.15335126915429,1.16158949250539
1935,0.297034154683611,0.186778350623965,0.199561791542432,1.37578329963404,1.1945423859098,1.23573350266531
1936,0.281639537525927,0.19168099110933,0.215691436262007,1.45816553314506,1.22749527931421,1.35930685293184
1937,0.27106144203151,0.176331237173283,0.193417081422762,1.42521263974065,1.211018832612,1.2192570559631
1938,0.257486495800302,0.195285084731555,0.209047275271036,1.49111842654947,1.30987751282523,1.24397172601641
1939,0.285848227288863,0.166354530714016,0.192235041586263,1.46640375649616,1.04625436558996,1.30987751282523
1940,0.298602225627058,0.185150758648367,0.210099633165739,1.63116822351821,1.14511304580318,1.28516284277192
1941,0.263806873935239,0.179330981173757,0.191300350638813,1.51583309660278,1.16158949250539,1.2027806092609
1942,0.284461540560902,0.195111456905727,0.203399942275063,1.5899771067627,1.33459218287853,1.25220994936751
1943,0.289370261763129,0.173555184859871,0.199255328537983,1.50759487325168,1.09568370569657,1.26868639606972
1944,0.262361821449213,0.179069221448599,0.205216001132553,1.43345086309176,1.23573350266531,1.32635395952743
1945,0.287497340401692,0.181782418168295,0.201105617831561,1.46640375649616,1.13687482245208,1.30163928947412
1946,0.290815067273984,0.174749008572922,0.191897786664155,1.41697441638955,1.09568370569657,1.22749527931421
1947,0.267506059252608,0.191785162124232,0.197981969923755,1.50759487325168,1.26868639606972,1.24397172601641
1948,0.276916297014972,0.176528277218163,0.199419595075674,1.55702421335829,1.14511304580318,1.26044817271861
1949,0.282306611983661,0.18206926696473,0.203635222958993,1.44168908644286,1.16158949250539,1.36754507628294
1950,0.273596773475356,0.17157454644795,0.191472414845912,1.41697441638955,1.05449258894106,1.17806593920759
1951,0.274216477690666,0.176277612464181,0.197014859460609,1.46640375649616,1.12039837574988,1.27692461942082
1952,0.267942520479551,0.175713631874406,0.188004895556378,1.51583309660278,1.13687482245208,1.12039837574988
1953,0.272714173938067,0.180566553375118,0.198715261105093,1.35930685293184,1.1945423859098,1.32635395952743
1954,0.269441450714651,0.193058754237758,0.212129868657011,1.49111842654947,1.30987751282523,1.42521263974065
1955,0.270832658770344,0.178200498125476,0.19492478730299,1.40049796968735,1.13687482245208,1.33459218287853
1956,0.298683974228935,0.186237467280521,0.201964474136049,1.6229300001671,1.25220994936751,1.22749527931421
1957,0.281940226121684,0.177893619421919,0.216223059635835,1.614691776816,1.17806593920759,1.28516284277192
1958,0.276301973780286,0.194573194574006,0.222645416826683,1.49111842654947,1.25220994936751,1.48288020319837
1959,0.256051472624183,0.179994777580751,0.192967024759403,1.40049796968735,1.13687482245208,1.30163928947412
1960,0.279908804357536,0.194800273737146,0.210572124039801,1.55702421335829,1.28516284277192,1.34283040622963
1961,0.294339224489681,0.170532085586265,0.197980594566928,1.55702421335829,1.07096903564327,1.31811573617633
1962,0.276025742992045,0.196999371256437,0.210880024699923,1.44168908644286,1.16982771585649,1.32635395952743
1963,0.268910539747412,0.190447987005281,0.211650040627964,1.58173888341159,1.211018832612,1.30987751282523
1964,0.285214295671479,0.194376683047231,0.211605451332815,1.50759487325168,1.25220994936751,1.45816553314506
1965,0.280335205230876,0.163564467736993,0.193714565489808,1.46640375649616,1.05449258894106,1.32635395952743
1966,0.267633827589732,0.178826591209438,0.194814270575209,1.44168908644286,1.13687482245208,1.1945423859098
1967,0.286634310348489,0.191208000766227,0.201827116253328,1.53230954330498,1.1945423859098,1.36754507628294
1968,0.27234828669222,0.183959682948653,0.194978297400707,1.41697441638955,1.26044817271861,1.211018832612
1969,0.276434411467978,0.190595621488627,0.210995407063581,1.49111842654947,1.1945423859098,1.31811573617633
1970,0.266333815587436,0.167451331355112,0.197429012683718,1.38402152298514,1.07920725899437,1.26868639606972
1971,0.287740595310516,0.18039901811149,0.202742677657619,1.6229300001671,1.15335126915429,1.27692461942082
1972,0.275918318002305,0.184305495465923,0.215475340560262,1.45816553314506,1.26044817271861,1.38402152298514
1973,0.287025590998238,0.187211736634357,0.207680650730328,1.49111842654947,1.1863041625587,1.32635395952743
1974,0.279045127314715,0.185678868539543,0.20315849779202,1.51583309660278,1.16982771585649,1.24397172601641
1975,0.281198853619905,0.17753514128724,0.206794498099391,1.45816553314506,1.07920725899437,1.34283040622963
1976,0.259873820128494,0.199558319116059,0.207516995202642,1.44992730979396,1.32635395952743,1.26044817271861
1977,0.268982689596802,0.187879207442301,0.20462167825378,1.49111842654947,1.2192570559631,1.32635395952743
1978,0.285607752276758,0.187974851789362,0.201168308893927,1.45816553314506,1.09568370569657,1.26044817271861
1979,0.265144380201508,0.177638839566778,0.200162206806308,1.44168908644286,1.06273081229216,1.27692461942082
1980,0.268821155378048,0.20325784548471,0.215126552486068,1.44168908644286,1.29340106612302,1.40873619303845
1981,0.27722556778515,0.182270583489713,0.196287287861773,1.50759487325168,1.22749527931421,1.23573350266531
1982,0.281858204849261,0.186763556152373,0.208703618355643,1.49111842654947,1.23573350266531,1.2027806092609
1983,0.285891075256467,0.188027889961324,0.223805758367438,1.45816553314506,1.15335126915429,1.49111842654947
1984,0.268369886796267,0.186599900008311,0.206415830943719,1.48288020319837,1.16982771585649,1.32635395952743
1985,0.296991730452499,0.187116207536439,0.195573619495546,1.51583309660278,1.17806593920759,1.26044817271861
1986,0.264760585655264,0.190660418790117,0.200867539506888,1.40049796968735,1.17806593920759,1.24397172601641
1987,0.297356545587697,0.177525826856812,0.203726557965394,1.56526243670939,1.12863659910098,1.30163928947412
1988,0.26857468109972,0.196064581970386,0.218920346585469,1.41697441638955,1.24397172601641,1.43345086309176
1989,0.286681245393193,0.194553217828722,0.232462172836691,1.53230954330498,1.28516284277192,1.49935664990057
1990,0.294530142357114,0.181587669192062,0.201524549494759,1.54054776665608,1.1945423859098,1.27692461942082
1991,0.286827832185853,0.198187788907747,0.202739764568441,1.53230954330498,1.23573350266531,1.28516284277192
1992,0.31989325849253,0.193417979655555,0.2129296396392,1.614691776816,1.1945423859098,1.37578329963404
1993,0.295422429969558,0.187107148278982,0.210495041494086,1.53230954330498,1.22749527931421,1.37578329963404
1994,0.266777740968005,0.18893077075572,0.20901342695702,1.44992730979396,1.25220994936751,1.33459218287853
1995,0.302834472691025,0.187919410409853,0.19502402807103,1.614691776816,1.17806593920759,1.23573350266531
1996,0.271444373048244,0.194539719244687,0.200392968527846,1.40873619303845,1.25220994936751,1.26044817271861
1997,0.282725113809397,0.183650449391905,0.205418921144951,1.43345086309176,1.17806593920759,1.35106862958074
1998,0.285704664275965,0.176678543310966,0.18707238473561,1.53230954330498,1.07096903564327,1.11216015239878
1999,0.282802502661218,0.18452966500639,0.204001102750814,1.50759487325168,1.2192570559631,1.35106862958074
2000,0.281135814573129,0.186883184310837,0.195305419750673,1.52407131995388,1.2192570559631,1.26044817271861
2001,0.304588726846335,0.184651931586262,0.203633185361692,1.54054776665608,1.211018832612,1.39225974633625
2002,0.297325296275339,0.19001809848308,0.211108148846159,1.47464197984727,1.16158949250539,1.42521263974065
2003,0.26448953584044,0.192785249096052,0.206571574305278,1.31811573617633,1.24397172601641,1.1945423859098
2004,0.267044690221306,0.189670637887066,0.206790428964157,1.50759487325168,1.2027806092609,1.26868639606972
2005,0.270878576386036,0.188038614224097,0.1939786638985,1.35930685293184,1.211018832612,1.23573350266531
2006,0.291421612419247,0.186511845519086,0.206940371789703,1.5899771067627,1.1945423859098,1.35106862958074
2007,0.28962959627116,0.169148732582258,0.195581720892735,1.5899771067627,1.09568370569657,1.24397172601641
2008,0.302989611370306,0.185305056717716,0.200962727110427,1.47464197984727,1.1863041625587,1.23573350266531
2009,0.265019053845568,0.178064847526708,0.195426608607215,1.44168908644286,1.16158949250539,1.26868639606972
2010,0.287680478751567,0.201857480723132,0.212030866771743,1.53230954330498,1.27692461942082,1.35106862958074
2011,0.299742716118168,0.166441648087655,0.181805789520086,1.5899771067627,1.02153969553665,1.10392192904767
2012,0.278695931511514,0.198543264349931,0.223452674711772,1.52407131995388,1.26868639606972,1.40049796968735
2013,0.271658252182076,0.194546284215807,0.20240149367176,1.48288020319837,1.27692461942082,1.28516284277192
2014,0.270651288391317,0.186028030636065,0.194819673568026,1.52407131995388,1.16158949250539,1.28516284277192
2015,0.297711254748738,0.173918861284256,0.201773714223651,1.46640375649616,1.07920725899437,1.30987751282523
2016,0.299425422897103,0.18425292412335,0.205726051627384,1.44992730979396,1.16158949250539,1.30163928947412
2017,0.265270876981566,0.184398149225357,0.198965814296449,1.44992730979396,1.24397172601641,1.28516284277192
2018,0.288658482012538,0.192366305038573,0.208527673103369,1.52407131995388,1.1945423859098,1.28516284277192
2019,0.284191897780445,0.19828573160545,0.202306440672109,1.52407131995388,1.26044817271861,1.30163928947412
2020,0.263347997110877,0.188308360174574,0.21038843902264,1.40049796968735,1.211018832612,1.40873619303845
2021,0.310848787015791,0.200449553291662,0.226145539288784,1.614691776816,1.32635395952743,1.43345086309176
2022,0.289385653742234,0.179175573825037,0.199115288858585,1.35106862958074,1.16158949250539,1.24397172601641
2023,0.268417047682183,0.191680044770149,0.193926126803271,1.42521263974065,1.31811573617633,1.2192570559631
2024,0.293775044844368,0.178287112178184,0.218188719422907,1.51583309660278,1.04625436558996,1.36754507628294
2025,0.273632970147471,0.179155912916031,0.192789526632972,1.54054776665608,1.12039837574988,1.2027806092609
2026,0.265038116763074,0.18639585388109,0.207642459693086,1.40873619303845,1.1863041625587,1.27692461942082
2027,0.287947085889015,0.177136888312197,0.197617057158552,1.47464197984727,1.16982771585649,1.24397172601641
2028,0.273822719093699,0.172229588049135,0.188804447928411,1.40873619303845,1.05449258894106,1.24397172601641
2029,0.280702185620097,0.182501393155063,0.203432355240369,1.52407131995388,1.16982771585649,1.38402152298514
2030,0.268047719960444,0.180191457286606,0.191985016017699,1.47464197984727,1.1945423859098,1.22749527931421
2031,0.257148826091774,0.18414422452594,0.186548078648934,1.34283040622963,1.1945423859098,1.211018832612
2032,0.285977184186026,0.179292208383253,0.20615537156105,1.56526243670939,1.08744548234547,1.33459218287853
2033,0.30707123328069,0.176544613503314,0.188330782785885,1.614691776816,1.07096903564327,1.23573350266531
2034,0.287609679995787,0.185002669653284,0.219603748786094,1.48288020319837,1.22749527931421,1.44168908644286
2035,0.283316234680955,0.188484807010474,0.197542814725978,1.614691776816,1.1863041625587,1.35930685293184
2036,0.263962654584733,0.170565093334373,0.191559748513545,1.39225974633625,1.06273081229216,1.29340106612302
2037,0.30188307597905,0.19713716114093,0.218521787347208,1.6064535534649,1.30163928947412,1.40049796968735
2038,0.283370568922901,0.187953610869586,0.205278145970481,1.54054776665608,1.29340106612302,1.32635395952743
2039,0.275940869964884,0.185419659457406,0.215113960547194,1.49935664990057,1.23573350266531,1.30987751282523
2040,0.296374834159441,0.201949997762249,0.206084182084334,1.614691776816,1.30163928947412,1.28516284277192
2041,0.298302842579126,0.192627433142592,0.210783793001311,1.57350066006049,1.24397172601641,1.31811573617633
2042,0.288012741103572,0.183879512202959,0.205717590979508,1.50759487325168,1.14511304580318,1.35106862958074
2043,0.267187152649408,0.202600312217352,0.205170213570556,1.52407131995388,1.34283040622963,1.37578329963404
2044,0.264725233687427,0.172780410169305,0.200013180674673,1.45816553314506,1.12039837574988,1.31811573617633
2045,0.277246512748959,0.176557805309803,0.189537535854707,1.46640375649616,1.11216015239878,1.1863041625587
2046,0.285929022043026,0.191496594236543,0.200389237742338,1.58173888341159,1.24397172601641,1.35106862958074
2047,0.281098107881072,0.176384437893363,0.184019792952487,1.39225974633625,1.16158949250539,1.14511304580318
2048,0.258697895239341,0.180081973185792,0.184900321953947,1.30987751282523,1.14511304580318,1.10392192904767
2049,0.267008541218231,0.185803839146056,0.196089126937199,1.40873619303845,1.16982771585649,1.2027806092609
2050,0.287728238910209,0.187695513296491,0.207291474159756,1.54878599000719,1.16982771585649,1.37578329963404
2051,0.260189143812775,0.194226584723214,0.213238953213327,1.35930685293184,1.22749527931421,1.33459218287853
2052,0.264739042514979,0.198984400882931,0.210477675733997,1.35106862958074,1.31811573617633,1.35930685293184
2053,0.275682502468171,0.185464032778466,0.219518230783425,1.51583309660278,1.15335126915429,1.35106862958074
2054,0.269430372381658,0.201721928533481,0.206129331445287,1.49935664990057,1.23573350266531,1.33459218287853
2055,0.284590494837505,0.186063547080086,0.194346755506919,1.56526243670939,1.2027806092609,1.24397172601641
2056,0.264645803151943,0.197024140254463,0.206972770237523,1.38402152298514,1.211018832612,1.22749527931421
2057,0.256099618297098,0.187736365379643,0.201704691460423,1.40873619303845,1.2027806092609,1.23573350266531
2058,0.275501136188992,0.188728867616601,0.206040571704939,1.44168908644286,1.17806593920759,1.31811573617633
2059,0.269632779184262,0.176500394475967,0.188777382878787,1.41697441638955,1.12863659910098,1.23573350266531
2060,0.287942520251189,0.187883685852046,0.189210025368537,1.51583309660278,1.25220994936751,1.25220994936751
2061,0.290531931076542,0.170872126372538,0.186804834810953,1.57350066006049,1.07920725899437,1.24397172601641
2062,0.315653643806957,0.1996282947785,0.203670489140598,1.5982153301138,1.28516284277192,1.35106862958074
2063,0.276510403454136,0.167484715106215,0.193626232569166,1.49935664990057,1.05449258894106,1.23573350266531
2064,0.280244156003295,0.195231770021686,0.198560738278031,1.48288020319837,1.26868639606972,1.33459218287853
2065,0.279382938501905,0.188253866722232,0.201984246169168,1.44992730979396,1.1945423859098,1.211018832612
2066,0.296246406092642,0.17988333727245,0.192671542635359,1.40873619303845,1.06273081229216,1.1945423859098
2067,0.273075490754761,0.176983690730097,0.193921936281076,1.42521263974065,1.16158949250539,1.16982771585649
2068,0.288291202221072,0.190153291375135,0.207931922655457,1.57350066006049,1.25220994936751,1.34283040622963
2069,0.270605025697617,0.193748843745317,0.202809881956061,1.51583309660278,1.13687482245208,1.25220994936751
2070,0.271080398892476,0.176223169824706,0.194574039423643,1.41697441638955,1.08744548234547,1.24397172601641
2071,0.263647087018949,0.186650002157243,0.194460163129484,1.43345086309176,1.27692461942082,1.1945423859098
2072,0.263172614078766,0.180990009480702,0.19936809147413,1.50759487325168,1.17806593920759,1.1945423859098
2073,0.270679634104287,0.170997451801293,0.187794290656529,1.53230954330498,1.03801614223886,1.15335126915429
2074,0.257303378574874,0.18227923146162,0.207899895019014,1.38402152298514,1.23573350266531,1.38402152298514
2075,0.276641475254031,0.193842814876648,0.202294278437073,1.42521263974065,1.25220994936751,1.30163928947412
2076,0.26457647383988,0.184623630536501,0.20250701295678,1.42521263974065,1.12039837574988,1.24397172601641
2077,0.294368671341912,0.191593001641928,0.20808183469607,1.57350066006049,1.25220994936751,1.34283040622963
2078,0.271782304205283,0.168860772912095,0.196646684252932,1.33459218287853,1.02977791888776,1.23573350266531
2079,0.261897402162012,0.173059835546157,0.19138459777433,1.49935664990057,1.08744548234547,1.15335126915429
2080,0.276290319541504,0.190289831605496,0.21264196081089,1.54878599000719,1.16982771585649,1.30163928947412
2081,0.273802971231189,0.189933428245338,0.204006604563266,1.52407131995388,1.26044817271861,1.36754507628294
2082,0.281424698016764,0.192364552912891,0.208855794946618,1.52407131995388,1.26044817271861,1.27692461942082
2083,0.321167164143432,0.194537415156359,0.205703890664368,1.67235934027372,1.30163928947412,1.41697441638955
2084,0.292876266777519,0.196718825477761,0.210460527988978,1.55702421335829,1.32635395952743,1.35930685293184
2085,0.299614103632696,0.187950927030047,0.204944179786002,1.58173888341159,1.1945423859098,1.41697441638955
2086,0.282308205740481,0.182581383755431,0.201319003927986,1.55702421335829,1.16158949250539,1.27692461942082
2087,0.277595470978172,0.194320461521831,0.202294454121446,1.50759487325168,1.26868639606972,1.26044817271861
2088,0.258428112078033,0.181050490237781,0.201731672002954,1.36754507628294,1.13687482245208,1.32635395952743
2089,0.2888892541579,0.196531251891701,0.213339340748763,1.46640375649616,1.22749527931421,1.34283040622963
2090,0.293411238740325,0.19986057217747,0.205084259505065,1.63940644686931,1.30163928947412,1.30163928947412
2091,0.29224918206847,0.187323182606143,0.192707422535721,1.48288020319837,1.25220994936751,1.23573350266531
2092,0.291583706991059,0.192277190608373,0.204602116188719,1.5982153301138,1.25220994936751,1.37578329963404
2093,0.278987839577254,0.181001732710638,0.194529074259658,1.44992730979396,1.15335126915429,1.16982771585649
2094,0.2843462970664,0.185680560851222,0.197356268196336,1.65588289357151,1.1945423859098,1.29340106612302
2095,0.285753125664584,0.193624244763828,0.201085424593011,1.55702421335829,1.28516284277192,1.36754507628294
2096,0.274724789523455,0.197852306068506,0.195483506234221,1.42521263974065,1.27692461942082,1.28516284277192
2097,0.269706669951934,0.193083532610683,0.200743632397856,1.41697441638955,1.29340106612302,1.26868639606972
2098,0.27749938536923,0.186207408110992,0.198406840568617,1.47464197984727,1.12863659910098,1.32635395952743
2099,0.284777471179854,0.166039838051225,0.194293581386962,1.49935664990057,1.02153969553665,1.22749527931421
2100,0.319027982223792,0.171681348827886,0.189622118243089,1.54878599000719,1.07920725899437,1.211018832612
2101,0.293190359638423,0.19598903781628,0.215889142970392,1.46640375649616,1.28516284277192,1.1863041625587
2102,0.30839729350771,0.192797654943634,0.211147831435476,1.5982153301138,1.26868639606972,1.31811573617633
2103,0.273326739482438,0.187213160536069,0.218294411901222,1.52407131995388,1.17806593920759,1.28516284277192
2104,0.268866918958105,0.174751301921735,0.189221126201269,1.37578329963404,1.08744548234547,1.1945423859098
2105,0.258654112402295,0.185107524434723,0.194697261292688,1.42521263974065,1.24397172601641,1.31811573617633
2106,0.277675184492023,0.178069092753634,0.207167293986761,1.44992730979396,1.2192570559631,1.27692461942082
2107,0.304579436915868,0.198708587308644,0.215138733321578,1.57350066006049,1.32635395952743,1.40873619303845
2108,0.296286913380502,0.180454123059158,0.215282014115973,1.44168908644286,1.17806593920759,1.41697441638955
2109,0.274358476788729,0.184698755746268,0.198624296024625,1.58173888341159,1.1863041625587,1.17806593920759
2110,0.286852927302182,0.181870811054032,0.210303850261915,1.49935664990057,1.15335126915429,1.31811573617633
2111,0.283301963432863,0.176867336542831,0.196701675948163,1.49111842654947,1.09568370569657,1.30163928947412
2112,0.294414194157386,0.195459508483131,0.217252537529974,1.56526243670939,1.27692461942082,1.47464197984727
2113,0.280189320759963,0.186620990152701,0.194592028836747,1.42521263974065,1.23573350266531,1.30163928947412
2114,0.273552980887044,0.183054571373164,0.193301352913124,1.52407131995388,1.29340106612302,1.23573350266531
2115,0.306602787520066,0.191193703734323,0.205425941045597,1.68059756362482,1.24397172601641,1.37578329963404
2116,0.2758086665484,0.180683363480309,0.186829802859685,1.47464197984727,1.14511304580318,1.13687482245208
2117,0.283754931816189,0.171588348295455,0.200465310878955,1.44992730979396,1.07096903564327,1.2192570559631
2118,0.282871959377723,0.190065356054235,0.200002598506861,1.55702421335829,1.26044817271861,1.32635395952743
2119,0.276390787272616,0.186274064304873,0.204799635608535,1.51583309660278,1.211018832612,1.36754507628294
2120,0.270270126766521,0.172114246493501,0.186926149117815,1.44168908644286,0.972110355430042,1.1945423859098
2121,0.278670644794454,0.179076359528723,0.19629314022618,1.52407131995388,1.04625436558996,1.25220994936751
2122,0.275059885596968,0.188556511720601,0.219696884439762,1.54878599000719,1.1863041625587,1.40049796968735
2123,0.290208727748949,0.184951681537657,0.216358451653364,1.49935664990057,1.23573350266531,1.35106862958074
2124,0.280585569277901,0.193183411403052,0.19558067630564,1.41697441638955,1.26868639606972,1.30163928947412
2125,0.296612646973837,0.191585954941565,0.196274813624793,1.54054776665608,1.2027806092609,1.26044817271861
2126,0.274819568698486,0.173292975735638,0.189652481298249,1.35930685293184,1.05449258894106,1.26868639606972
2127,0.272235722072052,0.184184850385914,0.209287515222599,1.40873619303845,1.211018832612,1.37578329963404
2128,0.293814487493982,0.176946307126863,0.200722816553395,1.52407131995388,1.07920725899437,1.30163928947412
2129,0.304467770758663,0.193232400188554,0.207435306764857,1.52407131995388,1.27692461942082,1.30163928947412
2130,0.291786350500468,0.190495678334919,0.212743440037712,1.58173888341159,1.211018832612,1.41697441638955
2131,0.297395687920212,0.1829044516272,0.202901191480573,1.43345086309176,1.16982771585649,1.40049796968735
2132,0.271469021745611,0.192772629384659,0.202306373270435,1.40873619303845,1.2192570559631,1.29340106612302
2133,0.286401965698364,0.174900975126669,0.193013111778476,1.57350066006049,1.08744548234547,1.2027806092609
2134,0.289582901310593,0.191438528056301,0.207179603314549,1.55702421335829,1.28516284277192,1.35106862958074
2135,0.287506910612434,0.196072153912496,0.23172806581264,1.55702421335829,1.23573350266531,1.51583309660278
2136,0.309107920033282,0.181539495068945,0.207480330632188,1.57350066006049,1.16982771585649,1.42521263974065
2137,0.314482351925471,0.18031847313243,0.203212996114695,1.57350066006049,1.10392192904767,1.33459218287853
2138,0.268906330384178,0.202799102268589,0.212669032989397,1.51583309660278,1.30987751282523,1.32635395952743
2139,0.26286748204503,0.186872020122111,0.207761199908613,1.44168908644286,1.17806593920759,1.32635395952743
2140,0.305520612754915,0.193860447118174,0.229314526641865,1.68883578697592,1.28516284277192,1.47464197984727
2141,0.309583020398832,0.195632813071914,0.201390751344737,1.57350066006049,1.26868639606972,1.27692461942082
2142,0.273127554111412,0.172828887877811,0.174297706476496,1.45816553314506,1.07096903564327,1.07920725899437
2143,0.272077145298672,0.194233296002988,0.213958441573629,1.40049796968735,1.26044817271861,1.37578329963404
2144,0.282087685096471,0.20242715088315,0.21034127715428,1.48288020319837,1.32635395952743,1.26044817271861
2145,0.273490401604444,0.198718977067095,0.202599368853273,1.43345086309176,1.26044817271861,1.2192570559631
2146,0.277875044612581,0.19112995417231,0.203668206076383,1.6064535534649,1.30987751282523,1.28516284277192
2147,0.274176872725229,0.195733235625802,0.196119752988548,1.51583309660278,1.35106862958074,1.22749527931421
2148,0.285129172389629,0.183041759163856,0.211105316498516,1.55702421335829,1.10392192904767,1.28516284277192
2149,0.287374276736085,0.186257569496312,0.207220231212288,1.48288020319837,1.24397172601641,1.32635395952743
2150,0.255310381080621,0.178824426620338,0.199852392891974,1.41697441638955,1.17806593920759,1.13687482245208
2151,0.265920253900769,0.201356436758628,0.203744966920291,1.44992730979396,1.27692461942082,1.35930685293184
2152,0.294633884880985,0.177956876508916,0.190243330373957,1.6064535534649,1.11216015239878,1.17806593920759
2153,0.284404264783123,0.183855858582061,0.204687263043176,1.55702421335829,1.2027806092609,1.28516284277192
2154,0.2825837707241,0.180386829813382,0.195848951734102,1.43345086309176,1.22749527931421,1.16982771585649
2155,0.287456787931473,0.191446158502691,0.208003566794467,1.6064535534649,1.1863041625587,1.2192570559631
2156,0.266030048561111,0.180941222393063,0.195793933515853,1.41697441638955,1.16982771585649,1.12039837574988
2157,0.286421449327103,0.183427306657359,0.207524240920395,1.57350066006049,1.2192570559631,1.30987751282523
2158,0.264215920046164,0.188213995415865,0.196538452433001,1.41697441638955,1.13687482245208,1.28516284277192
2159,0.274868844580174,0.207549704016796,0.21362642643165,1.35930685293184,1.37578329963404,1.38402152298514
2160,0.267486652885056,0.194831940459584,0.202032820244859,1.38402152298514,1.211018832612,1.32635395952743
2161,0.294254258303437,0.17318528492275,0.188677349768493,1.47464197984727,1.12863659910098,1.23573350266531
2162,0.264633809620596,0.190528084238499,0.198624884822496,1.35930685293184,1.2192570559631,1.26044817271861
2163,0.265236737330735,0.17174003447257,0.18770801687546,1.37578329963404,1.10392192904767,1.11216015239878
2164,0.277653508916183,0.187114537939262,0.185516133797324,1.44168908644286,1.24397172601641,1.1863041625587
2165,0.296152492190844,0.195259263088357,0.207946651853664,1.52407131995388,1.32635395952743,1.30163928947412
2166,0.277342083646954,0.190310839251811,0.213044660171891,1.47464197984727,1.211018832612,1.26044817271861
2167,0.287415754373985,0.180822441705239,0.196310706051851,1.52407131995388,1.12863659910098,1.27692461942082
2168,0.284682659831918,0.189654346728749,0.199521079414192,1.45816553314506,1.24397172601641,1.28516284277192
2169,0.246555294453557,0.182546663643289,0.18917112107577,1.33459218287853,1.1863041625587,1.2192570559631
2170,0.285262119732359,0.189076409382053,0.196526212967516,1.56526243670939,1.16982771585649,1.22749527931421
2171,0.261381550088907,0.172028192418943,0.189182595830253,1.27692461942082,1.02977791888776,1.16982771585649
2172,0.280450865417289,0.194217439394683,0.21697301185959,1.44992730979396,1.26868639606972,1.43345086309176
2173,0.281890363305396,0.196665276014712,0.223891416163162,1.53230954330498,1.23573350266531,1.35930685293184
2174,0.27738040366284,0.189284736634522,0.20090532165565,1.46640375649616,1.26868639606972,1.30163928947412
2175,0.282942130166076,0.189846568573824,0.210192401076481,1.6064535534649,1.24397172601641,1.35106862958074
2176,0.27496274219786,0.192691507049811,0.21224375351837,1.57350066006049,1.24397172601641,1.33459218287853
2177,0.299447490439801,0.181371909746226,0.203286255763171,1.52407131995388,1.211018832612,1.37578329963404
2178,0.270025527835877,0.183947093717246,0.207288158925488,1.40049796968735,1.1945423859098,1.35930685293184
2179,0.277673707184475,0.186632440620186,0.208990913741557,1.48288020319837,1.17806593920759,1.38402152298514
2180,0.264371324947035,0.183419872777007,0.205767238944173,1.40873619303845,1.1945423859098,1.36754507628294
2181,0.283793720108921,0.189563602090775,0.194607492500334,1.54878599000719,1.25220994936751,1.2027806092609
2182,0.278604955024062,0.180079815057465,0.216369272997646,1.44168908644286,1.14511304580318,1.37578329963404
2183,0.260359956618777,0.178351284046128,0.186666271166778,1.40873619303845,1.12039837574988,1.16158949250539
2184,0.294195265727707,0.185263057826044,0.201083004856767,1.51583309660278,1.23573350266531,1.23573350266531
2185,0.286678599375285,0.198498907920402,0.2045076468756,1.54878599000719,1.30163928947412,1.26868639606972
2186,0.285405536717166,0.1782887689227,0.20294535283609,1.45816553314506,1.06273081229216,1.35930685293184
2187,0.287337388233142,0.180163328535082,0.197487650922801,1.5899771067627,1.17806593920759,1.17806593920759
2188,0.245746575906825,0.182171005914449,0.200202927899802,1.35106862958074,1.13687482245208,1.1945423859098
2189,0.292856826807923,0.191857961871319,0.205359859274521,1.614691776816,1.26044817271861,1.30163928947412
2190,0.275568477321364,0.189832990221406,0.194960129534889,1.47464197984727,1.25220994936751,1.23573350266531
2191,0.274777295352108,0.174891636411522,0.188491114363949,1.5982153301138,1.14511304580318,1.16982771585649
2192,0.276421522425635,0.178740795159084,0.193513839235507,1.46640375649616,1.12863659910098,1.2192570559631
2193,0.302989284216362,0.195993227266702,0.206309102792782,1.63940644686931,1.30987751282523,1.30163928947412
2194,0.280885046280952,0.185324072143983,0.197432106356489,1.54054776665608,1.12039837574988,1.23573350266531
2195,0.296412783205524,0.182084472333845,0.198591819822529,1.53230954330498,1.11216015239878,1.2192570559631
2196,0.280196087952754,0.198909145369768,0.198753981016993,1.39225974633625,1.23573350266531,1.25220994936751
2197,0.303118526639769,0.184973035399865,0.192352698571755,1.65588289357151,1.26044817271861,1.15335126915429
2198,0.262770385845299,0.178954638326958,0.19901641694024,1.45816553314506,1.16982771585649,1.27692461942082
2199,0.259881158076244,0.181771810463528,0.19051115315715,1.30987751282523,1.211018832612,1.2027806092609
2200,0.28020867259965,0.186447720661733,0.201201637741324,1.54054776665608,1.23573350266531,1.34283040622963
2201,0.275058413696522,0.174175971332159,0.205849208840054,1.54054776665608,1.00506324883445,1.22749527931421
2202,0.289253905119246,0.198097012867005,0.20067637863002,1.50759487325168,1.28516284277192,1.24397172601641
2203,0.281291703987859,0.17963325564089,0.192283718069699,1.46640375649616,1.16982771585649,1.211018832612
2204,0.308876938365978,0.186294526166171,0.202014283567012,1.56526243670939,1.211018832612,1.31811573617633
2205,0.271858236123255,0.203863144865925,0.208507193104568,1.46640375649616,1.26868639606972,1.39225974633625
2206,0.275085383794888,0.183347720472829,0.210658211457325,1.50759487325168,1.211018832612,1.35930685293184
2207,0.281228506231778,0.186301564205687,0.194097275972543,1.43345086309176,1.1863041625587,1.25220994936751
2208,0.265604496914175,0.194097221498909,0.221639021159271,1.35930685293184,1.2027806092609,1.44168908644286
2209,0.282596099034076,0.189880329729846,0.193157006145052,1.53230954330498,1.24397172601641,1.1945423859098
2210,0.304386205389372,0.192085006018698,0.200808211294111,1.63940644686931,1.31811573617633,1.34283040622963
2211,0.303480318810472,0.197788623844296,0.216979816257931,1.5899771067627,1.35930685293184,1.40049796968735
2212,0.274129360536238,0.193191391920779,0.205156904645669,1.41697441638955,1.2192570559631,1.30163928947412
2213,0.291754897977583,0.179001691834338,0.195575871414393,1.5899771067627,1.13687482245208,1.26868639606972
2214,0.295678139664188,0.179737815870564,0.207512808514556,1.63940644686931,1.1863041625587,1.34283040622963
2215,0.308160047642035,0.180517956378191,0.208566266546328,1.58173888341159,1.16982771585649,1.32635395952743
2216,0.298917888982879,0.184872513252941,0.199302162263555,1.63116822351821,1.13687482245208,1.31811573617633
2217,0.270547971165648,0.196549437767822,0.209712724118486,1.46640375649616,1.28516284277192,1.35106862958074
2218,0.320133343417834,0.185944439707144,0.208651720298864,1.68883578697592,1.24397172601641,1.27692461942082
2219,0.261370319207386,0.179813715393751,0.18751652922088,1.50759487325168,1.09568370569657,1.2027806092609
2220,0.245648559150385,0.190839135865134,0.202298141441387,1.26044817271861,1.26044817271861,1.24397172601641
2221,0.296716181433109,0.168407775606668,0.191013727947494,1.50759487325168,1.04625436558996,1.2027806092609
2222,0.253644860058635,0.172914928122506,0.189468409684627,1.45816553314506,1.02977791888776,1.1945423859098
2223,0.300993352809378,0.195468925603226,0.208896044944385,1.53230954330498,1.23573350266531,1.35106862958074
2224,0.262126359331564,0.190593409650069,0.200204872302674,1.42521263974065,1.22749527931421,1.24397172601641
2225,0.27839784564514,0.178068158006736,0.198555242264824,1.49935664990057,1.17806593920759,1.25220994936751
2226,0.284552541437847,0.195697284043659,0.214602002792091,1.46640375649616,1.30163928947412,1.40049796968735
2227,0.287423308428297,0.184017011971554,0.206191810390856,1.47464197984727,1.16158949250539,1.35930685293184
2228,0.276931444810657,0.185708345376285,0.199971103486204,1.50759487325168,1.23573350266531,1.30987751282523
2229,0.308072473017216,0.183522831193204,0.19951367515691,1.5982153301138,1.12863659910098,1.32635395952743
2230,0.260810616560765,0.185739081729877,0.204471223782063,1.44992730979396,1.23573350266531,1.37578329963404
2231,0.282176041213413,0.215198483664629,0.205423353455154,1.52407131995388,1.40873619303845,1.30163928947412
2232,0.266606318729578,0.187461640301553,0.196084517971596,1.44992730979396,1.23573350266531,1.23573350266531
2233,0.271641566761938,0.187193086720121,0.201351725166339,1.46640375649616,1.25220994936751,1.33459218287853
2234,0.287636715724929,0.183487886691655,0.196380149810983,1.49111842654947,1.1945423859098,1.27692461942082
2235,0.267141157794883,0.181729573236705,0.215766062742436,1.52407131995388,1.14511304580318,1.30163928947412
2236,0.288082503107766,0.188519483742078,0.187956571712646,1.5982153301138,1.14511304580318,1.2192570559631
2237,0.265151687056195,0.192163347980707,0.188854319703814,1.40873619303845,1.29340106612302,1.1945423859098
2238,0.257042462024718,0.177974236713658,0.210988353115957,1.37578329963404,1.14511304580318,1.34283040622963
2239,0.290746703435742,0.181510793891979,0.221752948123243,1.54878599000719,1.15335126915429,1.37578329963404
2240,0.273021628653617,0.181002259607863,0.192620006727074,1.50759487325168,1.15335126915429,1.1863041625587
2241,0.283297315920398,0.196860358134595,0.210711814294559,1.56526243670939,1.33459218287853,1.32635395952743
2242,0.275002834501362,0.180597452151407,0.188554530708992,1.56526243670939,1.07096903564327,1.26868639606972
2243,0.266725504607191,0.195111393917326,0.191372082911906,1.51583309660278,1.29340106612302,1.211018832612
2244,0.283824554944226,0.183887774253439,0.197475251849718,1.47464197984727,1.24397172601641,1.23573350266531
2245,0.31000887407255,0.185330060625945,0.202161382596643,1.67235934027372,1.13687482245208,1.27692461942082
2246,0.270967097955344,0.178530942886236,0.190587836600454,1.52407131995388,1.12863659910098,1.2192570559631
2247,0.297350965136765,0.199422832268376,0.211098952052687,1.58173888341159,1.27692461942082,1.39225974633625
2248,0.282888955228004,0.179008735137198,0.193657931976747,1.51583309660278,1.14511304580318,1.24397172601641
2249,0.271991744978753,0.18522213521024,0.206065153526329,1.36754507628294,1.12863659910098,1.34283040622963
2250,0.289695436748371,0.184716349128181,0.201061357675149,1.52407131995388,1.1863041625587,1.24397172601641
2251,0.293337900709943,0.176154060413258,0.198897430210233,1.63116822351821,1.12863659910098,1.24397172601641
2252,0.279961454499,0.169636430966911,0.196855923867371,1.43345086309176,1.02153969553665,1.30987751282523
2253,0.278996458346545,0.193325671419265,0.207569157342601,1.38402152298514,1.28516284277192,1.29340106612302
2254,0.285278390551726,0.181332231667776,0.211888017955575,1.49935664990057,1.1863041625587,1.24397172601641
2255,0.271796032960622,0.194374008311853,0.213565928105415,1.47464197984727,1.26868639606972,1.39225974633625
2256,0.2684951216709,0.189975074444033,0.205240042362147,1.45816553314506,1.1945423859098,1.22749527931421
2257,0.270673434961321,0.182663963773841,0.195360588263464,1.35930685293184,1.08744548234547,1.12039837574988
2258,0.285932008507156,0.182778261378264,0.200961783950204,1.54054776665608,1.17806593920759,1.25220994936751
2259,0.284986477749324,0.196553377782495,0.210258748707731,1.44168908644286,1.30987751282523,1.39225974633625
2260,0.278395012164369,0.1895063885138,0.196046050347745,1.44992730979396,1.1945423859098,1.23573350266531
2261,0.270899800036279,0.184574998168232,0.203190536506351,1.53230954330498,1.2027806092609,1.34283040622963
2262,0.280727839142818,0.183847544266669,0.203253865467312,1.47464197984727,1.211018832612,1.32635395952743
2263,0.267424979837728,0.193732446602271,0.196656085893979,1.42521263974065,1.1863041625587,1.26868639606972
2264,0.273084672235288,0.17502320138772,0.203840925114171,1.42521263974065,1.07096903564327,1.33459218287853
2265,0.256350410457037,0.188622214543942,0.196449613631984,1.37578329963404,1.1945423859098,1.2192570559631
2266,0.28297016868336,0.192031056565384,0.207416098078324,1.49111842654947,1.28516284277192,1.36754507628294
2267,0.26880826332596,0.195013153946851,0.2094927703692,1.54878599000719,1.24397172601641,1.42521263974065
2268,0.243336124672696,0.179831671697166,0.202726799285757,1.40049796968735,1.08744548234547,1.1945423859098
2269,0.2815741209902,0.183618489716582,0.201402279815623,1.42521263974065,1.24397172601641,1.33459218287853
2270,0.309913796294779,0.183374499759464,0.200861894129212,1.52407131995388,1.1863041625587,1.37578329963404
2271,0.259942542455968,0.184241151331188,0.194649118265678,1.36754507628294,1.1863041625587,1.17806593920759
2272,0.283127997721119,0.176805417618235,0.200829003592406,1.49111842654947,1.09568370569657,1.26044817271861
2273,0.290918544287153,0.181615792500522,0.21099827467031,1.50759487325168,1.17806593920759,1.41697441638955
2274,0.270711934414366,0.203845572722494,0.206374323415293,1.48288020319837,1.35930685293184,1.36754507628294
2275,0.289110766599238,0.203292129068323,0.215249519127302,1.49935664990057,1.26044817271861,1.29340106612302
2276,0.296380876995744,0.180618871701851,0.199359392271779,1.46640375649616,1.14511304580318,1.16982771585649
2277,0.283590890786964,0.179772324153554,0.206343057698014,1.44168908644286,1.12863659910098,1.35930685293184
2278,0.291638911927512,0.184938293218395,0.193596780479416,1.47464197984727,1.25220994936751,1.2027806092609
2279,0.256914762051423,0.177365399005982,0.198126737804923,1.45816553314506,1.211018832612,1.27692461942082
2280,0.292779973968949,0.190029935342392,0.200319727882648,1.54878599000719,1.24397172601641,1.25220994936751
2281,0.290174362655033,0.177499362038275,0.189294158634011,1.48288020319837,1.2027806092609,1.16158949250539
2282,0.278741008315616,0.191828664942009,0.214332999460538,1.47464197984727,1.26868639606972,1.40049796968735
2283,0.283064132455887,0.179635429536815,0.20424099046543,1.54054776665608,1.13687482245208,1.34283040622963
2284,0.27059290482644,0.184107414205388,0.199308709598901,1.46640375649616,1.12863659910098,1.28516284277192
2285,0.276195271344245,0.191501711601359,0.211561612814764,1.51583309660278,1.211018832612,1.33459218287853
2286,0.288122902685912,0.174777503942968,0.191066023903587,1.55702421335829,1.11216015239878,1.28516284277192
2287,0.305637417573059,0.188730991120941,0.200014772090432,1.68059756362482,1.28516284277192,1.29340106612302
2288,0.284626029603206,0.193145622766745,0.205847500833253,1.58173888341159,1.25220994936751,1.23573350266531
2289,0.274212030690441,0.17334152056809,0.202075460887128,1.50759487325168,1.16158949250539,1.28516284277192
2290,0.278294255054808,0.193355451568847,0.203802718407053,1.52407131995388,1.25220994936751,1.28516284277192
2291,0.247419856191599,0.187838935422305,0.202717701122267,1.30987751282523,1.13687482245208,1.23573350266531
2292,0.29023836781145,0.189792827919483,0.209237930004618,1.52407131995388,1.24397172601641,1.37578329963404
2293,0.267168533974441,0.181434495620111,0.211249514457166,1.34283040622963,1.1863041625587,1.39225974633625
2294,0.273123033580492,0.200334062791896,0.217276297021071,1.48288020319837,1.25220994936751,1.35930685293184
2295,0.267368600424101,0.191544874734321,0.207035647683006,1.39225974633625,1.211018832612,1.30987751282523
2296,0.28901844520386,0.182457945661934,0.209150479252114,1.54054776665608,1.16982771585649,1.26868639606972
2297,0.267478139608446,0.193043184237224,0.21072203464512,1.52407131995388,1.22749527931421,1.26868639606972
2298,0.276386519375656,0.181445543355869,0.195765002363998,1.36754507628294,1.16158949250539,1.23573350266531
2299,0.298814575503965,0.190369039665551,0.206318492312498,1.6229300001671,1.2192570559631,1.31811573617633
2300,0.287120131063925,0.182029936173541,0.198052260603715,1.53230954330498,1.10392192904767,1.2192570559631
2301,0.264373632312134,0.18586657821547,0.197362896652913,1.39225974633625,1.211018832612,1.23573350266531
2302,0.256279753254727,0.185700942366199,0.202969564901946,1.39225974633625,1.22749527931421,1.30987751282523
2303,0.287853762540502,0.183288603883174,0.197853599211726,1.5899771067627,1.25220994936751,1.2192570559631
2304,0.278369582942225,0.180204069882482,0.19583637168263,1.44168908644286,1.14511304580318,1.211018832612
2305,0.317234375382883,0.193058295187431,0.205000353060997,1.54054776665608,1.26868639606972,1.34283040622963
2306,0.287075626335786,0.183349191887132,0.21055246873515,1.58173888341159,1.16982771585649,1.40049796968735
2307,0.269452237847677,0.187725483112936,0.193133249516494,1.44992730979396,1.24397172601641,1.22749527931421
2308,0.277792781418819,0.194807242259727,0.194787909653256,1.47464197984727,1.25220994936751,1.25220994936751
2309,0.279080549202074,0.180109750172871,0.192296186422458,1.57350066006049,1.14511304580318,1.14511304580318
2310,0.269210912701071,0.17690458710487,0.195130606317064,1.38402152298514,1.22749527931421,1.2192570559631
2311,0.286187954454719,0.194132411734595,0.20547182841921,1.55702421335829,1.28516284277192,1.34283040622963
2312,0.279152804718439,0.190902501293886,0.209861845265245,1.51583309660278,1.1863041625587,1.28516284277192
2313,0.271147301585113,0.183557983563338,0.212521467856409,1.46640375649616,1.17806593920759,1.43345086309176
2314,0.266992927893668,0.185074266310608,0.189527448664826,1.37578329963404,1.22749527931421,1.14511304580318
2315,0.280871676871013,0.173109445362461,0.197207318246272,1.44992730979396,1.04625436558996,1.29340106612302
2316,0.251940879046269,0.178392455383851,0.203182602948116,1.40873619303845,1.13687482245208,1.2027806092609
2317,0.265143651134173,0.190492411098214,0.205976917037778,1.46640375649616,1.29340106612302,1.27692461942082
2318,0.287878988353282,0.188002984785609,0.199770614508307,1.49935664990057,1.211018832612,1.34283040622963
2319,0.294267563653674,0.204157963686584,0.211398725044572,1.49935664990057,1.32635395952743,1.44168908644286
2320,0.260460695058793,0.178650619096795,0.203745077213298,1.51583309660278,1.17806593920759,1.36754507628294
2321,0.295483323718387,0.192977238992843,0.205040840715308,1.6064535534649,1.35930685293184,1.28516284277192
2322,0.294841875570915,0.175544821357147,0.195316141325726,1.47464197984727,1.14511304580318,1.211018832612
2323,0.28518569972294,0.184175092100029,0.200769813008598,1.49111842654947,1.13687482245208,1.24397172601641
2324,0.278892566490279,0.190222129400997,0.206018101890686,1.55702421335829,1.2192570559631,1.34283040622963
2325,0.292371734589096,0.177648685989104,0.211567538812448,1.52407131995388,1.12039837574988,1.29340106612302
2326,0.284017569699806,0.188772009929641,0.200453147098128,1.42521263974065,1.24397172601641,1.33459218287853
2327,0.267619312637199,0.175215307476786,0.183160113258688,1.43345086309176,1.15335126915429,1.14511304580318
2328,0.275885811684332,0.178797232808341,0.197097142794334,1.35930685293184,1.211018832612,1.30163928947412
2329,0.28301905775804,0.190847376136113,0.197896165514715,1.42521263974065,1.26868639606972,1.25220994936751
2330,0.287171780391797,0.178103029889195,0.202569134368635,1.57350066006049,1.02153969553665,1.29340106612302
2331,0.298927444387712,0.180422502330578,0.215973042871008,1.42521263974065,1.15335126915429,1.41697441638955
2332,0.277407688549343,0.189109226603396,0.199019600746401,1.50759487325168,1.17806593920759,1.29340106612302
2333,0.272742214750559,0.192021597764294,0.210096411450958,1.53230954330498,1.16158949250539,1.36754507628294
2334,0.273852621156598,0.18037622841324,0.208833205911966,1.54054776665608,1.16982771585649,1.40873619303845
2335,0.311086262724063,0.196251374282089,0.206212263759033,1.68883578697592,1.28516284277192,1.211018832612
2336,0.266658092025473,0.191874192013601,0.19940615687762,1.44168908644286,1.25220994936751,1.211018832612
2337,0.29657692582723,0.179701533128042,0.19005531708348,1.53230954330498,1.16982771585649,1.17806593920759
2338,0.259470810538988,0.192166511903745,0.221414548305444,1.43345086309176,1.32635395952743,1.35106862958074
2339,0.255928662153132,0.191180961151904,0.212703338006879,1.49935664990057,1.25220994936751,1.38402152298514
2340,0.294077195811026,0.179290514884484,0.192887851273801,1.54878599000719,1.11216015239878,1.15335126915429
2341,0.304108084021924,0.189927126062544,0.208897126286569,1.614691776816,1.2192570559631,1.33459218287853
2342,0.294592676694075,0.199348381203766,0.218469388767173,1.51583309660278,1.32635395952743,1.40873619303845
2343,0.269072908303582,0.180592272621246,0.189674963010898,1.50759487325168,1.12039837574988,1.16158949250539
2344,0.269281870558633,0.189017522262112,0.20803059594879,1.37578329963404,1.16982771585649,1.32635395952743
2345,0.284940932928241,0.18539105129182,0.201898795257562,1.46640375649616,1.16982771585649,1.28516284277192
2346,0.276199012613532,0.200000932470719,0.194122886499596,1.46640375649616,1.34283040622963,1.29340106612302
2347,0.273991960038491,0.184902184865643,0.200001041471816,1.45816553314506,1.11216015239878,1.24397172601641
2348,0.259436984436676,0.188644109459399,0.196926258104,1.32635395952743,1.211018832612,1.25220994936751
2349,0.28333935191756,0.190373753899865,0.202157054955514,1.49935664990057,1.31811573617633,1.26044817271861
2350,0.300565855290903,0.181247490929546,0.194383301099115,1.53230954330498,1.16158949250539,1.25220994936751
2351,0.2754726289297,0.181475461402011,0.19107862575448,1.44992730979396,1.17806593920759,1.2192570559631
2352,0.269044218973851,0.193535855078091,0.205899031460051,1.33459218287853,1.1863041625587,1.30163928947412
2353,0.286958958549999,0.190656632197807,0.210679116002716,1.52407131995388,1.25220994936751,1.35930685293184
2354,0.268481747026292,0.196151878450201,0.223430488596497,1.30163928947412,1.26868639606972,1.43345086309176
2355,0.270845355883777,0.184802538586378,0.198132055416453,1.51583309660278,1.24397172601641,1.27692461942082
2356,0.271957162773597,0.198180186768997,0.19509987857377,1.44168908644286,1.29340106612302,1.26868639606972
2357,0.297279135226805,0.194657175426246,0.205640199911001,1.5982153301138,1.30163928947412,1.34283040622963
2358,0.280780360376555,0.184022766484252,0.186619306395993,1.44992730979396,1.17806593920759,1.16982771585649
2359,0.27180356232113,0.168360212526623,0.191288110806264,1.57350066006049,1.09568370569657,1.16982771585649
2360,0.275325314369414,0.174182007051745,0.197839560986868,1.35930685293184,1.08744548234547,1.27692461942082
2361,0.301166452916821,0.179892015124552,0.187899198948293,1.57350066006049,1.1945423859098,1.24397172601641
2362,0.283841393979629,0.178596468645201,0.208132607487277,1.51583309660278,1.09568370569657,1.32635395952743
2363,0.281356717609777,0.19277899531189,0.208859087012589,1.49935664990057,1.26868639606972,1.30163928947412
2364,0.306063358065957,0.175324385457433,0.204817609302825,1.6064535534649,1.08744548234547,1.31811573617633
2365,0.278783657518956,0.162618485763453,0.187565286425089,1.52407131995388,0.972110355430042,1.07920725899437
2366,0.273439922028708,0.193954054566848,0.215087283265057,1.44992730979396,1.25220994936751,1.38402152298514
2367,0.271763874652536,0.192726444328845,0.21098268396395,1.53230954330498,1.34283040622963,1.32635395952743
2368,0.276361263569216,0.18916677350859,0.21325573268714,1.49935664990057,1.1945423859098,1.34283040622963
2369,0.292583980664273,0.204351150675501,0.207157691722566,1.52407131995388,1.35930685293184,1.34283040622963
2370,0.281767851128761,0.183308505876379,0.210011589275462,1.53230954330498,1.24397172601641,1.29340106612302
2371,0.29333573106514,0.187786774462984,0.208147366489487,1.54054776665608,1.26044817271861,1.40049796968735
2372,0.275930146595996,0.185764683399559,0.191223817643395,1.56526243670939,1.2192570559631,1.2027806092609
2373,0.298440620080888,0.18472203836763,0.209002698877974,1.53230954330498,1.11216015239878,1.26044817271861
2374,0.25591496842494,0.184189366518869,0.208557780334131,1.27692461942082,1.211018832612,1.44992730979396
2375,0.306568739320655,0.195436466388472,0.205927223829193,1.6064535534649,1.33459218287853,1.29340106612302
2376,0.294940751269705,0.190313225764348,0.209846787811441,1.54054776665608,1.24397172601641,1.40873619303845
2377,0.287680261006447,0.162949866484959,0.18415032966333,1.5899771067627,0.988586802132246,1.11216015239878
2378,0.287744455211195,0.185804880212691,0.20693723953937,1.51583309660278,1.22749527931421,1.35106862958074
2379,0.274755966013421,0.186983508350505,0.21627469171378,1.54054776665608,1.24397172601641,1.46640375649616
2380,0.295508567069883,0.184603977270089,0.194690412276956,1.6064535534649,1.211018832612,1.13687482245208
2381,0.27487978807645,0.188516066756706,0.197834113876834,1.45816553314506,1.14511304580318,1.2027806092609
2382,0.276282328616099,0.185343128311351,0.190333964238141,1.54878599000719,1.25220994936751,1.2027806092609
2383,0.275220632645182,0.18414352495084,0.195527836511584,1.44168908644286,1.1945423859098,1.26868639606972
2384,0.298432137195504,0.178002841275339,0.210993770589283,1.614691776816,1.17806593920759,1.32635395952743
2385,0.306563055923572,0.196460626827644,0.207891841479687,1.5982153301138,1.37578329963404,1.30987751282523
2386,0.281673660420472,0.20279442686775,0.209045393635021,1.5899771067627,1.32635395952743,1.44992730979396
2387,0.259070099986485,0.197571768430114,0.207236869125812,1.39225974633625,1.24397172601641,1.37578329963404
2388,0.280105349248587,0.18486447590744,0.203400390028761,1.44168908644286,1.1945423859098,1.38402152298514
2389,0.279282270506639,0.176216140786793,0.200972444925318,1.46640375649616,1.11216015239878,1.30163928947412
2390,0.272328372162987,0.18631628943972,0.193010322976383,1.42521263974065,1.211018832612,1.25220994936751
2391,0.278479199378826,0.178804533625529,0.195190578708108,1.45816553314506,1.30163928947412,1.1945423859098
2392,0.28237340903532,0.181599602730972,0.195760185932801,1.54054776665608,1.17806593920759,1.1945423859098
2393,0.265772659486148,0.198455700766969,0.220371925719553,1.40873619303845,1.25220994936751,1.31811573617633
2394,0.26118352305808,0.183493369737222,0.191196899589722,1.41697441638955,1.15335126915429,1.1945423859098
2395,0.310861935315295,0.190952007851269,0.193579420579045,1.6229300001671,1.25220994936751,1.16158949250539
2396,0.290168325856422,0.175174808881996,0.199713669818091,1.47464197984727,1.16158949250539,1.35106862958074
2397,0.26996670229064,0.181194997258646,0.214623065918714,1.50759487325168,1.17806593920759,1.35106862958074
2398,0.291695479348368,0.186372537959541,0.191597956142789,1.54054776665608,1.17806593920759,1.24397172601641
2399,0.291335518044614,0.188413839897419,0.203937777027306,1.5899771067627,1.211018832612,1.28516284277192
2400,0.297507516517946,0.179779406388585,0.196529115934669,1.54878599000719,1.08744548234547,1.25220994936751
2401,0.286331721982527,0.184268035265003,0.197288604160898,1.50759487325168,1.211018832612,1.2192570559631
2402,0.298961364041526,0.189493573406148,0.206126125597796,1.56526243670939,1.28516284277192,1.31811573617633
2403,0.290211765488227,0.175442550941998,0.190988142890979,1.54054776665608,1.07096903564327,1.10392192904767
2404,0.266027625276221,0.174860246046694,0.185946411372426,1.42521263974065,1.14511304580318,1.13687482245208
2405,0.293837341866322,0.182940529286947,0.203126660435696,1.49111842654947,1.1945423859098,1.27692461942082
2406,0.274999524810103,0.174208429718227,0.194945558895368,1.46640375649616,1.15335126915429,1.29340106612302
2407,0.293604810540779,0.200728120003425,0.215209140518718,1.65588289357151,1.31811573617633,1.45816553314506
2408,0.283171410686035,0.176175507512585,0.214026098710125,1.50759487325168,1.09568370569657,1.37578329963404
2409,0.254497431654312,0.171942172902438,0.18833041761953,1.38402152298514,1.03801614223886,1.15335126915429
2410,0.270048042926671,0.187236280550807,0.199465425175951,1.54054776665608,1.23573350266531,1.24397172601641
2411,0.273187169642138,0.194703992759466,0.21616413771058,1.49111842654947,1.32635395952743,1.38402152298514
2412,0.283481871551342,0.190451733355095,0.206679574141733,1.50759487325168,1.23573350266531,1.30987751282523
2413,0.270772282772837,0.190362214945327,0.193439155108266,1.44992730979396,1.211018832612,1.27692461942082
2414,0.277018713833591,0.195934078862457,0.202517519915198,1.58173888341159,1.32635395952743,1.35106862958074
2415,0.299109754900865,0.197810221064438,0.233106529929967,1.47464197984727,1.34283040622963,1.63940644686931
2416,0.272380126131353,0.193831879296391,0.19961548388406,1.47464197984727,1.2027806092609,1.30987751282523
2417,0.302962890230718,0.187663731687573,0.203336529273721,1.63116822351821,1.23573350266531,1.40873619303845
2418,0.286013238106563,0.177767454367312,0.211217702050682,1.56526243670939,1.211018832612,1.35106862958074
2419,0.261136102280579,0.172943976000102,0.179997277101747,1.42521263974065,1.12039837574988,1.12863659910098
2420,0.276514522095652,0.182065532011016,0.207608395378462,1.45816553314506,1.211018832612,1.32635395952743
2421,0.293445182704237,0.190351996879295,0.205624696227106,1.5899771067627,1.22749527931421,1.27692461942082
2422,0.279497122592,0.181135298316025,0.200693122109619,1.49935664990057,1.13687482245208,1.27692461942082
2423,0.310570894984288,0.183766988057181,0.199156493918725,1.54054776665608,1.1863041625587,1.27692461942082
2424,0.274728528973023,0.176166148098846,0.190329225818459,1.54054776665608,1.12863659910098,1.24397172601641
2425,0.299208368255461,0.177851593921488,0.203722584610796,1.6064535534649,1.10392192904767,1.28516284277192
2426,0.270252225862967,0.174295739707924,0.193410547475811,1.50759487325168,1.12039837574988,1.26868639606972
2427,0.272790641696428,0.177359121101546,0.192977747071996,1.40049796968735,1.14511304580318,1.2192570559631
2428,0.301788090877344,0.17661083946829,0.202250296552167,1.614691776816,1.05449258894106,1.32635395952743
2429,0.302277489354534,0.177750830819833,0.188921215921022,1.55702421335829,1.17806593920759,1.25220994936751
2430,0.277327394109375,0.18145171356048,0.194919867265889,1.53230954330498,1.14511304580318,1.17806593920759
2431,0.308606887433339,0.20446802927171,0.207116720571706,1.63116822351821,1.36754507628294,1.35930685293184
2432,0.28523294381949,0.18311964855166,0.194061487835159,1.53230954330498,1.1863041625587,1.13687482245208
2433,0.276226780877833,0.197229850190761,0.21048972317412,1.42521263974065,1.28516284277192,1.42521263974065
2434,0.268510059910834,0.185398681240776,0.208595781045061,1.32635395952743,1.16982771585649,1.35930685293184
2435,0.266058489024902,0.181350048995366,0.189262861883756,1.42521263974065,1.2027806092609,1.04625436558996
2436,0.275870632268666,0.195448473791963,0.205919353392447,1.55702421335829,1.30163928947412,1.30987751282523
2437,0.300617171123913,0.185474414231501,0.197448301030323,1.5899771067627,1.13687482245208,1.25220994936751
2438,0.272467420741323,0.183239008963496,0.201695243258997,1.40049796968735,1.12863659910098,1.25220994936751
2439,0.262046283605836,0.189143682174002,0.221224145122216,1.42521263974065,1.15335126915429,1.48288020319837
2440,0.305464562618878,0.182394455367898,0.208575891702472,1.63940644686931,1.15335126915429,1.35930685293184
2441,0.279486693539243,0.188727252314627,0.205744718438329,1.49111842654947,1.23573350266531,1.33459218287853
2442,0.278349180748446,0.190155106934698,0.200628942855579,1.47464197984727,1.25220994936751,1.31811573617633
2443,0.277306578669093,0.187242373236046,0.206976130338486,1.37578329963404,1.2027806092609,1.31811573617633
2444,0.264721279224077,0.171795282771553,0.190079434898136,1.36754507628294,0.996825025483348,1.11216015239878
2445,0.281897511684704,0.18817488904314,0.21281610443552,1.52407131995388,1.1863041625587,1.48288020319837
2446,0.283749965646362,0.170632104591661,0.188052190945904,1.58173888341159,1.07920725899437,1.17806593920759
2447,0.276576012755922,0.180111392231872,0.194336479622201,1.43345086309176,1.1945423859098,1.26868639606972
2448,0.288324656317755,0.174816949918197,0.193991549048893,1.51583309660278,1.07096903564327,1.22749527931421
2449,0.294990024222479,0.173100894124565,0.199039162074399,1.56526243670939,1.02153969553665,1.27692461942082
2450,0.285211091107538,0.191708225260691,0.196816859265116,1.54878599000719,1.1945423859098,1.22749527931421
2451,0.292987285168511,0.183115625430044,0.200989887895208,1.49111842654947,1.17806593920759,1.30163928947412
2452,0.284400964993494,0.193590291373457,0.233523774564388,1.51583309660278,1.1863041625587,1.49111842654947
2453,0.256993807923029,0.191259699440432,0.215259378049072,1.40873619303845,1.1945423859098,1.36754507628294
2454,0.263565542443811,0.190421686683051,0.198612068747197,1.38402152298514,1.26044817271861,1.26868639606972
2455,0.273973130979256,0.179824236667357,0.199486266067834,1.43345086309176,1.12863659910098,1.2027806092609
2456,0.258059793409888,0.191997202761451,0.210528004928059,1.31811573617633,1.14511304580318,1.43345086309176
2457,0.280430707098313,0.200127912219576,0.208810858500936,1.45816553314506,1.31811573617633,1.39225974633625
2458,0.253402168307815,0.172048407321077,0.188018523782496,1.26044817271861,1.12863659910098,1.211018832612
2459,0.294361524916848,0.17669204618003,0.218945211461355,1.53230954330498,1.2027806092609,1.39225974633625
2460,0.270704641652682,0.183007374681224,0.194339094156545,1.37578329963404,1.15335126915429,1.22749527931421
2461,0.288543990313662,0.181527811808202,0.201858893302175,1.57350066006049,1.16982771585649,1.31811573617633
2462,0.285302517222165,0.182624388780918,0.201023737272224,1.49111842654947,1.24397172601641,1.30163928947412
2463,0.288111855821305,0.186763049002496,0.20158291881929,1.56526243670939,1.15335126915429,1.23573350266531
2464,0.287276926298335,0.186761791156893,0.212382018635105,1.46640375649616,1.26868639606972,1.40049796968735
2465,0.279976869771452,0.175848472111444,0.198698173826259,1.48288020319837,1.14511304580318,1.25220994936751
2466,0.301860624045811,0.186268270373513,0.196405532260742,1.57350066006049,1.2027806092609,1.30987751282523
2467,0.293562788881351,0.187198326003972,0.21205915988442,1.43345086309176,1.29340106612302,1.36754507628294
2468,0.28343782994565,0.187330564765644,0.213560257854697,1.6064535534649,1.1863041625587,1.35930685293184
2469,0.291263538635538,0.199485990629936,0.220213420360172,1.614691776816,1.22749527931421,1.29340106612302
2470,0.280412278906824,0.176037747755669,0.200669871866871,1.50759487325168,1.06273081229216,1.27692461942082
2471,0.283762505660681,0.193813350845235,0.201435518781682,1.50759487325168,1.27692461942082,1.30987751282523
2472,0.285701011215166,0.187681646839175,0.206574364961981,1.58173888341159,1.23573350266531,1.31811573617633
2473,0.284662965706398,0.181647715908703,0.194347529830334,1.49935664990057,1.2027806092609,1.24397172601641
2474,0.297607951327204,0.180463118280562,0.205681490701157,1.56526243670939,1.1945423859098,1.33459218287853
2475,0.287672228888905,0.208648558927463,0.204465140780551,1.51583309660278,1.38402152298514,1.30163928947412
2476,0.291798675858567,0.17140612986581,0.188253013711271,1.47464197984727,1.00506324883445,1.1863041625587
2477,0.291509622711849,0.190733317471434,0.20155334369817,1.55702421335829,1.1945423859098,1.26868639606972
2478,0.297996125972474,0.174156785867303,0.207893913021833,1.57350066006049,1.08744548234547,1.27692461942082
2479,0.279031259001389,0.18951521700432,0.218454360407492,1.54878599000719,1.16158949250539,1.45816553314506
2480,0.293823784022663,0.194104407243575,0.216545048968572,1.54878599000719,1.22749527931421,1.40873619303845
2481,0.282584833180112,0.200287701971616,0.217093056268518,1.45816553314506,1.1945423859098,1.37578329963404
2482,0.32701588040955,0.182207721793282,0.21717836476521,1.50759487325168,1.1863041625587,1.48288020319837
2483,0.28078415279254,0.180498212582156,0.198199109835287,1.44992730979396,1.14511304580318,1.25220994936751
2484,0.266118930114024,0.174941164838936,0.199960526871762,1.50759487325168,1.14511304580318,1.23573350266531
2485,0.267063577080762,0.180055152208861,0.19695893270111,1.44992730979396,1.23573350266531,1.23573350266531
2486,0.277116949377812,0.185710558923396,0.201766350257873,1.54878599000719,1.30163928947412,1.24397172601641
2487,0.278217239489082,0.18010343717031,0.200426034093243,1.48288020319837,1.15335126915429,1.30987751282523
2488,0.281342263762975,0.179314229588083,0.205822287524814,1.48288020319837,1.07096903564327,1.38402152298514
2489,0.272014451717708,0.199948563926399,0.204768485330986,1.44992730979396,1.30987751282523,1.26868639606972
2490,0.260145146788404,0.176677957225035,0.186107127492337,1.38402152298514,1.14511304580318,1.1863041625587
2491,0.296526111826765,0.176562238661993,0.205268628417356,1.54878599000719,1.16158949250539,1.31811573617633
2492,0.263414766697838,0.196386467992697,0.207496919061381,1.45816553314506,1.26868639606972,1.25220994936751
2493,0.289856984582992,0.177500123048482,0.198750609449622,1.614691776816,1.12039837574988,1.26044817271861
2494,0.260777604478459,0.179517343615406,0.194279175327668,1.43345086309176,1.14511304580318,1.1945423859098
2495,0.293632426494444,0.186806395671963,0.190602560904895,1.56526243670939,1.17806593920759,1.26044817271861
2496,0.27196280637596,0.183051150936397,0.193552188153549,1.41697441638955,1.09568370569657,1.211018832612
2497,0.29934393452954,0.18536984696919,0.197727461146532,1.63940644686931,1.2192570559631,1.30987751282523
2498,0.266051960515696,0.194114252290498,0.200373735330907,1.30987751282523,1.27692461942082,1.27692461942082
2499,0.273403882542923,0.192668269043399,0.20765565158354,1.51583309660278,1.31811573617633,1.47464197984727
2500,0.302561707689071,0.179183508086761,0.199462266014482,1.54054776665608,1.16982771585649,1.23573350266531
2501,0.29327481419618,0.175432338440469,0.205321290511654,1.68059756362482,1.14511304580318,1.31811573617633
2502,0.275718047811143,0.192809563116185,0.21191279473749,1.51583309660278,1.26044817271861,1.36754507628294
2503,0.313059754293377,0.172789340325015,0.194668815985514,1.58173888341159,1.07096903564327,1.07920725899437
2504,0.2778964917702,0.185034892303666,0.202125788686337,1.47464197984727,1.16982771585649,1.28516284277192
2505,0.296335636693375,0.184895113451394,0.206394615792032,1.51583309660278,1.17806593920759,1.29340106612302
2506,0.304044887728801,0.1821947271883,0.201463451090825,1.5982153301138,1.08744548234547,1.31811573617633
2507,0.270503713620783,0.176165229164194,0.199043398033395,1.44168908644286,1.1945423859098,1.31811573617633
2508,0.259771669366915,0.17741398262409,0.189536202061659,1.37578329963404,1.11216015239878,1.2027806092609
2509,0.288039646853668,0.195103486144152,0.213550696764471,1.5899771067627,1.27692461942082,1.33459218287853
2510,0.26857854912337,0.175005937633364,0.18476557795893,1.50759487325168,1.07920725899437,1.12039837574988
2511,0.290950083041488,0.188356353185865,0.208578640982502,1.49935664990057,1.26044817271861,1.40049796968735
2512,0.286577005479724,0.195632241115836,0.212589349455008,1.54878599000719,1.28516284277192,1.34283040622963
2513,0.273384463096644,0.186018886619933,0.220017214208536,1.42521263974065,1.16982771585649,1.27692461942082
2514,0.266981415304024,0.197978509205086,0.203340477563198,1.35930685293184,1.22749527931421,1.34283040622963
2515,0.3064275103569,0.174335092978259,0.202502427373492,1.55702421335829,1.10392192904767,1.31811573617633
2516,0.275189007413663,0.182751425440053,0.212520570757578,1.43345086309176,1.12863659910098,1.27692461942082
2517,0.272427040291506,0.178029795573257,0.195938861625631,1.49111842654947,1.11216015239878,1.24397172601641
2518,0.273889384993023,0.192102580282814,0.205261446938571,1.44168908644286,1.32635395952743,1.34283040622963
2519,0.272557522319848,0.187324924873534,0.203887807032039,1.54054776665608,1.25220994936751,1.30987751282523
2520,0.257796353622113,0.185502163232206,0.196327909018051,1.38402152298514,1.22749527931421,1.26868639606972
2521,0.286503932392125,0.175170681315716,0.196623319317564,1.56526243670939,1.08744548234547,1.22749527931421
2522,0.295609602116702,0.188096580498627,0.199471268445553,1.56526243670939,1.26044817271861,1.31811573617633
2523,0.267661194735602,0.185101869695503,0.199551727434937,1.43345086309176,1.2192570559631,1.1945423859098
2524,0.26815214126607,0.181517912027813,0.194655901261549,1.42521263974065,1.12863659910098,1.1863041625587
2525,0.291052702713669,0.180294550828724,0.214458765899602,1.54878599000719,1.16982771585649,1.38402152298514
2526,0.267129964652128,0.18249138081176,0.203844793377849,1.42521263974065,1.16982771585649,1.25220994936751
2527,0.298303234155136,0.191094301918045,0.216770425642726,1.5899771067627,1.23573350266531,1.36754507628294
2528,0.299490990862491,0.18776832167622,0.213639334847674,1.55702421335829,1.23573350266531,1.38402152298514
2529,0.293366234389353,0.183853435949729,0.195076448807702,1.5982153301138,1.11216015239878,1.2027806092609
2530,0.283882454365262,0.176789942481032,0.195688268773677,1.50759487325168,1.11216015239878,1.211018832612
2531,0.296945125532221,0.181178955376648,0.206024614203326,1.55702421335829,1.11216015239878,1.39225974633625
2532,0.319693209443814,0.173432081577432,0.204991331400716,1.65588289357151,1.00506324883445,1.35930685293184
2533,0.281075531027271,0.176973581603322,0.193172696568776,1.44168908644286,1.09568370569657,1.17806593920759
2534,0.259048965800888,0.190935873197852,0.204806344830693,1.34283040622963,1.211018832612,1.29340106612302
2535,0.297849545557211,0.17595237735083,0.201482374180239,1.57350066006049,1.05449258894106,1.26044817271861
2536,0.258816756532379,0.180704600049051,0.193394920679048,1.40049796968735,1.01330147218555,1.2027806092609
2537,0.268820284274241,0.195430763036555,0.204375421096704,1.39225974633625,1.27692461942082,1.34283040622963
2538,0.29294028756715,0.177300261355557,0.201882982619693,1.46640375649616,1.13687482245208,1.30163928947412
2539,0.262655522229892,0.184912858312544,0.1980239638411,1.45816553314506,1.1945423859098,1.22749527931421
2540,0.293732143155445,0.192566433856054,0.202180449266482,1.5899771067627,1.23573350266531,1.28516284277192
2541,0.270963503046846,0.18114463634237,0.191935549314203,1.56526243670939,1.12863659910098,1.26044817271861
2542,0.277677526993937,0.191442527485123,0.19064632446256,1.37578329963404,1.27692461942082,1.28516284277192
2543,0.269057780292553,0.185957310186145,0.201994112912124,1.54878599000719,1.22749527931421,1.23573350266531
2544,0.286763321990867,0.187723172478479,0.203482369055921,1.49935664990057,1.1863041625587,1.37578329963404
2545,0.271110628839767,0.176436352343194,0.202980405480098,1.43345086309176,1.10392192904767,1.17806593920759
2546,0.287477284483445,0.184847735686854,0.199062704509335,1.50759487325168,1.23573350266531,1.31811573617633
2547,0.271920659606201,0.191296452618451,0.197084131053866,1.46640375649616,1.28516284277192,1.33459218287853
2548,0.285563953037766,0.199936829147206,0.205334326470855,1.55702421335829,1.27692461942082,1.22749527931421
2549,0.25797705742541,0.180074043497535,0.199873703540328,1.45816553314506,1.17806593920759,1.27692461942082
2550,0.279012852324425,0.187756613522233,0.197801370906273,1.51583309660278,1.23573350266531,1.26868639606972
2551,0.272316285915424,0.175012543391308,0.188009253435906,1.47464197984727,1.14511304580318,1.1863041625587
2552,0.282829440374614,0.170289608400442,0.196382017540016,1.49935664990057,1.11216015239878,1.14511304580318
2553,0.291242356588173,0.180546551531511,0.208389421835245,1.54878599000719,1.15335126915429,1.33459218287853
2554,0.266296100861462,0.199651534470774,0.206298731611622,1.43345086309176,1.22749527931421,1.30987751282523
2555,0.296629633848078,0.175916742136623,0.192621846142964,1.53230954330498,1.09568370569657,1.211018832612
2556,0.284566957407166,0.188609717678218,0.200986523930423,1.58173888341159,1.22749527931421,1.29340106612302
2557,0.250533490220659,0.194345942197924,0.205401801765852,1.34283040622963,1.32635395952743,1.34283040622963
2558,0.287612551221046,0.181179202056056,0.206031609124162,1.50759487325168,1.1863041625587,1.35930685293184
2559,0.284758955111475,0.187477691255604,0.20006551315562,1.6064535534649,1.1945423859098,1.30163928947412
2560,0.290689871674207,0.189852961940262,0.206017661749039,1.54878599000719,1.26044817271861,1.36754507628294
2561,0.27857733277139,0.169542625164397,0.181692006260256,1.39225974633625,1.05449258894106,1.07920725899437
2562,0.2978408394139,0.180266055923156,0.199568803508784,1.57350066006049,1.17806593920759,1.31811573617633
2563,0.269567271084415,0.180265383212706,0.196707155251275,1.43345086309176,1.04625436558996,1.29340106612302
2564,0.262768656257705,0.192165542748257,0.209555427869518,1.45816553314506,1.27692461942082,1.38402152298514
2565,0.261160814728555,0.188165391725079,0.212340046642836,1.42521263974065,1.1863041625587,1.41697441638955
2566,0.272236116173071,0.182376411203379,0.207787482300637,1.46640375649616,1.14511304580318,1.34283040622963
2567,0.257067516081996,0.176206694529004,0.205066655888686,1.35106862958074,1.10392192904767,1.35930685293184
2568,0.277424971204727,0.197379880248332,0.215136245698587,1.48288020319837,1.29340106612302,1.36754507628294
2569,0.299793691468762,0.180142986670945,0.188360079199274,1.54054776665608,1.11216015239878,1.26868639606972
2570,0.284999008852361,0.176756466205189,0.195709885069513,1.55702421335829,1.07096903564327,1.2192570559631
2571,0.295135148231484,0.182746708312969,0.205705474195287,1.51583309660278,1.23573350266531,1.31811573617633
2572,0.290741839676029,0.189915657428944,0.20988125817609,1.47464197984727,1.1945423859098,1.37578329963404
2573,0.294079632250784,0.174076328319702,0.221385113423179,1.5899771067627,1.04625436558996,1.51583309660278
2574,0.242895806256028,0.185713124836839,0.197894425715416,1.29340106612302,1.2192570559631,1.31811573617633
2575,0.270785596747327,0.192350589012136,0.206527224427106,1.41697441638955,1.28516284277192,1.36754507628294
2576,0.269667999419036,0.17939146929233,0.195615840243029,1.52407131995388,1.1945423859098,1.15335126915429
2577,0.279660484654045,0.19197204998139,0.2056014043043,1.50759487325168,1.14511304580318,1.34283040622963
2578,0.28737768328429,0.185291418567117,0.197529511276689,1.57350066006049,1.2027806092609,1.30987751282523
2579,0.285363875536303,0.183625639376508,0.212477503076442,1.48288020319837,1.14511304580318,1.37578329963404
2580,0.287372747602604,0.193371421527852,0.211171947696753,1.58173888341159,1.26044817271861,1.34283040622963
2581,0.271586438905305,0.193071696319328,0.201478043461772,1.44168908644286,1.30987751282523,1.30163928947412
2582,0.264863562449435,0.185548453225067,0.196169503031897,1.38402152298514,1.17806593920759,1.26868639606972
2583,0.282637020727746,0.196165030775742,0.19800957352304,1.53230954330498,1.25220994936751,1.30163928947412
2584,0.277906820034607,0.186616215274942,0.208792011160344,1.57350066006049,1.2027806092609,1.35106862958074
2585,0.26436921772032,0.184186476211763,0.205819256907372,1.38402152298514,1.23573350266531,1.35106862958074
2586,0.286729453540824,0.187870504840696,0.204375418238194,1.50759487325168,1.1945423859098,1.34283040622963
2587,0.280602768903032,0.193597284837551,0.199379237908966,1.45816553314506,1.30163928947412,1.23573350266531
2588,0.267897639786253,0.188284685678087,0.197014144468204,1.54878599000719,1.2192570559631,1.26044817271861
2589,0.273718402394035,0.178836330445994,0.200098565657259,1.41697441638955,1.1863041625587,1.17806593920759
2590,0.253988885057121,0.180095333070162,0.185730629201318,1.44168908644286,1.17806593920759,1.12039837574988
2591,0.255179572845645,0.187853442180476,0.193078751730103,1.40873619303845,1.23573350266531,1.11216015239878
2592,0.263846976940318,0.181130782806163,0.193630647651527,1.41697441638955,1.14511304580318,1.16158949250539
2593,0.286042674701103,0.193659412457117,0.198597667873855,1.49935664990057,1.2192570559631,1.33459218287853
2594,0.270876592433669,0.183023202460728,0.203239170467153,1.57350066006049,1.24397172601641,1.28516284277192
2595,0.257436040151962,0.186367499775557,0.198783457272294,1.45816553314506,1.2027806092609,1.22749527931421
2596,0.287123226615894,0.191591844646562,0.213612399360201,1.49111842654947,1.2027806092609,1.40873619303845
2597,0.267640364030019,0.171462287337776,0.187604610526926,1.35106862958074,0.980348578781144,1.14511304580318
2598,0.293444851903206,0.184350942423904,0.200929205061047,1.64764467022041,1.2192570559631,1.33459218287853
2599,0.279485766796189,0.18254529028751,0.197125224585459,1.50759487325168,1.1863041625587,1.24397172601641
2600,0.276127948228168,0.181558732989088,0.207953143788382,1.48288020319837,1.1945423859098,1.24397172601641
2601,0.295911475119803,0.189683300108523,0.208737353479357,1.52407131995388,1.27692461942082,1.35106862958074
2602,0.313806945310607,0.184518006457624,0.202678588979989,1.55702421335829,1.11216015239878,1.22749527931421
2603,0.304201772723636,0.182626569045904,0.197044391853824,1.5899771067627,1.25220994936751,1.26868639606972
2604,0.317148188919224,0.183327114632186,0.201120157815672,1.57350066006049,1.1945423859098,1.35106862958074
2605,0.269790366197279,0.178163859333817,0.203163251523577,1.41697441638955,1.12863659910098,1.32635395952743
2606,0.273066266674441,0.179468180046329,0.192831976739242,1.44168908644286,1.15335126915429,1.28516284277192
2607,0.292766185857294,0.174427510493228,0.192632105672055,1.50759487325168,1.14511304580318,1.1945423859098
2608,0.27660253040295,0.189111457273421,0.200148714956867,1.42521263974065,1.2192570559631,1.37578329963404
2609,0.296739164136982,0.180961350193664,0.201834052369957,1.56526243670939,1.14511304580318,1.31811573617633
2610,0.289595192495591,0.181570541440452,0.209546061327041,1.53230954330498,1.17806593920759,1.30163928947412
2611,0.27217087889958,0.183911830897079,0.194001419276726,1.54878599000719,1.25220994936751,1.22749527931421
2612,0.270788840324431,0.184417555913988,0.211992429367433,1.49111842654947,1.2192570559631,1.40049796968735
2613,0.285627598200327,0.189839645704617,0.196313096555433,1.45816553314506,1.2192570559631,1.40049796968735
2614,0.309378759551765,0.18487932017722,0.212798223702266,1.614691776816,1.1863041625587,1.35930685293184
2615,0.293632522293684,0.18183277844876,0.213358093192536,1.51583309660278,1.14511304580318,1.40049796968735
2616,0.283180723620669,0.180370218417178,0.188802490015345,1.56526243670939,1.17806593920759,1.211018832612
2617,0.276633150414813,0.186716665694866,0.201869829424094,1.55702421335829,1.17806593920759,1.30987751282523
2618,0.306769279456953,0.178335658388963,0.196367078472294,1.65588289357151,1.16158949250539,1.16982771585649
2619,0.26710615202851,0.173530132566484,0.185139454834337,1.42521263974065,1.11216015239878,1.23573350266531
2620,0.256583426708992,0.182701174068839,0.20720657304625,1.35106862958074,1.12039837574988,1.37578329963404
2621,0.24921149986692,0.188507481695174,0.214997325102822,1.33459218287853,1.17806593920759,1.30987751282523
2622,0.301201025410223,0.190952094769323,0.207861940751994,1.58173888341159,1.24397172601641,1.29340106612302
2623,0.306889226705404,0.171742551471531,0.198257998011392,1.66412111692261,1.08744548234547,1.23573350266531
2624,0.292124046599407,0.184187007891504,0.20514674884441,1.6064535534649,1.211018832612,1.34283040622963
2625,0.279757333330212,0.182937490448713,0.194585579992893,1.47464197984727,1.2027806092609,1.2027806092609
2626,0.261085451991763,0.195778298872366,0.201835087900101,1.45816553314506,1.25220994936751,1.27692461942082
2627,0.291220968021596,0.179666723042637,0.198523060770701,1.55702421335829,1.2192570559631,1.30163928947412
2628,0.264656803932908,0.17895487317089,0.187583393801916,1.51583309660278,1.10392192904767,1.11216015239878
2629,0.280177367649006,0.181930681357286,0.187112040305191,1.53230954330498,1.1945423859098,1.11216015239878
2630,0.296988449287557,0.193282962489201,0.19996484697536,1.58173888341159,1.26044817271861,1.26044817271861
2631,0.298997311931807,0.184673613286077,0.210630594304239,1.56526243670939,1.11216015239878,1.39225974633625
2632,0.301336802491449,0.20011573421696,0.220476997831292,1.65588289357151,1.32635395952743,1.44168908644286
2633,0.274262935441494,0.173680942573147,0.192712016922767,1.49935664990057,1.07096903564327,1.29340106612302
2634,0.301507144161769,0.194910786195529,0.217752140891695,1.58173888341159,1.30163928947412,1.39225974633625
2635,0.278395436548654,0.188124696328857,0.213281469574535,1.50759487325168,1.16982771585649,1.39225974633625
2636,0.275570694550008,0.19063384512392,0.209589609653607,1.50759487325168,1.15335126915429,1.32635395952743
2637,0.300873318601728,0.183908681341599,0.19748816700479,1.63116822351821,1.1863041625587,1.16158949250539
2638,0.275754464686678,0.190575396724315,0.205632383604535,1.47464197984727,1.2192570559631,1.32635395952743
2639,0.303431266074307,0.184258645735981,0.192729638102235,1.54054776665608,1.26044817271861,1.13687482245208
2640,0.258668471737699,0.187454151199414,0.189785329553814,1.40873619303845,1.24397172601641,1.211018832612
2641,0.314100091312252,0.185952622665654,0.204569481224636,1.57350066006049,1.15335126915429,1.28516284277192
2642,0.273860932073649,0.18533810200233,0.203254411270416,1.50759487325168,1.17806593920759,1.25220994936751
2643,0.283480182523334,0.193693381114719,0.201984962748319,1.54878599000719,1.2192570559631,1.24397172601641
2644,0.272201988891462,0.202454101389234,0.219203485085965,1.41697441638955,1.27692461942082,1.40873619303845
2645,0.294303447952033,0.194061008592857,0.218128595589272,1.51583309660278,1.26868639606972,1.37578329963404
2646,0.279542436103313,0.190208510282478,0.203942483099479,1.50759487325168,1.17806593920759,1.22749527931421
2647,0.277782361662721,0.190383551203214,0.193164347659158,1.51583309660278,1.2192570559631,1.24397172601641
2648,0.281733244902581,0.191741930941734,0.206362436155932,1.48288020319837,1.24397172601641,1.27692461942082
2649,0.293979777519183,0.191238251542552,0.201273342524842,1.51583309660278,1.26868639606972,1.32635395952743
2650,0.292461833906542,0.185294188803726,0.200630362600169,1.6229300001671,1.17806593920759,1.25220994936751
2651,0.325707089514252,0.189736100122992,0.210860905837359,1.68883578697592,1.1945423859098,1.40049796968735
2652,0.27148759071866,0.172800594425053,0.189756565889493,1.48288020319837,1.07096903564327,1.211018832612
2653,0.277795713378309,0.172905233634288,0.190299874159084,1.49935664990057,1.16982771585649,1.1945423859098
2654,0.284753522122051,0.178459962730175,0.196639940391197,1.57350066006049,1.22749527931421,1.2027806092609
2655,0.285103784379459,0.184335421452384,0.195790681853867,1.52407131995388,1.22749527931421,1.22749527931421
2656,0.274142854608767,0.174245854851817,0.204533237879416,1.45816553314506,1.13687482245208,1.32635395952743
2657,0.283094045824407,0.18687655451868,0.203162879901125,1.45816553314506,1.12863659910098,1.27692461942082
2658,0.294877966498756,0.190173133079971,0.206905130910778,1.5899771067627,1.24397172601641,1.30987751282523
2659,0.262789701316729,0.180430689610575,0.20961331175725,1.41697441638955,1.13687482245208,1.32635395952743
2660,0.269399714162898,0.187252780456445,0.205798791421373,1.49111842654947,1.24397172601641,1.30987751282523
2661,0.304733543821366,0.189007354067314,0.191965814993132,1.67235934027372,1.26044817271861,1.2192570559631
2662,0.272604025034058,0.189023291692053,0.204268392391724,1.35106862958074,1.1863041625587,1.31811573617633
2663,0.28645662962084,0.18168415375144,0.202243424387726,1.68059756362482,1.16982771585649,1.32635395952743
2664,0.289358601982035,0.183951534715361,0.205702188687052,1.614691776816,1.24397172601641,1.31811573617633
2665,0.276317191008598,0.177426525116845,0.187862893804039,1.53230954330498,1.12863659910098,1.16982771585649
2666,0.283121569682081,0.189615121064932,0.212195851510101,1.49935664990057,1.1945423859098,1.33459218287853
2667,0.292424118053299,0.188215340999634,0.197200348242485,1.54054776665608,1.211018832612,1.34283040622963
2668,0.283709693809092,0.188872654377784,0.20019447734952,1.53230954330498,1.17806593920759,1.29340106612302
2669,0.271670385497695,0.183444035002044,0.195765078319518,1.54054776665608,1.16158949250539,1.25220994936751
2670,0.293705924155568,0.184871889531413,0.202837833568512,1.58173888341159,1.13687482245208,1.35930685293184
2671,0.285594184725835,0.19567890857274,0.20053379953588,1.57350066006049,1.33459218287853,1.22749527931421
2672,0.269593158230064,0.201106233206568,0.200087246343065,1.49111842654947,1.2027806092609,1.28516284277192
2673,0.292529928120301,0.185749155063358,0.20340445147835,1.55702421335829,1.22749527931421,1.40873619303845
2674,0.27429888802587,0.192297261667805,0.19983107884576,1.46640375649616,1.26868639606972,1.30987751282523
2675,0.290697241732228,0.184817736826094,0.206779865322851,1.48288020319837,1.211018832612,1.26044817271861
2676,0.292662730615053,0.184923020635031,0.191282723145998,1.53230954330498,1.1945423859098,1.13687482245208
2677,0.25189553144565,0.182728520423351,0.198576483728664,1.30163928947412,1.12863659910098,1.27692461942082
2678,0.286521670442423,0.207118721742847,0.20768562936215,1.6064535534649,1.34283040622963,1.39225974633625
2679,0.283051736082752,0.182681393821457,0.187161201998845,1.49935664990057,1.1945423859098,1.1863041625587
2680,0.292479847486875,0.192068861410811,0.208394677813544,1.50759487325168,1.26044817271861,1.30163928947412
2681,0.281607612048793,0.167579269116829,0.176527527718236,1.45816553314506,0.955633908727838,1.07096903564327
2682,0.288335416378169,0.189530093979928,0.201881509855349,1.54878599000719,1.1945423859098,1.29340106612302
2683,0.288317791512752,0.187893254371223,0.210020616986514,1.56526243670939,1.22749527931421,1.43345086309176
2684,0.296010998806532,0.192968416530537,0.212974615299785,1.63116822351821,1.34283040622963,1.38402152298514
2685,0.261872225694031,0.177022033434725,0.195928941409961,1.45816553314506,1.07920725899437,1.16982771585649
2686,0.2783671511425,0.190146508207098,0.196528872719582,1.44992730979396,1.2192570559631,1.2192570559631
2687,0.262008786152062,0.189242600054293,0.198467906348925,1.38402152298514,1.13687482245208,1.22749527931421
2688,0.283231945734223,0.181769609679968,0.200791449200837,1.44168908644286,1.13687482245208,1.26868639606972
2689,0.287519311780402,0.175544365612671,0.208776276031871,1.42521263974065,1.08744548234547,1.33459218287853
2690,0.278089349145019,0.183759446838784,0.205431956118172,1.46640375649616,1.1945423859098,1.26868639606972
2691,0.294241609368316,0.188781960411904,0.214109829729418,1.53230954330498,1.1945423859098,1.34283040622963
2692,0.292963611770298,0.190839403548397,0.202871580833318,1.63940644686931,1.2027806092609,1.211018832612
2693,0.28361873197927,0.182560399921745,0.206006818162466,1.53230954330498,1.2192570559631,1.26868639606972
2694,0.279662115495216,0.181347674350337,0.200445158799525,1.51583309660278,1.16982771585649,1.28516284277192
2695,0.280240008702455,0.179060492772295,0.19118741301045,1.43345086309176,1.22749527931421,1.28516284277192
2696,0.344053643777545,0.180676437425849,0.213538219337205,1.70531223367812,1.1945423859098,1.43345086309176
2697,0.288547877059242,0.181865676797913,0.206213480240546,1.53230954330498,1.13687482245208,1.34283040622963
2698,0.252275532846419,0.190941813783357,0.19590458512585,1.33459218287853,1.24397172601641,1.30987751282523
2699,0.279874179298781,0.184980472679755,0.207037285321576,1.49935664990057,1.24397172601641,1.36754507628294
2700,0.302328323651527,0.172576992819425,0.207408992281577,1.71355045702923,1.07920725899437,1.38402152298514
2701,0.289291386222993,0.186844226206947,0.213817527513092,1.51583309660278,1.1945423859098,1.36754507628294
2702,0.292327642760889,0.190586194294959,0.211371495549406,1.48288020319837,1.22749527931421,1.43345086309176
2703,0.295443242564369,0.185635642856286,0.205826809921739,1.56526243670939,1.17806593920759,1.38402152298514
2704,0.276570438605862,0.176756217018429,0.188904335426348,1.57350066006049,1.08744548234547,1.12863659910098
2705,0.27777831361899,0.181987150883152,0.206980827299266,1.35106862958074,1.10392192904767,1.37578329963404
2706,0.280276738454806,0.190711790935676,0.194010685795237,1.43345086309176,1.1863041625587,1.29340106612302
2707,0.28353370832192,0.187762312724206,0.199954790659533,1.36754507628294,1.22749527931421,1.28516284277192
2708,0.291840292290709,0.190554538867378,0.197609527260811,1.5899771067627,1.17806593920759,1.29340106612302
2709,0.287219664048755,0.187707267175439,0.189995621635847,1.47464197984727,1.22749527931421,1.25220994936751
2710,0.264986360329247,0.184248418014522,0.203478005615168,1.41697441638955,1.11216015239878,1.33459218287853
2711,0.287211753047444,0.18767631862721,0.187933926122128,1.50759487325168,1.211018832612,1.14511304580318
2712,0.284523184812297,0.185841052156669,0.197225004322543,1.41697441638955,1.15335126915429,1.23573350266531
2713,0.278586075112462,0.190962745636247,0.201790182742611,1.40873619303845,1.25220994936751,1.25220994936751
2714,0.272774055718324,0.177183028613737,0.205104845717249,1.50759487325168,1.06273081229216,1.28516284277192
2715,0.288890606542467,0.184203287755322,0.201404161923885,1.50759487325168,1.27692461942082,1.25220994936751
2716,0.292362981086563,0.19741434010278,0.19784037600027,1.52407131995388,1.29340106612302,1.22749527931421
2717,0.291669514955211,0.180456152562129,0.203812464562849,1.44168908644286,1.14511304580318,1.27692461942082
2718,0.25830291417856,0.182487978783761,0.192644478452667,1.36754507628294,1.1863041625587,1.14511304580318
2719,0.289512013794613,0.188474738788501,0.209993081762363,1.55702421335829,1.26868639606972,1.39225974633625
2720,0.307866392902882,0.185244387672491,0.210440035337469,1.66412111692261,1.1863041625587,1.30987751282523
2721,0.276721668195213,0.185886188613695,0.198393871852396,1.35106862958074,1.16982771585649,1.34283040622963
2722,0.291021454995539,0.180237230752045,0.193849539746491,1.48288020319837,1.2027806092609,1.25220994936751
2723,0.27531195890228,0.180652428725987,0.195262279434093,1.50759487325168,1.16982771585649,1.2192570559631
2724,0.299234863871734,0.181334896716511,0.204278592443719,1.56526243670939,1.11216015239878,1.211018832612
2725,0.298797257119235,0.181312647845708,0.194792221492292,1.50759487325168,1.10392192904767,1.24397172601641
2726,0.286172625008435,0.186202033097481,0.214563740660161,1.63940644686931,1.211018832612,1.35106862958074
2727,0.291656054918541,0.182446019272635,0.199101910018278,1.39225974633625,1.12863659910098,1.35106862958074
2728,0.289079375284053,0.183095237224871,0.198532646476449,1.53230954330498,1.211018832612,1.26868639606972
2729,0.270527986283513,0.176201259676253,0.200613050418075,1.45816553314506,1.1863041625587,1.22749527931421
2730,0.299421603231638,0.189236059619558,0.203021471061125,1.50759487325168,1.26044817271861,1.33459218287853
2731,0.296341531394161,0.185964150406196,0.200436551341977,1.614691776816,1.08744548234547,1.28516284277192
2732,0.274269366101884,0.176634000613149,0.195294304948651,1.55702421335829,1.15335126915429,1.15335126915429
2733,0.276209865259398,0.185491613898463,0.202585866389592,1.48288020319837,1.2027806092609,1.26044817271861
2734,0.276093569708635,0.188921601847456,0.198800441458423,1.36754507628294,1.16982771585649,1.26044817271861
2735,0.275914517326529,0.191349848611375,0.200069340553538,1.51583309660278,1.28516284277192,1.34283040622963
2736,0.290116804441107,0.17670882569558,0.193392882040099,1.58173888341159,1.13687482245208,1.22749527931421
2737,0.279324485252943,0.204050248452115,0.209819976681297,1.57350066006049,1.28516284277192,1.34283040622963
2738,0.271037248429673,0.184999267806409,0.202287703398831,1.45816553314506,1.1945423859098,1.28516284277192
2739,0.269985238155445,0.177043582924787,0.191629001463625,1.40049796968735,1.16982771585649,1.27692461942082
2740,0.277907083616576,0.187042927305655,0.206385858080754,1.48288020319837,1.2192570559631,1.36754507628294
2741,0.255091259927997,0.175099745932679,0.193769082962231,1.32635395952743,1.08744548234547,1.31811573617633
2742,0.284343576718123,0.17268618664229,0.207223617736587,1.42521263974065,1.07096903564327,1.32635395952743
2743,0.292447654126011,0.210906614389498,0.221496568014893,1.49111842654947,1.29340106612302,1.30987751282523
2744,0.275646895707166,0.184054035525323,0.204801922018089,1.46640375649616,1.1945423859098,1.29340106612302
2745,0.279988712663232,0.182592579878852,0.191962665895501,1.54054776665608,1.12863659910098,1.26044817271861
2746,0.281653027028999,0.187547526614982,0.201594566228787,1.46640375649616,1.2192570559631,1.33459218287853
2747,0.268485843393973,0.187694799544369,0.189417507869533,1.54878599000719,1.1945423859098,1.24397172601641
2748,0.273897876639057,0.190409795981223,0.202806042302586,1.44992730979396,1.27692461942082,1.26044817271861
2749,0.277459013281767,0.180917077376297,0.198913070652078,1.49935664990057,1.14511304580318,1.30987751282523
2750,0.270195350536889,0.192054128929123,0.18750562826962,1.54054776665608,1.24397172601641,1.1863041625587
2751,0.266730045356497,0.183924186087476,0.193681013910217,1.53230954330498,1.1863041625587,1.27692461942082
2752,0.295245891964829,0.184096313721769,0.213060589961584,1.40873619303845,1.15335126915429,1.40873619303845
2753,0.267210273850154,0.177854035228855,0.197587093559645,1.47464197984727,1.17806593920759,1.26868639606972
2754,0.259505148417053,0.17793193201388,0.200294552175101,1.34283040622963,1.2192570559631,1.26868639606972
2755,0.277130565252619,0.171013669695779,0.189737363087506,1.40873619303845,1.07920725899437,1.16982771585649
2756,0.296942806913305,0.180439755046364,0.200941288500405,1.50759487325168,1.12039837574988,1.26044817271861
2757,0.294870018957391,0.194031051904719,0.217353980252712,1.56526243670939,1.17806593920759,1.44992730979396
2758,0.284441078578484,0.190697430655214,0.196697983475376,1.6229300001671,1.24397172601641,1.28516284277192
2759,0.28003948905883,0.186247382073847,0.222776044182602,1.51583309660278,1.26044817271861,1.47464197984727
2760,0.28361306598246,0.200869697096624,0.204838947298521,1.49111842654947,1.29340106612302,1.31811573617633
2761,0.270859844829706,0.182402386860138,0.201355342382549,1.29340106612302,1.23573350266531,1.211018832612
2762,0.295464066590564,0.182774114561851,0.195356958240364,1.6229300001671,1.211018832612,1.23573350266531
2763,0.298519966215722,0.18803422137444,0.196686394717711,1.5982153301138,1.26044817271861,1.27692461942082
2764,0.271696046273701,0.174644841272111,0.196073692295676,1.42521263974065,1.09568370569657,1.22749527931421
2765,0.272592975675409,0.172526226069979,0.189174278907995,1.48288020319837,1.08744548234547,1.1945423859098
2766,0.286810199328658,0.185561944301212,0.209044288559495,1.6064535534649,1.08744548234547,1.37578329963404
2767,0.262639748077978,0.184982736791229,0.211830036704134,1.48288020319837,1.2192570559631,1.29340106612302
2768,0.289831612309898,0.185980101280139,0.197864724300357,1.49935664990057,1.211018832612,1.27692461942082
2769,0.292010000998648,0.189913283059785,0.204916695834809,1.46640375649616,1.1945423859098,1.39225974633625
2770,0.277779142626089,0.20429755571732,0.209786091957636,1.46640375649616,1.31811573617633,1.40049796968735
2771,0.301227303026969,0.18342235838789,0.221330592890242,1.46640375649616,1.13687482245208,1.30987751282523
2772,0.260309713759829,0.193915987356164,0.207325957481544,1.35930685293184,1.25220994936751,1.38402152298514
2773,0.289561125409967,0.183905411456931,0.198594791933085,1.5899771067627,1.26044817271861,1.2192570559631
2774,0.300218312835809,0.200937962181224,0.205724754733335,1.58173888341159,1.2192570559631,1.38402152298514
2775,0.293064802521361,0.199152123183206,0.2193555343429,1.5982153301138,1.23573350266531,1.35930685293184
2776,0.274143240813512,0.195733612306812,0.211010314859725,1.34283040622963,1.22749527931421,1.42521263974065
2777,0.283926430638904,0.177836703746532,0.199223876808139,1.54878599000719,1.12863659910098,1.27692461942082
2778,0.276792983510484,0.192109394242132,0.211347231085918,1.34283040622963,1.23573350266531,1.39225974633625
2779,0.275903819769275,0.188959342437815,0.202219891788776,1.52407131995388,1.17806593920759,1.25220994936751
2780,0.279286571516427,0.193288070091574,0.196733546135767,1.43345086309176,1.27692461942082,1.30163928947412
2781,0.265723253838317,0.199693368417001,0.209345362850734,1.48288020319837,1.23573350266531,1.38402152298514
2782,0.275140586858383,0.184466354585042,0.220314616566653,1.50759487325168,1.16158949250539,1.35106862958074
2783,0.277814344417215,0.179005829959732,0.211140262476517,1.43345086309176,1.14511304580318,1.31811573617633
2784,0.306209355890869,0.183196396238577,0.192475304603185,1.614691776816,1.16982771585649,1.34283040622963
2785,0.290388689794247,0.1807076288544,0.207674076177602,1.47464197984727,1.24397172601641,1.26044817271861
2786,0.29122215874961,0.181924358322674,0.201823835176449,1.54878599000719,1.16982771585649,1.27692461942082
2787,0.262584241279765,0.186315021112519,0.194871480227093,1.44168908644286,1.14511304580318,1.2027806092609
2788,0.299856284827602,0.177003430192714,0.193499576289902,1.49935664990057,1.07920725899437,1.1863041625587
2789,0.275310783645712,0.184520182207598,0.203970954215817,1.49111842654947,1.12039837574988,1.30987751282523
2790,0.297777638393495,0.18751498731619,0.206284404614272,1.49935664990057,1.1945423859098,1.35106862958074
2791,0.297577224154228,0.199159126212251,0.193520040800609,1.52407131995388,1.34283040622963,1.26868639606972
2792,0.295590065927677,0.191822352308279,0.203054179122149,1.58173888341159,1.28516284277192,1.33459218287853
2793,0.26708183067378,0.175709465592239,0.189506948356171,1.45816553314506,1.14511304580318,1.26044817271861
2794,0.257933729900222,0.183296022272083,0.200644127007063,1.39225974633625,1.13687482245208,1.25220994936751
2795,0.280854792607973,0.180558955286445,0.194011044474303,1.43345086309176,1.15335126915429,1.16158949250539
2796,0.297239564027252,0.183260102170635,0.214143720307837,1.47464197984727,1.12039837574988,1.35106862958074
2797,0.312036724031344,0.187724851133924,0.205630487966978,1.73002690373143,1.23573350266531,1.30163928947412
2798,0.309310546358952,0.189141154450544,0.204883361923237,1.53230954330498,1.14511304580318,1.32635395952743
2799,0.298973925770657,0.191575634119505,0.207942488856196,1.6229300001671,1.2027806092609,1.22749527931421
2800,0.268971409546235,0.183267841010019,0.198299614571224,1.42521263974065,1.08744548234547,1.25220994936751
2801,0.284339912827109,0.182493994998073,0.202568049629406,1.5982153301138,1.09568370569657,1.26044817271861
2802,0.304570624606002,0.186676162074502,0.199476435172613,1.5982153301138,1.26044817271861,1.1945423859098
2803,0.270545377378307,0.185744545036582,0.196321322715556,1.45816553314506,1.1863041625587,1.26868639606972
2804,0.274201805577782,0.190424276331585,0.203218017029461,1.39225974633625,1.22749527931421,1.26044817271861
2805,0.291625171814079,0.18318980771992,0.199845059256715,1.48288020319837,1.2192570559631,1.35930685293184
2806,0.286603858142265,0.187422737463627,0.201710465359059,1.43345086309176,1.1945423859098,1.27692461942082
2807,0.249702069301922,0.181677417330264,0.205391261524427,1.33459218287853,1.13687482245208,1.25220994936751
2808,0.268629736783636,0.185696280954772,0.205811999027151,1.43345086309176,1.25220994936751,1.35106862958074
2809,0.283695642657717,0.187355642951183,0.198675682177553,1.47464197984727,1.1945423859098,1.24397172601641
2810,0.279405448256737,0.175403812040157,0.194664475781106,1.44992730979396,1.13687482245208,1.24397172601641
2811,0.288901271655101,0.193734604925609,0.20821164320384,1.54878599000719,1.26044817271861,1.40873619303845
2812,0.276515264263164,0.181133432747469,0.19269239209229,1.44992730979396,1.16982771585649,1.1945423859098
2813,0.283780120702554,0.205108076986162,0.217343724568323,1.49111842654947,1.35106862958074,1.30987751282523
2814,0.278651925416036,0.198657934920481,0.207445920321013,1.55702421335829,1.30163928947412,1.37578329963404
2815,0.290297863866644,0.186395024472228,0.194051962195331,1.39225974633625,1.211018832612,1.27692461942082
2816,0.261762941471162,0.181754856458458,0.200718210859332,1.40873619303845,1.1945423859098,1.34283040622963
2817,0.277623911089151,0.180569292434462,0.195039917529435,1.54054776665608,1.211018832612,1.22749527931421
2818,0.282955985827137,0.181428589812907,0.203188443574446,1.57350066006049,1.13687482245208,1.33459218287853
2819,0.294413977435137,0.185757461891508,0.198726878931381,1.6064535534649,1.16982771585649,1.30163928947412
2820,0.265706509804927,0.183538682037975,0.19825515404545,1.32635395952743,1.26868639606972,1.22749527931421
2821,0.283363048311097,0.193178753060783,0.206124567894367,1.40873619303845,1.26044817271861,1.27692461942082
2822,0.2764816537701,0.181975165942725,0.194713467563486,1.48288020319837,1.12863659910098,1.211018832612
2823,0.294822420949635,0.180665306544224,0.199731338453756,1.43345086309176,1.12039837574988,1.27692461942082
2824,0.263317575812113,0.192471238298079,0.202416284794838,1.44992730979396,1.30987751282523,1.2192570559631
2825,0.271992768400933,0.183129761648683,0.210440465409283,1.52407131995388,1.15335126915429,1.31811573617633
2826,0.283173266190134,0.185334824182248,0.20104259282735,1.5899771067627,1.12039837574988,1.42521263974065
2827,0.283987560243996,0.202124966160585,0.201657602200565,1.49935664990057,1.22749527931421,1.25220994936751
2828,0.27933587561409,0.194775014965745,0.20278841002762,1.49935664990057,1.26868639606972,1.28516284277192
2829,0.287707939788096,0.185017602956001,0.212938306268336,1.49111842654947,1.15335126915429,1.35930685293184
2830,0.261952823165779,0.18946103599041,0.195873495118946,1.40049796968735,1.1863041625587,1.26044817271861
2831,0.31460320396122,0.178185569599448,0.196777280149274,1.614691776816,1.07920725899437,1.26044817271861
2832,0.27138635678762,0.188381957104323,0.206249403223125,1.45816553314506,1.23573350266531,1.26044817271861
2833,0.326297484695117,0.184983754760101,0.205587697348465,1.81240913724245,1.1863041625587,1.31811573617633
2834,0.279182210595435,0.178676576601083,0.197024218493346,1.49935664990057,1.02153969553665,1.24397172601641
2835,0.267147248740311,0.177956205387757,0.193296364407657,1.48288020319837,1.10392192904767,1.17806593920759
2836,0.277303248940437,0.182107894520712,0.196156525786912,1.45816553314506,1.211018832612,1.16158949250539
2837,0.276025211996541,0.178795309192553,0.194785509681286,1.46640375649616,1.16982771585649,1.1863041625587
2838,0.295689705406564,0.188232621251482,0.208259963194498,1.6064535534649,1.26868639606972,1.35930685293184
2839,0.282027604618806,0.196788460226492,0.208820321981439,1.46640375649616,1.27692461942082,1.32635395952743
2840,0.276837846364703,0.173066541140246,0.201303617141681,1.5899771067627,1.04625436558996,1.1863041625587
2841,0.28842504352813,0.179168114843878,0.205587312354688,1.41697441638955,1.17806593920759,1.25220994936751
2842,0.2795916433316,0.165812887458467,0.179565551564009,1.36754507628294,0.996825025483348,1.16982771585649
2843,0.305965634402522,0.182717868187684,0.203666652732994,1.5982153301138,1.15335126915429,1.26868639606972
2844,0.267498715176609,0.185287969361542,0.203442605689393,1.42521263974065,1.2192570559631,1.27692461942082
2845,0.270490079972399,0.190539263765215,0.207825675391551,1.48288020319837,1.29340106612302,1.30163928947412
2846,0.27802296774771,0.176924532228417,0.197163965511464,1.42521263974065,1.10392192904767,1.29340106612302
2847,0.261540787207058,0.188234335290232,0.214901502639412,1.40049796968735,1.16982771585649,1.31811573617633
2848,0.290170352307595,0.188388812020714,0.189865982425949,1.58173888341159,1.1863041625587,1.1863041625587
2849,0.274139744622822,0.190285240498088,0.211508340258689,1.49935664990057,1.23573350266531,1.31811573617633
2850,0.264802147880879,0.191669336718931,0.205423085280998,1.34283040622963,1.2192570559631,1.36754507628294
2851,0.276338115988368,0.190576654912294,0.194480793690283,1.6064535534649,1.2027806092609,1.1863041625587
2852,0.285304083546614,0.188328884711754,0.206453539752979,1.58173888341159,1.25220994936751,1.17806593920759
2853,0.276202469326636,0.183284667126352,0.201490939216008,1.42521263974065,1.12039837574988,1.26868639606972
2854,0.265183550194367,0.18367364047166,0.198929869550642,1.33459218287853,1.10392192904767,1.26868639606972
2855,0.284271187436494,0.181314553857189,0.205198141457584,1.50759487325168,1.10392192904767,1.32635395952743
2856,0.289820090603837,0.176888159478988,0.199333235595739,1.54878599000719,1.07920725899437,1.29340106612302
2857,0.268956327042476,0.181157626563193,0.20281991999711,1.40873619303845,1.12039837574988,1.27692461942082
2858,0.283559987263725,0.184049411384497,0.206965189202995,1.53230954330498,1.2192570559631,1.30987751282523
2859,0.292547594429293,0.177467107985032,0.203236568750065,1.56526243670939,1.04625436558996,1.1945423859098
2860,0.259384210489845,0.190575548318032,0.222446527407941,1.37578329963404,1.16158949250539,1.31811573617633
2861,0.26921371148616,0.192144040183364,0.217548680503456,1.48288020319837,1.22749527931421,1.41697441638955
2862,0.282659889541208,0.184496288284765,0.199540521780035,1.50759487325168,1.26044817271861,1.30987751282523
2863,0.283302271370221,0.180889921251165,0.201038307463561,1.48288020319837,1.07096903564327,1.28516284277192
2864,0.267573040420411,0.183410794381653,0.191029777136288,1.50759487325168,1.2192570559631,1.25220994936751
2865,0.281045319670865,0.203700669466926,0.224173130888679,1.54054776665608,1.35930685293184,1.51583309660278
2866,0.2735386370329,0.191180703801055,0.205339953672155,1.50759487325168,1.30163928947412,1.30987751282523
2867,0.266185093158167,0.190965133921761,0.205222473767207,1.43345086309176,1.22749527931421,1.25220994936751
2868,0.276640139230085,0.193506599897331,0.198741553089193,1.49111842654947,1.26044817271861,1.31811573617633
2869,0.285961385692453,0.175553407609579,0.206729853488402,1.48288020319837,1.15335126915429,1.38402152298514
2870,0.276726413372743,0.191720490507585,0.200124963534607,1.53230954330498,1.26868639606972,1.17806593920759
2871,0.279037902560536,0.179441972769127,0.195249806303064,1.44168908644286,1.12039837574988,1.25220994936751
2872,0.255435300366481,0.17061012077956,0.191079886716814,1.44168908644286,1.07096903564327,1.15335126915429
2873,0.258525955731991,0.173652533478931,0.190608050194758,1.32635395952743,1.12863659910098,1.2192570559631
2874,0.258933569697812,0.1707078176291,0.193077733286972,1.43345086309176,1.06273081229216,1.24397172601641
2875,0.285527672324291,0.184436908530625,0.197025729298981,1.42521263974065,1.1945423859098,1.24397172601641
2876,0.290285124888793,0.18930139034571,0.204107231131594,1.44168908644286,1.23573350266531,1.29340106612302
2877,0.301167748774436,0.184809189505235,0.201296094472838,1.58173888341159,1.15335126915429,1.30987751282523
2878,0.266514025776242,0.191842363610031,0.213253788012323,1.56526243670939,1.26868639606972,1.32635395952743
2879,0.288032324072332,0.183793015539338,0.200054388089541,1.5982153301138,1.13687482245208,1.30163928947412
2880,0.296082332451011,0.201006021911448,0.209660109287164,1.49935664990057,1.27692461942082,1.34283040622963
2881,0.270546266359851,0.176536850944784,0.188093147474609,1.33459218287853,1.07096903564327,1.1945423859098
2882,0.283801897105902,0.178628425132675,0.207443981571502,1.45816553314506,1.11216015239878,1.39225974633625
2883,0.284392352998596,0.196735662165253,0.22254636750724,1.47464197984727,1.33459218287853,1.44168908644286
2884,0.272190025832709,0.179851423887098,0.199959873037613,1.47464197984727,1.15335126915429,1.32635395952743
2885,0.259924193724896,0.183822466623129,0.197976276576691,1.39225974633625,1.15335126915429,1.24397172601641
2886,0.292912928876142,0.179694729446019,0.199676839893372,1.44168908644286,1.2027806092609,1.30987751282523
2887,0.279284381801114,0.199626229967527,0.215880064093067,1.53230954330498,1.25220994936751,1.39225974633625
2888,0.288886154032273,0.170547887542536,0.196513577282527,1.614691776816,1.02153969553665,1.28516284277192
2889,0.284118694119974,0.187842241855252,0.195693335206101,1.53230954330498,1.2027806092609,1.23573350266531
2890,0.263367352826271,0.188893969793997,0.207331587529036,1.40049796968735,1.25220994936751,1.30987751282523
2891,0.301096013822384,0.182081190010476,0.216617974064834,1.54878599000719,1.15335126915429,1.38402152298514
2892,0.282873303095357,0.181804419037302,0.19052977302079,1.5899771067627,1.13687482245208,1.15335126915429
2893,0.27615389623603,0.191285565335038,0.203592162127497,1.43345086309176,1.1863041625587,1.30987751282523
2894,0.28578447346097,0.181463988909377,0.201610059044174,1.5899771067627,1.27692461942082,1.28516284277192
2895,0.279382225178759,0.182765578883046,0.208227291754908,1.46640375649616,1.12863659910098,1.22749527931421
2896,0.28902324189868,0.187164334473174,0.207450202050603,1.44168908644286,1.2027806092609,1.35106862958074
2897,0.283644126298225,0.194202960291016,0.201738580939199,1.43345086309176,1.17806593920759,1.28516284277192
2898,0.297201424577885,0.182000628220057,0.199596076019734,1.53230954330498,1.10392192904767,1.30163928947412
2899,0.275247538262305,0.17977668378821,0.192228188248117,1.36754507628294,1.1863041625587,1.24397172601641
2900,0.2623431010425,0.176190799392393,0.2077661549318,1.44992730979396,1.09568370569657,1.31811573617633
2901,0.296251437795867,0.190163270530631,0.214803330908321,1.46640375649616,1.23573350266531,1.35106862958074
2902,0.279645370626928,0.199604420663363,0.216224138764576,1.6064535534649,1.27692461942082,1.33459218287853
2903,0.300139295815318,0.18646963752114,0.209907234436902,1.5899771067627,1.211018832612,1.30987751282523
2904,0.292848496810509,0.201589891654399,0.214125435027892,1.53230954330498,1.25220994936751,1.36754507628294
2905,0.291101698987192,0.193580540672146,0.213622252003907,1.55702421335829,1.2027806092609,1.41697441638955
2906,0.268077170371242,0.187703453460423,0.207227615382259,1.35930685293184,1.1863041625587,1.27692461942082
2907,0.319361543834359,0.183762825650622,0.197441549368019,1.67235934027372,1.2027806092609,1.30987751282523
2908,0.273587837990745,0.179950011714874,0.194565263999106,1.40049796968735,1.2027806092609,1.30987751282523
2909,0.294985992589934,0.183305545769431,0.201106848691585,1.5982153301138,1.16982771585649,1.27692461942082
2910,0.271280445059915,0.176170842574243,0.192849973239048,1.52407131995388,1.07096903564327,1.26044817271861
2911,0.292443894144477,0.184008122335986,0.205218026151218,1.66412111692261,1.2192570559631,1.36754507628294
2912,0.305498308816087,0.176002765363886,0.194487832704101,1.65588289357151,1.09568370569657,1.29340106612302
2913,0.290586056920963,0.21609653474292,0.211979695541721,1.56526243670939,1.47464197984727,1.40873619303845
2914,0.260084245684716,0.181243354275957,0.193249170505581,1.54054776665608,1.2027806092609,1.2192570559631
2915,0.298164638354813,0.18155026415107,0.204668760850194,1.58173888341159,1.10392192904767,1.26044817271861
2916,0.285649942175778,0.191413848686794,0.224907316915329,1.41697441638955,1.211018832612,1.43345086309176
2917,0.287139786406436,0.188975901028921,0.199635011424517,1.52407131995388,1.1945423859098,1.32635395952743
2918,0.289851251051731,0.197351911219506,0.214950272559549,1.63116822351821,1.2192570559631,1.22749527931421
2919,0.28130827597404,0.177277703449855,0.186610220965815,1.56526243670939,1.02153969553665,1.24397172601641
2920,0.274959062450352,0.174121772311102,0.196485677207336,1.48288020319837,1.02977791888776,1.31811573617633
2921,0.276695717299541,0.176525421024295,0.19247264703428,1.50759487325168,1.211018832612,1.26044817271861
2922,0.282079194684216,0.167194142228395,0.190080404598524,1.50759487325168,1.00506324883445,1.1863041625587
2923,0.314337110434301,0.188062232414963,0.20512690041252,1.53230954330498,1.16158949250539,1.32635395952743
2924,0.302125672927449,0.189382601206184,0.210312319035574,1.65588289357151,1.26868639606972,1.31811573617633
2925,0.30358938752259,0.181979201756339,0.202242958955401,1.56526243670939,1.13687482245208,1.2192570559631
2926,0.299930391029728,0.199620676588082,0.206948615791533,1.63940644686931,1.32635395952743,1.34283040622963
2927,0.279152077793332,0.186214170090953,0.209922424345362,1.48288020319837,1.1863041625587,1.35106862958074
2928,0.297122169149498,0.178308806913013,0.194788641695102,1.54878599000719,1.09568370569657,1.32635395952743
2929,0.278561440605816,0.187808774883887,0.20944457015901,1.46640375649616,1.2027806092609,1.30163928947412
2930,0.26033981498961,0.187783916387541,0.212515324309651,1.40873619303845,1.22749527931421,1.35930685293184
2931,0.278573890064369,0.18131456917275,0.189214164798176,1.35930685293184,1.12039837574988,1.16982771585649
2932,0.290975819827298,0.177695744725881,0.196159894635362,1.51583309660278,1.12039837574988,1.26868639606972
2933,0.281777517772398,0.181896926814277,0.195956959645318,1.49935664990057,1.16982771585649,1.1945423859098
2934,0.277461158337624,0.18571829899696,0.195521731009323,1.55702421335829,1.211018832612,1.28516284277192
2935,0.27091788047063,0.17913247264367,0.204137377506787,1.30163928947412,1.16982771585649,1.16982771585649
2936,0.301531190348284,0.188788088249247,0.212435620022645,1.6064535534649,1.1945423859098,1.30163928947412
2937,0.281675427347675,0.188674357538555,0.216358316081854,1.39225974633625,1.22749527931421,1.41697441638955
2938,0.282635465905075,0.18397931499541,0.213610943579278,1.45816553314506,1.16982771585649,1.29340106612302
2939,0.265997857099696,0.188314050238076,0.202830627586274,1.35106862958074,1.17806593920759,1.22749527931421
2940,0.285456424202163,0.18265803019989,0.200445633069732,1.51583309660278,1.1945423859098,1.30163928947412
2941,0.267234571139073,0.180115238341844,0.197550723047388,1.44168908644286,1.22749527931421,1.26044817271861
2942,0.274716070322905,0.170881702225112,0.207990047788476,1.54054776665608,1.07096903564327,1.40873619303845
2943,0.28099129755521,0.180353291740346,0.200394541398399,1.43345086309176,1.15335126915429,1.30987751282523
2944,0.26490798547459,0.187979651177409,0.21080936445519,1.39225974633625,1.26044817271861,1.28516284277192
2945,0.289973556608748,0.185527543640421,0.202714808494889,1.44168908644286,1.2027806092609,1.2027806092609
2946,0.302828108790317,0.169883212030479,0.199753979225801,1.57350066006049,1.02153969553665,1.27692461942082
2947,0.311775042972148,0.182269901961568,0.20490357183678,1.63940644686931,1.08744548234547,1.26868639606972
2948,0.29581017337604,0.180954417541022,0.196613392496641,1.50759487325168,1.211018832612,1.25220994936751
2949,0.280936943138268,0.197465367693803,0.207667905696533,1.50759487325168,1.31811573617633,1.40049796968735
2950,0.267614638837503,0.199020900391892,0.211666078962646,1.41697441638955,1.28516284277192,1.35106862958074
2951,0.279640013013883,0.179164956082502,0.191144467194325,1.5899771067627,1.1945423859098,1.2027806092609
2952,0.260983368062494,0.175668008656587,0.193718147954881,1.39225974633625,1.06273081229216,1.30987751282523
2953,0.289461337194711,0.19302506264594,0.196121006620999,1.6064535534649,1.27692461942082,1.28516284277192
2954,0.272000620042873,0.190700762195307,0.205229031566536,1.53230954330498,1.24397172601641,1.33459218287853
2955,0.316114981089528,0.190159987094963,0.200122833189973,1.54054776665608,1.28516284277192,1.26868639606972
2956,0.288569088415149,0.193340030671898,0.210664908280464,1.5899771067627,1.33459218287853,1.35930685293184
2957,0.28202473421551,0.17719861458552,0.191712427095799,1.51583309660278,1.17806593920759,1.12863659910098
2958,0.275433348951045,0.174915271274026,0.197135964954237,1.45816553314506,1.07920725899437,1.25220994936751
2959,0.271053714680649,0.193149288171186,0.208650041161846,1.36754507628294,1.23573350266531,1.32635395952743
2960,0.281946531575342,0.189283537541537,0.197302476244849,1.49935664990057,1.1863041625587,1.2027806092609
2961,0.275748588029889,0.193221005470539,0.201546406941267,1.50759487325168,1.22749527931421,1.34283040622963
2962,0.28812596095116,0.174034567701182,0.203321571880639,1.57350066006049,1.07096903564327,1.35930685293184
2963,0.286858976089557,0.181244963224676,0.199110851671328,1.53230954330498,1.07920725899437,1.30163928947412
2964,0.27831864104557,0.177431525727943,0.194137744454148,1.45816553314506,1.17806593920759,1.23573350266531
2965,0.273503409770035,0.183376738677408,0.191807721363822,1.45816553314506,1.22749527931421,1.28516284277192
2966,0.313911256460777,0.204620853392666,0.214124019355503,1.63940644686931,1.38402152298514,1.38402152298514
2967,0.275550167596848,0.182168590147497,0.195079407330707,1.44168908644286,1.211018832612,1.32635395952743
2968,0.273644622416829,0.180298614813613,0.201987892116106,1.53230954330498,1.211018832612,1.26868639606972
2969,0.309932492289172,0.19259831763947,0.206956907841951,1.6064535534649,1.26044817271861,1.35106862958074
2970,0.302307423406673,0.204984943295966,0.217452972806735,1.57350066006049,1.26868639606972,1.36754507628294
2971,0.284468532445544,0.179715508376613,0.212139882979398,1.48288020319837,1.12039837574988,1.30987751282523
2972,0.279540773778962,0.188770288045889,0.211014722671688,1.54878599000719,1.17806593920759,1.33459218287853
2973,0.256526412333562,0.182194545244675,0.199837880652201,1.46640375649616,1.1945423859098,1.35930685293184
2974,0.279303098380223,0.191646796364867,0.198473684765078,1.41697441638955,1.27692461942082,1.31811573617633
2975,0.274676821314966,0.185710408072772,0.198474127961464,1.44168908644286,1.23573350266531,1.33459218287853
2976,0.27491784929003,0.193237204276089,0.202898259965069,1.41697441638955,1.1945423859098,1.30163928947412
2977,0.298683850509722,0.184035479758722,0.219468061365538,1.65588289357151,1.1945423859098,1.32635395952743
2978,0.293879010792375,0.185169967847292,0.19438634709408,1.50759487325168,1.22749527931421,1.2192570559631
2979,0.271784121104963,0.184630448971409,0.198178774342736,1.42521263974065,1.2027806092609,1.22749527931421
2980,0.26473994358263,0.176676540340269,0.190733191208949,1.44992730979396,1.06273081229216,1.12039837574988
2981,0.268371189853305,0.179952691107354,0.19397891628989,1.46640375649616,1.07096903564327,1.27692461942082
2982,0.293793429043086,0.175807547656186,0.19383970932601,1.5982153301138,1.10392192904767,1.24397172601641
2983,0.2760938047407,0.191123955652116,0.194344511630255,1.52407131995388,1.2192570559631,1.27692461942082
2984,0.307332713492399,0.188428519422522,0.21331896010045,1.54054776665608,1.22749527931421,1.34283040622963
2985,0.284271363520392,0.181317108500167,0.195818667843642,1.52407131995388,1.12863659910098,1.25220994936751
2986,0.281458667050338,0.176166376650903,0.194622556253562,1.54878599000719,1.12039837574988,1.25220994936751
2987,0.282290600323285,0.182039505104093,0.208810753220351,1.52407131995388,1.16982771585649,1.33459218287853
2988,0.290817271599067,0.18240506656629,0.19950765493825,1.55702421335829,1.1863041625587,1.32635395952743
2989,0.288126452312759,0.185699887813901,0.2006889614583,1.53230954330498,1.22749527931421,1.35930685293184
2990,0.271385011258463,0.185007718658523,0.209949711302228,1.45816553314506,1.16982771585649,1.39225974633625
2991,0.28593551515689,0.174688288282395,0.197499547110496,1.53230954330498,1.10392192904767,1.25220994936751
2992,0.280916289989172,0.189202626001115,0.203961591880692,1.49935664990057,1.1863041625587,1.32635395952743
2993,0.296754340336384,0.184722325841851,0.202379715638182,1.54054776665608,1.16158949250539,1.35930685293184
2994,0.283641025171897,0.190388498107722,0.201948439763728,1.42521263974065,1.1863041625587,1.29340106612302
2995,0.269278172213697,0.182063798324908,0.204806517977544,1.44992730979396,1.2192570559631,1.35106862958074
2996,0.290518431805652,0.183692172968263,0.212912141635451,1.53230954330498,1.12863659910098,1.43345086309176
2997,0.290638033779733,0.183055923576096,0.208772811450307,1.6064535534649,1.16982771585649,1.26044817271861
2998,0.301627314933799,0.178140746652812,0.204013889327365,1.5899771067627,1.15335126915429,1.22749527931421
2999,0.282721762218401,0.178911114577398,0.196658054125663,1.50759487325168,1.14511304580318,1.1945423859098
3000,0.276434161211856,0.192040500020646,0.207397874598814,1.37578329963404,1.22749527931421,1.27692461942082
