Method,ComponentRank,Eigenvalue,EnergyFraction,CumulativeEnergy
LV-GGM,1,2.84510129807395,0.0308039755285823,0.0308039755285823
LV-GGM,2,2.05238607477449,0.02222123003682,0.0530252055654023
LV-GGM,3,1.76960619431856,0.0191595659324745,0.0721847714978767
LV-GGM,4,1.63911027463579,0.0177466836849393,0.089931455182816
LV-GGM,5,1.58167285682541,0.0171248074748185,0.107056262657634
LV-GGM,6,1.52138943085089,0.0164721174705099,0.123528380128144
LV-GGM,7,1.44367983809533,0.015630753967847,0.139159134095991
LV-GGM,8,1.43709302127822,0.0155594383545215,0.154718572450513
LV-GGM,9,1.39809729191874,0.015137230718638,0.169855803169151
LV-GGM,10,1.35404596536876,0.0146602860186494,0.1845160891878
LV-GGM,11,1.31614087751418,0.0142498867827867,0.198765975970587
LV-GGM,12,1.25796264546224,0.013619989760267,0.212385965730854
LV-GGM,13,1.24956148395861,0.013529030196351,0.225914995927205
LV-GGM,14,1.2424761884173,0.0134523175427049,0.23936731346991
LV-GGM,15,1.21592303358543,0.0131648259401383,0.252532139410048
LV-GGM,16,1.1845330757046,0.0128249661625412,0.265357105572589
LV-GGM,17,1.16877617597277,0.0126543658559462,0.278011471428536
LV-GGM,18,1.1329280660663,0.0122662375664359,0.290277708994972
LV-GGM,19,1.13099232766856,0.0122452792834131,0.302522988278385
LV-GGM,20,1.09276746692804,0.0118314178593466,0.314354406137731
LV-GGM,21,1.06266854405003,0.0115055361466643,0.325859942284395
LV-GGM,22,1.0453162460499,0.0113176624272566,0.337177604711652
LV-GGM,23,1.02884300136245,0.0111393062377697,0.348316910949422
LV-GGM,24,1.00708776245791,0.010903761778496,0.359220672727918
LV-GGM,25,0.98973326918186,0.0107158642907868,0.369936537018704
LV-GGM,26,0.983098563327624,0.0106440301817828,0.380580567200487
LV-GGM,27,0.965950004935636,0.0104583623556794,0.391038929556167
LV-GGM,28,0.955973061021771,0.0103503417602859,0.401389271316453
LV-GGM,29,0.943569851549804,0.0102160519333089,0.411605323249762
LV-GGM,30,0.917871689763003,0.00993781735960638,0.421543140609368
LV-GGM,31,0.878944511354254,0.00951635192640313,0.431059492535771
LV-GGM,32,0.865988863148222,0.00937608083286924,0.44043557336864
LV-GGM,33,0.812648107853703,0.0087985592796364,0.449234132648277
LV-GGM,34,0.797854334403533,0.00863838676288175,0.457872519411158
LV-GGM,35,0.787106688840006,0.00852202176345171,0.46639454117461
LV-GGM,36,0.764547641912347,0.00827777445669389,0.474672315631304
LV-GGM,37,0.759588533267696,0.00822408207623742,0.482896397707541
LV-GGM,38,0.736273315062293,0.0079716476861055,0.490868045393647
LV-GGM,39,0.715073398981032,0.00774211571948722,0.498610161113134
LV-GGM,40,0.705666373656667,0.00764026564543725,0.506250426758571
LV-GGM,41,0.679451813143043,0.00735644001114406,0.513606866769716
LV-GGM,42,0.659003177924061,0.007135042179262,0.520741908948978
LV-GGM,43,0.656787685292445,0.00711105499087814,0.527852963939856
LV-GGM,44,0.642402434036675,0.00695530555307948,0.534808269492935
LV-GGM,45,0.630950189637178,0.00683131184625847,0.541639581339194
LV-GGM,46,0.621116827244343,0.00672484581121163,0.548364427150405
LV-GGM,47,0.604274016452513,0.00654248832122865,0.554906915471634
LV-GGM,48,0.594953420824011,0.00644157402343316,0.561348489495067
LV-GGM,49,0.58620996756484,0.00634690845900734,0.567695397954074
LV-GGM,50,0.569030358158382,0.00616090444287427,0.573856302396949
LV-GGM,51,0.56248548318141,0.00609004293479203,0.579946345331741
LV-GGM,52,0.556450587494284,0.00602470298391238,0.585971048315653
LV-GGM,53,0.537015568885379,0.00581427960178834,0.591785327917441
LV-GGM,54,0.513745666635152,0.0055623358485189,0.59734766376596
LV-GGM,55,0.508223630044015,0.00550254863456751,0.602850212400528
LV-GGM,56,0.489220833507908,0.00529680493051411,0.608147017331042
LV-GGM,57,0.479562893315052,0.00519223819555861,0.613339255526601
LV-GGM,58,0.470674266044007,0.00509600082885208,0.618435256355453
LV-GGM,59,0.463203903611872,0.00501511904734754,0.6234503754028
LV-GGM,60,0.443003460487529,0.00479640839683747,0.628246783799638
LV-GGM,61,0.437954725052353,0.00474174562511095,0.632988529424749
LV-GGM,62,0.421083666275116,0.00455908229355678,0.637547611718305
LV-GGM,63,0.404294783503587,0.00437730868345843,0.641924920401764
LV-GGM,64,0.398636253797181,0.00431604365548846,0.646240964057252
LV-GGM,65,0.390011716306437,0.00422266559475295,0.650463629652005
LV-GGM,66,0.387167604214968,0.00419187232938645,0.654655501981392
LV-GGM,67,0.379345563331507,0.00410718291740636,0.658762684898798
LV-GGM,68,0.370398063915367,0.00401030814066524,0.662772993039463
LV-GGM,69,0.366070987156614,0.00396345878360468,0.666736451823068
LV-GGM,70,0.354375422671562,0.00383683064476323,0.670573282467831
LV-GGM,71,0.340419064600312,0.00368572484308722,0.674259007310918
LV-GGM,72,0.33270842101257,0.00360224153212489,0.677861248843043
LV-GGM,73,0.326721021906032,0.00353741582778793,0.681398664670831
LV-GGM,74,0.321625212688659,0.00348224338716639,0.684880908057998
LV-GGM,75,0.318460063841116,0.00344797424964568,0.688328882307643
LV-GGM,76,0.306280322778355,0.00331610392014432,0.691644986227787
LV-GGM,77,0.298465225772083,0.00323148968967819,0.694876475917466
LV-GGM,78,0.296317312330935,0.00320823418270436,0.69808471010017
LV-GGM,79,0.285715101469661,0.0030934438080556,0.701178153908226
LV-GGM,80,0.285394157169965,0.00308996893692868,0.704268122845154
LV-GGM,81,0.280385470029984,0.00303573976899193,0.707303862614146
LV-GGM,82,0.272484544850793,0.00295019627497373,0.71025405888912
LV-GGM,83,0.271367858090909,0.00293810588239338,0.713192164771513
LV-GGM,84,0.267269468681486,0.00289373252839016,0.716085897299904
LV-GGM,85,0.249166346169077,0.00269772961515798,0.718783626915062
LV-GGM,86,0.243813098436204,0.0026397698819585,0.72142339679702
LV-GGM,87,0.240784962454194,0.00260698418580412,0.724030380982824
LV-GGM,88,0.235540192048334,0.00255019893905579,0.72658057992188
LV-GGM,89,0.229169627494083,0.0024812246938276,0.729061804615708
LV-GGM,90,0.226291503323053,0.00245006317891329,0.731511867794621
LV-GGM,91,0.219039614442058,0.00237154681544413,0.733883414610065
LV-GGM,92,0.21840910176316,0.00236472024053645,0.736248134850602
LV-GGM,93,0.213151738979041,0.00230779865582644,0.738555933506428
LV-GGM,94,0.208772131455278,0.00226038054699561,0.740816314053424
LV-GGM,95,0.206186560094053,0.00223238650791079,0.743048700561334
LV-GGM,96,0.201475625140397,0.00218138110956965,0.745230081670904
LV-GGM,97,0.200244569965238,0.0021680524475935,0.747398134118498
LV-GGM,98,0.195116129340495,0.00211252670599291,0.74951066082449
LV-GGM,99,0.192553670698865,0.00208478290884121,0.751595443733332
LV-GGM,100,0.185642954112741,0.00200996042545616,0.753605404158788
LV-GGM,101,0.183742653832074,0.00198938583172121,0.755594789990509
LV-GGM,102,0.178432414577307,0.00193189175227825,0.757526681742787
LV-GGM,103,0.176090031941342,0.001906530722973,0.75943321246576
LV-GGM,104,0.175859965882515,0.00190403979259705,0.761337252258357
LV-GGM,105,0.174307333414077,0.00188722940605825,0.763224481664415
LV-GGM,106,0.167595857857433,0.00181456410976546,0.765039045774181
LV-GGM,107,0.165159553443873,0.0017881861872689,0.76682723196145
LV-GGM,108,0.164163392213127,0.00177740072729417,0.768604632688744
LV-GGM,109,0.159225130024251,0.00172393405188164,0.770328566740626
LV-GGM,110,0.156409945666503,0.00169345398773657,0.772022020728362
LV-GGM,111,0.154751608868366,0.00167549913805071,0.773697519866413
LV-GGM,112,0.150750888394416,0.00163218324780115,0.775329703114214
LV-GGM,113,0.149919878888287,0.00162318588925081,0.776952889003465
LV-GGM,114,0.143680847100826,0.00155563575223702,0.778508524755702
LV-GGM,115,0.140018703185839,0.00151598563798071,0.780024510393682
LV-GGM,116,0.13863312330802,0.00150098393358512,0.781525494327268
LV-GGM,117,0.137936188107631,0.00149343820054837,0.783018932527816
LV-GGM,118,0.136140475792678,0.0014739959830626,0.784492928510879
LV-GGM,119,0.13524434205988,0.00146429352305032,0.785957222033929
LV-GGM,120,0.131939821988738,0.00142851541016764,0.787385737444096
LV-GGM,121,0.12989856507912,0.00140641467585143,0.788792152119948
LV-GGM,122,0.128860179108964,0.00139517204767662,0.790187324167625
LV-GGM,123,0.128030518103369,0.00138618928937178,0.791573513456996
LV-GGM,124,0.125394694627544,0.00135765116951576,0.792931164626512
LV-GGM,125,0.122523607332361,0.00132656584301399,0.794257730469526
LV-GGM,126,0.122087350042229,0.00132184247555481,0.795579572945081
LV-GGM,127,0.121179747736484,0.00131201584504616,0.796891588790127
LV-GGM,128,0.119088491534767,0.00128937376727364,0.798180962557401
LV-GGM,129,0.118005361938587,0.00127764669885692,0.799458609256258
LV-GGM,130,0.115944532103843,0.00125533404804164,0.800713943304299
LV-GGM,131,0.114723273563754,0.00124211145445299,0.801956054758752
LV-GGM,132,0.112976197810187,0.00122319582610756,0.80317925058486
LV-GGM,133,0.111098122212293,0.00120286185951118,0.804382112444371
LV-GGM,134,0.10997801850336,0.0011907344715469,0.805572846915918
LV-GGM,135,0.109618429467119,0.00118684119299115,0.806759688108909
LV-GGM,136,0.108443674486649,0.00117412209448489,0.807933810203394
LV-GGM,137,0.107149597395238,0.00116011109280882,0.809093921296203
LV-GGM,138,0.105848591924831,0.00114602507741805,0.810239946373621
LV-GGM,139,0.105387887607789,0.00114103702145052,0.811380983395071
LV-GGM,140,0.104714244798668,0.00113374347565614,0.812514726870727
LV-GGM,141,0.104007994136426,0.00112609688390508,0.813640823754633
LV-GGM,142,0.103333287368999,0.00111879181861027,0.814759615573243
LV-GGM,143,0.102341725807796,0.00110805615936079,0.815867671732604
LV-GGM,144,0.102142580362217,0.00110590000715756,0.816973571739761
LV-GGM,145,0.10159817547914,0.00110000572328539,0.818073577463046
LV-GGM,146,0.100751696944292,0.00109084088121436,0.819164418344261
LV-GGM,147,0.100189576552909,0.00108475479113665,0.820249173135397
LV-GGM,148,0.0999994048792578,0.00108269579816324,0.821331868933561
LV-GGM,149,0.0987761200393764,0.00106945126578132,0.822401320199342
LV-GGM,150,0.0983157886425881,0.00106446724742974,0.823465787446772
LV-GGM,151,0.0974138089153312,0.00105470149270441,0.824520488939476
LV-GGM,152,0.096912511614443,0.00104927393559087,0.825569762875067
LV-GGM,153,0.0968063453128682,0.00104812447066395,0.826617887345731
LV-GGM,154,0.0959110976810063,0.00103843160448637,0.827656318950217
LV-GGM,155,0.0956133001805734,0.0010352073442739,0.828691526294491
LV-GGM,156,0.094264619595301,0.00102060514934582,0.829712131443837
LV-GGM,157,0.0940417796916071,0.00101819245671347,0.830730323900551
LV-GGM,158,0.0938553646630021,0.00101617413702017,0.831746498037571
LV-GGM,159,0.0936332022979186,0.00101376878011354,0.832760266817684
LV-GGM,160,0.0928729632113538,0.00100553765448217,0.833765804472167
LV-GGM,161,0.0926078805670062,0.00100266759874986,0.834768472070916
LV-GGM,162,0.0925050872722823,0.00100155465344372,0.83577002672436
LV-GGM,163,0.0913985387418212,0.000989574027700596,0.836759600752061
LV-GGM,164,0.0910446285619865,0.000985742234250456,0.837745342986311
LV-GGM,165,0.0906294404331128,0.000981246983072497,0.838726589969384
LV-GGM,166,0.0896948618446649,0.000971128279746335,0.83969771824913
LV-GGM,167,0.0896773850480625,0.00097093905807777,0.840668657307208
LV-GGM,168,0.0891559181594872,0.00096529312438623,0.841633950431594
LV-GGM,169,0.0885209373448009,0.000958418172872216,0.842592368604466
LV-GGM,170,0.0879006648861548,0.000951702469058745,0.843544071073525
LV-GGM,171,0.0877350026409325,0.000949908840216323,0.844493979913741
LV-GGM,172,0.087370613819476,0.00094596359427846,0.84543994350802
LV-GGM,173,0.0865401495165584,0.000936972138655508,0.846376915646675
LV-GGM,174,0.0863938143524936,0.000935387764554004,0.847312303411229
LV-GGM,175,0.0860267334685661,0.000931413371595424,0.848243716782825
LV-GGM,176,0.0855464089772035,0.000926212887560733,0.849169929670385
LV-GGM,177,0.0850921673676479,0.000921294803472026,0.850091224473857
LV-GGM,178,0.0846685507436904,0.000916708296788865,0.851007932770646
LV-GGM,179,0.0843732493952981,0.000913511062470497,0.851921443833117
LV-GGM,180,0.0839778713385087,0.000909230295387047,0.852830674128504
LV-GGM,181,0.0836004830300667,0.000905144303712202,0.853735818432216
LV-GGM,182,0.0834061472671399,0.000903040226050862,0.854638858658267
LV-GGM,183,0.0829144436414893,0.000897716539874167,0.855536575198141
LV-GGM,184,0.0823021506914012,0.000891087230378716,0.85642766242852
LV-GGM,185,0.0821941850889995,0.000889918284381412,0.857317580712901
LV-GGM,186,0.0820655718973075,0.000888525786472035,0.858206106499373
LV-GGM,187,0.0816021228955699,0.000883508013741786,0.859089614513115
LV-GGM,188,0.0811615266106215,0.000878737667888469,0.859968352181003
LV-GGM,189,0.0807875949535398,0.000874689101455385,0.860843041282459
LV-GGM,190,0.0806339498493528,0.000873025582468322,0.861716066864927
LV-GGM,191,0.0803130746486562,0.000869551459477806,0.862585618324405
LV-GGM,192,0.0798685189881671,0.000864738245376758,0.863450356569782
LV-GGM,193,0.0798255725596208,0.000864273263432222,0.864314629833214
LV-GGM,194,0.079276602917223,0.000858329556808558,0.865172959390022
LV-GGM,195,0.078959552481579,0.000854896844635,0.866027856234657
LV-GGM,196,0.0785455027983909,0.000850413919433997,0.866878270154091
LV-GGM,197,0.0783894529155723,0.000848724363854785,0.867726994517946
LV-GGM,198,0.078102057527414,0.000845612727545087,0.868572607245491
LV-GGM,199,0.0773179288490647,0.000837122948767972,0.869409730194259
LV-GGM,200,0.0772776067380311,0.000836686380367971,0.870246416574627
LV-GGM,201,0.0771391354218668,0.000835187148323959,0.871081603722951
LV-GGM,202,0.0769058690750886,0.000832661568358612,0.87191426529131
LV-GGM,203,0.0765631033122215,0.000828950435760787,0.872743215727071
LV-GGM,204,0.0763992569753551,0.000827176467798839,0.87357039219487
LV-GGM,205,0.0758083669391873,0.000820778888132162,0.874391171083002
LV-GGM,206,0.0756498795509461,0.000819062941627102,0.875210234024629
LV-GGM,207,0.0754031140003767,0.000816391205479717,0.876026625230109
LV-GGM,208,0.0749306271634719,0.000811275579905525,0.876837900810014
LV-GGM,209,0.0743276060788333,0.000804746657105131,0.877642647467119
LV-GGM,210,0.0741891803323571,0.000803247918445152,0.878445895385564
LV-GGM,211,0.0740410968060631,0.000801644614786602,0.879247540000351
LV-GGM,212,0.0737964116956849,0.000798995403611802,0.880046535403963
LV-GGM,213,0.0733906055785623,0.000794601731685373,0.880841137135648
LV-GGM,214,0.0730259650674303,0.000790653760697751,0.881631790896346
LV-GGM,215,0.0725505586806857,0.000785506525092002,0.882417297421438
LV-GGM,216,0.07227643604643,0.000782538593186322,0.883199836014624
LV-GGM,217,0.0718807333573076,0.000778254311301325,0.883978090325926
LV-GGM,218,0.0711842639525156,0.000770713621443939,0.88474880394737
LV-GGM,219,0.0711319240425314,0.000770146936065317,0.885518950883435
LV-GGM,220,0.0709888349357185,0.000768597707098441,0.886287548590533
LV-GGM,221,0.0706944370035916,0.000765410254088229,0.887052958844622
LV-GGM,222,0.0704817625288515,0.000763107622783015,0.887816066467405
LV-GGM,223,0.06997905968552,0.000757664847829936,0.888573731315235
LV-GGM,224,0.0697314295865721,0.000754983751197878,0.889328715066433
LV-GGM,225,0.0691667628533258,0.000748870091819739,0.890077585158252
LV-GGM,226,0.0690430382052152,0.000747530522281297,0.890825115680534
LV-GGM,227,0.0685555041845878,0.000742251980511651,0.891567367661045
LV-GGM,228,0.068468955906276,0.000741314920362347,0.892308682581407
LV-GGM,229,0.0681319983213923,0.000737666673037742,0.893046349254445
LV-GGM,230,0.0679627823523115,0.000735834567947446,0.893782183822393
LV-GGM,231,0.0676255393518695,0.000732183230422194,0.894514367052815
LV-GGM,232,0.0675007645092448,0.000730832290404207,0.895245199343219
LV-GGM,233,0.0672923315220702,0.000728575581779941,0.895973774924999
LV-GGM,234,0.0669167464086569,0.000724509113338091,0.896698284038337
LV-GGM,235,0.0665665279847185,0.000720717290611792,0.897419001328949
LV-GGM,236,0.0661461891523682,0.000716166272651836,0.898135167601601
LV-GGM,237,0.0659566622935557,0.000714114261103136,0.898849281862704
LV-GGM,238,0.0655658848604872,0.000709883305075836,0.89955916516778
LV-GGM,239,0.0654297085563073,0.000708408921178022,0.900267574088958
LV-GGM,240,0.065230687382593,0.00070625411446906,0.900973828203427
LV-GGM,241,0.0647746286097236,0.000701316355912422,0.901675144559339
LV-GGM,242,0.0645763158728992,0.000699169219465549,0.902374313778805
LV-GGM,243,0.0641667236321013,0.000694734555093219,0.903069048333898
LV-GGM,244,0.0641008038051597,0.000694020839649298,0.903763069173547
LV-GGM,245,0.0635960358276067,0.00068855570544171,0.904451624878989
LV-GGM,246,0.0633748716638224,0.000686161156082915,0.905137786035072
LV-GGM,247,0.0631252002759952,0.000683457958370404,0.905821243993442
LV-GGM,248,0.0628534808988153,0.000680516046582954,0.906501760040025
LV-GGM,249,0.0625139649317753,0.000676840099597396,0.907178600139623
LV-GGM,250,0.0623131661139762,0.000674666046296081,0.907853266185919
LV-GGM,251,0.0622069818126035,0.000673516386484946,0.908526782572404
LV-GGM,252,0.0618000721732971,0.000669110766699097,0.909195893339103
LV-GGM,253,0.0616179044310785,0.000667138432470718,0.909863031771573
LV-GGM,254,0.0614396571535969,0.000665208545201924,0.910528240316775
LV-GGM,255,0.0613619879970099,0.000664367619502565,0.911192607936278
LV-GGM,256,0.0607335751601561,0.000657563779631768,0.91185017171591
LV-GGM,257,0.060621115087963,0.000656346171909286,0.912506517887819
LV-GGM,258,0.0600322510642229,0.000649970527924578,0.913156488415744
LV-GGM,259,0.0599556606061736,0.000649141281318465,0.913805629697062
LV-GGM,260,0.0595964532973672,0.000645252135734211,0.914450881832796
LV-GGM,261,0.0592353775681716,0.000641342760720521,0.915092224593517
LV-GGM,262,0.0589782474419357,0.000638558807080068,0.915730783400597
LV-GGM,263,0.0588309134106902,0.000636963618221209,0.916367747018818
LV-GGM,264,0.0583560575888624,0.000631822343594154,0.916999569362412
LV-GGM,265,0.0582563824499995,0.000630743158631418,0.917630312521044
LV-GGM,266,0.0579316243397582,0.000627226995292224,0.918257539516336
LV-GGM,267,0.0578813647622688,0.000626682833720153,0.918884222350056
LV-GGM,268,0.0577302988396363,0.000625047239589595,0.919509269589646
LV-GGM,269,0.0573967811860584,0.000621436236478345,0.920130705826124
LV-GGM,270,0.0571564906388365,0.000618834605337343,0.920749540431461
LV-GGM,271,0.0570812758347641,0.000618020252967676,0.921367560684429
LV-GGM,272,0.0566282880279516,0.000613115743829373,0.921980676428258
LV-GGM,273,0.0563913107016905,0.000610549985005982,0.922591226413264
LV-GGM,274,0.0560232973463873,0.000606565496158915,0.923197791909423
LV-GGM,275,0.0558052814953241,0.000604205033652522,0.923801996943076
LV-GGM,276,0.0556133970162948,0.000602127496096888,0.924404124439173
LV-GGM,277,0.0554767858390789,0.000600648403818965,0.925004772842992
LV-GGM,278,0.0552261705094226,0.000597934986027111,0.925602707829019
LV-GGM,279,0.0551886604214911,0.00059752886346427,0.926200236692483
LV-GGM,280,0.0549191847884402,0.0005946112447448,0.926794847937228
LV-GGM,281,0.0545724229675571,0.000590856846737263,0.927385704783965
LV-GGM,282,0.0541911584250761,0.00058672888698959,0.927972433670955
LV-GGM,283,0.0538596120926705,0.000583139227416862,0.928555572898372
LV-GGM,284,0.0537616010670401,0.000582078059845397,0.929137650958217
LV-GGM,285,0.053514929486603,0.00057940734111474,0.929717058299331
LV-GGM,286,0.0533052688794461,0.000577137341021407,0.930294195640353
LV-GGM,287,0.0531618982157936,0.000575585063632318,0.930869780703985
LV-GGM,288,0.0529591034144527,0.000573389399772456,0.931443170103758
LV-GGM,289,0.0525306598585746,0.000568750631789191,0.932011920735547
LV-GGM,290,0.0523723495979197,0.000567036603048479,0.932578957338595
LV-GGM,291,0.0521514835271964,0.000564645281149937,0.933143602619745
LV-GGM,292,0.0520597395291726,0.000563651966826847,0.933707254586572
LV-GGM,293,0.0516958654092863,0.000559712293574422,0.934266966880146
LV-GGM,294,0.0514219424612242,0.000556746523675637,0.934823713403822
LV-GGM,295,0.0513407372505214,0.000555867313039103,0.935379580716861
LV-GGM,296,0.0510112716852943,0.000552300181979258,0.93593188089884
LV-GGM,297,0.0506967885721957,0.000548895266264447,0.936480776165105
LV-GGM,298,0.0504826175918243,0.000546576432259218,0.937027352597364
LV-GGM,299,0.0502855748919251,0.000544443046530601,0.937571795643895
LV-GGM,300,0.0500988472874351,0.000542421342571197,0.938114216986466
LV-GGM,301,0.0494404938051739,0.00053529333466144,0.938649510321127
LV-GGM,302,0.0492458312778939,0.000533185719115124,0.939182696040243
LV-GGM,303,0.0490656616302766,0.000531235018301781,0.939713931058545
LV-GGM,304,0.048907114577442,0.000529518425806831,0.940243449484351
LV-GGM,305,0.0486614733013594,0.000526858862204516,0.940770308346556
LV-GGM,306,0.0485293818571542,0.000525428705177212,0.941295737051733
LV-GGM,307,0.0482703651870828,0.000522624325884364,0.941818361377617
LV-GGM,308,0.0481471617093601,0.000521290399069393,0.942339651776687
LV-GGM,309,0.0478183963531684,0.00051773084918847,0.942857382625875
LV-GGM,310,0.0477509434542437,0.000517000535139822,0.943374383161015
LV-GGM,311,0.0473366789596731,0.000512515284171166,0.943886898445186
LV-GGM,312,0.0471575747898919,0.000510576119310237,0.944397474564497
LV-GGM,313,0.0469065829992314,0.000507858625566653,0.944905333190063
LV-GGM,314,0.0467363233933375,0.000506015220997187,0.94541134841106
LV-GGM,315,0.0464710747584592,0.000503143368081682,0.945914491779142
LV-GGM,316,0.0462015672016685,0.000500225403723165,0.946414717182865
LV-GGM,317,0.0460735918563597,0.000498839811790877,0.946913556994656
LV-GGM,318,0.0456857735802923,0.000494640894622759,0.947408197889279
LV-GGM,319,0.0455795462341484,0.000493490768764921,0.947901688658044
LV-GGM,320,0.0450125261457941,0.000487351629558277,0.948389040287602
LV-GGM,321,0.0449761667776056,0.000486957965863887,0.948875998253466
LV-GGM,322,0.044830152887564,0.000485377070203434,0.949361375323669
LV-GGM,323,0.0446714455380988,0.000483658742173271,0.949845034065842
LV-GGM,324,0.0442669048565403,0.00047927877114606,0.950324312836989
LV-GGM,325,0.0440915989773266,0.000477380730462247,0.950801693567451
LV-GGM,326,0.0439993027105834,0.000476381436713352,0.951278075004164
LV-GGM,327,0.0435000392078495,0.000470975899578017,0.951749050903742
LV-GGM,328,0.0433019650928721,0.000468831346695228,0.952217882250437
LV-GGM,329,0.0430245239538063,0.000465827485263585,0.952683709735701
LV-GGM,330,0.0429212678684691,0.000464709529313104,0.953148419265014
LV-GGM,331,0.0427295283009587,0.000462633560717732,0.953611052825732
LV-GGM,332,0.0423238918354647,0.000458241725613289,0.954069294551345
LV-GGM,333,0.0421269876334593,0.000456109839404473,0.95452540439075
LV-GGM,334,0.0420156497125636,0.000454904381239241,0.954980308771989
LV-GGM,335,0.0418142774253227,0.000452724118971425,0.95543303289096
LV-GGM,336,0.0414863774521946,0.00044917393861233,0.955882206829573
LV-GGM,337,0.0414730601202623,0.000449029751560984,0.956331236581134
LV-GGM,338,0.0412084646974807,0.000446164970987492,0.956777401552121
LV-GGM,339,0.0408217998691935,0.000441978542224346,0.957219380094345
LV-GGM,340,0.0403665906113282,0.0004370499813857,0.957656430075731
LV-GGM,341,0.0401295582123364,0.000434483626288619,0.95809091370202
LV-GGM,342,0.0398648598154395,0.000431617730812072,0.958522531432832
LV-GGM,343,0.0397405302998595,0.00043027161235998,0.958952803045192
LV-GGM,344,0.0395486150418964,0.000428193741560139,0.959380996786752
LV-GGM,345,0.0394328076207176,0.000426939892015157,0.959807936678767
LV-GGM,346,0.0393121246055679,0.000425633254304962,0.960233569933072
LV-GGM,347,0.0389900650385286,0.000422146308153506,0.960655716241226
LV-GGM,348,0.0387664748604101,0.000419725492283134,0.961075441733509
LV-GGM,349,0.0385707768642162,0.000417606665691675,0.9614930483992
LV-GGM,350,0.0382860269845283,0.000414523672361487,0.961907572071562
LV-GGM,351,0.0381022793165343,0.000412534232241323,0.962320106303803
LV-GGM,352,0.0380049702073078,0.000411480664334495,0.962731586968138
LV-GGM,353,0.0376594161839787,0.000407739343178149,0.963139326311316
LV-GGM,354,0.0373999676395455,0.000404930287971906,0.963544256599288
LV-GGM,355,0.037147488217696,0.000402196687612091,0.9639464532869
LV-GGM,356,0.0370412477376295,0.000401046419552979,0.964347499706453
LV-GGM,357,0.036805954951531,0.000398498899283688,0.964745998605737
LV-GGM,358,0.0366221295734274,0.000396508617794424,0.965142507223531
LV-GGM,359,0.0364203990655551,0.000394324477063803,0.965536831700595
LV-GGM,360,0.0361550385121385,0.000391451412403775,0.965928283112999
LV-GGM,361,0.0360001496477121,0.000389774427196721,0.966318057540195
LV-GGM,362,0.0357978313489467,0.000387583922440925,0.966705641462636
LV-GGM,363,0.0354728957173264,0.000384065837073781,0.96708970729971
LV-GGM,364,0.0354255785909102,0.000383553533485436,0.967473260833195
LV-GGM,365,0.0351454202548785,0.000380520252901334,0.967853781086097
LV-GGM,366,0.0350431620975466,0.000379413101539735,0.968233194187636
LV-GGM,367,0.0349319500888339,0.000378209006628532,0.968611403194265
LV-GGM,368,0.0347383693289143,0.000376113103401675,0.968987516297667
LV-GGM,369,0.0342826702126023,0.000371179238854647,0.969358695536521
LV-GGM,370,0.0340355973536728,0.000368504175472758,0.969727199711994
LV-GGM,371,0.0339254335758423,0.000367311429780812,0.970094511141775
LV-GGM,372,0.0337527358605234,0.000365441627745951,0.970459952769521
LV-GGM,373,0.0336084234277391,0.000363879153801361,0.970823831923322
LV-GGM,374,0.0332239975362035,0.000359716966056611,0.971183548889379
LV-GGM,375,0.0331159075163346,0.000358546672988601,0.971542095562367
LV-GGM,376,0.0330113284566259,0.000357414393164944,0.971899509955532
LV-GGM,377,0.0327190062144443,0.000354249413696298,0.972253759369229
LV-GGM,378,0.0324773467003244,0.000351632960720005,0.972605392329948
LV-GGM,379,0.0322734514900506,0.00034942538270796,0.972954817712656
LV-GGM,380,0.0317313673003533,0.000343556225035025,0.973298373937691
LV-GGM,381,0.0314449890693658,0.000340455601508815,0.9736388295392
LV-GGM,382,0.0313482774662815,0.000339408502814385,0.973978238042015
LV-GGM,383,0.0312694634333563,0.000338555181513248,0.974316793223528
LV-GGM,384,0.0310501935360079,0.000336181141419615,0.974652974364948
LV-GGM,385,0.0308325293355122,0.000333824486241799,0.974986798851189
LV-GGM,386,0.0307340784494756,0.000332758556291856,0.975319557407481
LV-GGM,387,0.0305040034440474,0.000330267529050841,0.975649824936532
LV-GGM,388,0.030391698155728,0.000329051597176829,0.975978876533709
LV-GGM,389,0.0298890541810306,0.00032360945959577,0.976302485993305
LV-GGM,390,0.0296898668938413,0.000321452854372491,0.976623938847677
LV-GGM,391,0.0296272937369232,0.000320775373399931,0.976944714221077
LV-GGM,392,0.0292897412407309,0.000317120684957253,0.977261834906034
LV-GGM,393,0.0291410500236122,0.000315510801816522,0.977577345707851
LV-GGM,394,0.0290084543073609,0.000314075185024471,0.977891420892875
LV-GGM,395,0.0286211494109282,0.000309881826229167,0.978201302719104
LV-GGM,396,0.0284317024781429,0.000307830680041355,0.978509133399146
LV-GGM,397,0.0282991212334597,0.000306395219933296,0.978815528619079
LV-GGM,398,0.0280533548992612,0.000303734302323956,0.979119262921403
LV-GGM,399,0.0280009890930639,0.000303167336566453,0.979422430257969
LV-GGM,400,0.0276745681472833,0.000299633169669601,0.979722063427639
LV-GGM,401,0.0275438468167595,0.000298217846893838,0.980020281274533
LV-GGM,402,0.0273502325710125,0.000296121581115178,0.980316402855648
LV-GGM,403,0.0271180922231682,0.000293608192365528,0.980610011048013
LV-GGM,404,0.026964487601285,0.000291945111681275,0.980901956159695
LV-GGM,405,0.0267672947806625,0.000289810100592222,0.981191766260287
LV-GGM,406,0.0263705287590076,0.00028551430598206,0.981477280566269
LV-GGM,407,0.02626112725277,0.000284329813421738,0.981761610379691
LV-GGM,408,0.0260074120368357,0.000281582833091667,0.982043193212782
LV-GGM,409,0.0258665426730094,0.000280057637331864,0.982323250850114
LV-GGM,410,0.0256906277175699,0.000278153002166101,0.98260140385228
LV-GGM,411,0.0256607032455042,0.000277829009236274,0.982879232861517
LV-GGM,412,0.0254220667095568,0.000275245286112417,0.983154478147629
LV-GGM,413,0.0252464886234521,0.000273344298238492,0.983427822445868
LV-GGM,414,0.0249848884111779,0.000270511946876304,0.983698334392744
LV-GGM,415,0.0247857901900568,0.000268356305973341,0.983966690698717
LV-GGM,416,0.0244709017395358,0.000264947001661172,0.984231637700378
LV-GGM,417,0.0242831240388304,0.000262913928286506,0.984494551628665
LV-GGM,418,0.0239397113988649,0.000259195791935837,0.984753747420601
LV-GGM,419,0.0238112659412594,0.000257805110087174,0.985011552530688
LV-GGM,420,0.023562050523133,0.000255106849168834,0.985266659379857
LV-GGM,421,0.0233779522067023,0.000253113612570186,0.985519772992427
LV-GGM,422,0.0232512751066833,0.000251742076768751,0.985771515069196
LV-GGM,423,0.0227536746646449,0.000246354545628844,0.986017869614825
LV-GGM,424,0.0225071858217363,0.000243685805401505,0.986261555420226
LV-GGM,425,0.0223977904331174,0.000242501379076777,0.986504056799303
LV-GGM,426,0.022146169494293,0.000239777073531918,0.986743833872835
LV-GGM,427,0.0220848393585143,0.000239113050777098,0.986982946923612
LV-GGM,428,0.021764160695162,0.000235641055700814,0.987218587979313
LV-GGM,429,0.0216459850010677,0.000234361564811889,0.987452949544125
LV-GGM,430,0.0215210076484902,0.000233008432214103,0.987685957976339
LV-GGM,431,0.0211360923367109,0.000228840945505405,0.987914798921844
LV-GGM,432,0.0210233505578051,0.000227620287738029,0.988142419209582
LV-GGM,433,0.0208051781711645,0.000225258130417431,0.98836767734
LV-GGM,434,0.0207098119336483,0.000224225598026163,0.988591902938026
LV-GGM,435,0.0205490727785593,0.000222485271590967,0.988814388209617
LV-GGM,436,0.0203167801738671,0.000219970234353012,0.98903435844397
LV-GGM,437,0.0200908942869113,0.000217524562791599,0.989251883006761
LV-GGM,438,0.0198528827716022,0.000214947606780204,0.989466830613541
LV-GGM,439,0.0194821707477628,0.000210933899388403,0.98967776451293
LV-GGM,440,0.0193781760166205,0.000209807946103233,0.989887572459033
LV-GGM,441,0.0191766287794179,0.00020762578964826,0.990095198248681
LV-GGM,442,0.0189647149169587,0.000205331393509261,0.990300529642191
LV-GGM,443,0.0188919311302848,0.00020454336181946,0.99050507300401
LV-GGM,444,0.0186846204493389,0.000202298804429888,0.99070737180844
LV-GGM,445,0.0184629555909348,0.00019989883403922,0.990907270642479
LV-GGM,446,0.0183361235442206,0.000198525620626443,0.991105796263106
LV-GGM,447,0.0181114553072171,0.000196093132588358,0.991301889395694
LV-GGM,448,0.017871890810494,0.000193499362412383,0.991495388758106
LV-GGM,449,0.0173700423881549,0.00018806583829454,0.991683454596401
LV-GGM,450,0.0172401166247559,0.000186659129141869,0.991870113725543
LV-GGM,451,0.0170425341421317,0.000184519899173589,0.992054633624716
LV-GGM,452,0.0168838582996458,0.000182801912270197,0.992237435536987
LV-GGM,453,0.0167584786748179,0.00018144442426174,0.992418879961248
LV-GGM,454,0.016662477541134,0.000180405017835433,0.992599284979084
LV-GGM,455,0.0164097600530139,0.00017766883992677,0.992776953819011
LV-GGM,456,0.0163439515488466,0.000176956329777021,0.992953910148788
LV-GGM,457,0.0162096499257904,0.000175502243093755,0.993129412391881
LV-GGM,458,0.0158607260401753,0.000171724436362901,0.993301136828244
LV-GGM,459,0.0155521544102255,0.00016838352440865,0.993469520352653
LV-GGM,460,0.0154965763478491,0.000167781779481492,0.993637302132134
LV-GGM,461,0.0151936215272879,0.000164501680848395,0.993801803812983
LV-GGM,462,0.0150397974953765,0.000162836224606849,0.993964640037589
LV-GGM,463,0.0148490038676063,0.000160770497722249,0.994125410535312
LV-GGM,464,0.0147207779402867,0.000159382192732913,0.994284792728045
LV-GGM,465,0.0145561059385831,0.000157599285279265,0.994442392013324
LV-GGM,466,0.0141988705624706,0.00015373148985449,0.994596123503178
LV-GGM,467,0.0139791862815301,0.000151352963220416,0.994747476466399
LV-GGM,468,0.0136713992197556,0.000148020545803386,0.994895497012202
LV-GGM,469,0.0134612722841793,0.000145745496761804,0.995041242508964
LV-GGM,470,0.0131233751377248,0.000142087076783011,0.995183329585747
LV-GGM,471,0.0129751621535605,0.000140482371481198,0.995323811957228
LV-GGM,472,0.0129337911473684,0.000140034446669805,0.995463846403898
LV-GGM,473,0.0127235334237687,0.000137757981583362,0.995601604385481
LV-GGM,474,0.0125502505729052,0.000135881844272842,0.995737486229754
LV-GGM,475,0.0123092698883408,0.000133272740999364,0.995870758970754
LV-GGM,476,0.0121273205495324,0.000131302771429602,0.996002061742183
LV-GGM,477,0.0118926817333304,0.000128762331707039,0.99613082407389
LV-GGM,478,0.0116492717226587,0.000126126926065342,0.996256950999956
LV-GGM,479,0.0115273392907247,0.000124806760891618,0.996381757760847
LV-GGM,480,0.0114300633575152,0.000123753552182271,0.996505511313029
LV-GGM,481,0.0111182275369089,0.000120377298762615,0.996625888611792
LV-GGM,482,0.0108689718741368,0.000117678602114593,0.996743567213907
LV-GGM,483,0.0107892183914223,0.00011681510936953,0.996860382323276
LV-GGM,484,0.0106106500953655,0.000114881746425428,0.996975264069701
LV-GGM,485,0.0104661091841824,0.000113316798740093,0.997088580868442
LV-GGM,486,0.0101819766351859,0.000110240489263139,0.997198821357705
LV-GGM,487,0.00997371540542147,0.000107985640260202,0.997306806997965
LV-GGM,488,0.00966792781827619,0.000104674871199802,0.997411481869165
LV-GGM,489,0.00949822480076512,0.000102837492825233,0.99751431936199
LV-GGM,490,0.0094306342106282,0.000102105687990745,0.99761642504998
LV-GGM,491,0.0089539613213287,9.69447399334432e-05,0.997713369789914
LV-GGM,492,0.00882224550232627,9.55186498086296e-05,0.997808888439723
LV-GGM,493,0.00857841298707566,9.28786697003863e-05,0.997901767109423
LV-GGM,494,0.00850256160602542,9.20574250975095e-05,0.99799382453452
LV-GGM,495,0.00805264484795591,8.7186166272787e-05,0.998081010700793
LV-GGM,496,0.0080043950217918,8.66637643233648e-05,0.998167674465117
LV-GGM,497,0.00791496454118425,8.56954985051988e-05,0.998253369963622
LV-GGM,498,0.00771027188198875,8.34792864958032e-05,0.998336849250118
LV-GGM,499,0.00767963509041217,8.3147581266665e-05,0.998419996831384
LV-GGM,500,0.00734254708098544,7.94979218326093e-05,0.998499494753217
LV-GGM,501,0.0071644799241316,7.75699847338905e-05,0.998577064737951
LV-GGM,502,0.00702209030854261,7.60283291741757e-05,0.998653093067125
LV-GGM,503,0.00691454705087788,7.4863955912805e-05,0.998727957023038
LV-GGM,504,0.00653124989949517,7.07139890629915e-05,0.998798671012101
LV-GGM,505,0.00642926306319928,6.96097753003312e-05,0.998868280787401
LV-GGM,506,0.0061413331615745,6.64923518013503e-05,0.998934773139202
LV-GGM,507,0.00581694761350527,6.29802222011441e-05,0.998997753361404
LV-GGM,508,0.00576852959214365,6.24559991985483e-05,0.999060209360602
LV-GGM,509,0.00559761472921217,6.0605500146449e-05,0.999120814860749
LV-GGM,510,0.00549829683118435,5.95301830382426e-05,0.999180345043787
LV-GGM,511,0.00521996068749838,5.65166313715139e-05,0.999236861675158
LV-GGM,512,0.00512394776353927,5.54770972916321e-05,0.99929233877245
LV-GGM,513,0.00502736189414636,5.44313599186956e-05,0.999346770132369
LV-GGM,514,0.00468716707521348,5.07480629884763e-05,0.999397518195357
LV-GGM,515,0.00461345649715105,4.99499969075357e-05,0.999447468192265
LV-GGM,516,0.00434652207957997,4.70598919850283e-05,0.99949452808425
LV-GGM,517,0.00411071532682937,4.45068069872739e-05,0.999539034891237
LV-GGM,518,0.00384796741177138,4.16620294213182e-05,0.999580696920658
LV-GGM,519,0.00380278801900158,4.11728711230814e-05,0.999621869791781
LV-GGM,520,0.00338174430608582,3.66142214054419e-05,0.999658484013187
LV-GGM,521,0.00324891075739262,3.51760295962117e-05,0.999693660042783
LV-GGM,522,0.00314023908294604,3.399943894105e-05,0.999727659481724
LV-GGM,523,0.00286426940151158,3.10115090141639e-05,0.999758670990738
LV-GGM,524,0.00278725831642484,3.01777082696886e-05,0.999788848699008
LV-GGM,525,0.0023483096326267,2.54252010309569e-05,0.999814273900039
LV-GGM,526,0.00229518432963436,2.48500121846293e-05,0.999839123912224
LV-GGM,527,0.0022158103998684,2.39906288678478e-05,0.999863114541092
LV-GGM,528,0.00203464607341548,2.20291586444552e-05,0.999885143699736
LV-GGM,529,0.00194754597845969,2.10861239639777e-05,0.9999062298237
LV-GGM,530,0.00173546921655411,1.87899641090217e-05,0.999925019787809
LV-GGM,531,0.00155283831297408,1.68126152221997e-05,0.999941832403031
LV-GGM,532,0.0012350425595479,1.33718334763075e-05,0.999955204236508
LV-GGM,533,0.000988495282527382,1.07024605815286e-05,0.999965906697089
LV-GGM,534,0.000880795769596823,9.53639554089228e-06,0.99997544309263
LV-GGM,535,0.00072867406379503,7.88937042229392e-06,0.999983332463052
LV-GGM,536,0.0004424119549234,4.79000415283576e-06,0.999988122467205
LV-GGM,537,0.000287803077373284,3.11605036996713e-06,0.999991238517575
LV-GGM,538,0.000179233966510066,1.9405701730214e-06,0.999993179087748
LV-GGM,539,9.14558199212273e-05,9.90194212314012e-07,0.99999416928196
LV-GGM,540,4.12535522164187e-05,4.46653134565692e-07,0.999994615935095
LV-GGM,541,2.7486816438607e-05,2.97600377711217e-07,0.999994913535473
LV-GGM,542,2.06674875353897e-05,2.23767350817495e-07,0.999995137302823
LV-GGM,543,1.57065207137646e-05,1.70054851837264e-07,0.999995307357675
LV-GGM,544,1.48957886261802e-05,1.61277037352032e-07,0.999995468634712
LV-GGM,545,9.62892355233412e-06,1.04252571138147e-07,0.999995572887284
LV-GGM,546,9.04480446738383e-06,9.79283007120757e-08,0.999995670815584
LV-GGM,547,7.66759759166956e-06,8.30172509979523e-08,0.999995753832835
LV-GGM,548,7.07457060615189e-06,7.65965345327629e-08,0.99999583042937
LV-GGM,549,6.78724852205735e-06,7.34856918878064e-08,0.999995903915062
LV-GGM,550,6.03357028896944e-06,6.53256007640978e-08,0.999995969240662
LV-GGM,551,5.52812463519708e-06,5.98531293408932e-08,0.999996029093792
LV-GGM,552,4.86208006782863e-06,5.26418498802807e-08,0.999996081735642
LV-GGM,553,4.54646867633521e-06,4.92247182699978e-08,0.99999613096036
LV-GGM,554,4.19613676407187e-06,4.54316668030617e-08,0.999996176392027
LV-GGM,555,4.05535575079861e-06,4.39074276166769e-08,0.999996220299454
LV-GGM,556,3.75837800121694e-06,4.06920428650549e-08,0.999996260991497
LV-GGM,557,3.64218044208995e-06,3.94339692877619e-08,0.999996300425466
LV-GGM,558,3.52360806213937e-06,3.81501834721792e-08,0.99999633857565
LV-GGM,559,3.27205928223314e-06,3.54266591935456e-08,0.999996374002309
LV-GGM,560,3.20894012223783e-06,3.47432666334295e-08,0.999996408745576
LV-GGM,561,2.94166022242609e-06,3.18494211669583e-08,0.999996440594997
LV-GGM,562,2.74545074351512e-06,2.97250567406579e-08,0.999996470320054
LV-GGM,563,2.66197183920995e-06,2.88212287725254e-08,0.999996499141282
LV-GGM,564,2.56184000692982e-06,2.77370991799245e-08,0.999996526878381
LV-GGM,565,2.45096337424562e-06,2.65366353924988e-08,0.999996553415017
LV-GGM,566,2.34518646718191e-06,2.53913864486789e-08,0.999996578806403
LV-GGM,567,2.22690435718247e-06,2.41107433923637e-08,0.999996602917147
LV-GGM,568,2.15146141413102e-06,2.32939209568553e-08,0.999996626211068
LV-GGM,569,2.09145266363112e-06,2.26442048700674e-08,0.999996648855273
LV-GGM,570,2.02114813440495e-06,2.18830161562252e-08,0.999996670738289
LV-GGM,571,1.96730839577699e-06,2.13000920992562e-08,0.999996692038381
LV-GGM,572,1.90742294135785e-06,2.06517109418986e-08,0.999996712690092
LV-GGM,573,1.89174789032791e-06,2.04819968130335e-08,0.999996733172089
LV-GGM,574,1.81667910864327e-06,1.96692254310305e-08,0.999996752841314
LV-GGM,575,1.79786008037686e-06,1.94654713901523e-08,0.999996772306785
LV-GGM,576,1.75388209276109e-06,1.89893207324483e-08,0.999996791296106
LV-GGM,577,1.60911369878951e-06,1.74219100858638e-08,0.999996808718016
LV-GGM,578,1.59635443508082e-06,1.72837652516846e-08,0.999996826001781
LV-GGM,579,1.55323448764656e-06,1.68169046142591e-08,0.999996842818686
LV-GGM,580,1.52830021685181e-06,1.65469407054506e-08,0.999996859365627
LV-GGM,581,1.48084831971307e-06,1.6033177951472e-08,0.999996875398805
LV-GGM,582,1.45438235676147e-06,1.57466303773475e-08,0.999996891145435
LV-GGM,583,1.44252397733395e-06,1.56182394374743e-08,0.999996906763674
LV-GGM,584,1.4222356315391e-06,1.53985770627804e-08,0.999996922162251
LV-GGM,585,1.39622728606464e-06,1.51169841233386e-08,0.999996937279236
LV-GGM,586,1.34227441435252e-06,1.45328351719315e-08,0.999996951812071
LV-GGM,587,1.31379061670187e-06,1.42244404562897e-08,0.999996966036511
LV-GGM,588,1.30089191150014e-06,1.40847858859397e-08,0.999996980121297
LV-GGM,589,1.26573363069503e-06,1.37041263915728e-08,0.999996993825424
LV-GGM,590,1.2499927178807e-06,1.35336991756918e-08,0.999997007359123
LV-GGM,591,1.21191478242588e-06,1.31214285149869e-08,0.999997020480551
LV-GGM,592,1.17540827732772e-06,1.2726171765978e-08,0.999997033206723
LV-GGM,593,1.16793618020482e-06,1.26452712029377e-08,0.999997045851994
LV-GGM,594,1.13685442926895e-06,1.23087483888423e-08,0.999997058160743
LV-GGM,595,1.11368395839373e-06,1.2057881181299e-08,0.999997070218624
LV-GGM,596,1.10818763881304e-06,1.19983724059961e-08,0.999997082216996
LV-GGM,597,1.09567087372143e-06,1.18628531097798e-08,0.999997094079849
LV-GGM,598,1.0796248954489e-06,1.16891229433447e-08,0.999997105768972
LV-GGM,599,1.07602706761412e-06,1.16501691807305e-08,0.999997117419141
LV-GGM,600,1.05431259437673e-06,1.14150660922487e-08,0.999997128834207
LV-GGM,601,1.02001827003674e-06,1.10437606738956e-08,0.999997139877968
LV-GGM,602,1.01291321463799e-06,1.096683407983e-08,0.999997150844802
LV-GGM,603,9.94224506032289e-07,1.07644910128396e-08,0.999997161609293
LV-GGM,604,9.85735373019463e-07,1.06725789794217e-08,0.999997172281872
LV-GGM,605,9.75801490633838e-07,1.05650246121597e-08,0.999997182846897
LV-GGM,606,9.56519312270515e-07,1.03562560348006e-08,0.999997193203153
LV-GGM,607,9.46239923004031e-07,1.02449608567948e-08,0.999997203448113
LV-GGM,608,9.32788980384165e-07,1.00993271995401e-08,0.999997213547441
LV-GGM,609,9.26001434129407e-07,1.00258382840936e-08,0.999997223573279
LV-GGM,610,9.24006248957606e-07,1.00042363695155e-08,0.999997233577515
LV-GGM,611,9.00380792031411e-07,9.74844301779942e-09,0.999997243325958
LV-GGM,612,8.92033623548868e-07,9.65806803753307e-09,0.999997252984026
LV-GGM,613,8.64908413164461e-07,9.36438277667624e-09,0.999997262348409
LV-GGM,614,8.5978892470204e-07,9.30895396033778e-09,0.999997271657363
LV-GGM,615,8.46821542285876e-07,9.16855582024776e-09,0.999997280825919
LV-GGM,616,8.3349793710072e-07,9.02430084825296e-09,0.99999728985022
LV-GGM,617,8.13870159011725e-07,8.81179045491718e-09,0.99999729866201
LV-GGM,618,8.1281502047195e-07,8.80036644629559e-09,0.999997307462377
LV-GGM,619,8.00763129991465e-07,8.66988035791435e-09,0.999997316132257
LV-GGM,620,7.95669783919654e-07,8.61473458582502e-09,0.999997324746992
LV-GGM,621,7.8000665043373e-07,8.44514948847614e-09,0.999997333192141
LV-GGM,622,7.73987851539407e-07,8.37998381793298e-09,0.999997341572125
LV-GGM,623,7.68436160876712e-07,8.31987553868412e-09,0.999997349892
LV-GGM,624,7.57171353524113e-07,8.19791121697137e-09,0.999997358089912
LV-GGM,625,7.49255660212208e-07,8.11220782804924e-09,0.999997366202119
LV-GGM,626,7.32534724612066e-07,7.93116988349857e-09,0.999997374133289
LV-GGM,627,7.2914764532304e-07,7.89449790011325e-09,0.999997382027787
LV-GGM,628,7.17758678816176e-07,7.77118930445419e-09,0.999997389798977
LV-GGM,629,7.079073642817e-07,7.66452890116738e-09,0.999997397463505
LV-GGM,630,7.04398909919036e-07,7.6265427871391e-09,0.999997405090048
LV-GGM,631,6.96306170421036e-07,7.53892251519155e-09,0.999997412628971
LV-GGM,632,6.90094320374476e-07,7.47166667549579e-09,0.999997420100638
LV-GGM,633,6.85880826801467e-07,7.4260470861333e-09,0.999997427526685
LV-GGM,634,6.79141873171323e-07,7.35308428412279e-09,0.999997434879769
LV-GGM,635,6.74582663055067e-07,7.30372161399717e-09,0.999997442183491
LV-GGM,636,6.6364771412713e-07,7.18532867684217e-09,0.999997449368819
LV-GGM,637,6.5409850597547e-07,7.08193918613398e-09,0.999997456450758
LV-GGM,638,6.48943992285936e-07,7.02613115087646e-09,0.999997463476889
LV-GGM,639,6.40016043200223e-07,6.9294680460011e-09,0.999997470406357
LV-GGM,640,6.36641577790836e-07,6.89293263337337e-09,0.99999747729929
LV-GGM,641,6.28084393229535e-07,6.8002838043147e-09,0.999997484099574
LV-GGM,642,6.22483000907543e-07,6.73963740408655e-09,0.999997490839211
LV-GGM,643,6.21362883184559e-07,6.72750986439181e-09,0.999997497566721
LV-GGM,644,6.12521522913239e-07,6.63178425855082e-09,0.999997504198505
LV-GGM,645,6.0663135809078e-07,6.56801131198714e-09,0.999997510766517
LV-GGM,646,5.97332736285662e-07,6.46733492526997e-09,0.999997517233852
LV-GGM,647,5.9475700506263e-07,6.43944742558193e-09,0.999997523673299
LV-GGM,648,5.87329025409343e-07,6.359024523374e-09,0.999997530032324
LV-GGM,649,5.83652598519575e-07,6.31921976702958e-09,0.999997536351543
LV-GGM,650,5.82269692632628e-07,6.30424701399309e-09,0.99999754265579
LV-GGM,651,5.72856936561352e-07,6.20233489301786e-09,0.999997548858125
LV-GGM,652,5.66611171766901e-07,6.13471185758646e-09,0.999997554992837
LV-GGM,653,5.65146104815837e-07,6.11884954486711e-09,0.999997561111687
LV-GGM,654,5.583765154104e-07,6.04555504863079e-09,0.999997567157242
LV-GGM,655,5.54566182095278e-07,6.00430048441748e-09,0.999997573161542
LV-GGM,656,5.49323747449662e-07,5.94754052699766e-09,0.999997579109083
LV-GGM,657,5.46214020351311e-07,5.91387144199776e-09,0.999997585022954
LV-GGM,658,5.44524262550333e-07,5.89557639640982e-09,0.999997590918531
LV-GGM,659,5.34883868312707e-07,5.7911996319049e-09,0.99999759670973
LV-GGM,660,5.3213236803221e-07,5.76140907669173e-09,0.999997602471139
LV-GGM,661,5.28092981881233e-07,5.7176745522903e-09,0.999997608188814
LV-GGM,662,5.24152837936401e-07,5.67501452547935e-09,0.999997613863828
LV-GGM,663,5.21475995852601e-07,5.64603229623532e-09,0.999997619509861
LV-GGM,664,5.1379059327898e-07,5.56282227029868e-09,0.999997625072683
LV-GGM,665,5.12582614245929e-07,5.54974345423039e-09,0.999997630622427
LV-GGM,666,5.08759328122194e-07,5.50834864966789e-09,0.999997636130775
LV-GGM,667,5.03770241224333e-07,5.45433169399192e-09,0.999997641585107
LV-GGM,668,5.00444298611864e-07,5.4183216387741e-09,0.999997647003429
LV-GGM,669,4.97722444923614e-07,5.38885206787973e-09,0.999997652392281
LV-GGM,670,4.95058544352765e-07,5.36000995668651e-09,0.999997657752291
LV-GGM,671,4.92102563486222e-07,5.3280054855847e-09,0.999997663080296
LV-GGM,672,4.88544897431415e-07,5.28948655546248e-09,0.999997668369783
LV-GGM,673,4.84743392409354e-07,5.24832757537603e-09,0.99999767361811
LV-GGM,674,4.82376276053001e-07,5.22269875352574e-09,0.999997678840809
LV-GGM,675,4.77922083609879e-07,5.17447311210116e-09,0.999997684015282
LV-GGM,676,4.7446871591986e-07,5.1370834227124e-09,0.999997689152366
LV-GGM,677,4.71422844116403e-07,5.10410570042166e-09,0.999997694256471
LV-GGM,678,4.67934989625416e-07,5.06634262166578e-09,0.999997699322814
LV-GGM,679,4.65606553260122e-07,5.0411325889457e-09,0.999997704363947
LV-GGM,680,4.62888438981032e-07,5.01170350471813e-09,0.99999770937565
LV-GGM,681,4.58288121392266e-07,4.96189576306621e-09,0.999997714337546
LV-GGM,682,4.57553375225699e-07,4.95394064985109e-09,0.999997719291486
LV-GGM,683,4.55940281922647e-07,4.93647565250067e-09,0.999997724227962
LV-GGM,684,4.49550494830298e-07,4.86729328442161e-09,0.999997729095255
LV-GGM,685,4.48455887767718e-07,4.8554419492189e-09,0.999997733950697
LV-GGM,686,4.43224485819881e-07,4.79880144306523e-09,0.999997738749499
LV-GGM,687,4.40465494861465e-07,4.76892978611434e-09,0.999997743518429
LV-GGM,688,4.37698435002726e-07,4.73897076699877e-09,0.999997748257399
LV-GGM,689,4.35005025658591e-07,4.70980916365573e-09,0.999997752967208
LV-GGM,690,4.34187172961159e-07,4.70095425416808e-09,0.999997757668163
LV-GGM,691,4.30224196446287e-07,4.6580470186095e-09,0.99999776232621
LV-GGM,692,4.28082929199727e-07,4.63486347013344e-09,0.999997766961073
LV-GGM,693,4.25651272472121e-07,4.60853586823688e-09,0.999997771569609
LV-GGM,694,4.24156767509073e-07,4.59235482950189e-09,0.999997776161964
LV-GGM,695,4.21628859912198e-07,4.56498511728625e-09,0.999997780726949
LV-GGM,696,4.1868433689053e-07,4.53310470052772e-09,0.999997785260054
LV-GGM,697,4.1600081548865e-07,4.50405015415713e-09,0.999997789764104
LV-GGM,698,4.13701686229595e-07,4.47915743013324e-09,0.999997794243261
LV-GGM,699,4.11910671939835e-07,4.45976607827154e-09,0.999997798703027
LV-GGM,700,4.0728798348758e-07,4.40971612677915e-09,0.999997803112743
LV-GGM,701,4.07124698189168e-07,4.40794823319313e-09,0.999997807520692
LV-GGM,702,4.03526432815518e-07,4.36898973333575e-09,0.999997811889681
LV-GGM,703,4.00574746950284e-07,4.33703176430937e-09,0.999997816226713
LV-GGM,704,3.99901019420532e-07,4.32973730124282e-09,0.99999782055645
LV-GGM,705,3.97579972434357e-07,4.3046072734961e-09,0.999997824861058
LV-GGM,706,3.94522066228974e-07,4.27149925446596e-09,0.999997829132557
LV-GGM,707,3.9185354689519e-07,4.24260713582292e-09,0.999997833375164
LV-GGM,708,3.89013145143356e-07,4.21185404238682e-09,0.999997837587018
LV-GGM,709,3.87570071439478e-07,4.19622985104772e-09,0.999997841783248
LV-GGM,710,3.84986576156628e-07,4.16825828971e-09,0.999997845951506
LV-GGM,711,3.82288053986775e-07,4.13904132968831e-09,0.999997850090547
LV-GGM,712,3.79739545408837e-07,4.11144857018891e-09,0.999997854201996
LV-GGM,713,3.7838541147109e-07,4.09678733169134e-09,0.999997858298783
LV-GGM,714,3.74754762737246e-07,4.05747821646726e-09,0.999997862356262
LV-GGM,715,3.7337855228781e-07,4.04257795508278e-09,0.99999786639884
LV-GGM,716,3.72452458112006e-07,4.03255111268249e-09,0.999997870431391
LV-GGM,717,3.70819205356617e-07,4.01486784848974e-09,0.999997874446259
LV-GGM,718,3.69161581227294e-07,3.99692071488511e-09,0.999997878443179
LV-GGM,719,3.67503621948286e-07,3.97896995260732e-09,0.999997882422149
LV-GGM,720,3.66416946721932e-07,3.96720449557323e-09,0.999997886389354
LV-GGM,721,3.62909436751954e-07,3.92922860650573e-09,0.999997890318582
LV-GGM,722,3.59649951287948e-07,3.89393808432397e-09,0.99999789421252
LV-GGM,723,3.59579368204787e-07,3.89317387970044e-09,0.999997898105694
LV-GGM,724,3.56759160251968e-07,3.86263942497893e-09,0.999997901968334
LV-GGM,725,3.54490277689797e-07,3.83807418262019e-09,0.999997905806408
LV-GGM,726,3.5386973464893e-07,3.83135554920695e-09,0.999997909637763
LV-GGM,727,3.52198285489913e-07,3.81325873169592e-09,0.999997913451022
LV-GGM,728,3.51712064665174e-07,3.8079944079276e-09,0.999997917259016
LV-GGM,729,3.49426964828589e-07,3.78325358077526e-09,0.99999792104227
LV-GGM,730,3.48581050394317e-07,3.77409484623381e-09,0.999997924816365
LV-GGM,731,3.46214344704091e-07,3.74847047067487e-09,0.999997928564835
LV-GGM,732,3.45010787705325e-07,3.73543953207091e-09,0.999997932300275
LV-GGM,733,3.41528372872853e-07,3.69773534861971e-09,0.99999793599801
LV-GGM,734,3.40314356579019e-07,3.6845911669936e-09,0.999997939682602
LV-GGM,735,3.39572238395456e-07,3.67655623678522e-09,0.999997943359158
LV-GGM,736,3.38778497508794e-07,3.66796238641324e-09,0.99999794702712
LV-GGM,737,3.37458667568104e-07,3.65367255806076e-09,0.999997950680793
LV-GGM,738,3.36115645386873e-07,3.63913162680007e-09,0.999997954319924
LV-GGM,739,3.33182135125432e-07,3.60737044544338e-09,0.999997957927295
LV-GGM,740,3.31202278278202e-07,3.58593449097896e-09,0.999997961513229
LV-GGM,741,3.30942511175797e-07,3.58312198673842e-09,0.999997965096351
LV-GGM,742,3.2968593486506e-07,3.5695170068553e-09,0.999997968665868
LV-GGM,743,3.26152111589494e-07,3.53125622303837e-09,0.999997972197124
LV-GGM,744,3.25652873541842e-07,3.52585096150578e-09,0.999997975722976
LV-GGM,745,3.2400434469395e-07,3.50800230271708e-09,0.999997979230978
LV-GGM,746,3.22173057168322e-07,3.4881749116279e-09,0.999997982719153
LV-GGM,747,3.21912751831752e-07,3.48535657991398e-09,0.999997986204509
LV-GGM,748,3.19479089453305e-07,3.45900726279081e-09,0.999997989663516
LV-GGM,749,3.17564817169275e-07,3.43828139386226e-09,0.999997993101798
LV-GGM,750,3.17273020362564e-07,3.43512210329524e-09,0.99999799653692
LV-GGM,751,3.15213750179216e-07,3.41282633886058e-09,0.999997999949746
LV-GGM,752,3.14084382335658e-07,3.40059864790304e-09,0.999998003350345
LV-GGM,753,3.1277332425899e-07,3.38640379271896e-09,0.999998006736749
LV-GGM,754,3.11027836335981e-07,3.36750535585056e-09,0.999998010104254
LV-GGM,755,3.08451065051671e-07,3.33960659539576e-09,0.999998013443861
LV-GGM,756,3.0754180230042e-07,3.32976198720639e-09,0.999998016773623
LV-GGM,757,3.06341318210353e-07,3.3167643190538e-09,0.999998020090387
LV-GGM,758,3.0589141907624e-07,3.31189325104405e-09,0.99999802340228
LV-GGM,759,3.04871879211211e-07,3.3008546700719e-09,0.999998026703135
LV-GGM,760,3.0315572735781e-07,3.28227385548674e-09,0.999998029985409
LV-GGM,761,3.02669231609094e-07,3.27700655511035e-09,0.999998033262415
LV-GGM,762,3.01593623087784e-07,3.26536091753984e-09,0.999998036527776
LV-GGM,763,2.99942346662055e-07,3.24748251066431e-09,0.999998039775259
LV-GGM,764,2.98768080047439e-07,3.23476869970609e-09,0.999998043010028
LV-GGM,765,2.98448654153276e-07,3.23131026838991e-09,0.999998046241338
LV-GGM,766,2.97253625016507e-07,3.21837166113894e-09,0.999998049459709
LV-GGM,767,2.95861316240359e-07,3.20329710281031e-09,0.999998052663006
LV-GGM,768,2.94720183991322e-07,3.19094203837095e-09,0.999998055853949
LV-GGM,769,2.93442041760046e-07,3.17710356378274e-09,0.999998059031052
LV-GGM,770,2.92166587362087e-07,3.16329419042611e-09,0.999998062194346
LV-GGM,771,2.91174895947742e-07,3.15255712525375e-09,0.999998065346903
LV-GGM,772,2.89950636940181e-07,3.13930204553652e-09,0.999998068486205
LV-GGM,773,2.88427748431323e-07,3.12281369751482e-09,0.999998071609019
LV-GGM,774,2.85762181093367e-07,3.09395354019678e-09,0.999998074702973
LV-GGM,775,2.85268427226914e-07,3.08860765601697e-09,0.99999807779158
LV-GGM,776,2.83977983994101e-07,3.07463599820938e-09,0.999998080866216
LV-GGM,777,2.83123585940586e-07,3.06538541133222e-09,0.999998083931602
LV-GGM,778,2.81777869693734e-07,3.05081531136267e-09,0.999998086982417
LV-GGM,779,2.8113706295245e-07,3.04387728241079e-09,0.999998090026294
LV-GGM,780,2.80578920572852e-07,3.03783426235584e-09,0.999998093064129
LV-GGM,781,2.78941027218143e-07,3.02010075429024e-09,0.999998096084229
LV-GGM,782,2.78231915258271e-07,3.0124231832056e-09,0.999998099096652
LV-GGM,783,2.7785542015805e-07,3.0083468623162e-09,0.999998102104999
LV-GGM,784,2.76812666212264e-07,2.99705694197133e-09,0.999998105102056
LV-GGM,785,2.75026379872686e-07,2.97771677973224e-09,0.999998108079773
LV-GGM,786,2.73579108334547e-07,2.96204713834751e-09,0.99999811104182
LV-GGM,787,2.72596537536508e-07,2.95140882229234e-09,0.999998113993229
LV-GGM,788,2.71051375994582e-07,2.93467932364236e-09,0.999998116927908
LV-GGM,789,2.69836250116239e-07,2.9215231285199e-09,0.999998119849431
LV-GGM,790,2.69181606829309e-07,2.91443529097815e-09,0.999998122763867
LV-GGM,791,2.68582123432586e-07,2.90794467080412e-09,0.999998125671811
LV-GGM,792,2.67441630779169e-07,2.89559653128087e-09,0.999998128567408
LV-GGM,793,2.66467333876531e-07,2.88504779687667e-09,0.999998131452456
LV-GGM,794,2.65725530499667e-07,2.87701627508748e-09,0.999998134329472
LV-GGM,795,2.64448140686033e-07,2.86318594694195e-09,0.999998137192658
LV-GGM,796,2.62328196691553e-07,2.84023326579413e-09,0.999998140032892
LV-GGM,797,2.61451640964952e-07,2.8307427772938e-09,0.999998142863634
LV-GGM,798,2.60302633742081e-07,2.81830245033622e-09,0.999998145681937
LV-GGM,799,2.59535828524012e-07,2.81000023305187e-09,0.999998148491937
LV-GGM,800,2.59005110603506e-07,2.80425413823025e-09,0.999998151296191
LV-GGM,801,2.58085144022272e-07,2.79429363943373e-09,0.999998154090485
LV-GGM,802,2.57742748726009e-07,2.79058651788614e-09,0.999998156881071
LV-GGM,803,2.55715540528409e-07,2.76863788928985e-09,0.999998159649709
LV-GGM,804,2.54575753085974e-07,2.75629738510171e-09,0.999998162406006
LV-GGM,805,2.54377808371336e-07,2.75415423323931e-09,0.999998165160161
LV-GGM,806,2.53066324382851e-07,2.73995476669842e-09,0.999998167900115
LV-GGM,807,2.5227546861931e-07,2.73139215361914e-09,0.999998170631507
LV-GGM,808,2.51919950574138e-07,2.72754295177496e-09,0.999998173359051
LV-GGM,809,2.51000166107845e-07,2.71758442474099e-09,0.999998176076635
LV-GGM,810,2.50366378552813e-07,2.71072239267599e-09,0.999998178787357
LV-GGM,811,2.49459608266971e-07,2.70090477046549e-09,0.999998181488262
LV-GGM,812,2.48190127134212e-07,2.68716006978507e-09,0.999998184175422
LV-GGM,813,2.47984786765707e-07,2.68493684501245e-09,0.999998186860359
LV-GGM,814,2.4607275916176e-07,2.66423527928549e-09,0.999998189524594
LV-GGM,815,2.45419369944922e-07,2.65716101958875e-09,0.999998192181755
LV-GGM,816,2.45118924016266e-07,2.65390808478454e-09,0.999998194835663
LV-GGM,817,2.44120340455424e-07,2.64309639818758e-09,0.99999819747876
LV-GGM,818,2.42834261893829e-07,2.62917199677311e-09,0.999998200107932
LV-GGM,819,2.42597067793687e-07,2.62660389093404e-09,0.999998202734536
LV-GGM,820,2.42130879595039e-07,2.62155646085744e-09,0.999998205356092
LV-GGM,821,2.41533712400224e-07,2.61509091825339e-09,0.999998207971183
LV-GGM,822,2.41321169603187e-07,2.61278971262562e-09,0.999998210583973
LV-GGM,823,2.40488222383541e-07,2.60377137440759e-09,0.999998213187744
LV-GGM,824,2.39788208292271e-07,2.59619230615025e-09,0.999998215783937
LV-GGM,825,2.37957082777023e-07,2.57636666915109e-09,0.999998218360303
LV-GGM,826,2.37074883398972e-07,2.56681507671e-09,0.999998220927118
LV-GGM,827,2.36444550207164e-07,2.55999044511307e-09,0.999998223487109
LV-GGM,828,2.36015218766439e-07,2.55534206398067e-09,0.999998226042451
LV-GGM,829,2.35305163829935e-07,2.54765428326691e-09,0.999998228590105
LV-GGM,830,2.34695749867285e-07,2.54105614463299e-09,0.999998231131161
LV-GGM,831,2.34167252916027e-07,2.5353340962952e-09,0.999998233666495
LV-GGM,832,2.33164010371163e-07,2.52447196677379e-09,0.999998236190967
LV-GGM,833,2.32557404235419e-07,2.51790422854471e-09,0.999998238708872
LV-GGM,834,2.31822333732632e-07,2.50994560373408e-09,0.999998241218817
LV-GGM,835,2.3128562110217e-07,2.50413460405338e-09,0.999998243722952
LV-GGM,836,2.30115489786683e-07,2.49146556607154e-09,0.999998246214417
LV-GGM,837,2.29740207729595e-07,2.48740237882732e-09,0.99999824870182
LV-GGM,838,2.29586784377201e-07,2.48574126075189e-09,0.999998251187561
LV-GGM,839,2.28120526669993e-07,2.46986605568907e-09,0.999998253657427
LV-GGM,840,2.27590464532876e-07,2.4641270610489e-09,0.999998256121554
LV-GGM,841,2.26805726283088e-07,2.45563068242815e-09,0.999998258577185
LV-GGM,842,2.25912805783688e-07,2.4459630121659e-09,0.999998261023148
LV-GGM,843,2.25143234280395e-07,2.43763084424943e-09,0.999998263460779
LV-GGM,844,2.24847947510197e-07,2.4344337677695e-09,0.999998265895212
LV-GGM,845,2.24078137729258e-07,2.42609902001561e-09,0.999998268321311
LV-GGM,846,2.23597443610098e-07,2.42089453401246e-09,0.999998270742206
LV-GGM,847,2.22543919358054e-07,2.40948800332032e-09,0.999998273151694
LV-GGM,848,2.21890382063172e-07,2.40241214037928e-09,0.999998275554106
LV-GGM,849,2.21472145015771e-07,2.39788387849208e-09,0.99999827795199
LV-GGM,850,2.20631928464415e-07,2.38878683505669e-09,0.999998280340777
LV-GGM,851,2.20381542900047e-07,2.38607590493876e-09,0.999998282726853
LV-GGM,852,2.1979167132379e-07,2.37968935216036e-09,0.999998285106542
LV-GGM,853,2.19239397103375e-07,2.37370986679644e-09,0.999998287480252
LV-GGM,854,2.1857073565887e-07,2.3664702543484e-09,0.999998289846722
LV-GGM,855,2.17839131125251e-07,2.35854915566364e-09,0.999998292205271
LV-GGM,856,2.17166937128383e-07,2.35127129619199e-09,0.999998294556543
LV-GGM,857,2.16574339060661e-07,2.3448552236294e-09,0.999998296901398
LV-GGM,858,2.15979218367397e-07,2.3384118385435e-09,0.99999829923981
LV-GGM,859,2.15397380717316e-07,2.3321122692639e-09,0.999998301571922
LV-GGM,860,2.14532084419786e-07,2.32274368685451e-09,0.999998303894666
LV-GGM,861,2.13787749873684e-07,2.31468476003924e-09,0.99999830620935
LV-GGM,862,2.13403596742178e-07,2.31052552547344e-09,0.999998308519876
LV-GGM,863,2.1242359413903e-07,2.29991501532192e-09,0.999998310819791
LV-GGM,864,2.12120915746057e-07,2.29663790957652e-09,0.999998313116429
LV-GGM,865,2.11916717112001e-07,2.29442704638838e-09,0.999998315410856
LV-GGM,866,2.11332227513248e-07,2.28809876440106e-09,0.999998317698954
LV-GGM,867,2.10548607107704e-07,2.279614488705e-09,0.999998319978569
LV-GGM,868,2.10079448530325e-07,2.2745348982713e-09,0.999998322253104
LV-GGM,869,2.092786596826e-07,2.26586473946691e-09,0.999998324518968
LV-GGM,870,2.0905276740292e-07,2.26341899869133e-09,0.999998326782387
LV-GGM,871,2.08497615267511e-07,2.25740835407725e-09,0.999998329039796
LV-GGM,872,2.07893077317584e-07,2.25086300814238e-09,0.999998331290659
LV-GGM,873,2.0705749439967e-07,2.24181613316012e-09,0.999998333532475
LV-GGM,874,2.06281079506885e-07,2.23340987171222e-09,0.999998335765885
LV-GGM,875,2.05884874748661e-07,2.2291201539138e-09,0.999998337995005
LV-GGM,876,2.05155050605207e-07,2.22121833155326e-09,0.999998340216223
LV-GGM,877,2.04683181256113e-07,2.21610939153344e-09,0.999998342432333
LV-GGM,878,2.04508494399614e-07,2.21421805302243e-09,0.999998344646551
LV-GGM,879,2.03574842194882e-07,2.20410937967353e-09,0.99999834685066
LV-GGM,880,2.02373691376952e-07,2.19110449284342e-09,0.999998349041765
LV-GGM,881,2.01977017211697e-07,2.18680969276456e-09,0.999998351228574
LV-GGM,882,2.01443783049488e-07,2.18103635453762e-09,0.999998353409611
LV-GGM,883,2.01188601893745e-07,2.17827350244438e-09,0.999998355587884
LV-GGM,884,2.00841588878227e-07,2.17451638474689e-09,0.999998357762401
LV-GGM,885,1.99816940236953e-07,2.16342249093983e-09,0.999998359925823
LV-GGM,886,1.99385161912212e-07,2.15874761733934e-09,0.99999836208457
LV-GGM,887,1.99323381629318e-07,2.1580787208316e-09,0.999998364242649
LV-GGM,888,1.98686426395577e-07,2.15118239223822e-09,0.999998366393832
LV-GGM,889,1.97878234565405e-07,2.14243208117694e-09,0.999998368536264
LV-GGM,890,1.97642119802412e-07,2.13987566134538e-09,0.999998370676139
LV-GGM,891,1.97138718883959e-07,2.13442532831732e-09,0.999998372810565
LV-GGM,892,1.96530547736694e-07,2.12784064567343e-09,0.999998374938405
LV-GGM,893,1.96357998789921e-07,2.12597245435895e-09,0.999998377064378
LV-GGM,894,1.96084165386797e-07,2.12300765396521e-09,0.999998379187385
LV-GGM,895,1.95134772425897e-07,2.11272855509644e-09,0.999998381300114
LV-GGM,896,1.94201462341212e-07,2.10262358588895e-09,0.999998383402738
LV-GGM,897,1.93957244741631e-07,2.09997943646403e-09,0.999998385502717
LV-GGM,898,1.93682308532865e-07,2.09700269596889e-09,0.99999838759972
LV-GGM,899,1.93016573335885e-07,2.08979476606841e-09,0.999998389689515
LV-GGM,900,1.92254311104311e-07,2.08154173580069e-09,0.999998391771056
LV-GGM,901,1.91895255049824e-07,2.07765422785034e-09,0.99999839384871
LV-GGM,902,1.91532003668801e-07,2.07372129700554e-09,0.999998395922432
LV-GGM,903,1.90841093447588e-07,2.06624079655338e-09,0.999998397988673
LV-GGM,904,1.90469638878071e-07,2.06221904960289e-09,0.999998400050892
LV-GGM,905,1.90089128971545e-07,2.05809926031561e-09,0.999998402108991
LV-GGM,906,1.89645953456102e-07,2.05330098907592e-09,0.999998404162292
LV-GGM,907,1.8911413776772e-07,2.0475430086969e-09,0.999998406209835
LV-GGM,908,1.88819433427974e-07,2.04435223820453e-09,0.999998408254187
LV-GGM,909,1.88203862434757e-07,2.03768743726263e-09,0.999998410291874
LV-GGM,910,1.88121002675391e-07,2.03679031279064e-09,0.999998412328665
LV-GGM,911,1.87881203826014e-07,2.03419400527322e-09,0.999998414362859
LV-GGM,912,1.87301846805502e-07,2.02792129382557e-09,0.99999841639078
LV-GGM,913,1.86963171841957e-07,2.02425445240371e-09,0.999998418415035
LV-GGM,914,1.86290479896273e-07,2.01697120162907e-09,0.999998420432006
LV-GGM,915,1.85838868230791e-07,2.01208159200379e-09,0.999998422444087
LV-GGM,916,1.85663905991162e-07,2.01018727191346e-09,0.999998424454275
LV-GGM,917,1.84981850393581e-07,2.00280264066985e-09,0.999998426457077
LV-GGM,918,1.84374627826549e-07,1.99622822832541e-09,0.999998428453306
LV-GGM,919,1.84251461185448e-07,1.99489470034136e-09,0.9999984304482
LV-GGM,920,1.83949181115577e-07,1.99162190724911e-09,0.999998432439822
LV-GGM,921,1.83267172775634e-07,1.984237787665e-09,0.99999843442406
LV-GGM,922,1.83108929840648e-07,1.98252448786082e-09,0.999998436406584
LV-GGM,923,1.81966996860644e-07,1.97016075388933e-09,0.999998438376745
LV-GGM,924,1.8159967858498e-07,1.96618379068509e-09,0.999998440342929
LV-GGM,925,1.81013861723505e-07,1.95984113839453e-09,0.99999844230277
LV-GGM,926,1.80761324996475e-07,1.95710691759025e-09,0.999998444259877
LV-GGM,927,1.80236425771419e-07,1.95142382191469e-09,0.999998446211301
LV-GGM,928,1.80045029700235e-07,1.94935157236175e-09,0.999998448160652
LV-GGM,929,1.79680859985499e-07,1.94540869869725e-09,0.999998450106061
LV-GGM,930,1.79292735359095e-07,1.94120646466718e-09,0.999998452047267
LV-GGM,931,1.78671523354572e-07,1.93448058836944e-09,0.999998453981748
LV-GGM,932,1.78428799775068e-07,1.93185261473338e-09,0.999998455913601
LV-GGM,933,1.77647655216215e-07,1.92339514508494e-09,0.999998457836996
LV-GGM,934,1.77194162472907e-07,1.91848516898789e-09,0.999998459755481
LV-GGM,935,1.76922715271036e-07,1.91554620404861e-09,0.999998461671027
LV-GGM,936,1.76305985842006e-07,1.9088688606962e-09,0.999998463579896
LV-GGM,937,1.75960753939769e-07,1.90513102715214e-09,0.999998465485027
LV-GGM,938,1.75557446356825e-07,1.90076440691127e-09,0.999998467385792
LV-GGM,939,1.7481627538079e-07,1.89273973214003e-09,0.999998469278531
LV-GGM,940,1.74440679617259e-07,1.88867314838911e-09,0.999998471167205
LV-GGM,941,1.74340895549395e-07,1.88759278404965e-09,0.999998473054797
LV-GGM,942,1.74044336793348e-07,1.88438193575042e-09,0.999998474939179
LV-GGM,943,1.73728224225542e-07,1.88095937789296e-09,0.999998476820139
LV-GGM,944,1.73539321160209e-07,1.87891412017024e-09,0.999998478699053
LV-GGM,945,1.73061751337769e-07,1.87374346099772e-09,0.999998480572796
LV-GGM,946,1.72736305170882e-07,1.87021984805381e-09,0.999998482443016
LV-GGM,947,1.72439625837372e-07,1.86700769425968e-09,0.999998484310024
LV-GGM,948,1.71685798045371e-07,1.85884598385827e-09,0.99999848616887
LV-GGM,949,1.71291047426621e-07,1.85457201006054e-09,0.999998488023442
LV-GGM,950,1.71190759518807e-07,1.85348619063463e-09,0.999998489876928
LV-GGM,951,1.71023128825332e-07,1.85167124935886e-09,0.999998491728599
LV-GGM,952,1.70736978415201e-07,1.84857309245417e-09,0.999998493577172
LV-GGM,953,1.70069823668986e-07,1.8413497930623e-09,0.999998495418522
LV-GGM,954,1.69702473270931e-07,1.83737248206821e-09,0.999998497255895
LV-GGM,955,1.69497975839983e-07,1.83515838379944e-09,0.999998499091053
LV-GGM,956,1.69175528007005e-07,1.83166723388395e-09,0.99999850092272
LV-GGM,957,1.69019335214786e-07,1.82997613102146e-09,0.999998502752696
LV-GGM,958,1.68735505758441e-07,1.82690310313544e-09,0.999998504579599
LV-GGM,959,1.68476307721824e-07,1.82409676018293e-09,0.999998506403696
LV-GGM,960,1.6759527065956e-07,1.81455775216093e-09,0.999998508218254
LV-GGM,961,1.67326352918288e-07,1.81164617374825e-09,0.9999985100299
LV-GGM,962,1.67240206056009e-07,1.81071345973933e-09,0.999998511840614
LV-GGM,963,1.66716842557528e-07,1.80504699140983e-09,0.999998513645661
LV-GGM,964,1.66372635505886e-07,1.80132025394614e-09,0.999998515446981
LV-GGM,965,1.66248895887761e-07,1.79998052232701e-09,0.999998517246961
LV-GGM,966,1.65862729014417e-07,1.79579948493319e-09,0.999998519042761
LV-GGM,967,1.65410828787846e-07,1.79090675105055e-09,0.999998520833667
LV-GGM,968,1.65154960905118e-07,1.78813646374885e-09,0.999998522621804
LV-GGM,969,1.64689131077792e-07,1.78309291376659e-09,0.999998524404897
LV-GGM,970,1.64306292520993e-07,1.77894791213061e-09,0.999998526183845
LV-GGM,971,1.63873189458699e-07,1.77425869556694e-09,0.999998527958103
LV-GGM,972,1.6326992397747e-07,1.76772712667918e-09,0.999998529725831
LV-GGM,973,1.63035252788318e-07,1.76518633645396e-09,0.999998531491017
LV-GGM,974,1.62851863614656e-07,1.76320077775996e-09,0.999998533254218
LV-GGM,975,1.62512361409809e-07,1.75952497977798e-09,0.999998535013743
LV-GGM,976,1.62398717702418e-07,1.75829455681068e-09,0.999998536772037
LV-GGM,977,1.62069911246648e-07,1.7547345619437e-09,0.999998538526772
LV-GGM,978,1.61930149294394e-07,1.75322135615381e-09,0.999998540279993
LV-GGM,979,1.61798293745104e-07,1.75179375316604e-09,0.999998542031787
LV-GGM,980,1.61128548846948e-07,1.74454241014104e-09,0.999998543776329
LV-GGM,981,1.60764449060844e-07,1.74060029359543e-09,0.99999854551693
LV-GGM,982,1.6046003071932e-07,1.73730434938806e-09,0.999998547254234
LV-GGM,983,1.60017473803204e-07,1.73251277573714e-09,0.999998548986747
LV-GGM,984,1.59868213484092e-07,1.73089673091637e-09,0.999998550717644
LV-GGM,985,1.59557754221425e-07,1.72753538152038e-09,0.999998552445179
LV-GGM,986,1.59020454055144e-07,1.72171802057621e-09,0.999998554166897
LV-GGM,987,1.58587150031511e-07,1.71702662819962e-09,0.999998555883924
LV-GGM,988,1.58324715385204e-07,1.71418524240145e-09,0.999998557598109
LV-GGM,989,1.5790840200432e-07,1.70967780809475e-09,0.999998559307787
LV-GGM,990,1.5745903270153e-07,1.70481247658061e-09,0.999998561012599
LV-GGM,991,1.57349226399575e-07,1.70362360128798e-09,0.999998562716223
LV-GGM,992,1.57076649420344e-07,1.7006724042239e-09,0.999998564416895
LV-GGM,993,1.56756739569949e-07,1.69720873310273e-09,0.999998566114104
LV-GGM,994,1.56512145679057e-07,1.69456050956336e-09,0.999998567808664
LV-GGM,995,1.56319579596897e-07,1.69247559227535e-09,0.99999856950114
LV-GGM,996,1.55784678528444e-07,1.68668420641714e-09,0.999998571187824
LV-GGM,997,1.55456260572412e-07,1.68312841784553e-09,0.999998572870953
LV-GGM,998,1.55107843226645e-07,1.67935609543297e-09,0.999998574550309
LV-GGM,999,1.54852910073638e-07,1.67659592847091e-09,0.999998576226905
LV-GGM,1000,1.54727290979518e-07,1.67523584772306e-09,0.99999857790214
LV-GGM,1001,1.54572591973624e-07,1.6735609181186e-09,0.999998579575701
LV-GGM,1002,1.54280502686726e-07,1.67039846086203e-09,0.9999985812461
LV-GGM,1003,1.53760541097755e-07,1.66476882508304e-09,0.999998582910869
LV-GGM,1004,1.53471753523491e-07,1.66164211554318e-09,0.999998584572511
LV-GGM,1005,1.53120950823438e-07,1.65784396684629e-09,0.999998586230355
LV-GGM,1006,1.52984299988036e-07,1.65636444518828e-09,0.999998587886719
LV-GGM,1007,1.52933472928615e-07,1.65581413947662e-09,0.999998589542533
LV-GGM,1008,1.52451979452192e-07,1.65060099881448e-09,0.999998591193134
LV-GGM,1009,1.52348054629167e-07,1.64947580242606e-09,0.99999859284261
LV-GGM,1010,1.52164502770115e-07,1.6474884823337e-09,0.999998594490098
LV-GGM,1011,1.51897275122667e-07,1.64459520260475e-09,0.999998596134694
LV-GGM,1012,1.51411888342241e-07,1.63933990905289e-09,0.999998597774033
LV-GGM,1013,1.51063141847957e-07,1.63556402294196e-09,0.999998599409597
LV-GGM,1014,1.50663342548173e-07,1.6312353869615e-09,0.999998601040833
LV-GGM,1015,1.50328846785938e-07,1.6276137938459e-09,0.999998602668447
LV-GGM,1016,1.50270976172547e-07,1.62698722741751e-09,0.999998604295434
LV-GGM,1017,1.49951143802292e-07,1.62352439517556e-09,0.999998605918958
LV-GGM,1018,1.49531322331127e-07,1.61897897869675e-09,0.999998607537937
LV-GGM,1019,1.4926167091973e-07,1.61605945682119e-09,0.999998609153997
LV-GGM,1020,1.48936258911056e-07,1.61253621370901e-09,0.999998610766533
LV-GGM,1021,1.48618189677306e-07,1.60909247098552e-09,0.999998612375625
LV-GGM,1022,1.48550401512779e-07,1.60835852700868e-09,0.999998613983984
LV-GGM,1023,1.48376743143293e-07,1.60647832394962e-09,0.999998615590462
LV-GGM,1024,1.47838177336331e-07,1.60064725988542e-09,0.999998617191109
LV-GGM,1025,1.47591539082205e-07,1.59797690197949e-09,0.999998618789086
LV-GGM,1026,1.47200107576155e-07,1.59373886428936e-09,0.999998620382825
LV-GGM,1027,1.4691050965745e-07,1.59060338113206e-09,0.999998621973429
LV-GGM,1028,1.46656347039612e-07,1.58785155677154e-09,0.99999862356128
LV-GGM,1029,1.46389482741099e-07,1.58496221102965e-09,0.999998625146242
LV-GGM,1030,1.46206442481609e-07,1.58298043003722e-09,0.999998626729223
LV-GGM,1031,1.45922550602578e-07,1.57990672629938e-09,0.99999862830913
LV-GGM,1032,1.45678199254846e-07,1.57726112878022e-09,0.999998629886391
LV-GGM,1033,1.45431449802231e-07,1.57458956692575e-09,0.99999863146098
LV-GGM,1034,1.45268009888643e-07,1.57281999931775e-09,0.9999986330338
LV-GGM,1035,1.44926605643228e-07,1.5691236078999e-09,0.999998634602924
LV-GGM,1036,1.44675212145561e-07,1.56640176486554e-09,0.999998636169325
LV-GGM,1037,1.44547996773712e-07,1.56502440118295e-09,0.99999863773435
LV-GGM,1038,1.44268913658793e-07,1.56200276204194e-09,0.999998639296353
LV-GGM,1039,1.44006153089694e-07,1.55915784747039e-09,0.99999864085551
LV-GGM,1040,1.43493202166907e-07,1.55360411633133e-09,0.999998642409115
LV-GGM,1041,1.43308162522418e-07,1.5516006879527e-09,0.999998643960715
LV-GGM,1042,1.43120311739714e-07,1.54956682331759e-09,0.999998645510282
LV-GGM,1043,1.42779628135601e-07,1.54587823429927e-09,0.99999864705616
LV-GGM,1044,1.42595859399868e-07,1.54388856607822e-09,0.999998648600049
LV-GGM,1045,1.42481782663971e-07,1.54265345470158e-09,0.999998650142702
LV-GGM,1046,1.42296799300388e-07,1.54065063567757e-09,0.999998651683353
LV-GGM,1047,1.41981547945825e-07,1.5372374021952e-09,0.99999865322059
LV-GGM,1048,1.4158420050492e-07,1.53293531254579e-09,0.999998654753526
LV-GGM,1049,1.4143951927161e-07,1.53136884558964e-09,0.999998656284894
LV-GGM,1050,1.41118165019762e-07,1.52788953590157e-09,0.999998657812784
LV-GGM,1051,1.40951903979636e-07,1.52608942389331e-09,0.999998659338873
LV-GGM,1052,1.40727955155471e-07,1.52366472495415e-09,0.999998660862538
LV-GGM,1053,1.40400976816358e-07,1.52012452314719e-09,0.999998662382662
LV-GGM,1054,1.3993911425916e-07,1.51512392688754e-09,0.999998663897786
LV-GGM,1055,1.39808965816953e-07,1.51371480678642e-09,0.999998665411501
LV-GGM,1056,1.39661497942651e-07,1.51211816880579e-09,0.999998666923619
LV-GGM,1057,1.3894731761076e-07,1.5043857223437e-09,0.999998668428005
LV-GGM,1058,1.38668573581754e-07,1.50136775449347e-09,0.999998669929372
LV-GGM,1059,1.38514042523143e-07,1.499694643258e-09,0.999998671429067
LV-GGM,1060,1.38340528001052e-07,1.49781599763791e-09,0.999998672926883
LV-GGM,1061,1.38112635469366e-07,1.49534860008903e-09,0.999998674422232
LV-GGM,1062,1.37934960860365e-07,1.49342491311471e-09,0.999998675915657
LV-GGM,1063,1.37889895691037e-07,1.49293699151624e-09,0.999998677408594
LV-GGM,1064,1.37598611636001e-07,1.48978325252308e-09,0.999998678898377
LV-GGM,1065,1.3737713818519e-07,1.48738535450672e-09,0.999998680385762
LV-GGM,1066,1.36939977690547e-07,1.48265220803206e-09,0.999998681868415
LV-GGM,1067,1.36843446963636e-07,1.481607067688e-09,0.999998683350022
LV-GGM,1068,1.36695936061457e-07,1.48000996384359e-09,0.999998684830032
LV-GGM,1069,1.36255450831671e-07,1.475240820387e-09,0.999998686305272
LV-GGM,1070,1.3613814747464e-07,1.47397077431101e-09,0.999998687779243
LV-GGM,1071,1.35895630548545e-07,1.47134503811605e-09,0.999998689250588
LV-GGM,1072,1.35783306013849e-07,1.47012889786108e-09,0.999998690720717
LV-GGM,1073,1.35448791375494e-07,1.4665071003733e-09,0.999998692187224
LV-GGM,1074,1.35065774291564e-07,1.46236016582008e-09,0.999998693649584
LV-GGM,1075,1.3489969652485e-07,1.46056203811715e-09,0.999998695110146
LV-GGM,1076,1.34793073304343e-07,1.45940762611872e-09,0.999998696569554
LV-GGM,1077,1.34591142647791e-07,1.45722131837385e-09,0.999998698026775
LV-GGM,1078,1.34341673171049e-07,1.45452030675718e-09,0.999998699481296
LV-GGM,1079,1.34195517442263e-07,1.45293787540546e-09,0.999998700934233
LV-GGM,1080,1.34008872506593e-07,1.45091706650323e-09,0.999998702385151
LV-GGM,1081,1.33643192370764e-07,1.44695783947571e-09,0.999998703832109
LV-GGM,1082,1.3350679154469e-07,1.44548102467432e-09,0.999998705277589
LV-GGM,1083,1.33164034731877e-07,1.44176998897893e-09,0.99999870671936
LV-GGM,1084,1.3289508680521e-07,1.43885808374831e-09,0.999998708158218
LV-GGM,1085,1.3271297856011e-07,1.43688639369657e-09,0.999998709595104
LV-GGM,1086,1.32681421058316e-07,1.43654471991726e-09,0.999998711031649
LV-GGM,1087,1.32424278392325e-07,1.4337606305086e-09,0.999998712465409
LV-GGM,1088,1.32227110153864e-07,1.43162588557116e-09,0.999998713897035
LV-GGM,1089,1.3208320919708e-07,1.43006786668645e-09,0.999998715327103
LV-GGM,1090,1.32040240767057e-07,1.42960264653143e-09,0.999998716756706
LV-GGM,1091,1.3187358307449e-07,1.4277982399583e-09,0.999998718184504
LV-GGM,1092,1.31812372414405e-07,1.42713551076949e-09,0.999998719611639
LV-GGM,1093,1.31532283279508e-07,1.42410297942762e-09,0.999998721035742
LV-GGM,1094,1.3130858076462e-07,1.42168094728453e-09,0.999998722457423
LV-GGM,1095,1.30866741732586e-07,1.41689714618066e-09,0.999998723874321
LV-GGM,1096,1.30600615490615e-07,1.41401579139349e-09,0.999998725288336
LV-GGM,1097,1.30406633571395e-07,1.4119155448059e-09,0.999998726700252
LV-GGM,1098,1.30104523130318e-07,1.4086445882884e-09,0.999998728108896
LV-GGM,1099,1.29903051219409e-07,1.40646324739289e-09,0.99999872951536
LV-GGM,1100,1.29727491854085e-07,1.40456246220929e-09,0.999998730919922
LV-GGM,1101,1.29691350957191e-07,1.40417116390849e-09,0.999998732324093
LV-GGM,1102,1.29617951958376e-07,1.40337647130305e-09,0.99999873372747
LV-GGM,1103,1.29202554557301e-07,1.39887895433028e-09,0.999998735126349
LV-GGM,1104,1.28903470616975e-07,1.39564076580426e-09,0.99999873652199
LV-GGM,1105,1.2880688832117e-07,1.39459506712264e-09,0.999998737916585
LV-GGM,1106,1.28436188321107e-07,1.39058148991253e-09,0.999998739307166
LV-GGM,1107,1.28279680197178e-07,1.38888697294655e-09,0.999998740696053
LV-GGM,1108,1.28129477007251e-07,1.38726071964233e-09,0.999998742083314
LV-GGM,1109,1.28076940610454e-07,1.38669190689658e-09,0.999998743470006
LV-GGM,1110,1.27991658605886e-07,1.38576855672149e-09,0.999998744855774
LV-GGM,1111,1.27497985295211e-07,1.38042354472088e-09,0.999998746236198
LV-GGM,1112,1.27247079003439e-07,1.37770697667568e-09,0.999998747613905
LV-GGM,1113,1.27193518225099e-07,1.377127072928e-09,0.999998748991032
LV-GGM,1114,1.27124864900044e-07,1.37638376183873e-09,0.999998750367415
LV-GGM,1115,1.26767656506317e-07,1.37251625855285e-09,0.999998751739932
LV-GGM,1116,1.2657773546258e-07,1.37045997915513e-09,0.999998753110392
LV-GGM,1117,1.26260394455596e-07,1.36702412095917e-09,0.999998754477416
LV-GGM,1118,1.26177054641573e-07,1.36612179892463e-09,0.999998755843538
LV-GGM,1119,1.26136498694324e-07,1.36568269877469e-09,0.99999875720922
LV-GGM,1120,1.25998522799379e-07,1.36418883066733e-09,0.999998758573409
LV-GGM,1121,1.25748698192535e-07,1.36148397404908e-09,0.999998759934893
LV-GGM,1122,1.25557025334841e-07,1.35940872772239e-09,0.999998761294302
LV-GGM,1123,1.25332912045942e-07,1.35698224811986e-09,0.999998762651284
LV-GGM,1124,1.25046364713339e-07,1.35387979372668e-09,0.999998764005164
LV-GGM,1125,1.2490234186433e-07,1.35232045511211e-09,0.999998765357484
LV-GGM,1126,1.24644497626555e-07,1.34952876977002e-09,0.999998766707013
LV-GGM,1127,1.24466047613451e-07,1.3475966874781e-09,0.99999876805461
LV-GGM,1128,1.2422224744084e-07,1.34495705754434e-09,0.999998769399567
LV-GGM,1129,1.23908525473034e-07,1.34156038276668e-09,0.999998770741127
LV-GGM,1130,1.2378525737834e-07,1.34022575634231e-09,0.999998772081353
LV-GGM,1131,1.23678698972931e-07,1.33907204609839e-09,0.999998773420425
LV-GGM,1132,1.23655110327291e-07,1.33881665130329e-09,0.999998774759242
LV-GGM,1133,1.23339219550271e-07,1.33539649477965e-09,0.999998776094638
LV-GGM,1134,1.23156211856178e-07,1.33341506637349e-09,0.999998777428053
LV-GGM,1135,1.22973592579663e-07,1.33143784337317e-09,0.999998778759491
LV-GGM,1136,1.22839659743617e-07,1.32998774955512e-09,0.999998780089479
LV-GGM,1137,1.22676845476707e-07,1.32822495583773e-09,0.999998781417704
LV-GGM,1138,1.22553243402604e-07,1.32688671341082e-09,0.999998782744591
LV-GGM,1139,1.22406800778933e-07,1.32530117584175e-09,0.999998784069892
LV-GGM,1140,1.22388085509811e-07,1.32509854520345e-09,0.999998785394991
LV-GGM,1141,1.22054708048761e-07,1.32148905995984e-09,0.99999878671648
LV-GGM,1142,1.21902173289678e-07,1.31983756270411e-09,0.999998788036317
LV-GGM,1143,1.21672481055602e-07,1.31735067973711e-09,0.999998789353668
LV-GGM,1144,1.21466577819168e-07,1.31512136078081e-09,0.999998790668789
LV-GGM,1145,1.21118430124371e-07,1.31135195788535e-09,0.999998791980141
LV-GGM,1146,1.2103387898698e-07,1.31043652082556e-09,0.999998793290578
LV-GGM,1147,1.20910581829217e-07,1.3091015797347e-09,0.999998794599679
LV-GGM,1148,1.20647633918496e-07,1.30625463681121e-09,0.999998795905934
LV-GGM,1149,1.20434488535526e-07,1.30394690697204e-09,0.999998797209881
LV-GGM,1150,1.20256691876792e-07,1.30202189856252e-09,0.999998798511903
LV-GGM,1151,1.20109567961169e-07,1.30042898463022e-09,0.999998799812332
LV-GGM,1152,1.20021963485603e-07,1.29948048900957e-09,0.999998801111812
LV-GGM,1153,1.19868800846783e-07,1.29782219368585e-09,0.999998802409634
LV-GGM,1154,1.19560155178532e-07,1.29448048011725e-09,0.999998803704115
LV-GGM,1155,1.19382178276501e-07,1.29255352020953e-09,0.999998804996668
LV-GGM,1156,1.19284745697088e-07,1.29149861548822e-09,0.999998806288167
LV-GGM,1157,1.19072041656791e-07,1.28919566407606e-09,0.999998807577363
LV-GGM,1158,1.18798293702509e-07,1.28623178883886e-09,0.999998808863595
LV-GGM,1159,1.18763671862303e-07,1.28585693739888e-09,0.999998810149451
LV-GGM,1160,1.18692331505078e-07,1.28508453375208e-09,0.999998811434536
LV-GGM,1161,1.18469249933233e-07,1.28266922457323e-09,0.999998812717205
LV-GGM,1162,1.18226570489647e-07,1.28004172879774e-09,0.999998813997247
LV-GGM,1163,1.1812369793366e-07,1.27892792532814e-09,0.999998815276175
LV-GGM,1164,1.17808898661311e-07,1.27551958655003e-09,0.999998816551694
LV-GGM,1165,1.17721394060544e-07,1.27457217227607e-09,0.999998817826266
LV-GGM,1166,1.17540110786017e-07,1.27260941419921e-09,0.999998819098876
LV-GGM,1167,1.17446201694857e-07,1.27159265836421e-09,0.999998820370469
LV-GGM,1168,1.17326812233019e-07,1.27030002598471e-09,0.999998821640769
LV-GGM,1169,1.17140865582326e-07,1.26828677742957e-09,0.999998822909055
LV-GGM,1170,1.17056390677607e-07,1.26737216574264e-09,0.999998824176427
LV-GGM,1171,1.1684164060609e-07,1.2650470619046e-09,0.999998825441475
LV-GGM,1172,1.16628418192363e-07,1.26273849805168e-09,0.999998826704213
LV-GGM,1173,1.16474285206826e-07,1.26106969676232e-09,0.999998827965283
LV-GGM,1174,1.16302389025477e-07,1.25920857295371e-09,0.999998829224491
LV-GGM,1175,1.16106794837028e-07,1.25709087029103e-09,0.999998830481582
LV-GGM,1176,1.15975992436475e-07,1.25567466976824e-09,0.999998831737257
LV-GGM,1177,1.15838107535954e-07,1.25418178685955e-09,0.999998832991439
LV-GGM,1178,1.15764588249338e-07,1.25338579189538e-09,0.999998834244824
LV-GGM,1179,1.15291882103971e-07,1.24826779186355e-09,0.999998835493092
LV-GGM,1180,1.15253532096827e-07,1.24785257547657e-09,0.999998836740945
LV-GGM,1181,1.15139024784514e-07,1.24661280223942e-09,0.999998837987558
LV-GGM,1182,1.15099280340277e-07,1.24618248825078e-09,0.99999883923374
LV-GGM,1183,1.14835130206076e-07,1.24332252882673e-09,0.999998840477063
LV-GGM,1184,1.14709797079993e-07,1.24196554426122e-09,0.999998841719028
LV-GGM,1185,1.14524048797511e-07,1.23995444344315e-09,0.999998842958983
LV-GGM,1186,1.1433954832951e-07,1.23795685274044e-09,0.999998844196939
LV-GGM,1187,1.14259507139593e-07,1.23709024498305e-09,0.99999884543403
LV-GGM,1188,1.14143024988013e-07,1.23582909011689e-09,0.999998846669859
LV-GGM,1189,1.14123010599157e-07,1.23561239388011e-09,0.999998847905471
LV-GGM,1190,1.13682540866311e-07,1.23084341820924e-09,0.999998849136315
LV-GGM,1191,1.13583233950539e-07,1.22976822000616e-09,0.999998850366083
LV-GGM,1192,1.1344230625502e-07,1.22824239268782e-09,0.999998851594325
LV-GGM,1193,1.13191690360227e-07,1.22552896877721e-09,0.999998852819854
LV-GGM,1194,1.13042007622786e-07,1.22390835042373e-09,0.999998854043763
LV-GGM,1195,1.12943252364896e-07,1.22283912503291e-09,0.999998855266602
LV-GGM,1196,1.12632826631612e-07,1.2194781386603e-09,0.99999885648608
LV-GGM,1197,1.1259738227616e-07,1.21909438182932e-09,0.999998857705174
LV-GGM,1198,1.12375627605682e-07,1.21669343904131e-09,0.999998858921868
LV-GGM,1199,1.1229870504417e-07,1.21586059674356e-09,0.999998860137728
LV-GGM,1200,1.12197343149336e-07,1.21476314923612e-09,0.999998861352491
LV-GGM,1201,1.11921025834996e-07,1.21177145547998e-09,0.999998862564263
LV-GGM,1202,1.11899329324975e-07,1.21153654687964e-09,0.999998863775799
LV-GGM,1203,1.11590133027802e-07,1.20818887163936e-09,0.999998864983988
LV-GGM,1204,1.11486975270963e-07,1.20707198029373e-09,0.99999886619106
LV-GGM,1205,1.1127919586419e-07,1.20482234799913e-09,0.999998867395883
LV-GGM,1206,1.11200337892572e-07,1.20396855097278e-09,0.999998868599851
LV-GGM,1207,1.11045062961868e-07,1.20228738581749e-09,0.999998869802138
LV-GGM,1208,1.10890184356198e-07,1.20061051168222e-09,0.999998871002749
LV-GGM,1209,1.10822960190642e-07,1.19988267413487e-09,0.999998872202632
LV-GGM,1210,1.10652943525556e-07,1.19804189989098e-09,0.999998873400674
LV-GGM,1211,1.10595561988868e-07,1.19742062870702e-09,0.999998874598094
LV-GGM,1212,1.10426838789324e-07,1.19559385884355e-09,0.999998875793688
LV-GGM,1213,1.10370515955495e-07,1.19498405025918e-09,0.999998876988672
LV-GGM,1214,1.10161884757047e-07,1.19272519559701e-09,0.999998878181397
LV-GGM,1215,1.10033373047738e-07,1.19133379643967e-09,0.999998879372731
LV-GGM,1216,1.09928686031936e-07,1.19020034777298e-09,0.999998880562932
LV-GGM,1217,1.09821183318766e-07,1.18903641348776e-09,0.999998881751968
LV-GGM,1218,1.09529294749207e-07,1.18587612940231e-09,0.999998882937844
LV-GGM,1219,1.09430132875058e-07,1.18480250156815e-09,0.999998884122647
LV-GGM,1220,1.09286000192428e-07,1.1832419737825e-09,0.999998885305889
LV-GGM,1221,1.0925000752403e-07,1.18285228035496e-09,0.999998886488741
LV-GGM,1222,1.08976682073552e-07,1.17989297957592e-09,0.999998887668634
LV-GGM,1223,1.08637987481606e-07,1.17622592563692e-09,0.99999888884486
LV-GGM,1224,1.08598023599554e-07,1.17579323579012e-09,0.999998890020653
LV-GGM,1225,1.08579534399669e-07,1.17559305280853e-09,0.999998891196246
LV-GGM,1226,1.08407253627251e-07,1.1737277650238e-09,0.999998892369974
LV-GGM,1227,1.08306928004737e-07,1.17264153725999e-09,0.999998893542616
LV-GGM,1228,1.08267193691802e-07,1.17221133296318e-09,0.999998894714827
LV-GGM,1229,1.08136645934942e-07,1.17079788947336e-09,0.999998895885625
LV-GGM,1230,1.07967279835014e-07,1.16896415891302e-09,0.999998897054589
LV-GGM,1231,1.07881706233512e-07,1.16803765161138e-09,0.999998898222627
LV-GGM,1232,1.07624566043324e-07,1.1652535890083e-09,0.99999889938788
LV-GGM,1233,1.07562204488778e-07,1.16457839905936e-09,0.999998900552459
LV-GGM,1234,1.07409835210481e-07,1.16292869346781e-09,0.999998901715387
LV-GGM,1235,1.07201638722909e-07,1.16067454543004e-09,0.999998902876062
LV-GGM,1236,1.07121607507951e-07,1.15980804567175e-09,0.99999890403587
LV-GGM,1237,1.07054717877156e-07,1.15908383013977e-09,0.999998905194954
LV-GGM,1238,1.06907951019892e-07,1.15749478208632e-09,0.999998906352448
LV-GGM,1239,1.06780672740876e-07,1.15611673730641e-09,0.999998907508565
LV-GGM,1240,1.06683049864922e-07,1.15505977224019e-09,0.999998908663625
LV-GGM,1241,1.06495049448065e-07,1.15302428751276e-09,0.999998909816649
LV-GGM,1242,1.06385311672451e-07,1.15183615415636e-09,0.999998910968485
LV-GGM,1243,1.06272860941576e-07,1.15061864757254e-09,0.999998912119104
LV-GGM,1244,1.06180239962859e-07,1.14961583815983e-09,0.99999891326872
LV-GGM,1245,1.06101081537858e-07,1.14875878811797e-09,0.999998914417479
LV-GGM,1246,1.05882178560761e-07,1.14638872067812e-09,0.999998915563867
LV-GGM,1247,1.05806779995113e-07,1.14557237871776e-09,0.99999891670944
LV-GGM,1248,1.05686713928179e-07,1.14427242071972e-09,0.999998917853712
LV-GGM,1249,1.05537394388072e-07,1.14265573471191e-09,0.999998918996368
LV-GGM,1250,1.05402811780337e-07,1.14119860580122e-09,0.999998920137566
LV-GGM,1251,1.05236142049742e-07,1.13939406889209e-09,0.99999892127696
LV-GGM,1252,1.05056881588712e-07,1.13745321186231e-09,0.999998922414414
LV-GGM,1253,1.04884066080692e-07,1.13558213448324e-09,0.999998923549996
LV-GGM,1254,1.04845533516921e-07,1.13516494155156e-09,0.999998924685161
LV-GGM,1255,1.04601539371026e-07,1.13252321146471e-09,0.999998925817684
LV-GGM,1256,1.04545981574238e-07,1.13192168595352e-09,0.999998926949606
LV-GGM,1257,1.04428053910554e-07,1.13064488049541e-09,0.999998928080251
LV-GGM,1258,1.0433678793101e-07,1.12965674168912e-09,0.999998929209907
LV-GGM,1259,1.04066919564555e-07,1.12673487083628e-09,0.999998930336642
LV-GGM,1260,1.04038220529209e-07,1.12642414573729e-09,0.999998931463066
LV-GGM,1261,1.03884157476635e-07,1.12475610161366e-09,0.999998932587822
LV-GGM,1262,1.03841402809194e-07,1.12429319587092e-09,0.999998933712116
LV-GGM,1263,1.0372164455743e-07,1.12299657059463e-09,0.999998934835112
LV-GGM,1264,1.03546114002932e-07,1.12109609734648e-09,0.999998935956208
LV-GGM,1265,1.0344874704093e-07,1.12004190306635e-09,0.99999893707625
LV-GGM,1266,1.03339626698817e-07,1.11886045467631e-09,0.999998938195111
LV-GGM,1267,1.03269867893658e-07,1.11810517452918e-09,0.999998939313216
LV-GGM,1268,1.02950796953975e-07,1.1146505863131e-09,0.999998940427866
LV-GGM,1269,1.02878253343334e-07,1.11386515501459e-09,0.999998941541732
LV-GGM,1270,1.02795398052542e-07,1.11296807892394e-09,0.9999989426547
LV-GGM,1271,1.02732442446938e-07,1.11228645717089e-09,0.999998943766986
LV-GGM,1272,1.02544514909104e-07,1.11025176150627e-09,0.999998944877238
LV-GGM,1273,1.02411379345195e-07,1.10881029977153e-09,0.999998945986048
LV-GGM,1274,1.022063079527e-07,1.10658998720821e-09,0.999998947092638
LV-GGM,1275,1.02169614441379e-07,1.10619270573863e-09,0.999998948198831
LV-GGM,1276,1.01983475902882e-07,1.10417737960993e-09,0.999998949303008
LV-GGM,1277,1.01895897699141e-07,1.10322916843493e-09,0.999998950406237
LV-GGM,1278,1.01708730080732e-07,1.10120270043496e-09,0.99999895150744
LV-GGM,1279,1.01638247039728e-07,1.1004395789701e-09,0.99999895260788
LV-GGM,1280,1.01582247891958e-07,1.09983327494194e-09,0.999998953707713
LV-GGM,1281,1.01501211858476e-07,1.09895589599097e-09,0.999998954806669
LV-GGM,1282,1.01455558630683e-07,1.09846160747031e-09,0.99999895590513
LV-GGM,1283,1.01317572520914e-07,1.09696762876683e-09,0.999998957002098
LV-GGM,1284,1.01091045038821e-07,1.09451501064048e-09,0.999998958096613
LV-GGM,1285,1.00929634073769e-07,1.09276741050375e-09,0.99999895918938
LV-GGM,1286,1.00841344556523e-07,1.09181149792148e-09,0.999998960281192
LV-GGM,1287,1.00649487869113e-07,1.08973426126632e-09,0.999998961370926
LV-GGM,1288,1.00503186133868e-07,1.0881502490994e-09,0.999998962459076
LV-GGM,1289,1.00481455706063e-07,1.08791497327046e-09,0.999998963546991
LV-GGM,1290,1.00276675587294e-07,1.0856978143343e-09,0.999998964632689
LV-GGM,1291,1.00168252901257e-07,1.08452391948223e-09,0.999998965717213
LV-GGM,1292,1.00059858720002e-07,1.08335033325208e-09,0.999998966800564
LV-GGM,1293,9.99499616897012e-08,1.08216047564162e-09,0.999998967882724
LV-GGM,1294,9.97977555839264e-08,1.08051253672262e-09,0.999998968963237
LV-GGM,1295,9.97562382530512e-08,1.0800630276506e-09,0.9999989700433
LV-GGM,1296,9.95712750408688e-08,1.07806042680626e-09,0.99999897112136
LV-GGM,1297,9.94624448548361e-08,1.0768821199426e-09,0.999998972198242
LV-GGM,1298,9.93541989888582e-08,1.07571013952528e-09,0.999998973273952
LV-GGM,1299,9.92264650826427e-08,1.07432716165946e-09,0.999998974348279
LV-GGM,1300,9.91029411551811e-08,1.07298976532799e-09,0.999998975421269
LV-GGM,1301,9.89873038558728e-08,1.07173775769631e-09,0.999998976493007
LV-GGM,1302,9.89382141596383e-08,1.07120626245481e-09,0.999998977564213
LV-GGM,1303,9.88139326189646e-08,1.0698606634281e-09,0.999998978634074
LV-GGM,1304,9.87839076418013e-08,1.06953558232733e-09,0.99999897970361
LV-GGM,1305,9.85379278273538e-08,1.06687235336255e-09,0.999998980770482
LV-GGM,1306,9.8535707450945e-08,1.0668483132974e-09,0.99999898183733
LV-GGM,1307,9.83491369015347e-08,1.06482830977687e-09,0.999998982902158
LV-GGM,1308,9.81942587013358e-08,1.06315144003164e-09,0.99999898396531
LV-GGM,1309,9.81198801856664e-08,1.06234614217526e-09,0.999998985027656
LV-GGM,1310,9.80807851814959e-08,1.06192285968877e-09,0.999998986089579
LV-GGM,1311,9.79710981772939e-08,1.06073527603559e-09,0.999998987150314
LV-GGM,1312,9.78679595742158e-08,1.05961859206816e-09,0.999998988209933
LV-GGM,1313,9.77706947811896e-08,1.05856550397383e-09,0.999998989268498
LV-GGM,1314,9.75734409087758e-08,1.05642983187566e-09,0.999998990324928
LV-GGM,1315,9.74827629912403e-08,1.05544806002992e-09,0.999998991380376
LV-GGM,1316,9.73763933744111e-08,1.05429639380418e-09,0.999998992434673
LV-GGM,1317,9.72521892636102e-08,1.05295163311244e-09,0.999998993487624
LV-GGM,1318,9.71935755794908e-08,1.05231702144063e-09,0.999998994539941
LV-GGM,1319,9.71099059297648e-08,1.05141112826755e-09,0.999998995591353
LV-GGM,1320,9.70553989980066e-08,1.0508209804956e-09,0.999998996642174
LV-GGM,1321,9.6859767769607e-08,1.04870287680055e-09,0.999998997690877
LV-GGM,1322,9.67396608463116e-08,1.04740247644978e-09,0.999998998738279
LV-GGM,1323,9.6692750402265e-08,1.04689457602056e-09,0.999998999785173
LV-GGM,1324,9.66565124418681e-08,1.04650222681105e-09,0.999999000831676
LV-GGM,1325,9.65495576348679e-08,1.04534422471822e-09,0.99999900187702
LV-GGM,1326,9.63299708965941e-08,1.04296675418078e-09,0.999999002919987
LV-GGM,1327,9.62798188982779e-08,1.04242375737083e-09,0.99999900396241
LV-GGM,1328,9.6220100297891e-08,1.04177718274582e-09,0.999999005004187
LV-GGM,1329,9.60682179461722e-08,1.04013274911925e-09,0.99999900604432
LV-GGM,1330,9.59549527684129e-08,1.03890642450075e-09,0.999999007083227
LV-GGM,1331,9.5831181386921e-08,1.03756634897894e-09,0.999999008120793
LV-GGM,1332,9.57544202976416e-08,1.03673525494468e-09,0.999999009157528
LV-GGM,1333,9.57092851422875e-08,1.03624657560593e-09,0.999999010193775
LV-GGM,1334,9.55513755510647e-08,1.03453688492214e-09,0.999999011228312
LV-GGM,1335,9.54351750243801e-08,1.03327877921504e-09,0.99999901226159
LV-GGM,1336,9.5378753845439e-08,1.03266790584593e-09,0.999999013294258
LV-GGM,1337,9.53047964111304e-08,1.03186716704688e-09,0.999999014326125
LV-GGM,1338,9.51892567415106e-08,1.03061621645403e-09,0.999999015356742
LV-GGM,1339,9.50690999221282e-08,1.0293152758772e-09,0.999999016386057
LV-GGM,1340,9.49093995750138e-08,1.02758619663923e-09,0.999999017413643
LV-GGM,1341,9.47436660825884e-08,1.02579179640175e-09,0.999999018439435
LV-GGM,1342,9.46735258861805e-08,1.02503238692301e-09,0.999999019464467
LV-GGM,1343,9.46237867313947e-08,1.02449385997922e-09,0.999999020488961
LV-GGM,1344,9.44440444567996e-08,1.02254778634317e-09,0.999999021511509
LV-GGM,1345,9.4351047752998e-08,1.02154090894654e-09,0.99999902253305
LV-GGM,1346,9.42288759460695e-08,1.02021815205438e-09,0.999999023553268
LV-GGM,1347,9.40602160606072e-08,1.01839206769389e-09,0.99999902457166
LV-GGM,1348,9.39437221726663e-08,1.01713078575789e-09,0.999999025588791
LV-GGM,1349,9.39171804541472e-08,1.01684341797653e-09,0.999999026605634
LV-GGM,1350,9.37510923093138e-08,1.01504517790948e-09,0.99999902762068
LV-GGM,1351,9.35968474176773e-08,1.01337516501025e-09,0.999999028634055
LV-GGM,1352,9.35789056500348e-08,1.01318090908981e-09,0.999999029647236
LV-GGM,1353,9.35244675267861e-08,1.01259150630914e-09,0.999999030659827
LV-GGM,1354,9.34068821432498e-08,1.01131840672586e-09,0.999999031671146
LV-GGM,1355,9.32264165089845e-08,1.00936450125845e-09,0.99999903268051
LV-GGM,1356,9.31359340903403e-08,1.00838484608358e-09,0.999999033688895
LV-GGM,1357,9.29983385432958e-08,1.00689509601146e-09,0.99999903469579
LV-GGM,1358,9.2925218136003e-08,1.00610341972267e-09,0.999999035701894
LV-GGM,1359,9.28051254932495e-08,1.00480317398764e-09,0.999999036706697
LV-GGM,1360,9.26994605483396e-08,1.00365913726057e-09,0.999999037710356
LV-GGM,1361,9.26340308953059e-08,1.00295072894054e-09,0.999999038713307
LV-GGM,1362,9.25780286320328e-08,1.00234439118076e-09,0.999999039715651
LV-GGM,1363,9.24579640904185e-08,1.0010444496974e-09,0.999999040716695
LV-GGM,1364,9.22751756727659e-08,9.99065395402179e-10,0.999999041715761
LV-GGM,1365,9.22027463660657e-08,9.98281201674999e-10,0.999999042714042
LV-GGM,1366,9.21721521746637e-08,9.97949957678906e-10,0.999999043711992
LV-GGM,1367,9.21059352166119e-08,9.97233025189793e-10,0.999999044709225
LV-GGM,1368,9.19662723306774e-08,9.95720891993169e-10,0.999999045704946
LV-GGM,1369,9.18904766282791e-08,9.94900250224304e-10,0.999999046699846
LV-GGM,1370,9.18130926038001e-08,9.9406241165667e-10,0.999999047693908
LV-GGM,1371,9.17300060652641e-08,9.93162831841514e-10,0.999999048687071
LV-GGM,1372,9.16757221671799e-08,9.92575098860157e-10,0.999999049679646
LV-GGM,1373,9.15043775537243e-08,9.907199468895e-10,0.999999050670366
LV-GGM,1374,9.14927105531914e-08,9.90593628013208e-10,0.99999905166096
LV-GGM,1375,9.13682059965268e-08,9.89245614387371e-10,0.999999052650205
LV-GGM,1376,9.12813304680628e-08,9.88305011093333e-10,0.99999905363851
LV-GGM,1377,9.11810880240638e-08,9.87219683905173e-10,0.99999905462573
LV-GGM,1378,9.10785302951092e-08,9.86109289074899e-10,0.99999905561184
LV-GGM,1379,9.10048211931059e-08,9.85311238975284e-10,0.999999056597151
LV-GGM,1380,9.08483555278552e-08,9.83617181710361e-10,0.999999057580768
LV-GGM,1381,9.07121601703778e-08,9.82142591522067e-10,0.999999058562911
LV-GGM,1382,9.06201294920459e-08,9.81146173304855e-10,0.999999059544057
LV-GGM,1383,9.05363765814496e-08,9.80239378664466e-10,0.999999060524296
LV-GGM,1384,9.04022430597679e-08,9.78787112018551e-10,0.999999061503083
LV-GGM,1385,9.03291477911597e-08,9.77995707906863e-10,0.999999062481079
LV-GGM,1386,9.02708753522156e-08,9.7736479090421e-10,0.999999063458444
LV-GGM,1387,9.00997475488758e-08,9.75511986341538e-10,0.999999064433956
LV-GGM,1388,9.00743693421553e-08,9.7523721592851e-10,0.999999065409193
LV-GGM,1389,9.00074228032071e-08,9.74512384250678e-10,0.999999066383705
LV-GGM,1390,8.99091279671764e-08,9.73448143857648e-10,0.999999067357153
LV-GGM,1391,8.98180052744233e-08,9.7246155642065e-10,0.999999068329615
LV-GGM,1392,8.97403248616552e-08,9.71620508850365e-10,0.999999069301235
LV-GGM,1393,8.96197532874222e-08,9.70315077713474e-10,0.99999907027155
LV-GGM,1394,8.95282036155821e-08,9.6932386736433e-10,0.999999071240874
LV-GGM,1395,8.94571383381296e-08,9.68554442012389e-10,0.999999072209429
LV-GGM,1396,8.93408939101737e-08,9.67295860985234e-10,0.999999073176725
LV-GGM,1397,8.92330798905784e-08,9.66128556178372e-10,0.999999074142853
LV-GGM,1398,8.91467683952436e-08,9.65194059683668e-10,0.999999075108047
LV-GGM,1399,8.9055244518496e-08,9.6420312861857e-10,0.99999907607225
LV-GGM,1400,8.89238627490354e-08,9.62780655255634e-10,0.999999077035031
LV-GGM,1401,8.88981930329377e-08,9.62502728664044e-10,0.999999077997534
LV-GGM,1402,8.88339034964943e-08,9.6180666441189e-10,0.99999907895934
LV-GGM,1403,8.86992498386636e-08,9.6034876624023e-10,0.999999079919689
LV-GGM,1404,8.86721465758291e-08,9.60055318605988e-10,0.999999080879745
LV-GGM,1405,8.85355218472803e-08,9.5857607960748e-10,0.999999081838321
LV-GGM,1406,8.8424977214865e-08,9.57379210394407e-10,0.9999990827957
LV-GGM,1407,8.83113691989973e-08,9.56149173860028e-10,0.999999083751849
LV-GGM,1408,8.82439294169778e-08,9.55419001828408e-10,0.999999084707268
LV-GGM,1409,8.82126281479814e-08,9.55080102287351e-10,0.999999085662348
LV-GGM,1410,8.80837233978468e-08,9.5368444766818e-10,0.999999086616032
LV-GGM,1411,8.80769142869064e-08,9.53610725271399e-10,0.999999087569643
LV-GGM,1412,8.8007042364818e-08,9.52854220404735e-10,0.999999088522497
LV-GGM,1413,8.79160901857763e-08,9.51869479123512e-10,0.999999089474367
LV-GGM,1414,8.79056318709837e-08,9.51756246714825e-10,0.999999090426123
LV-GGM,1415,8.77152446459973e-08,9.49694919962275e-10,0.999999091375818
LV-GGM,1416,8.76446853776769e-08,9.48930973182549e-10,0.999999092324749
LV-GGM,1417,8.7585983957492e-08,9.48295411590386e-10,0.999999093273045
LV-GGM,1418,8.73985684915213e-08,9.46266260139312e-10,0.999999094219311
LV-GGM,1419,8.73378227129044e-08,9.4560856423258e-10,0.999999095164919
LV-GGM,1420,8.72980259866351e-08,9.451776841852e-10,0.999999096110097
LV-GGM,1421,8.72403872655127e-08,9.44553628459608e-10,0.999999097054651
LV-GGM,1422,8.70921604249958e-08,9.42948773134754e-10,0.999999097997599
LV-GGM,1423,8.70126908518668e-08,9.42088354285137e-10,0.999999098939688
LV-GGM,1424,8.69048139990873e-08,9.40920369181982e-10,0.999999099880608
LV-GGM,1425,8.68387949256591e-08,9.40205579194124e-10,0.999999100820814
LV-GGM,1426,8.67712899392392e-08,9.39474701192998e-10,0.999999101760289
LV-GGM,1427,8.66528352021173e-08,9.38192189098959e-10,0.999999102698481
LV-GGM,1428,8.65832120917243e-08,9.37438378122098e-10,0.999999103635919
LV-GGM,1429,8.6465906655112e-08,9.36168309530438e-10,0.999999104572087
LV-GGM,1430,8.63947244366506e-08,9.35397618055572e-10,0.999999105507485
LV-GGM,1431,8.63525429743319e-08,9.3494091841753e-10,0.999999106442426
LV-GGM,1432,8.62454999633584e-08,9.33781961338297e-10,0.999999107376208
LV-GGM,1433,8.62046999335419e-08,9.33340218500922e-10,0.999999108309548
LV-GGM,1434,8.60880943793078e-08,9.32077727551459e-10,0.999999109241626
LV-GGM,1435,8.59754873534803e-08,9.30858528758684e-10,0.999999110172484
LV-GGM,1436,8.58357848702912e-08,9.29345966841696e-10,0.99999911110183
LV-GGM,1437,8.58279509103446e-08,9.29261148381752e-10,0.999999112031091
LV-GGM,1438,8.57472671400851e-08,9.28387583392586e-10,0.999999112959479
LV-GGM,1439,8.55944291434612e-08,9.267328029772e-10,0.999999113886212
LV-GGM,1440,8.55216121302948e-08,9.25944411543419e-10,0.999999114812156
LV-GGM,1441,8.54466327092517e-08,9.25132607671085e-10,0.999999115737289
LV-GGM,1442,8.5407025011499e-08,9.24703774239691e-10,0.999999116661992
LV-GGM,1443,8.53555362803887e-08,9.24146304593814e-10,0.999999117586139
LV-GGM,1444,8.52612276817898e-08,9.2312522328281e-10,0.999999118509264
LV-GGM,1445,8.50811546920329e-08,9.21175568986289e-10,0.99999911943044
LV-GGM,1446,8.50400714471003e-08,9.20730759772503e-10,0.99999912035117
LV-GGM,1447,8.50106592775746e-08,9.2041231355376e-10,0.999999121271583
LV-GGM,1448,8.49261983362893e-08,9.1949785304923e-10,0.99999912219108
LV-GGM,1449,8.47855810774802e-08,9.17975386836099e-10,0.999999123109056
LV-GGM,1450,8.47056129294488e-08,9.17109569904839e-10,0.999999124026166
LV-GGM,1451,8.45765228952659e-08,9.15711909211124e-10,0.999999124941877
LV-GGM,1452,8.4524326704633e-08,9.15146779885139e-10,0.999999125857024
LV-GGM,1453,8.44108178246784e-08,9.13917816697514e-10,0.999999126770942
LV-GGM,1454,8.43893244626806e-08,9.13685107585378e-10,0.999999127684627
LV-GGM,1455,8.42788203100329e-08,9.12488676647657e-10,0.999999128597116
LV-GGM,1456,8.42009836852309e-08,9.11645937766181e-10,0.999999129508762
LV-GGM,1457,8.41221546209919e-08,9.10792453720673e-10,0.999999130419554
LV-GGM,1458,8.40490928655987e-08,9.10001412457315e-10,0.999999131329556
LV-GGM,1459,8.39480278364175e-08,9.08907179120949e-10,0.999999132238463
LV-GGM,1460,8.3847410383217e-08,9.07817791699757e-10,0.999999133146281
LV-GGM,1461,8.37704763114393e-08,9.06984824780106e-10,0.999999134053265
LV-GGM,1462,8.36684893304248e-08,9.05880609450574e-10,0.999999134959146
LV-GGM,1463,8.36288535261975e-08,9.05451471709749e-10,0.999999135864597
LV-GGM,1464,8.36108279350689e-08,9.05256308230547e-10,0.999999136769854
LV-GGM,1465,8.35013292346224e-08,9.04070763346346e-10,0.999999137673924
LV-GGM,1466,8.34138247774145e-08,9.031233506267e-10,0.999999138577048
LV-GGM,1467,8.3380688291739e-08,9.02764581153521e-10,0.999999139479812
LV-GGM,1468,8.32618813663171e-08,9.01478255908864e-10,0.999999140381291
LV-GGM,1469,8.31884822112126e-08,9.00683561611269e-10,0.999999141281974
LV-GGM,1470,8.31473218609375e-08,9.00237917576211e-10,0.999999142182212
LV-GGM,1471,8.30643358098752e-08,8.99339425741187e-10,0.999999143081552
LV-GGM,1472,8.30145606614523e-08,8.98800509093478e-10,0.999999143980352
LV-GGM,1473,8.29309983817546e-08,8.97895778418101e-10,0.999999144878248
LV-GGM,1474,8.29065034143627e-08,8.97630570857082e-10,0.999999145775878
LV-GGM,1475,8.28049856319207e-08,8.96531435551012e-10,0.99999914667241
LV-GGM,1476,8.27348902881364e-08,8.95772511692638e-10,0.999999147568182
LV-GGM,1477,8.25953843268184e-08,8.94262077522354e-10,0.999999148462444
LV-GGM,1478,8.25420572785002e-08,8.93684704374861e-10,0.999999149356129
LV-GGM,1479,8.24182343190302e-08,8.92344070417127e-10,0.999999150248473
LV-GGM,1480,8.23940843616887e-08,8.92082598287658e-10,0.999999151140556
LV-GGM,1481,8.23350620501411e-08,8.91443562397517e-10,0.999999152031999
LV-GGM,1482,8.22193799817549e-08,8.9019107005003e-10,0.99999915292219
LV-GGM,1483,8.21386605335633e-08,8.89317118775094e-10,0.999999153811508
LV-GGM,1484,8.2025971121119e-08,8.88097027980571e-10,0.999999154699605
LV-GGM,1485,8.20050966306437e-08,8.87871019404283e-10,0.999999155587476
LV-GGM,1486,8.18709768465157e-08,8.86418901495169e-10,0.999999156473895
LV-GGM,1487,8.18556417953532e-08,8.8625286855249e-10,0.999999157360148
LV-GGM,1488,8.17883007707246e-08,8.85523765769354e-10,0.999999158245671
LV-GGM,1489,8.17070649360895e-08,8.84644223566819e-10,0.999999159130316
LV-GGM,1490,8.16672180726334e-08,8.84212800682993e-10,0.999999160014528
LV-GGM,1491,8.15270122191693e-08,8.82694788764754e-10,0.999999160897223
LV-GGM,1492,8.14924047380353e-08,8.82320092790773e-10,0.999999161779543
LV-GGM,1493,8.13759285084065e-08,8.81059002041711e-10,0.999999162660602
LV-GGM,1494,8.12606541728959e-08,8.79810924227206e-10,0.999999163540413
LV-GGM,1495,8.12344029285019e-08,8.79526701415719e-10,0.99999916441994
LV-GGM,1496,8.11493960767505e-08,8.78606330326336e-10,0.999999165298546
LV-GGM,1497,8.10975415309603e-08,8.7804489999672e-10,0.999999166176591
LV-GGM,1498,8.10494129747285e-08,8.77523811039574e-10,0.999999167054115
LV-GGM,1499,8.0974578514733e-08,8.76713576663752e-10,0.999999167930828
LV-GGM,1500,8.0918311556444e-08,8.76104373045105e-10,0.999999168806933
LV-GGM,1501,8.08444778521388e-08,8.75304973873574e-10,0.999999169682238
LV-GGM,1502,8.07095944685216e-08,8.73844588455674e-10,0.999999170556082
LV-GGM,1503,8.06428170742699e-08,8.73121588111263e-10,0.999999171429204
LV-GGM,1504,8.05654965791441e-08,8.72284437377359e-10,0.999999172301488
LV-GGM,1505,8.05301291016812e-08,8.71901512906089e-10,0.99999917317339
LV-GGM,1506,8.04664565097226e-08,8.71212128325701e-10,0.999999174044602
LV-GGM,1507,8.04125617541666e-08,8.70628608599219e-10,0.99999917491523
LV-GGM,1508,8.03402676826204e-08,8.69845879066081e-10,0.999999175785076
LV-GGM,1509,8.02430489476131e-08,8.68793289642952e-10,0.99999917665387
LV-GGM,1510,8.02203593514522e-08,8.68547628876719e-10,0.999999177522417
LV-GGM,1511,8.00204119850462e-08,8.66382794258724e-10,0.9999991783888
LV-GGM,1512,7.9899623842427e-08,8.6507501833106e-10,0.999999179253875
LV-GGM,1513,7.9856877081161e-08,8.64612198188644e-10,0.999999180118487
LV-GGM,1514,7.9844441458958e-08,8.64477557428302e-10,0.999999180982965
LV-GGM,1515,7.98112602514228e-08,8.64118303750545e-10,0.999999181847083
LV-GGM,1516,7.97507174690649e-08,8.63462805688859e-10,0.999999182710546
LV-GGM,1517,7.95858914999213e-08,8.61678231226287e-10,0.999999183572224
LV-GGM,1518,7.9546125583784e-08,8.61247684760896e-10,0.999999184433472
LV-GGM,1519,7.94433494468356e-08,8.60134925222379e-10,0.999999185293607
LV-GGM,1520,7.94290196156129e-08,8.5997977581852e-10,0.999999186153587
LV-GGM,1521,7.93788282699585e-08,8.59436352994056e-10,0.999999187013023
LV-GGM,1522,7.92663187013549e-08,8.58218209372829e-10,0.999999187871241
LV-GGM,1523,7.92222945201641e-08,8.57741558576252e-10,0.999999188728983
LV-GGM,1524,7.91671463656092e-08,8.57144468270713e-10,0.999999189586127
LV-GGM,1525,7.90920875989553e-08,8.56331805321673e-10,0.999999190442459
LV-GGM,1526,7.89420147656626e-08,8.54706963391657e-10,0.999999191297166
LV-GGM,1527,7.8850403959199e-08,8.53715091136575e-10,0.999999192150881
LV-GGM,1528,7.87730033956635e-08,8.52877073500204e-10,0.999999193003758
LV-GGM,1529,7.87222445899195e-08,8.5232750677263e-10,0.999999193856085
LV-GGM,1530,7.87122009638319e-08,8.52218764207847e-10,0.999999194708304
LV-GGM,1531,7.86877411149569e-08,8.51953936875798e-10,0.999999195560258
LV-GGM,1532,7.86200755247881e-08,8.51221320014283e-10,0.999999196411479
LV-GGM,1533,7.86012262405145e-08,8.51017238390937e-10,0.999999197262497
LV-GGM,1534,7.84368680232561e-08,8.4923772828851e-10,0.999999198111735
LV-GGM,1535,7.83505483153714e-08,8.48303142876344e-10,0.999999198960038
LV-GGM,1536,7.83146646142117e-08,8.47914629239537e-10,0.999999199807952
LV-GGM,1537,7.82126868065957e-08,8.46810513230596e-10,0.999999200654763
LV-GGM,1538,7.81148773786076e-08,8.45751528361323e-10,0.999999201500515
LV-GGM,1539,7.80252428415653e-08,8.44781053219565e-10,0.999999202345295
LV-GGM,1540,7.7996348317556e-08,8.44468211560431e-10,0.999999203189764
LV-GGM,1541,7.79783713483993e-08,8.44273574512409e-10,0.999999204034037
LV-GGM,1542,7.79046157024789e-08,8.4347502048076e-10,0.999999204877512
LV-GGM,1543,7.78745769144239e-08,8.43149789849155e-10,0.999999205720662
LV-GGM,1544,7.78477221320137e-08,8.42859032518036e-10,0.999999206563521
LV-GGM,1545,7.77694653924811e-08,8.42011745044953e-10,0.999999207405533
LV-GGM,1546,7.7749049100465e-08,8.41790697393654e-10,0.999999208247324
LV-GGM,1547,7.77114315451736e-08,8.41383411279299e-10,0.999999209088707
LV-GGM,1548,7.75964745112297e-08,8.4013876889597e-10,0.999999209928846
LV-GGM,1549,7.74879513321762e-08,8.38963786003757e-10,0.99999921076781
LV-GGM,1550,7.74335645407944e-08,8.3837493899436e-10,0.999999211606185
LV-GGM,1551,7.73151249717385e-08,8.37092591125311e-10,0.999999212443277
LV-GGM,1552,7.72704931624849e-08,8.36609361526079e-10,0.999999213279887
LV-GGM,1553,7.72432882703762e-08,8.36314813549407e-10,0.999999214116201
LV-GGM,1554,7.71671163701212e-08,8.35490098677916e-10,0.999999214951691
LV-GGM,1555,7.70593936546316e-08,8.34323782422652e-10,0.999999215786015
LV-GGM,1556,7.69923594687714e-08,8.3359800178974e-10,0.999999216619613
LV-GGM,1557,7.6973919842078e-08,8.33398355538197e-10,0.999999217453012
LV-GGM,1558,7.68907844467814e-08,8.324982467498e-10,0.99999921828551
LV-GGM,1559,7.6846397385694e-08,8.3201766704445e-10,0.999999219117527
LV-GGM,1560,7.68057601136186e-08,8.31577686388784e-10,0.999999219949105
LV-GGM,1561,7.67160622691101e-08,8.30606525815671e-10,0.999999220779712
LV-GGM,1562,7.66572124650664e-08,8.29969357668142e-10,0.999999221609681
LV-GGM,1563,7.65680770625692e-08,8.29004286667291e-10,0.999999222438685
LV-GGM,1564,7.6484651674262e-08,8.28101038118069e-10,0.999999223266786
LV-GGM,1565,7.64318790736552e-08,8.27529667988374e-10,0.999999224094316
LV-GGM,1566,7.62876268074989e-08,8.25967845469216e-10,0.999999224920284
LV-GGM,1567,7.62590754584934e-08,8.2565871937354e-10,0.999999225745942
LV-GGM,1568,7.62045637417133e-08,8.25068519794056e-10,0.999999226571011
LV-GGM,1569,7.61601912058068e-08,8.24588097353164e-10,0.999999227395599
LV-GGM,1570,7.6137741082e-08,8.24345029359478e-10,0.999999228219944
LV-GGM,1571,7.60649515385526e-08,8.23556935340958e-10,0.999999229043501
LV-GGM,1572,7.59303195222232e-08,8.22099271482318e-10,0.9999992298656
LV-GGM,1573,7.5880400934748e-08,8.21558801816775e-10,0.999999230687159
LV-GGM,1574,7.57913003196412e-08,8.20594107459779e-10,0.999999231507753
LV-GGM,1575,7.57623994301392e-08,8.20281196881313e-10,0.999999232328034
LV-GGM,1576,7.57148834524824e-08,8.1976674032613e-10,0.999999233147801
LV-GGM,1577,7.56092294421266e-08,8.18622821987722e-10,0.999999233966424
LV-GGM,1578,7.56022284387478e-08,8.18547021967208e-10,0.999999234784971
LV-GGM,1579,7.55771625822041e-08,8.18275633376546e-10,0.999999235603247
LV-GGM,1580,7.54779580747677e-08,8.17201543950814e-10,0.999999236420448
LV-GGM,1581,7.54524515979356e-08,8.16925384754414e-10,0.999999237237373
LV-GGM,1582,7.53835590347298e-08,8.16179483428323e-10,0.999999238053553
LV-GGM,1583,7.52710895393255e-08,8.14961773680523e-10,0.999999238868515
LV-GGM,1584,7.51684814453222e-08,8.13850833546738e-10,0.999999239682365
LV-GGM,1585,7.51301594470355e-08,8.13435920412282e-10,0.999999240495801
LV-GGM,1586,7.49945597468934e-08,8.1196777941931e-10,0.999999241307769
LV-GGM,1587,7.49357551963234e-08,8.11331101232156e-10,0.9999992421191
LV-GGM,1588,7.49170087992196e-08,8.11128133570504e-10,0.999999242930228
LV-GGM,1589,7.4835239264755e-08,8.10242812987951e-10,0.999999243740471
LV-GGM,1590,7.48126542465858e-08,8.09998284489978e-10,0.99999924455047
LV-GGM,1591,7.46666368428529e-08,8.08417350786711e-10,0.999999245358887
LV-GGM,1592,7.46621564275423e-08,8.08368841229713e-10,0.999999246167256
LV-GGM,1593,7.45823848795497e-08,8.07505152891478e-10,0.999999246974761
LV-GGM,1594,7.44849728163944e-08,8.06450470300157e-10,0.999999247781211
LV-GGM,1595,7.44528468037411e-08,8.0610264124104e-10,0.999999248587314
LV-GGM,1596,7.44288255964843e-08,8.05842563091623e-10,0.999999249393157
LV-GGM,1597,7.43903658326489e-08,8.05426158366483e-10,0.999999250198583
LV-GGM,1598,7.42718930596111e-08,8.04143450997178e-10,0.999999251002726
LV-GGM,1599,7.42069263664071e-08,8.03440055153598e-10,0.999999251806166
LV-GGM,1600,7.41636621033329e-08,8.02971632007504e-10,0.999999252609138
LV-GGM,1601,7.41272215535384e-08,8.02577089358046e-10,0.999999253411715
LV-GGM,1602,7.40378405307789e-08,8.0160935902111e-10,0.999999254213324
LV-GGM,1603,7.40095905121169e-08,8.01303495435818e-10,0.999999255014628
LV-GGM,1604,7.39536839524747e-08,8.00698193861399e-10,0.999999255815326
LV-GGM,1605,7.38782013295381e-08,7.99880941810885e-10,0.999999256615207
LV-GGM,1606,7.38657816784958e-08,7.99746473970658e-10,0.999999257414953
LV-GGM,1607,7.37838212777513e-08,7.98859086874615e-10,0.999999258213813
LV-GGM,1608,7.373974098248e-08,7.9838182852963e-10,0.999999259012194
LV-GGM,1609,7.37297014941161e-08,7.98273130764074e-10,0.999999259810468
LV-GGM,1610,7.36867225272251e-08,7.9780779652615e-10,0.999999260608275
LV-GGM,1611,7.35445368927131e-08,7.96268349474129e-10,0.999999261404544
LV-GGM,1612,7.34796645603915e-08,7.95565975277938e-10,0.99999926220011
LV-GGM,1613,7.34212557829006e-08,7.94933582134783e-10,0.999999262995043
LV-GGM,1614,7.33488307945042e-08,7.94149435161973e-10,0.999999263789193
LV-GGM,1615,7.33157964687509e-08,7.93791771776562e-10,0.999999264582985
LV-GGM,1616,7.32869251026226e-08,7.93479180848325e-10,0.999999265376464
LV-GGM,1617,7.32523991210771e-08,7.93105367272216e-10,0.999999266169569
LV-GGM,1618,7.31605201766298e-08,7.92110591881173e-10,0.99999926696168
LV-GGM,1619,7.30836170893442e-08,7.91277960431312e-10,0.999999267752958
LV-GGM,1620,7.30156829733255e-08,7.90542436234401e-10,0.9999992685435
LV-GGM,1621,7.29901746478861e-08,7.90266257023086e-10,0.999999269333766
LV-GGM,1622,7.28923641898056e-08,7.8920726100098e-10,0.999999270122974
LV-GGM,1623,7.28409167252274e-08,7.88650238148772e-10,0.999999270911624
LV-GGM,1624,7.28116886333369e-08,7.88333784942711e-10,0.999999271699958
LV-GGM,1625,7.27419948871497e-08,7.87579209190523e-10,0.999999272487537
LV-GGM,1626,7.26782332911613e-08,7.8688886096151e-10,0.999999273274426
LV-GGM,1627,7.26457475220171e-08,7.86537136810801e-10,0.999999274060963
LV-GGM,1628,7.25875051732062e-08,7.85906545594694e-10,0.99999927484687
LV-GGM,1629,7.25598735426639e-08,7.85607377311437e-10,0.999999275632477
LV-GGM,1630,7.25095201540759e-08,7.85062200044498e-10,0.999999276417539
LV-GGM,1631,7.23915651106663e-08,7.83785098145482e-10,0.999999277201324
LV-GGM,1632,7.23666788558752e-08,7.83515654107022e-10,0.99999927798484
LV-GGM,1633,7.23140236802254e-08,7.8294555533997e-10,0.999999278767785
LV-GGM,1634,7.22168351134289e-08,7.81893292548735e-10,0.999999279549679
LV-GGM,1635,7.2160624756066e-08,7.81284701749584e-10,0.999999280330964
LV-GGM,1636,7.21071018054627e-08,7.80705207563659e-10,0.999999281111669
LV-GGM,1637,7.20481725035606e-08,7.80067178691036e-10,0.999999281891736
LV-GGM,1638,7.20107015893005e-08,7.79661480262413e-10,0.999999282671397
LV-GGM,1639,7.19263746726747e-08,7.78748470845877e-10,0.999999283450146
LV-GGM,1640,7.1884438279257e-08,7.78294424574319e-10,0.99999928422844
LV-GGM,1641,7.18366664514486e-08,7.77777197923808e-10,0.999999285006217
LV-GGM,1642,7.17880168942143e-08,7.77250468077129e-10,0.999999285783468
LV-GGM,1643,7.17105222359513e-08,7.76411431675034e-10,0.999999286559879
LV-GGM,1644,7.16304277247287e-08,7.7554424660667e-10,0.999999287335424
LV-GGM,1645,7.15931701807875e-08,7.75140858343272e-10,0.999999288110564
LV-GGM,1646,7.15271592507397e-08,7.74426156523977e-10,0.999999288884991
LV-GGM,1647,7.14841762780039e-08,7.73960778914683e-10,0.999999289658951
LV-GGM,1648,7.13881479574295e-08,7.72921078135302e-10,0.999999290431872
LV-GGM,1649,7.13112783884199e-08,7.72088809588566e-10,0.999999291203961
LV-GGM,1650,7.12505101033822e-08,7.71430870004313e-10,0.999999291975392
LV-GGM,1651,7.11591759637123e-08,7.70441993226806e-10,0.999999292745834
LV-GGM,1652,7.11392913573316e-08,7.702267021478e-10,0.999999293516061
LV-GGM,1653,7.1120529969502e-08,7.70023572181223e-10,0.999999294286084
LV-GGM,1654,7.10783169031562e-08,7.6956653036567e-10,0.999999295055651
LV-GGM,1655,7.10416400750152e-08,7.69169429525259e-10,0.99999929582482
LV-GGM,1656,7.10045357897277e-08,7.6876770059674e-10,0.999999296593588
LV-GGM,1657,7.09557633760359e-08,7.68239640580442e-10,0.999999297361828
LV-GGM,1658,7.08783407203377e-08,7.67401383751731e-10,0.999999298129229
LV-GGM,1659,7.08493247150083e-08,7.67087226811621e-10,0.999999298896316
LV-GGM,1660,7.07999639288622e-08,7.66552796473572e-10,0.999999299662869
LV-GGM,1661,7.07931102033878e-08,7.66478591034231e-10,0.999999300429348
LV-GGM,1662,7.07786352427837e-08,7.66321870311306e-10,0.99999930119567
LV-GGM,1663,7.07282587006654e-08,7.65776442360577e-10,0.999999301961446
LV-GGM,1664,7.05731699983552e-08,7.64097293504275e-10,0.999999302725543
LV-GGM,1665,7.0551335642731e-08,7.63860892446504e-10,0.999999303489404
LV-GGM,1666,7.04349992543708e-08,7.62601315761992e-10,0.999999304252006
LV-GGM,1667,7.03821696558664e-08,7.62029328514784e-10,0.999999305014035
LV-GGM,1668,7.03232618933708e-08,7.61391532849797e-10,0.999999305775427
LV-GGM,1669,7.0287970726686e-08,7.61009434597032e-10,0.999999306536436
LV-GGM,1670,7.02472974607241e-08,7.60569064234751e-10,0.999999307297005
LV-GGM,1671,7.01775663516478e-08,7.59814083953726e-10,0.999999308056819
LV-GGM,1672,7.01583579331199e-08,7.59606113975757e-10,0.999999308816425
LV-GGM,1673,7.01245345607335e-08,7.59239907564763e-10,0.999999309575665
LV-GGM,1674,7.00396264516663e-08,7.58320605564635e-10,0.999999310333986
LV-GGM,1675,6.99755804492776e-08,7.57627178061151e-10,0.999999311091613
LV-GGM,1676,6.99437369354485e-08,7.57282407623135e-10,0.999999311848895
LV-GGM,1677,6.99030841772623e-08,7.56842259299002e-10,0.999999312605737
LV-GGM,1678,6.98435556325033e-08,7.56197742410535e-10,0.999999313361935
LV-GGM,1679,6.977719722861e-08,7.55479278484126e-10,0.999999314117414
LV-GGM,1680,6.97219369249488e-08,7.548809739377e-10,0.999999314872295
LV-GGM,1681,6.9701074975436e-08,7.54655101142693e-10,0.999999315626951
LV-GGM,1682,6.9672203771836e-08,7.54342511974154e-10,0.999999316381293
LV-GGM,1683,6.9625350870228e-08,7.53835234558213e-10,0.999999317135128
LV-GGM,1684,6.95228368218876e-08,7.5272531265893e-10,0.999999317887854
LV-GGM,1685,6.94940744009258e-08,7.52413901282452e-10,0.999999318640268
LV-GGM,1686,6.94002318865491e-08,7.5139786627577e-10,0.999999319391665
LV-GGM,1687,6.9335065886549e-08,7.50692312533041e-10,0.999999320142358
LV-GGM,1688,6.93193775402269e-08,7.5052245445575e-10,0.99999932089288
LV-GGM,1689,6.92933486846651e-08,7.50240639453133e-10,0.999999321643121
LV-GGM,1690,6.92114622174544e-08,7.49354052837117e-10,0.999999322392475
LV-GGM,1691,6.91727623367072e-08,7.48935048360791e-10,0.99999932314141
LV-GGM,1692,6.90800273729183e-08,7.47931004829149e-10,0.999999323889341
LV-GGM,1693,6.90557345248746e-08,7.47667985618844e-10,0.999999324637009
LV-GGM,1694,6.90226424015122e-08,7.47309696457422e-10,0.999999325384319
LV-GGM,1695,6.89496578508522e-08,7.46519491091442e-10,0.999999326130838
LV-GGM,1696,6.89152253403954e-08,7.46146689528905e-10,0.999999326876985
LV-GGM,1697,6.88938291222233e-08,7.45915032195149e-10,0.9999993276229
LV-GGM,1698,6.88205885006798e-08,7.45122054343974e-10,0.999999328368022
LV-GGM,1699,6.8754509806682e-08,7.44406618842873e-10,0.999999329112429
LV-GGM,1700,6.87234313075993e-08,7.44070131236665e-10,0.999999329856499
LV-GGM,1701,6.86418315679513e-08,7.43186649026398e-10,0.999999330599685
LV-GGM,1702,6.85876342724133e-08,7.42599853692749e-10,0.999999331342285
LV-GGM,1703,6.85274487881394e-08,7.41948224105428e-10,0.999999332084234
LV-GGM,1704,6.84779487866903e-08,7.41412286480173e-10,0.999999332825646
LV-GGM,1705,6.8435222287924e-08,7.40949685720294e-10,0.999999333566596
LV-GGM,1706,6.83719666353053e-08,7.40264815351485e-10,0.99999933430686
LV-GGM,1707,6.83086656153566e-08,7.39579453789578e-10,0.99999933504644
LV-GGM,1708,6.82698155280898e-08,7.39158823023896e-10,0.999999335785599
LV-GGM,1709,6.82179442923646e-08,7.38597211991981e-10,0.999999336524196
LV-GGM,1710,6.81765382348399e-08,7.38148907679024e-10,0.999999337262345
LV-GGM,1711,6.8169370248882e-08,7.38071299734384e-10,0.999999338000416
LV-GGM,1712,6.80817273772239e-08,7.37122388398384e-10,0.999999338737538
LV-GGM,1713,6.80025261633509e-08,7.36264875080447e-10,0.999999339473803
LV-GGM,1714,6.79573827860097e-08,7.35776106722062e-10,0.999999340209579
LV-GGM,1715,6.79005608993589e-08,7.35160894881604e-10,0.99999934094474
LV-GGM,1716,6.7857871754988e-08,7.34698698558602e-10,0.999999341679439
LV-GGM,1717,6.78313349009381e-08,7.34411383444967e-10,0.99999934241385
LV-GGM,1718,6.77716689003734e-08,7.33765378319411e-10,0.999999343147616
LV-GGM,1719,6.774402186563e-08,7.33466043254522e-10,0.999999343881082
LV-GGM,1720,6.7698029801074e-08,7.3296808614064e-10,0.99999934461405
LV-GGM,1721,6.76510578141609e-08,7.32459519385431e-10,0.999999345346509
LV-GGM,1722,6.7602159048738e-08,7.31930091356108e-10,0.999999346078439
LV-GGM,1723,6.75255832358999e-08,7.31101003314025e-10,0.99999934680954
LV-GGM,1724,6.75056203274154e-08,7.30884864456386e-10,0.999999347540425
LV-GGM,1725,6.74578697443809e-08,7.30367867823518e-10,0.999999348270793
LV-GGM,1726,6.73534475026659e-08,7.29237285871795e-10,0.999999349000031
LV-GGM,1727,6.72787243937875e-08,7.28428257097014e-10,0.999999349728459
LV-GGM,1728,6.72391737634572e-08,7.2800004153588e-10,0.999999350456459
LV-GGM,1729,6.7225404514243e-08,7.27850961565994e-10,0.99999935118431
LV-GGM,1730,6.71561434194998e-08,7.27101070140688e-10,0.999999351911411
LV-GGM,1731,6.70992656407363e-08,7.26485253155072e-10,0.999999352637896
LV-GGM,1732,6.70621172184588e-08,7.26083046354374e-10,0.999999353363979
LV-GGM,1733,6.70386692285322e-08,7.2582917444184e-10,0.999999354089808
LV-GGM,1734,6.69789186082622e-08,7.25182253136837e-10,0.99999935481499
LV-GGM,1735,6.6932942023458e-08,7.24684463622575e-10,0.999999355539675
LV-GGM,1736,6.68835103599114e-08,7.24149265893321e-10,0.999999356263824
LV-GGM,1737,6.67967059535764e-08,7.23209432640169e-10,0.999999356987034
LV-GGM,1738,6.67932093720528e-08,7.23171575073635e-10,0.999999357710205
LV-GGM,1739,6.67202011939813e-08,7.22381113893142e-10,0.999999358432586
LV-GGM,1740,6.66910306410088e-08,7.22065283662236e-10,0.999999359154652
LV-GGM,1741,6.66234110282312e-08,7.21333164598966e-10,0.999999359875985
LV-GGM,1742,6.65740703572522e-08,7.20798952048281e-10,0.999999360596784
LV-GGM,1743,6.65067336374741e-08,7.20069895873858e-10,0.999999361316854
LV-GGM,1744,6.64568013140948e-08,7.19529277489373e-10,0.999999362036383
LV-GGM,1745,6.64191052880041e-08,7.19121141769914e-10,0.999999362755504
LV-GGM,1746,6.63856911728563e-08,7.18759366396215e-10,0.999999363474263
LV-GGM,1747,6.63523947226906e-08,7.18398864983915e-10,0.999999364192662
LV-GGM,1748,6.63232500281825e-08,7.18083314723184e-10,0.999999364910746
LV-GGM,1749,6.62282182230336e-08,7.17054403238651e-10,0.9999993656278
LV-GGM,1750,6.6194644293695e-08,7.16690897553127e-10,0.999999366344491
LV-GGM,1751,6.61469092071269e-08,7.16174068700848e-10,0.999999367060665
LV-GGM,1752,6.6125505003005e-08,7.15942324903035e-10,0.999999367776607
LV-GGM,1753,6.60426449943863e-08,7.15045197732373e-10,0.999999368491653
LV-GGM,1754,6.60294736397264e-08,7.14902591180227e-10,0.999999369206555
LV-GGM,1755,6.59667882276343e-08,7.14223894818383e-10,0.999999369920779
LV-GGM,1756,6.59315512670681e-08,7.13842383456479e-10,0.999999370634621
LV-GGM,1757,6.58580253462312e-08,7.13046316663458e-10,0.999999371347668
LV-GGM,1758,6.58218415074228e-08,7.12654553429601e-10,0.999999372060322
LV-GGM,1759,6.5758344936146e-08,7.1196707462908e-10,0.999999372772289
LV-GGM,1760,6.57386470440913e-08,7.11753805110267e-10,0.999999373484043
LV-GGM,1761,6.57133696612476e-08,7.11480126319613e-10,0.999999374195523
LV-GGM,1762,6.56254218682524e-08,7.10527913593461e-10,0.999999374906051
LV-GGM,1763,6.55996896384686e-08,7.10249310164791e-10,0.999999375616301
LV-GGM,1764,6.5569701864802e-08,7.09924631867113e-10,0.999999376326225
LV-GGM,1765,6.55531381645853e-08,7.09745296313582e-10,0.999999377035971
LV-GGM,1766,6.54698258790496e-08,7.08843272330602e-10,0.999999377744814
LV-GGM,1767,6.54606246342442e-08,7.08743650246844e-10,0.999999378453557
LV-GGM,1768,6.53618028080655e-08,7.07673704119667e-10,0.999999379161231
LV-GGM,1769,6.53023850426344e-08,7.07030386641466e-10,0.999999379868262
LV-GGM,1770,6.52584985631285e-08,7.06555226744119e-10,0.999999380574817
LV-GGM,1771,6.52144077249858e-08,7.0607785425123e-10,0.999999381280895
LV-GGM,1772,6.51846396237011e-08,7.05755554351355e-10,0.99999938198665
LV-GGM,1773,6.51442230580878e-08,7.05317963289502e-10,0.999999382691968
LV-GGM,1774,6.51103312731547e-08,7.04951016174331e-10,0.999999383396919
LV-GGM,1775,6.50661103305997e-08,7.04472235038054e-10,0.999999384101391
LV-GGM,1776,6.49789716327319e-08,7.03528782402983e-10,0.99999938480492
LV-GGM,1777,6.49260462421073e-08,7.02955758012342e-10,0.999999385507876
LV-GGM,1778,6.48929351241477e-08,7.02597263195991e-10,0.999999386210473
LV-GGM,1779,6.48451313853763e-08,7.02079691044769e-10,0.999999386912553
LV-GGM,1780,6.48173007565203e-08,7.01778368202308e-10,0.999999387614331
LV-GGM,1781,6.47893328381644e-08,7.01475558923354e-10,0.999999388315807
LV-GGM,1782,6.47098045141037e-08,7.00614503976083e-10,0.999999389016421
LV-GGM,1783,6.46981232901928e-08,7.00488031102959e-10,0.999999389716909
LV-GGM,1784,6.46450850278684e-08,6.99913784647894e-10,0.999999390416823
LV-GGM,1785,6.45863070007661e-08,6.9927739363092e-10,0.9999993911161
LV-GGM,1786,6.45702730131669e-08,6.99103793287774e-10,0.999999391815204
LV-GGM,1787,6.45057422410659e-08,6.98405117171747e-10,0.999999392513609
LV-GGM,1788,6.44540295331224e-08,6.97845222523677e-10,0.999999393211454
LV-GGM,1789,6.44295392038184e-08,6.9758006517934e-10,0.999999393909034
LV-GGM,1790,6.43820882738152e-08,6.9706631289656e-10,0.999999394606101
LV-GGM,1791,6.43269627956582e-08,6.96469468108889e-10,0.99999939530257
LV-GGM,1792,6.42885429398083e-08,6.96053495468403e-10,0.999999395998624
LV-GGM,1793,6.42344937988404e-08,6.95468304207605e-10,0.999999396694092
LV-GGM,1794,6.42204914874559e-08,6.95316700868376e-10,0.999999397389409
LV-GGM,1795,6.41672811316437e-08,6.94740591153261e-10,0.99999939808415
LV-GGM,1796,6.41296210342713e-08,6.94332844434841e-10,0.999999398778482
LV-GGM,1797,6.41133459774912e-08,6.9415663403027e-10,0.999999399472639
LV-GGM,1798,6.40496535190901e-08,6.93467034355464e-10,0.999999400166106
LV-GGM,1799,6.39849627784911e-08,6.92766626256924e-10,0.999999400858873
LV-GGM,1800,6.39550088447498e-08,6.92442314344875e-10,0.999999401551315
LV-GGM,1801,6.3927849061153e-08,6.92148254759072e-10,0.999999402243463
LV-GGM,1802,6.3860561040145e-08,6.91419725847325e-10,0.999999402934883
LV-GGM,1803,6.38322195305229e-08,6.91112871687357e-10,0.999999403625996
LV-GGM,1804,6.37758085882542e-08,6.90502109150935e-10,0.999999404316498
LV-GGM,1805,6.37034672394007e-08,6.89718867745332e-10,0.999999405006217
LV-GGM,1806,6.36739928946392e-08,6.89399748353917e-10,0.999999405695617
LV-GGM,1807,6.36210061978306e-08,6.88826060199848e-10,0.999999406384443
LV-GGM,1808,6.35896775470487e-08,6.88486864195585e-10,0.999999407072929
LV-GGM,1809,6.35645843802903e-08,6.88215179916616e-10,0.999999407761145
LV-GGM,1810,6.35449813243256e-08,6.88002937190275e-10,0.999999408449148
LV-GGM,1811,6.3484279375058e-08,6.8734571582489e-10,0.999999409136493
LV-GGM,1812,6.34354834247614e-08,6.86817400977244e-10,0.999999409823311
LV-GGM,1813,6.33371838076741e-08,6.85753108819606e-10,0.999999410509064
LV-GGM,1814,6.33336559312894e-08,6.85714912422909e-10,0.999999411194779
LV-GGM,1815,6.32693330193927e-08,6.85018486813975e-10,0.999999411879797
LV-GGM,1816,6.32021340830574e-08,6.84290922423976e-10,0.999999412564088
LV-GGM,1817,6.31620225833738e-08,6.83856634317782e-10,0.999999413247945
LV-GGM,1818,6.31339746745318e-08,6.83552958980042e-10,0.999999413931498
LV-GGM,1819,6.30977836740996e-08,6.83161118207124e-10,0.999999414614659
LV-GGM,1820,6.30859839983361e-08,6.83033362853136e-10,0.999999415297692
LV-GGM,1821,6.3010571383812e-08,6.82216868785274e-10,0.999999415979909
LV-GGM,1822,6.29657996432812e-08,6.81732124146966e-10,0.999999416661641
LV-GGM,1823,6.29042303184403e-08,6.81065511686807e-10,0.999999417342707
LV-GGM,1824,6.28593262494082e-08,6.8057933432485e-10,0.999999418023286
LV-GGM,1825,6.28159001902616e-08,6.80109159409053e-10,0.999999418703395
LV-GGM,1826,6.27853898819582e-08,6.79778823617149e-10,0.999999419383174
LV-GGM,1827,6.27142607331767e-08,6.79008706728897e-10,0.999999420062183
LV-GGM,1828,6.26961714600001e-08,6.78812853762734e-10,0.999999420740996
LV-GGM,1829,6.26600297786925e-08,6.78421546969083e-10,0.999999421419417
LV-GGM,1830,6.26173511657596e-08,6.77959464670197e-10,0.999999422097377
LV-GGM,1831,6.25737317719637e-08,6.77487196515818e-10,0.999999422774864
LV-GGM,1832,6.25406302238383e-08,6.77128805312278e-10,0.999999423451993
LV-GGM,1833,6.25227157531065e-08,6.76934844936103e-10,0.999999424128928
LV-GGM,1834,6.24726975549289e-08,6.76393296783251e-10,0.999999424805321
LV-GGM,1835,6.24362313053831e-08,6.7599847588201e-10,0.999999425481319
LV-GGM,1836,6.2393929630016e-08,6.75540474694598e-10,0.99999942615686
LV-GGM,1837,6.23456143752663e-08,6.75017364348413e-10,0.999999426831877
LV-GGM,1838,6.2303546421293e-08,6.7456189366777e-10,0.999999427506439
LV-GGM,1839,6.22300358362081e-08,6.7376599291528e-10,0.999999428180205
LV-GGM,1840,6.22106768803624e-08,6.73556393066399e-10,0.999999428853761
LV-GGM,1841,6.22000387908678e-08,6.73441214232983e-10,0.999999429527203
LV-GGM,1842,6.21323468480566e-08,6.72708312050818e-10,0.999999430199911
LV-GGM,1843,6.20922815194107e-08,6.72274523839484e-10,0.999999430872186
LV-GGM,1844,6.20484997610749e-08,6.71800497760594e-10,0.999999431543986
LV-GGM,1845,6.2016271975534e-08,6.7145156680414e-10,0.999999432215438
LV-GGM,1846,6.19513647705301e-08,6.70748815040637e-10,0.999999432886186
LV-GGM,1847,6.19075584151816e-08,6.70274522649337e-10,0.999999433556461
LV-GGM,1848,6.18785981220947e-08,6.69960968906926e-10,0.999999434226422
LV-GGM,1849,6.1874511651977e-08,6.69916724603362e-10,0.999999434896339
LV-GGM,1850,6.18417887703237e-08,6.69562433230202e-10,0.999999435565901
LV-GGM,1851,6.17632972159878e-08,6.68712603411981e-10,0.999999436234614
LV-GGM,1852,6.17354190074512e-08,6.68410765423252e-10,0.999999436903025
LV-GGM,1853,6.16754287774023e-08,6.67761249857802e-10,0.999999437570786
LV-GGM,1854,6.1662513638613e-08,6.67621417360631e-10,0.999999438238407
LV-GGM,1855,6.15655544215398e-08,6.66571637743991e-10,0.999999438904979
LV-GGM,1856,6.15559021585403e-08,6.66467132476136e-10,0.999999439571446
LV-GGM,1857,6.14954510134718e-08,6.65812626573437e-10,0.999999440237259
LV-GGM,1858,6.14627369511376e-08,6.65458430687242e-10,0.999999440902717
LV-GGM,1859,6.14457908887399e-08,6.65274955289808e-10,0.999999441567992
LV-GGM,1860,6.14036444043574e-08,6.64818634358665e-10,0.999999442232811
LV-GGM,1861,6.13811446996419e-08,6.64575029551369e-10,0.999999442897386
LV-GGM,1862,6.13244082292182e-08,6.63960742514316e-10,0.999999443561347
LV-GGM,1863,6.1298635454179e-08,6.63681700101257e-10,0.999999444225028
LV-GGM,1864,6.12496871909146e-08,6.63151736157694e-10,0.99999944488818
LV-GGM,1865,6.12367487652155e-08,6.63011651532629e-10,0.999999445551192
LV-GGM,1866,6.11932960316241e-08,6.6254118781202e-10,0.999999446213733
LV-GGM,1867,6.11676603859388e-08,6.6226363010155e-10,0.999999446875996
LV-GGM,1868,6.11316071476804e-08,6.61873280882775e-10,0.99999944753787
LV-GGM,1869,6.10911225667306e-08,6.6143495341735e-10,0.999999448199305
LV-GGM,1870,6.10502596366239e-08,6.60992529557122e-10,0.999999448860297
LV-GGM,1871,6.09843482517178e-08,6.60278905515309e-10,0.999999449520576
LV-GGM,1872,6.09501296583099e-08,6.59908420037454e-10,0.999999450180484
LV-GGM,1873,6.09325106937331e-08,6.59717659113044e-10,0.999999450840202
LV-GGM,1874,6.08583905685754e-08,6.58915158856523e-10,0.999999451499117
LV-GGM,1875,6.08390750372717e-08,6.5870602916613e-10,0.999999452157823
LV-GGM,1876,6.07905844923521e-08,6.58181020949347e-10,0.999999452816004
LV-GGM,1877,6.0714977580088e-08,6.57362423215498e-10,0.999999453473367
LV-GGM,1878,6.06858477315642e-08,6.5704703369257e-10,0.999999454130414
LV-GGM,1879,6.06691853693478e-08,6.56866629923359e-10,0.99999945478728
LV-GGM,1880,6.06071567611576e-08,6.56195044792082e-10,0.999999455443475
LV-GGM,1881,6.05812395047552e-08,6.55914438076064e-10,0.99999945609939
LV-GGM,1882,6.05523992633111e-08,6.55602184135481e-10,0.999999456754992
LV-GGM,1883,6.05013067855657e-08,6.5504900473367e-10,0.999999457410041
LV-GGM,1884,6.04719180206339e-08,6.54730811916989e-10,0.999999458064772
LV-GGM,1885,6.04513326480459e-08,6.54507933626547e-10,0.99999945871928
LV-GGM,1886,6.03841633964353e-08,6.53780690633727e-10,0.999999459373061
LV-GGM,1887,6.03132255142862e-08,6.53012644593592e-10,0.999999460026073
LV-GGM,1888,6.03127684486022e-08,6.53007695933186e-10,0.999999460679081
LV-GGM,1889,6.02369654875338e-08,6.52186975574539e-10,0.999999461331268
LV-GGM,1890,6.02243041985894e-08,6.52049891515328e-10,0.999999461983318
LV-GGM,1891,6.01398103699161e-08,6.51135074938312e-10,0.999999462634453
LV-GGM,1892,6.01241994445372e-08,6.50966055099308e-10,0.999999463285419
LV-GGM,1893,6.00645990544329e-08,6.50320760339677e-10,0.99999946393574
LV-GGM,1894,5.99995007470641e-08,6.49615939506585e-10,0.999999464585356
LV-GGM,1895,5.99754096991107e-08,6.49355105190381e-10,0.999999465234711
LV-GGM,1896,5.99522868900001e-08,6.49104754017831e-10,0.999999465883815
LV-GGM,1897,5.99217802679488e-08,6.4877445813706e-10,0.99999946653259
LV-GGM,1898,5.99024123644758e-08,6.48564761412018e-10,0.999999467181155
LV-GGM,1899,5.98712883822436e-08,6.4822778135873e-10,0.999999467829382
LV-GGM,1900,5.98426681346455e-08,6.47917909296449e-10,0.9999994684773
LV-GGM,1901,5.97766764541625e-08,6.47203415892624e-10,0.999999469124504
LV-GGM,1902,5.97473548885458e-08,6.46885950644435e-10,0.99999946977139
LV-GGM,1903,5.97297708791969e-08,6.4669556818106e-10,0.999999470418085
LV-GGM,1904,5.9665392417026e-08,6.4599854112806e-10,0.999999471064084
LV-GGM,1905,5.96023201762287e-08,6.45315656563154e-10,0.999999471709399
LV-GGM,1906,5.95725184032631e-08,6.44992992099233e-10,0.999999472354392
LV-GGM,1907,5.95060978862459e-08,6.4427385567264e-10,0.999999472998666
LV-GGM,1908,5.94911261950942e-08,6.44111756836943e-10,0.999999473642778
LV-GGM,1909,5.94549177624501e-08,6.43719727325075e-10,0.999999474286498
LV-GGM,1910,5.94293237926266e-08,6.43442620840095e-10,0.99999947492994
LV-GGM,1911,5.93892346702084e-08,6.43008575013056e-10,0.999999475572949
LV-GGM,1912,5.93631446791622e-08,6.42726098095179e-10,0.999999476215675
LV-GGM,1913,5.93112084569195e-08,6.42163783452781e-10,0.999999476857839
LV-GGM,1914,5.93021023518604e-08,6.42065191449188e-10,0.999999477499904
LV-GGM,1915,5.92474082509521e-08,6.4147301719266e-10,0.999999478141377
LV-GGM,1916,5.92184731765167e-08,6.41159736493153e-10,0.999999478782537
LV-GGM,1917,5.91566377254086e-08,6.40490242677934e-10,0.999999479423027
LV-GGM,1918,5.91445337677554e-08,6.40359192857106e-10,0.999999480063386
LV-GGM,1919,5.90733715836522e-08,6.39588718294686e-10,0.999999480702975
LV-GGM,1920,5.90678155637393e-08,6.39528563142548e-10,0.999999481342503
LV-GGM,1921,5.90426523077391e-08,6.39256120005788e-10,0.99999948198176
LV-GGM,1922,5.90085323936369e-08,6.38886702930989e-10,0.999999482620646
LV-GGM,1923,5.89702268384308e-08,6.38471967826134e-10,0.999999483259118
LV-GGM,1924,5.89431987602878e-08,6.38179334218233e-10,0.999999483897298
LV-GGM,1925,5.88772220676693e-08,6.37465003088352e-10,0.999999484534763
LV-GGM,1926,5.88576876576256e-08,6.37253503592936e-10,0.999999485172016
LV-GGM,1927,5.88142151308845e-08,6.36782825571452e-10,0.999999485808799
LV-GGM,1928,5.87898094291384e-08,6.36518584491581e-10,0.999999486445317
LV-GGM,1929,5.87738164539042e-08,6.3634542819023e-10,0.999999487081663
LV-GGM,1930,5.87390079819528e-08,6.35968556084163e-10,0.999999487717631
LV-GGM,1931,5.87120678604673e-08,6.35676874784965e-10,0.999999488353308
LV-GGM,1932,5.86513882673472e-08,6.35019895470091e-10,0.999999488988328
LV-GGM,1933,5.86368637351649e-08,6.34862638034578e-10,0.999999489623191
LV-GGM,1934,5.86170049209626e-08,6.34647626208065e-10,0.999999490257838
LV-GGM,1935,5.85800846355465e-08,6.34247889450278e-10,0.999999490892086
LV-GGM,1936,5.85008259577348e-08,6.33389753968988e-10,0.999999491525476
LV-GGM,1937,5.848282607487e-08,6.33194868833736e-10,0.999999492158671
LV-GGM,1938,5.84516992201869e-08,6.32857857680358e-10,0.999999492791529
LV-GGM,1939,5.8419541345027e-08,6.32509683645167e-10,0.999999493424039
LV-GGM,1940,5.8362693114192e-08,6.31894186575635e-10,0.999999494055933
LV-GGM,1941,5.83330623047588e-08,6.31573373137714e-10,0.999999494687506
LV-GGM,1942,5.83185401871504e-08,6.31416141844847e-10,0.999999495318922
LV-GGM,1943,5.82499055283302e-08,6.30673032855321e-10,0.999999495949595
LV-GGM,1944,5.82355053654314e-08,6.30517121968829e-10,0.999999496580112
LV-GGM,1945,5.81668028683705e-08,6.2977327849315e-10,0.999999497209886
LV-GGM,1946,5.80947982205308e-08,6.28993682556971e-10,0.999999497838879
LV-GGM,1947,5.80704935639919e-08,6.28730535495824e-10,0.99999949846761
LV-GGM,1948,5.79993706571593e-08,6.27960486189292e-10,0.99999949909557
LV-GGM,1949,5.79952498379596e-08,6.27915869987447e-10,0.999999499723486
LV-GGM,1950,5.79453112942793e-08,6.27375184255624e-10,0.999999500350861
LV-GGM,1951,5.79034018797167e-08,6.26921430084734e-10,0.999999500977783
LV-GGM,1952,5.78778883700788e-08,6.26645194743987e-10,0.999999501604428
LV-GGM,1953,5.78300239639553e-08,6.26126965745984e-10,0.999999502230555
LV-GGM,1954,5.77892568102755e-08,6.25685578859277e-10,0.999999502856241
LV-GGM,1955,5.77303856864247e-08,6.25048179881719e-10,0.999999503481289
LV-GGM,1956,5.77080009435395e-08,6.24805819768737e-10,0.999999504106095
LV-GGM,1957,5.76829211959431e-08,6.24534280779335e-10,0.999999504730629
LV-GGM,1958,5.76508406068538e-08,6.24186943522163e-10,0.999999505354816
LV-GGM,1959,5.76279106551754e-08,6.23938680421355e-10,0.999999505978755
LV-GGM,1960,5.76032847875377e-08,6.23672055600442e-10,0.999999506602427
LV-GGM,1961,5.75731472653344e-08,6.23345755971998e-10,0.999999507225772
LV-GGM,1962,5.75365698873652e-08,6.22949731880827e-10,0.999999507848722
LV-GGM,1963,5.7487165998777e-08,6.2241483487167e-10,0.999999508471137
LV-GGM,1964,5.74470064708185e-08,6.21980026762268e-10,0.999999509093117
LV-GGM,1965,5.74201937356105e-08,6.2168972467715e-10,0.999999509714807
LV-GGM,1966,5.73835410343364e-08,6.21292885058867e-10,0.9999995103361
LV-GGM,1967,5.7365337767017e-08,6.21095797875564e-10,0.999999510957196
LV-GGM,1968,5.73262069997414e-08,6.20672128181136e-10,0.999999511577868
LV-GGM,1969,5.72976906816242e-08,6.20363381365674e-10,0.999999512198231
LV-GGM,1970,5.72516869663332e-08,6.19865298109023e-10,0.999999512818096
LV-GGM,1971,5.72290295418832e-08,6.19619985666625e-10,0.999999513437716
LV-GGM,1972,5.71770035943367e-08,6.19056699566352e-10,0.999999514056773
LV-GGM,1973,5.71645270269619e-08,6.18921615491718e-10,0.999999514675695
LV-GGM,1974,5.71619921469825e-08,6.18894170289359e-10,0.999999515294589
LV-GGM,1975,5.70592597712829e-08,6.17781884554864e-10,0.999999515912371
LV-GGM,1976,5.7034960682503e-08,6.17518797775968e-10,0.99999951652989
LV-GGM,1977,5.70300314279352e-08,6.17465428626271e-10,0.999999517147355
LV-GGM,1978,5.7008903095692e-08,6.17236671699472e-10,0.999999517764592
LV-GGM,1979,5.69722898081643e-08,6.16840258814704e-10,0.999999518381432
LV-GGM,1980,5.6946319554798e-08,6.16559078299371e-10,0.999999518997991
LV-GGM,1981,5.68808665088511e-08,6.15850416703743e-10,0.999999519613841
LV-GGM,1982,5.68335704307868e-08,6.15338341006376e-10,0.99999952022918
LV-GGM,1983,5.67844055284142e-08,6.14806031506332e-10,0.999999520843986
LV-GGM,1984,5.67673194798525e-08,6.14621040475562e-10,0.999999521458607
LV-GGM,1985,5.67446820174182e-08,6.14375944162357e-10,0.999999522072983
LV-GGM,1986,5.67252519974825e-08,6.14165574900979e-10,0.999999522687148
LV-GGM,1987,5.66814870089441e-08,6.13691730389061e-10,0.99999952330084
LV-GGM,1988,5.66299917451857e-08,6.13134190014057e-10,0.999999523913974
LV-GGM,1989,5.66086668833171e-08,6.12903305256598e-10,0.999999524526877
LV-GGM,1990,5.65945603177912e-08,6.12750573155444e-10,0.999999525139628
LV-GGM,1991,5.65820543670112e-08,6.12615170946021e-10,0.999999525752243
LV-GGM,1992,5.65222258528829e-08,6.11967406282469e-10,0.999999526364211
LV-GGM,1993,5.64814338088361e-08,6.11525749907201e-10,0.999999526975736
LV-GGM,1994,5.64586136970416e-08,6.11278676045278e-10,0.999999527587015
LV-GGM,1995,5.64232558659688e-08,6.1089585601569e-10,0.999999528197911
LV-GGM,1996,5.63913518528593e-08,6.10550430550609e-10,0.999999528808462
LV-GGM,1997,5.63678945945279e-08,6.10296458288849e-10,0.999999529418758
LV-GGM,1998,5.63460492887498e-08,6.10059938673516e-10,0.999999530028818
LV-GGM,1999,5.62915636708767e-08,6.09470021667482e-10,0.999999530638288
LV-GGM,2000,5.62352422702373e-08,6.08860228600288e-10,0.999999531247148
LV-GGM,2001,5.61868157529234e-08,6.08335913611827e-10,0.999999531855484
LV-GGM,2002,5.6150563910104e-08,6.07943414097018e-10,0.999999532463428
LV-GGM,2003,5.61272664495705e-08,6.07691171969598e-10,0.999999533071119
LV-GGM,2004,5.60855727252417e-08,6.07239753081705e-10,0.999999533678358
LV-GGM,2005,5.60510793801969e-08,6.0686629286172e-10,0.999999534285225
LV-GGM,2006,5.60218010779021e-08,6.06549296026487e-10,0.999999534891774
LV-GGM,2007,5.60068360736593e-08,6.06387269590102e-10,0.999999535498161
LV-GGM,2008,5.59767098850619e-08,6.06061092670864e-10,0.999999536104223
LV-GGM,2009,5.59601915264608e-08,6.05882248032023e-10,0.999999536710105
LV-GGM,2010,5.58729441118435e-08,6.04937618318269e-10,0.999999537315042
LV-GGM,2011,5.58283834423062e-08,6.04455158950339e-10,0.999999537919497
LV-GGM,2012,5.57978689827156e-08,6.04124778212354e-10,0.999999538523622
LV-GGM,2013,5.5795174304413e-08,6.0409560286997e-10,0.999999539127718
LV-GGM,2014,5.57478009519081e-08,6.03582690520503e-10,0.999999539731301
LV-GGM,2015,5.57259013803583e-08,6.03345583368444e-10,0.999999540334646
LV-GGM,2016,5.56625063496515e-08,6.0265920394995e-10,0.999999540937305
LV-GGM,2017,5.56264067886436e-08,6.02268353193729e-10,0.999999541539574
LV-GGM,2018,5.56043335093694e-08,6.02029365304243e-10,0.999999542141603
LV-GGM,2019,5.55705142148592e-08,6.01663203044505e-10,0.999999542743266
LV-GGM,2020,5.55270978838463e-08,6.0119313345543e-10,0.999999543344459
LV-GGM,2021,5.54910091930125e-08,6.00802400390828e-10,0.999999543945262
LV-GGM,2022,5.54450849684175e-08,6.00305177781723e-10,0.999999544545567
LV-GGM,2023,5.54110600437024e-08,5.99936789159147e-10,0.999999545145504
LV-GGM,2024,5.54050338379461e-08,5.99871543294343e-10,0.999999545745375
LV-GGM,2025,5.53706589717364e-08,5.99499365847361e-10,0.999999546344875
LV-GGM,2026,5.53461681575408e-08,5.99234203253093e-10,0.999999546944109
LV-GGM,2027,5.52780969043184e-08,5.98497194268603e-10,0.999999547542606
LV-GGM,2028,5.52487593685996e-08,5.9817955611176e-10,0.999999548140786
LV-GGM,2029,5.52187540297947e-08,5.97854687635936e-10,0.99999954873864
LV-GGM,2030,5.51919898257992e-08,5.97564910999344e-10,0.999999549336205
LV-GGM,2031,5.51660098343735e-08,5.97283625049824e-10,0.999999549933489
LV-GGM,2032,5.51381118441225e-08,5.96981572884029e-10,0.999999550530471
LV-GGM,2033,5.51205961737387e-08,5.96791930328161e-10,0.999999551127262
LV-GGM,2034,5.50708717068182e-08,5.96253562410215e-10,0.999999551723516
LV-GGM,2035,5.50384962448354e-08,5.95903032557615e-10,0.999999552319419
LV-GGM,2036,5.50134131474183e-08,5.9563145729963e-10,0.99999955291505
LV-GGM,2037,5.49841356385274e-08,5.95314469054599e-10,0.999999553510365
LV-GGM,2038,5.4945195972795e-08,5.94892868420862e-10,0.999999554105258
LV-GGM,2039,5.4894258205801e-08,5.94341364075824e-10,0.999999554699599
LV-GGM,2040,5.48809694910054e-08,5.94197486862859e-10,0.999999555293797
LV-GGM,2041,5.48282018380412e-08,5.93626170301403e-10,0.999999555887423
LV-GGM,2042,5.48049213060256e-08,5.93374111459425e-10,0.999999556480797
LV-GGM,2043,5.47675471410297e-08,5.92969460537254e-10,0.999999557073767
LV-GGM,2044,5.4733902492754e-08,5.92605189176212e-10,0.999999557666372
LV-GGM,2045,5.46910074102717e-08,5.92140763156662e-10,0.999999558258512
LV-GGM,2046,5.46719592790168e-08,5.91934528612592e-10,0.999999558850447
LV-GGM,2047,5.46520016463101e-08,5.91718446875916e-10,0.999999559442166
LV-GGM,2048,5.46268511864266e-08,5.91446142282998e-10,0.999999560033612
LV-GGM,2049,5.4583121780561e-08,5.90972683025475e-10,0.999999560624584
LV-GGM,2050,5.45692404808641e-08,5.90822389882501e-10,0.999999561215407
LV-GGM,2051,5.45161231954227e-08,5.90247287842376e-10,0.999999561805654
LV-GGM,2052,5.44758389901111e-08,5.89811129848478e-10,0.999999562395465
LV-GGM,2053,5.44389263567954e-08,5.89411475940154e-10,0.999999562984877
LV-GGM,2054,5.44142244947066e-08,5.89144028325614e-10,0.999999563574021
LV-GGM,2055,5.4392733768921e-08,5.88911347755808e-10,0.999999564162932
LV-GGM,2056,5.43589703306614e-08,5.88545790252948e-10,0.999999564751478
LV-GGM,2057,5.43388509854125e-08,5.88327957650953e-10,0.999999565339806
LV-GGM,2058,5.42975279416316e-08,5.87880552129661e-10,0.999999565927686
LV-GGM,2059,5.42894134026067e-08,5.87792695833747e-10,0.999999566515479
LV-GGM,2060,5.42494799233305e-08,5.87360335158495e-10,0.999999567102839
LV-GGM,2061,5.41927421776956e-08,5.86746034314701e-10,0.999999567689585
LV-GGM,2062,5.41547351715773e-08,5.86334531607513e-10,0.99999956827592
LV-GGM,2063,5.41428504051395e-08,5.86205854974889e-10,0.999999568862126
LV-GGM,2064,5.40992321426645e-08,5.85733599069347e-10,0.999999569447859
LV-GGM,2065,5.40799528384766e-08,5.8552486161075e-10,0.999999570033384
LV-GGM,2066,5.40322613157044e-08,5.85008504424666e-10,0.999999570618393
LV-GGM,2067,5.40238921401795e-08,5.84917891173659e-10,0.999999571203311
LV-GGM,2068,5.39692457586161e-08,5.84326233575547e-10,0.999999571787637
LV-GGM,2069,5.39563133995627e-08,5.8418621463419e-10,0.999999572371823
LV-GGM,2070,5.39175241274136e-08,5.83766242315152e-10,0.999999572955589
LV-GGM,2071,5.38879502977992e-08,5.83446045799004e-10,0.999999573539035
LV-GGM,2072,5.38562931006047e-08,5.83103292615368e-10,0.999999574122138
LV-GGM,2073,5.38264628867497e-08,5.82780320221301e-10,0.999999574704919
LV-GGM,2074,5.38180750362656e-08,5.82689504776093e-10,0.999999575287608
LV-GGM,2075,5.37714565060099e-08,5.82184764904036e-10,0.999999575869793
LV-GGM,2076,5.37365447357031e-08,5.81806774384361e-10,0.9999995764516
LV-GGM,2077,5.37041408582218e-08,5.81455936876522e-10,0.999999577033056
LV-GGM,2078,5.367571283743e-08,5.81148146058181e-10,0.999999577614204
LV-GGM,2079,5.36587687001119e-08,5.80964691503626e-10,0.999999578195169
LV-GGM,2080,5.35942693831312e-08,5.80266355952893e-10,0.999999578775435
LV-GGM,2081,5.35766240773711e-08,5.80075309831901e-10,0.99999957935551
LV-GGM,2082,5.3562282353044e-08,5.79920031661134e-10,0.99999957993543
LV-GGM,2083,5.35289513953031e-08,5.79559156634544e-10,0.999999580514989
LV-GGM,2084,5.35027927604472e-08,5.792759365086e-10,0.999999581094265
LV-GGM,2085,5.34846958050765e-08,5.79080000367149e-10,0.999999581673345
LV-GGM,2086,5.34549746395656e-08,5.78758208641949e-10,0.999999582252104
LV-GGM,2087,5.3384038679049e-08,5.77990183407371e-10,0.999999582830094
LV-GGM,2088,5.33660638583475e-08,5.77795569620721e-10,0.999999583407889
LV-GGM,2089,5.33395252575161e-08,5.77508235594644e-10,0.999999583985397
LV-GGM,2090,5.32935885903957e-08,5.77010878270038e-10,0.999999584562408
LV-GGM,2091,5.32543626662822e-08,5.76586178310393e-10,0.999999585138995
LV-GGM,2092,5.32164482545717e-08,5.76175678124935e-10,0.99999958571517
LV-GGM,2093,5.31817247052983e-08,5.75799725478605e-10,0.99999958629097
LV-GGM,2094,5.31467356620548e-08,5.75420898323112e-10,0.999999586866391
LV-GGM,2095,5.31228344246987e-08,5.751621190905e-10,0.999999587441553
LV-GGM,2096,5.31046528674987e-08,5.74965266963146e-10,0.999999588016518
LV-GGM,2097,5.30749706537266e-08,5.74643896969294e-10,0.999999588591162
LV-GGM,2098,5.30645367585905e-08,5.74530928952775e-10,0.999999589165693
LV-GGM,2099,5.30332010891338e-08,5.74191656957163e-10,0.999999589739885
LV-GGM,2100,5.30051094390768e-08,5.73887508032308e-10,0.999999590313772
LV-GGM,2101,5.29634102731078e-08,5.73436030227655e-10,0.999999590887208
LV-GGM,2102,5.2935883614534e-08,5.73137998478252e-10,0.999999591460347
LV-GGM,2103,5.28996178702473e-08,5.72745348451946e-10,0.999999592033092
LV-GGM,2104,5.2863064460293e-08,5.72349583863008e-10,0.999999592605441
LV-GGM,2105,5.28033657237637e-08,5.71703224304429e-10,0.999999593177145
LV-GGM,2106,5.27965874382347e-08,5.71629835655069e-10,0.999999593748775
LV-GGM,2107,5.27892824599456e-08,5.71550744491387e-10,0.999999594320325
LV-GGM,2108,5.27448681767251e-08,5.71069870051391e-10,0.999999594891395
LV-GGM,2109,5.27328494716334e-08,5.70939743261959e-10,0.999999595462335
LV-GGM,2110,5.26960766918632e-08,5.70541603551106e-10,0.999999596032877
LV-GGM,2111,5.26740327950998e-08,5.70302933786724e-10,0.99999959660318
LV-GGM,2112,5.26102649869314e-08,5.69612518298299e-10,0.999999597172792
LV-GGM,2113,5.26003141884413e-08,5.69504780779994e-10,0.999999597742297
LV-GGM,2114,5.25841147994617e-08,5.69329389632395e-10,0.999999598311626
LV-GGM,2115,5.25565367383766e-08,5.69030801346851e-10,0.999999598880657
LV-GGM,2116,5.25078193281518e-08,5.68503336854322e-10,0.99999959944916
LV-GGM,2117,5.24831976110126e-08,5.68236756970948e-10,0.999999600017397
LV-GGM,2118,5.24394444154923e-08,5.67763040142301e-10,0.99999960058516
LV-GGM,2119,5.24028635428294e-08,5.67366978214001e-10,0.999999601152527
LV-GGM,2120,5.23649047447645e-08,5.66955997456488e-10,0.999999601719483
LV-GGM,2121,5.23408925516612e-08,5.66696016903513e-10,0.999999602286179
LV-GGM,2122,5.23198453335344e-08,5.6646813820107e-10,0.999999602852647
LV-GGM,2123,5.22874614188675e-08,5.66117516831071e-10,0.999999603418765
LV-GGM,2124,5.22809157211952e-08,5.66046646415648e-10,0.999999603984812
LV-GGM,2125,5.22440725508595e-08,5.65647744584566e-10,0.999999604550459
LV-GGM,2126,5.22069225249006e-08,5.65245520420773e-10,0.999999605115705
LV-GGM,2127,5.21782698682176e-08,5.64935297464603e-10,0.99999960568064
LV-GGM,2128,5.21516474566667e-08,5.64647056017987e-10,0.999999606245287
LV-GGM,2129,5.21494754564824e-08,5.64623539723305e-10,0.999999606809911
LV-GGM,2130,5.20991914284185e-08,5.64079113424316e-10,0.99999960737399
LV-GGM,2131,5.20818655838593e-08,5.63891526116906e-10,0.999999607937881
LV-GGM,2132,5.20665824079349e-08,5.63726054828593e-10,0.999999608501607
LV-GGM,2133,5.20364317945e-08,5.63399613461093e-10,0.999999609065007
LV-GGM,2134,5.20035103394373e-08,5.63043172129178e-10,0.99999960962805
LV-GGM,2135,5.19667201609243e-08,5.62644844041748e-10,0.999999610190695
LV-GGM,2136,5.19258934769386e-08,5.62202812619084e-10,0.999999610752898
LV-GGM,2137,5.1871522319885e-08,5.61614134882909e-10,0.999999611314512
LV-GGM,2138,5.18702202476344e-08,5.61600037317465e-10,0.999999611876112
LV-GGM,2139,5.18319332130068e-08,5.61185502735329e-10,0.999999612437298
LV-GGM,2140,5.18170774210493e-08,5.61024658742807e-10,0.999999612998322
LV-GGM,2141,5.17544223367434e-08,5.60346290740582e-10,0.999999613558669
LV-GGM,2142,5.17328940972992e-08,5.60113204009554e-10,0.999999614118782
LV-GGM,2143,5.17017032168799e-08,5.59775499648095e-10,0.999999614678557
LV-GGM,2144,5.16758825571878e-08,5.59495938786826e-10,0.999999615238053
LV-GGM,2145,5.16595651842201e-08,5.59319270223943e-10,0.999999615797373
LV-GGM,2146,5.162205117028e-08,5.58913105154118e-10,0.999999616356286
LV-GGM,2147,5.15620920495248e-08,5.58263926409689e-10,0.99999961691455
LV-GGM,2148,5.15533183421953e-08,5.58168933283765e-10,0.999999617472719
LV-GGM,2149,5.15155300495408e-08,5.57759798592152e-10,0.999999618030478
LV-GGM,2150,5.15039652232993e-08,5.57634585959205e-10,0.999999618588113
LV-GGM,2151,5.14811586850931e-08,5.57387659058826e-10,0.999999619145501
LV-GGM,2152,5.14317432994873e-08,5.56852637571202e-10,0.999999619702353
LV-GGM,2153,5.13867933989213e-08,5.56365963990199e-10,0.999999620258719
LV-GGM,2154,5.1367717023772e-08,5.56159423648852e-10,0.999999620814878
LV-GGM,2155,5.13451646445133e-08,5.55915248533095e-10,0.999999621370794
LV-GGM,2156,5.13288972472337e-08,5.55739121058108e-10,0.999999621926533
LV-GGM,2157,5.13027563186363e-08,5.55456092638222e-10,0.999999622481989
LV-GGM,2158,5.12827423296346e-08,5.55239400730677e-10,0.999999623037228
LV-GGM,2159,5.12543414453812e-08,5.54931903720246e-10,0.99999962359216
LV-GGM,2160,5.12372022218309e-08,5.54746336962683e-10,0.999999624146907
LV-GGM,2161,5.1215186898818e-08,5.54507976566938e-10,0.999999624701415
LV-GGM,2162,5.11942444008103e-08,5.54281231671572e-10,0.999999625255696
LV-GGM,2163,5.11525979238041e-08,5.538303243315e-10,0.999999625809526
LV-GGM,2164,5.11128960963956e-08,5.53400471756212e-10,0.999999626362927
LV-GGM,2165,5.10600042374655e-08,5.52827810413979e-10,0.999999626915755
LV-GGM,2166,5.10461479916243e-08,5.52677788529662e-10,0.999999627468432
LV-GGM,2167,5.0979270096036e-08,5.51953700055027e-10,0.999999628020386
LV-GGM,2168,5.09482771885681e-08,5.51618139151151e-10,0.999999628572004
LV-GGM,2169,5.09364904382829e-08,5.51490523741607e-10,0.999999629123494
LV-GGM,2170,5.09216814301063e-08,5.51330186278128e-10,0.999999629674825
LV-GGM,2171,5.08914629480085e-08,5.51003010095093e-10,0.999999630225828
LV-GGM,2172,5.08614413386351e-08,5.50677965457458e-10,0.999999630776506
LV-GGM,2173,5.08606732772628e-08,5.50669649639764e-10,0.999999631327175
LV-GGM,2174,5.08316306027426e-08,5.50355203951728e-10,0.999999631877531
LV-GGM,2175,5.07950246679472e-08,5.49958870675158e-10,0.999999632427489
LV-GGM,2176,5.07884796115479e-08,5.49888007202812e-10,0.999999632977377
LV-GGM,2177,5.0753307304836e-08,5.49507195849638e-10,0.999999633526885
LV-GGM,2178,5.07129828468971e-08,5.49070602039641e-10,0.999999634075955
LV-GGM,2179,5.06847432043671e-08,5.48764850796964e-10,0.99999963462472
LV-GGM,2180,5.06616140294095e-08,5.48514430701246e-10,0.999999635173235
LV-GGM,2181,5.06405824500779e-08,5.48286721320389e-10,0.999999635721521
LV-GGM,2182,5.06008918010106e-08,5.47856989773253e-10,0.999999636269378
LV-GGM,2183,5.05827618086451e-08,5.47660695939518e-10,0.999999636817039
LV-GGM,2184,5.05454877329149e-08,5.47257128686071e-10,0.999999637364296
LV-GGM,2185,5.05073927643162e-08,5.46844673607136e-10,0.999999637911141
LV-GGM,2186,5.04839835590554e-08,5.46591221617048e-10,0.999999638457732
LV-GGM,2187,5.04587543785239e-08,5.46318064713909e-10,0.99999963900405
LV-GGM,2188,5.04324922907937e-08,5.46033724501377e-10,0.999999639550084
LV-GGM,2189,5.04139719603365e-08,5.45833204468374e-10,0.999999640095917
LV-GGM,2190,5.03760840464327e-08,5.45422991175262e-10,0.99999964064134
LV-GGM,2191,5.03491258936682e-08,5.45131114651e-10,0.999999641186471
LV-GGM,2192,5.03347013083261e-08,5.44974939342168e-10,0.999999641731446
LV-GGM,2193,5.03062399080868e-08,5.446667871238e-10,0.999999642276113
LV-GGM,2194,5.02968520164428e-08,5.44565144210536e-10,0.999999642820678
LV-GGM,2195,5.02869919059201e-08,5.44458388572888e-10,0.999999643365136
LV-GGM,2196,5.02555612405025e-08,5.44118088053877e-10,0.999999643909254
LV-GGM,2197,5.02235239034412e-08,5.43771219087382e-10,0.999999644453025
LV-GGM,2198,5.02003718969161e-08,5.43520551793772e-10,0.999999644996546
LV-GGM,2199,5.01538703910064e-08,5.43017078946933e-10,0.999999645539563
LV-GGM,2200,5.01354222239196e-08,5.4281734022836e-10,0.999999646082381
LV-GGM,2201,5.00818047604485e-08,5.42236822749497e-10,0.999999646624617
LV-GGM,2202,5.00505236919461e-08,5.41898141919641e-10,0.999999647166515
LV-GGM,2203,5.00484214393909e-08,5.41875380784103e-10,0.999999647708391
LV-GGM,2204,5.00074499558194e-08,5.41431781613078e-10,0.999999648249823
LV-GGM,2205,4.99863524538127e-08,5.41203358485941e-10,0.999999648791026
LV-GGM,2206,4.99468152195028e-08,5.40775287963821e-10,0.999999649331801
LV-GGM,2207,4.9914290492272e-08,5.40423142013036e-10,0.999999649872225
LV-GGM,2208,4.989955411639e-08,5.40263590941038e-10,0.999999650412488
LV-GGM,2209,4.98699887675044e-08,5.39943486245932e-10,0.999999650952431
LV-GGM,2210,4.98234230739974e-08,5.39439318438539e-10,0.999999651491871
LV-GGM,2211,4.97967891629119e-08,5.39150952486204e-10,0.999999652031022
LV-GGM,2212,4.97603625074015e-08,5.38756560270472e-10,0.999999652569778
LV-GGM,2213,4.97515001732999e-08,5.386606075805e-10,0.999999653108439
LV-GGM,2214,4.97377181709293e-08,5.38511389531903e-10,0.999999653646951
LV-GGM,2215,4.97016325256205e-08,5.38120689441267e-10,0.999999654185071
LV-GGM,2216,4.96753640326543e-08,5.37836279879102e-10,0.999999654722907
LV-GGM,2217,4.96287745581317e-08,5.3733185459412e-10,0.999999655260239
LV-GGM,2218,4.95908802602743e-08,5.36921572181799e-10,0.999999655797161
LV-GGM,2219,4.95805903787087e-08,5.36810163403435e-10,0.999999656333971
LV-GGM,2220,4.95493046638049e-08,5.36471432266887e-10,0.999999656870442
LV-GGM,2221,4.95302709175613e-08,5.36265353469657e-10,0.999999657406708
LV-GGM,2222,4.95100560736783e-08,5.36046486901809e-10,0.999999657942754
LV-GGM,2223,4.94807961324216e-08,5.35729688861947e-10,0.999999658478484
LV-GGM,2224,4.94687809386108e-08,5.35599600089231e-10,0.999999659014083
LV-GGM,2225,4.94328025600681e-08,5.35210061378277e-10,0.999999659549293
LV-GGM,2226,4.93994861478509e-08,5.34849343836397e-10,0.999999660084143
LV-GGM,2227,4.93714198832527e-08,5.34545469760473e-10,0.999999660618688
LV-GGM,2228,4.93484374164527e-08,5.34296638077267e-10,0.999999661152985
LV-GGM,2229,4.92982932360368e-08,5.33753725911898e-10,0.999999661686739
LV-GGM,2230,4.92885411954322e-08,5.33648140349675e-10,0.999999662220387
LV-GGM,2231,4.9264042744696e-08,5.33382895074409e-10,0.99999966275377
LV-GGM,2232,4.92144418359897e-08,5.32845864924018e-10,0.999999663286616
LV-GGM,2233,4.92069373046684e-08,5.32764613195185e-10,0.99999966381938
LV-GGM,2234,4.91893632003531e-08,5.3257433797383e-10,0.999999664351955
LV-GGM,2235,4.91394126766878e-08,5.3203352253444e-10,0.999999664883988
LV-GGM,2236,4.91142604492265e-08,5.31761198803918e-10,0.999999665415749
LV-GGM,2237,4.91075757127718e-08,5.31688823012481e-10,0.999999665947438
LV-GGM,2238,4.90865307226167e-08,5.31460968432338e-10,0.999999666478899
LV-GGM,2239,4.9071867143868e-08,5.31302205536534e-10,0.999999667010201
LV-GGM,2240,4.90464187663157e-08,5.31026675382338e-10,0.999999667541228
LV-GGM,2241,4.90108861357984e-08,5.30641962795246e-10,0.99999966807187
LV-GGM,2242,4.89895983141917e-08,5.30411479073534e-10,0.999999668602282
LV-GGM,2243,4.89640706019216e-08,5.30135089960569e-10,0.999999669132417
LV-GGM,2244,4.89395417944764e-08,5.29869516012535e-10,0.999999669662286
LV-GGM,2245,4.89087139451082e-08,5.29535742196404e-10,0.999999670191822
LV-GGM,2246,4.88855769532161e-08,5.29285237466561e-10,0.999999670721107
LV-GGM,2247,4.88672256827194e-08,5.2908654784954e-10,0.999999671250194
LV-GGM,2248,4.88184145603954e-08,5.28558068734013e-10,0.999999671778752
LV-GGM,2249,4.88114085958979e-08,5.28482214999357e-10,0.999999672307234
LV-GGM,2250,4.87830637567462e-08,5.28175324790498e-10,0.99999967283541
LV-GGM,2251,4.87477788946269e-08,5.27793294797405e-10,0.999999673363203
LV-GGM,2252,4.87291771433512e-08,5.27591893219376e-10,0.999999673890795
LV-GGM,2253,4.86943851069423e-08,5.27215199061296e-10,0.99999967441801
LV-GGM,2254,4.86842923826155e-08,5.27105924908776e-10,0.999999674945116
LV-GGM,2255,4.86501802860476e-08,5.26736592474596e-10,0.999999675471853
LV-GGM,2256,4.86214543507732e-08,5.26425576129474e-10,0.999999675998278
LV-GGM,2257,4.86096120481291e-08,5.26297359253296e-10,0.999999676524576
LV-GGM,2258,4.85696608692776e-08,5.25864806944346e-10,0.99999967705044
LV-GGM,2259,4.85391908028701e-08,5.2553490685235e-10,0.999999677575975
LV-GGM,2260,4.84953919593418e-08,5.25060695791697e-10,0.999999678101036
LV-GGM,2261,4.84738851100929e-08,5.24827840652792e-10,0.999999678625864
LV-GGM,2262,4.84480754399153e-08,5.24548398775244e-10,0.999999679150412
LV-GGM,2263,4.84273866278336e-08,5.24324400543085e-10,0.999999679674737
LV-GGM,2264,4.84152922532399e-08,5.24193454478257e-10,0.99999968019893
LV-GGM,2265,4.83666340734659e-08,5.23666631275148e-10,0.999999680722596
LV-GGM,2266,4.83485580322176e-08,5.23470921571369e-10,0.999999681246067
LV-GGM,2267,4.83255404462455e-08,5.23221709652098e-10,0.999999681769289
LV-GGM,2268,4.82998773577287e-08,5.22943854817476e-10,0.999999682292233
LV-GGM,2269,4.82576457637676e-08,5.22486612403017e-10,0.99999968281472
LV-GGM,2270,4.82373491942749e-08,5.22266860990163e-10,0.999999683336987
LV-GGM,2271,4.82040077184034e-08,5.21905872083536e-10,0.999999683858892
LV-GGM,2272,4.81960794684546e-08,5.21820032743625e-10,0.999999684380713
LV-GGM,2273,4.81378076779732e-08,5.21189122761892e-10,0.999999684901902
LV-GGM,2274,4.81086216428194e-08,5.20873124905063e-10,0.999999685422775
LV-GGM,2275,4.80867696464339e-08,5.20636532850374e-10,0.999999685943411
LV-GGM,2276,4.80753923990173e-08,5.20513351137568e-10,0.999999686463925
LV-GGM,2277,4.80625360241178e-08,5.20374154878349e-10,0.999999686984299
LV-GGM,2278,4.80293715901887e-08,5.20015082808802e-10,0.999999687504314
LV-GGM,2279,4.80129897325049e-08,5.19837716068452e-10,0.999999688024152
LV-GGM,2280,4.7995740021485e-08,5.19650953060579e-10,0.999999688543803
LV-GGM,2281,4.79818227897713e-08,5.19500270880853e-10,0.999999689063303
LV-GGM,2282,4.79493358953676e-08,5.19148534546934e-10,0.999999689582452
LV-GGM,2283,4.79213943175769e-08,5.18846010457871e-10,0.999999690101298
LV-GGM,2284,4.7886724418806e-08,5.18470638686735e-10,0.999999690619768
LV-GGM,2285,4.78821251452387e-08,5.18420842248727e-10,0.999999691138189
LV-GGM,2286,4.78400927997883e-08,5.1796575710236e-10,0.999999691656155
LV-GGM,2287,4.78181285590321e-08,5.17727949775354e-10,0.999999692173883
LV-GGM,2288,4.77992993138589e-08,5.17524085115796e-10,0.999999692691407
LV-GGM,2289,4.77553221503428e-08,5.17047943380638e-10,0.999999693208455
LV-GGM,2290,4.7735351894612e-08,5.16831724974197e-10,0.999999693725287
LV-GGM,2291,4.77138886216179e-08,5.16599341636381e-10,0.999999694241886
LV-GGM,2292,4.76808833666074e-08,5.16241993000553e-10,0.999999694758128
LV-GGM,2293,4.76726444660328e-08,5.16152790239353e-10,0.999999695274281
LV-GGM,2294,4.76383527557254e-08,5.1578151312319e-10,0.999999695790062
LV-GGM,2295,4.76184573798058e-08,5.15566105442143e-10,0.999999696305628
LV-GGM,2296,4.76076392203555e-08,5.1544897698728e-10,0.999999696821077
LV-GGM,2297,4.75513084123651e-08,5.14839082066486e-10,0.999999697335916
LV-GGM,2298,4.75356746545827e-08,5.14669815020538e-10,0.999999697850586
LV-GGM,2299,4.75133963887012e-08,5.1442860773646e-10,0.999999698365015
LV-GGM,2300,4.74637640535007e-08,5.13891237330712e-10,0.999999698878906
LV-GGM,2301,4.74581037557198e-08,5.13829953159759e-10,0.999999699392736
LV-GGM,2302,4.74008819634893e-08,5.13210411532625e-10,0.999999699905946
LV-GGM,2303,4.73858218090838e-08,5.13047354903297e-10,0.999999700418994
LV-GGM,2304,4.73546395573847e-08,5.12709743965184e-10,0.999999700931704
LV-GGM,2305,4.73446347892594e-08,5.1260142211643e-10,0.999999701444305
LV-GGM,2306,4.73092782510815e-08,5.12218616085044e-10,0.999999701956523
LV-GGM,2307,4.73038761136187e-08,5.12160127021643e-10,0.999999702468684
LV-GGM,2308,4.7273076047784e-08,5.11826654018452e-10,0.99999970298051
LV-GGM,2309,4.72420039541355e-08,5.11490235764024e-10,0.999999703492
LV-GGM,2310,4.72243361359467e-08,5.1129894590046e-10,0.999999704003299
LV-GGM,2311,4.72014172103185e-08,5.11050802178945e-10,0.99999970451435
LV-GGM,2312,4.71788483814901e-08,5.10806448963329e-10,0.999999705025156
LV-GGM,2313,4.71533149188321e-08,5.10529997590785e-10,0.999999705535687
LV-GGM,2314,4.71290939034041e-08,5.10267756113821e-10,0.999999706045954
LV-GGM,2315,4.7114518779498e-08,5.10109950920581e-10,0.999999706556064
LV-GGM,2316,4.70847358213867e-08,5.0978749016551e-10,0.999999707065852
LV-GGM,2317,4.70752598077924e-08,5.09684893153916e-10,0.999999707575537
LV-GGM,2318,4.70405744261234e-08,5.09309353749095e-10,0.999999708084846
LV-GGM,2319,4.70308881589638e-08,5.09204480317436e-10,0.999999708594051
LV-GGM,2320,4.70003729101729e-08,5.08874091034762e-10,0.999999709102925
LV-GGM,2321,4.69796642910757e-08,5.08649878351603e-10,0.999999709611574
LV-GGM,2322,4.69477546865571e-08,5.08304392348211e-10,0.999999710119879
LV-GGM,2323,4.69218985752942e-08,5.0802444765199e-10,0.999999710627903
LV-GGM,2324,4.68884820480231e-08,5.07662646162178e-10,0.999999711135566
LV-GGM,2325,4.68806687687495e-08,5.07578051612345e-10,0.999999711643144
LV-GGM,2326,4.68476523312211e-08,5.07220581903145e-10,0.999999712150365
LV-GGM,2327,4.68233580417561e-08,5.06957547086539e-10,0.999999712657322
LV-GGM,2328,4.67943916952331e-08,5.0664392780344e-10,0.999999713163966
LV-GGM,2329,4.67861942897887e-08,5.06555174310944e-10,0.999999713670521
LV-GGM,2330,4.67490760348091e-08,5.06153294132256e-10,0.999999714176675
LV-GGM,2331,4.67278469780815e-08,5.05923446659207e-10,0.999999714682598
LV-GGM,2332,4.67001062178938e-08,5.05623096826832e-10,0.999999715188221
LV-GGM,2333,4.66761205321705e-08,5.05363403269856e-10,0.999999715693585
LV-GGM,2334,4.66563479474154e-08,5.05149325051499e-10,0.999999716198734
LV-GGM,2335,4.66436818592673e-08,5.05012189031203e-10,0.999999716703746
LV-GGM,2336,4.66231255472796e-08,5.04789625380533e-10,0.999999717208536
LV-GGM,2337,4.65978005863381e-08,5.04515431460748e-10,0.999999717713051
LV-GGM,2338,4.65958854604814e-08,5.04494696350169e-10,0.999999718217546
LV-GGM,2339,4.65580002606458e-08,5.04084512442333e-10,0.999999718721631
LV-GGM,2340,4.65270324085531e-08,5.03749222813566e-10,0.99999971922538
LV-GGM,2341,4.65219267330081e-08,5.03693943549994e-10,0.999999719729074
LV-GGM,2342,4.64674698649882e-08,5.03104337819266e-10,0.999999720232178
LV-GGM,2343,4.64596412516903e-08,5.03019577247608e-10,0.999999720735198
LV-GGM,2344,4.64383312518881e-08,5.02788853402074e-10,0.999999721237987
LV-GGM,2345,4.63978939248307e-08,5.02351037555602e-10,0.999999721740338
LV-GGM,2346,4.6387449818415e-08,5.02237958981329e-10,0.999999722242576
LV-GGM,2347,4.63669859398708e-08,5.02016396109624e-10,0.999999722744592
LV-GGM,2348,4.63357554670235e-08,5.01678263080059e-10,0.999999723246271
LV-GGM,2349,4.63066457517457e-08,5.01363091540238e-10,0.999999723747634
LV-GGM,2350,4.62879938822061e-08,5.01161147330642e-10,0.999999724248795
LV-GGM,2351,4.62531515427276e-08,5.00783908540101e-10,0.999999724749579
LV-GGM,2352,4.62205410847795e-08,5.00430834380917e-10,0.999999725250009
LV-GGM,2353,4.61830998781793e-08,5.00025457597794e-10,0.999999725750035
LV-GGM,2354,4.61597534193988e-08,4.99772684965255e-10,0.999999726249808
LV-GGM,2355,4.61480338824319e-08,4.99645797275815e-10,0.999999726749453
LV-GGM,2356,4.61296730423302e-08,4.99447004048467e-10,0.9999997272489
LV-GGM,2357,4.60937222904685e-08,4.99057764452207e-10,0.999999727747958
LV-GGM,2358,4.60759150991828e-08,4.98864965592999e-10,0.999999728246823
LV-GGM,2359,4.60357036818399e-08,4.98429595676069e-10,0.999999728745253
LV-GGM,2360,4.60034252821248e-08,4.98080116718818e-10,0.999999729243333
LV-GGM,2361,4.59704715892743e-08,4.97723326347652e-10,0.999999729741056
LV-GGM,2362,4.59629156601858e-08,4.97641518134041e-10,0.999999730238698
LV-GGM,2363,4.59391672085783e-08,4.97384393116154e-10,0.999999730736082
LV-GGM,2364,4.59250256651642e-08,4.9723128230862e-10,0.999999731233313
LV-GGM,2365,4.5900488553855e-08,4.96965618454464e-10,0.999999731730279
LV-GGM,2366,4.58865636729381e-08,4.96814853456643e-10,0.999999732227094
LV-GGM,2367,4.58610201393655e-08,4.96538293046082e-10,0.999999732723632
LV-GGM,2368,4.58272867221521e-08,4.96173060581762e-10,0.999999733219805
LV-GGM,2369,4.57871578468367e-08,4.95738584349213e-10,0.999999733715544
LV-GGM,2370,4.57695146181123e-08,4.95547560716333e-10,0.999999734211091
LV-GGM,2371,4.57432400670935e-08,4.95263085563495e-10,0.999999734706354
LV-GGM,2372,4.57317274455648e-08,4.95138438152143e-10,0.999999735201493
LV-GGM,2373,4.57012613523429e-08,4.94808581077917e-10,0.999999735696301
LV-GGM,2374,4.56866897332232e-08,4.94650813831078e-10,0.999999736190952
LV-GGM,2375,4.56491754058447e-08,4.94244645367649e-10,0.999999736685197
LV-GGM,2376,4.5629775096093e-08,4.940345977791e-10,0.999999737179231
LV-GGM,2377,4.56125560471983e-08,4.93848166750743e-10,0.999999737673079
LV-GGM,2378,4.56017183952969e-08,4.93730827250676e-10,0.99999973816681
LV-GGM,2379,4.55729374037346e-08,4.93419214809891e-10,0.99999973866023
LV-GGM,2380,4.55175151292706e-08,4.92819156601952e-10,0.999999739153049
LV-GGM,2381,4.55001219209012e-08,4.92630839945059e-10,0.999999739645679
LV-GGM,2382,4.54729753734887e-08,4.92336923667721e-10,0.999999740138016
LV-GGM,2383,4.54645258929006e-08,4.92245440951994e-10,0.999999740630262
LV-GGM,2384,4.54472455332118e-08,4.92058346110296e-10,0.99999974112232
LV-GGM,2385,4.54443192108372e-08,4.92026662752351e-10,0.999999741614347
LV-GGM,2386,4.54183550269102e-08,4.91745547950974e-10,0.999999742106093
LV-GGM,2387,4.53976690751882e-08,4.91521580687993e-10,0.999999742597614
LV-GGM,2388,4.53497192500988e-08,4.91002426856932e-10,0.999999743088617
LV-GGM,2389,4.53261170330186e-08,4.9074688512355e-10,0.999999743579363
LV-GGM,2390,4.52989585210108e-08,4.9045283930527e-10,0.999999744069816
LV-GGM,2391,4.52715905465404e-08,4.90156525632213e-10,0.999999744559973
LV-GGM,2392,4.52447037471053e-08,4.89865421652048e-10,0.999999745049838
LV-GGM,2393,4.52323823490116e-08,4.89732017598697e-10,0.99999974553957
LV-GGM,2394,4.52244664257121e-08,4.89646311719694e-10,0.999999746029217
LV-GGM,2395,4.52097519147257e-08,4.89486997379411e-10,0.999999746518704
LV-GGM,2396,4.51614741692217e-08,4.88964293146671e-10,0.999999747007668
LV-GGM,2397,4.51396224887897e-08,4.88727704512817e-10,0.999999747496396
LV-GGM,2398,4.51128626104928e-08,4.8843797471066e-10,0.999999747984833
LV-GGM,2399,4.50885110082667e-08,4.88174319367506e-10,0.999999748473008
LV-GGM,2400,4.50780989890051e-08,4.88061588201569e-10,0.999999748961069
LV-GGM,2401,4.50475799015364e-08,4.87731157357446e-10,0.999999749448801
LV-GGM,2402,4.50258698276657e-08,4.87496101901006e-10,0.999999749936297
LV-GGM,2403,4.50002659590633e-08,4.87218888241725e-10,0.999999750423516
LV-GGM,2404,4.4965256320763e-08,4.86839838103089e-10,0.999999750910355
LV-GGM,2405,4.49619811648316e-08,4.86804377916406e-10,0.99999975139716
LV-GGM,2406,4.49511674715423e-08,4.86687297816768e-10,0.999999751883847
LV-GGM,2407,4.49276227283179e-08,4.86432378354111e-10,0.999999752370279
LV-GGM,2408,4.48865647154823e-08,4.85987842328804e-10,0.999999752856267
LV-GGM,2409,4.48654512240916e-08,4.85759246084247e-10,0.999999753342026
LV-GGM,2410,4.48281680630292e-08,4.85355580463705e-10,0.999999753827382
LV-GGM,2411,4.47985019690934e-08,4.85034384999682e-10,0.999999754312416
LV-GGM,2412,4.47936729670214e-08,4.84982101286005e-10,0.999999754797399
LV-GGM,2413,4.47595480976033e-08,4.84612630559888e-10,0.999999755282011
LV-GGM,2414,4.47382569378437e-08,4.84382110695919e-10,0.999999755766393
LV-GGM,2415,4.4730939508826e-08,4.84302884727922e-10,0.999999756250696
LV-GGM,2416,4.4701603895039e-08,4.83985267379877e-10,0.999999756734681
LV-GGM,2417,4.46753208811783e-08,4.83700700599661e-10,0.999999757218382
LV-GGM,2418,4.46473071461066e-08,4.83397395262098e-10,0.99999975770178
LV-GGM,2419,4.46211515184186e-08,4.83114207694829e-10,0.999999758184894
LV-GGM,2420,4.46091714514923e-08,4.82984499241679e-10,0.999999758667878
LV-GGM,2421,4.45673463366398e-08,4.8253165778564e-10,0.99999975915041
LV-GGM,2422,4.45453784128114e-08,4.82293810581929e-10,0.999999759632703
LV-GGM,2423,4.45337438187248e-08,4.82167842570957e-10,0.999999760114871
LV-GGM,2424,4.45245085611818e-08,4.82067852230527e-10,0.999999760596939
LV-GGM,2425,4.44927696121104e-08,4.81724213917487e-10,0.999999761078663
LV-GGM,2426,4.443306259485e-08,4.81077764703247e-10,0.999999761559741
LV-GGM,2427,4.44135029553427e-08,4.80865992047862e-10,0.999999762040607
LV-GGM,2428,4.43950118308938e-08,4.80665788228966e-10,0.999999762521273
LV-GGM,2429,4.43720791766413e-08,4.80417495867328e-10,0.99999976300169
LV-GGM,2430,4.43538187561372e-08,4.80219789885214e-10,0.99999976348191
LV-GGM,2431,4.43404123972847e-08,4.80074638937407e-10,0.999999763961985
LV-GGM,2432,4.43286079461927e-08,4.79946831880832e-10,0.999999764441932
LV-GGM,2433,4.42864673442466e-08,4.79490574638959e-10,0.999999764921422
LV-GGM,2434,4.42556208184396e-08,4.79156598612607e-10,0.999999765400579
LV-GGM,2435,4.42348323860355e-08,4.78931521788986e-10,0.99999976587951
LV-GGM,2436,4.42197808703846e-08,4.78768558691646e-10,0.999999766358279
LV-GGM,2437,4.42001375764311e-08,4.78555880307697e-10,0.999999766836835
LV-GGM,2438,4.41754468859249e-08,4.78288553648133e-10,0.999999767315123
LV-GGM,2439,4.41524444626014e-08,4.78039505895199e-10,0.999999767793163
LV-GGM,2440,4.41345563294255e-08,4.77845830676332e-10,0.999999768271008
LV-GGM,2441,4.41128219944006e-08,4.77610512543832e-10,0.999999768748619
LV-GGM,2442,4.40821020669856e-08,4.77277907201107e-10,0.999999769225897
LV-GGM,2443,4.40634477885415e-08,4.77075936910248e-10,0.999999769702973
LV-GGM,2444,4.40462795209249e-08,4.76890055691928e-10,0.999999770179863
LV-GGM,2445,4.40294384959402e-08,4.76707717536919e-10,0.99999977065657
LV-GGM,2446,4.40091184737335e-08,4.76487712201004e-10,0.999999771133058
LV-GGM,2447,4.39995224173559e-08,4.76383815483503e-10,0.999999771609442
LV-GGM,2448,4.39581885200148e-08,4.75936292450472e-10,0.999999772085378
LV-GGM,2449,4.39348471595777e-08,4.75683575017811e-10,0.999999772561062
LV-GGM,2450,4.39210624416487e-08,4.75534327567802e-10,0.999999773036596
LV-GGM,2451,4.39051440375449e-08,4.75361978649751e-10,0.999999773511958
LV-GGM,2452,4.38552308793609e-08,4.74821567767266e-10,0.99999977398678
LV-GGM,2453,4.38437785954455e-08,4.74697573632606e-10,0.999999774461477
LV-GGM,2454,4.38366212953104e-08,4.74620081383608e-10,0.999999774936097
LV-GGM,2455,4.38145151337091e-08,4.74380737476431e-10,0.999999775410478
LV-GGM,2456,4.37947720733259e-08,4.74166978919112e-10,0.999999775884645
LV-GGM,2457,4.37842728814823e-08,4.74053303933676e-10,0.999999776358698
LV-GGM,2458,4.3748539560318e-08,4.7366641846445e-10,0.999999776832365
LV-GGM,2459,4.37064409616403e-08,4.73210615992907e-10,0.999999777305575
LV-GGM,2460,4.36966895692302e-08,4.731050374487e-10,0.99999977777868
LV-GGM,2461,4.36657886045024e-08,4.72770472010932e-10,0.999999778251451
LV-GGM,2462,4.36298191733693e-08,4.72381030173781e-10,0.999999778723832
LV-GGM,2463,4.3612556543851e-08,4.72194127297037e-10,0.999999779196026
LV-GGM,2464,4.35979438921557e-08,4.72035915789582e-10,0.999999779668062
LV-GGM,2465,4.35858531778796e-08,4.71905009355095e-10,0.999999780139967
LV-GGM,2466,4.35626231042577e-08,4.71653496827277e-10,0.999999780611621
LV-GGM,2467,4.35441549731858e-08,4.7145354195819e-10,0.999999781083074
LV-GGM,2468,4.35133124376185e-08,4.71119609134252e-10,0.999999781554194
LV-GGM,2469,4.34926272948229e-08,4.70895650629537e-10,0.99999978202509
LV-GGM,2470,4.34484521640705e-08,4.70417365498673e-10,0.999999782495507
LV-GGM,2471,4.34061381991965e-08,4.69959231252494e-10,0.999999782965466
LV-GGM,2472,4.33989619008432e-08,4.69881533309363e-10,0.999999783435348
LV-GGM,2473,4.33820005208845e-08,4.69697892068352e-10,0.999999783905046
LV-GGM,2474,4.33707141234217e-08,4.69575693990033e-10,0.999999784374621
LV-GGM,2475,4.3346549150116e-08,4.69314059282382e-10,0.999999784843935
LV-GGM,2476,4.3331533071901e-08,4.69151479866956e-10,0.999999785313087
LV-GGM,2477,4.32934404904885e-08,4.68739050634139e-10,0.999999785781826
LV-GGM,2478,4.32632697589028e-08,4.68412391446968e-10,0.999999786250238
LV-GGM,2479,4.32533165598377e-08,4.68304627937585e-10,0.999999786718543
LV-GGM,2480,4.32292258294361e-08,4.68043797059521e-10,0.999999787186587
LV-GGM,2481,4.32038438620668e-08,4.67768985929865e-10,0.999999787654356
LV-GGM,2482,4.31971260805736e-08,4.67696252359056e-10,0.999999788122052
LV-GGM,2483,4.31694453693459e-08,4.67396552678116e-10,0.999999788589448
LV-GGM,2484,4.31548319131142e-08,4.67238332459928e-10,0.999999789056687
LV-GGM,2485,4.31484859347333e-08,4.67169624409749e-10,0.999999789523856
LV-GGM,2486,4.31040146587832e-08,4.66688132908193e-10,0.999999789990545
LV-GGM,2487,4.30730203168454e-08,4.66352556473278e-10,0.999999790456897
LV-GGM,2488,4.30650192832258e-08,4.66265929102932e-10,0.999999790923163
LV-GGM,2489,4.30459385895109e-08,4.66059342004378e-10,0.999999791389222
LV-GGM,2490,4.30097967458663e-08,4.65668033453101e-10,0.99999979185489
LV-GGM,2491,4.29874932538267e-08,4.65426553044844e-10,0.999999792320317
LV-GGM,2492,4.29718821633947e-08,4.65257531418807e-10,0.999999792785574
LV-GGM,2493,4.29431999791192e-08,4.64946988766731e-10,0.999999793250521
LV-GGM,2494,4.2909729511626e-08,4.64584603264925e-10,0.999999793715106
LV-GGM,2495,4.28985157406177e-08,4.64463191514856e-10,0.999999794179569
LV-GGM,2496,4.28769937297407e-08,4.64230172220664e-10,0.999999794643799
LV-GGM,2497,4.28705184383791e-08,4.64160064095946e-10,0.999999795107959
LV-GGM,2498,4.28591290620411e-08,4.64036751063036e-10,0.999999795571996
LV-GGM,2499,4.28337667345102e-08,4.6376215257435e-10,0.999999796035758
LV-GGM,2500,4.28231741639034e-08,4.63647466574952e-10,0.999999796499406
LV-GGM,2501,4.2796970497736e-08,4.6336375889399e-10,0.99999979696277
LV-GGM,2502,4.27519073948583e-08,4.62875859669022e-10,0.999999797425645
LV-GGM,2503,4.27323142417798e-08,4.6266372416145e-10,0.999999797888309
LV-GGM,2504,4.2729478438969e-08,4.62633020860852e-10,0.999999798350942
LV-GGM,2505,4.27057360486433e-08,4.62375961468598e-10,0.999999798813318
LV-GGM,2506,4.26838869221433e-08,4.62139400486223e-10,0.999999799275458
LV-GGM,2507,4.26697067387525e-08,4.61985871322796e-10,0.999999799737443
LV-GGM,2508,4.26429906183218e-08,4.61696615288038e-10,0.99999980019914
LV-GGM,2509,4.26013088517631e-08,4.6124532586719e-10,0.999999800660386
LV-GGM,2510,4.25731421681828e-08,4.60940364552696e-10,0.999999801121326
LV-GGM,2511,4.25679116655265e-08,4.60883733783192e-10,0.99999980158221
LV-GGM,2512,4.25461691645323e-08,4.60648327237559e-10,0.999999802042858
LV-GGM,2513,4.25191832251402e-08,4.60356149866857e-10,0.999999802503214
LV-GGM,2514,4.25107926599412e-08,4.60265305029369e-10,0.999999802963479
LV-GGM,2515,4.24875223490954e-08,4.60013356852226e-10,0.999999803423493
LV-GGM,2516,4.24735368022373e-08,4.59861935022901e-10,0.999999803883355
LV-GGM,2517,4.24444957177135e-08,4.59547506549792e-10,0.999999804342902
LV-GGM,2518,4.24437332545167e-08,4.59539251343669e-10,0.999999804802441
LV-GGM,2519,4.23949741762637e-08,4.59011335710465e-10,0.999999805261453
LV-GGM,2520,4.237771632829e-08,4.5882448460361e-10,0.999999805720277
LV-GGM,2521,4.23447634246994e-08,4.5846770277778e-10,0.999999806178745
LV-GGM,2522,4.23327959655654e-08,4.58338130829479e-10,0.999999806637083
LV-GGM,2523,4.23156752628089e-08,4.58152764596967e-10,0.999999807095236
LV-GGM,2524,4.22683978751343e-08,4.57640891260867e-10,0.999999807552877
LV-GGM,2525,4.22609800274482e-08,4.57560578057696e-10,0.999999808010437
LV-GGM,2526,4.22430855104148e-08,4.5736683372066e-10,0.999999808467804
LV-GGM,2527,4.22205142949403e-08,4.57122454664774e-10,0.999999808924927
LV-GGM,2528,4.22106682176183e-08,4.57015850964903e-10,0.999999809381943
LV-GGM,2529,4.2198004553186e-08,4.56878741186233e-10,0.999999809838822
LV-GGM,2530,4.21616861228169e-08,4.5648552072653e-10,0.999999810295307
LV-GGM,2531,4.21399045250399e-08,4.56249690879154e-10,0.999999810751557
LV-GGM,2532,4.21272232792432e-08,4.56112390746657e-10,0.999999811207669
LV-GGM,2533,4.21115106572995e-08,4.55942269836667e-10,0.999999811663611
LV-GGM,2534,4.20978314634198e-08,4.55794164897905e-10,0.999999812119406
LV-GGM,2535,4.2056679091722e-08,4.55348607247083e-10,0.999999812574754
LV-GGM,2536,4.20470680204092e-08,4.55244547962542e-10,0.999999813029999
LV-GGM,2537,4.20148886079076e-08,4.5489614074207e-10,0.999999813484895
LV-GGM,2538,4.19894146930164e-08,4.54620334094532e-10,0.999999813939515
LV-GGM,2539,4.19571030895418e-08,4.54270495639432e-10,0.999999814393786
LV-GGM,2540,4.19510687585729e-08,4.5420516180277e-10,0.999999814847991
LV-GGM,2541,4.19146447987724e-08,4.53810798773549e-10,0.999999815301802
LV-GGM,2542,4.19092148847143e-08,4.53752008972328e-10,0.999999815755554
LV-GGM,2543,4.18932473137839e-08,4.53579127723944e-10,0.999999816209133
LV-GGM,2544,4.1867338996399e-08,4.5329861779087e-10,0.999999816662431
LV-GGM,2545,4.18535852508416e-08,4.53149705679423e-10,0.999999817115581
LV-GGM,2546,4.18461519125423e-08,4.53069224759035e-10,0.99999981756865
LV-GGM,2547,4.18264966631293e-08,4.52856416933058e-10,0.999999818021507
LV-GGM,2548,4.1792965193762e-08,4.52493370962594e-10,0.999999818474
LV-GGM,2549,4.17617931541443e-08,4.52155870590917e-10,0.999999818926156
LV-GGM,2550,4.17385871797411e-08,4.5190461898588e-10,0.99999981937806
LV-GGM,2551,4.17151307286591e-08,4.51650655464227e-10,0.999999819829711
LV-GGM,2552,4.16911937355218e-08,4.5139148910297e-10,0.999999820281103
LV-GGM,2553,4.16828116232676e-08,4.51300735785705e-10,0.999999820732403
LV-GGM,2554,4.16703251470814e-08,4.51165544428146e-10,0.999999821183569
LV-GGM,2555,4.16333306245787e-08,4.50765003903759e-10,0.999999821634334
LV-GGM,2556,4.16177696631322e-08,4.50596525025372e-10,0.99999982208493
LV-GGM,2557,4.15892258966685e-08,4.50287481026047e-10,0.999999822535218
LV-GGM,2558,4.1556711381629e-08,4.49935445642885e-10,0.999999822985153
LV-GGM,2559,4.1540672610853e-08,4.49761793512176e-10,0.999999823434915
LV-GGM,2560,4.15256485417837e-08,4.49599127579591e-10,0.999999823884514
LV-GGM,2561,4.15178500937561e-08,4.49514693607991e-10,0.999999824334029
LV-GGM,2562,4.14854018443595e-08,4.49163375684431e-10,0.999999824783192
LV-GGM,2563,4.14675588915613e-08,4.48970189634526e-10,0.999999825232163
LV-GGM,2564,4.14614244516058e-08,4.48903771915621e-10,0.999999825681066
LV-GGM,2565,4.14391316619177e-08,4.48662407381964e-10,0.999999826129729
LV-GGM,2566,4.14066430251435e-08,4.48310652183361e-10,0.999999826578039
LV-GGM,2567,4.13999678542551e-08,4.48238379958526e-10,0.999999827026278
LV-GGM,2568,4.13831185518411e-08,4.48055952183603e-10,0.999999827474334
LV-GGM,2569,4.1363779862693e-08,4.47846571762711e-10,0.99999982792218
LV-GGM,2570,4.13489884147737e-08,4.47686424424531e-10,0.999999828369867
LV-GGM,2571,4.13075536282546e-08,4.47237809062107e-10,0.999999828817104
LV-GGM,2572,4.12927592904418e-08,4.47077630434987e-10,0.999999829264182
LV-GGM,2573,4.12634881725735e-08,4.467607113857e-10,0.999999829710943
LV-GGM,2574,4.12391637141419e-08,4.46497349929017e-10,0.99999983015744
LV-GGM,2575,4.12222198915755e-08,4.46313898782286e-10,0.999999830603754
LV-GGM,2576,4.11983252100588e-08,4.46055190529893e-10,0.999999831049809
LV-GGM,2577,4.11633733578083e-08,4.45676766042114e-10,0.999999831495486
LV-GGM,2578,4.11514335151144e-08,4.4554749309763e-10,0.999999831941034
LV-GGM,2579,4.11262864020294e-08,4.45275224740574e-10,0.999999832386309
LV-GGM,2580,4.1114472368622e-08,4.45147313936055e-10,0.999999832831456
LV-GGM,2581,4.10937421987085e-08,4.44922867921724e-10,0.999999833276379
LV-GGM,2582,4.10699218960379e-08,4.44664964970766e-10,0.999999833721044
LV-GGM,2583,4.10380782332281e-08,4.44320192919733e-10,0.999999834165364
LV-GGM,2584,4.10193886596369e-08,4.44117840487525e-10,0.999999834609482
LV-GGM,2585,4.10138265607484e-08,4.44057619518182e-10,0.99999983505354
LV-GGM,2586,4.09918669563151e-08,4.43819862388748e-10,0.999999835497359
LV-GGM,2587,4.09861902310222e-08,4.43758400356755e-10,0.999999835941118
LV-GGM,2588,4.09567588197315e-08,4.43439745806991e-10,0.999999836384558
LV-GGM,2589,4.0913692123691e-08,4.42973461723599e-10,0.999999836827531
LV-GGM,2590,4.09086507894831e-08,4.42918879085127e-10,0.99999983727045
LV-GGM,2591,4.0894888410953e-08,4.42769873504291e-10,0.99999983771322
LV-GGM,2592,4.08660789872313e-08,4.42457953227878e-10,0.999999838155678
LV-GGM,2593,4.08421114885604e-08,4.42198456582526e-10,0.999999838597876
LV-GGM,2594,4.08133383225471e-08,4.41886928869135e-10,0.999999839039763
LV-GGM,2595,4.07816498157121e-08,4.4154383669532e-10,0.999999839481307
LV-GGM,2596,4.07599403787729e-08,4.4130878813495e-10,0.999999839922616
LV-GGM,2597,4.07390465672791e-08,4.41082570369562e-10,0.999999840363698
LV-GGM,2598,4.07158584825972e-08,4.40831512456939e-10,0.99999984080453
LV-GGM,2599,4.07024526036364e-08,4.40686366704932e-10,0.999999841245216
LV-GGM,2600,4.0693562974738e-08,4.40590118493583e-10,0.999999841685806
LV-GGM,2601,4.06859679350941e-08,4.40507886829112e-10,0.999999842126314
LV-GGM,2602,4.06758799985756e-08,4.403986645143e-10,0.999999842566713
LV-GGM,2603,4.0653104270351e-08,4.40152071194283e-10,0.999999843006865
LV-GGM,2604,4.06227461085301e-08,4.39823382695755e-10,0.999999843446688
LV-GGM,2605,4.0598712049189e-08,4.39563165396534e-10,0.999999843886252
LV-GGM,2606,4.05663276454574e-08,4.3921253873142e-10,0.999999844325464
LV-GGM,2607,4.05387532506609e-08,4.38913990140865e-10,0.999999844764378
LV-GGM,2608,4.0525521386367e-08,4.38770728449556e-10,0.999999845203149
LV-GGM,2609,4.05081988881778e-08,4.38583177373369e-10,0.999999845641732
LV-GGM,2610,4.04947286665151e-08,4.38437334981485e-10,0.999999846080169
LV-GGM,2611,4.04793409313853e-08,4.38270731628312e-10,0.99999984651844
LV-GGM,2612,4.04584688401677e-08,4.3804474902884e-10,0.999999846956485
LV-GGM,2613,4.04348449098022e-08,4.37788972205232e-10,0.999999847394274
LV-GGM,2614,4.04209246440305e-08,4.37638257175691e-10,0.999999847831912
LV-GGM,2615,4.03943063843812e-08,4.37350060681807e-10,0.999999848269262
LV-GGM,2616,4.03815735763141e-08,4.37212202283453e-10,0.999999848706474
LV-GGM,2617,4.03504400114564e-08,4.36875118478864e-10,0.999999849143349
LV-GGM,2618,4.03318834317987e-08,4.36674205974955e-10,0.999999849580024
LV-GGM,2619,4.03125307075526e-08,4.36464673595742e-10,0.999999850016488
LV-GGM,2620,4.02961718326716e-08,4.36287555690714e-10,0.999999850452776
LV-GGM,2621,4.02736092389516e-08,4.36043269982755e-10,0.999999850888819
LV-GGM,2622,4.02373768634598e-08,4.3565098124114e-10,0.99999985132447
LV-GGM,2623,4.02247784791697e-08,4.35514578252031e-10,0.999999851759985
LV-GGM,2624,4.02014966781293e-08,4.35262505670294e-10,0.999999852195247
LV-GGM,2625,4.01762205542948e-08,4.34988840510961e-10,0.999999852630236
LV-GGM,2626,4.01464735293769e-08,4.34666768805381e-10,0.999999853064903
LV-GGM,2627,4.01342801655278e-08,4.34534750981667e-10,0.999999853499438
LV-GGM,2628,4.01212036416215e-08,4.34393171164217e-10,0.999999853933831
LV-GGM,2629,4.0097890386922e-08,4.34140758033008e-10,0.999999854367972
LV-GGM,2630,4.00739166749745e-08,4.33881194116369e-10,0.999999854801853
LV-GGM,2631,4.00464883533379e-08,4.3358422706319e-10,0.999999855235437
LV-GGM,2632,4.00411984549141e-08,4.33526953214381e-10,0.999999855668964
LV-GGM,2633,4.00302599159078e-08,4.33408521407367e-10,0.999999856102372
LV-GGM,2634,3.99968438791859e-08,4.33046725228741e-10,0.999999856535419
LV-GGM,2635,3.99783332786413e-08,4.32846310541721e-10,0.999999856968265
LV-GGM,2636,3.99382545387087e-08,4.32412377126086e-10,0.999999857400678
LV-GGM,2637,3.99353328393891e-08,4.32380743822062e-10,0.999999857833059
LV-GGM,2638,3.99071382120314e-08,4.32075479959663e-10,0.999999858265134
LV-GGM,2639,3.98959107179265e-08,4.3195391962932e-10,0.999999858697088
LV-GGM,2640,3.98756197357807e-08,4.31734228710796e-10,0.999999859128822
LV-GGM,2641,3.98397271028609e-08,4.31345618369622e-10,0.999999859560168
LV-GGM,2642,3.98179664179229e-08,4.31110014946021e-10,0.999999859991278
LV-GGM,2643,3.9817279917911e-08,4.31102582195004e-10,0.99999986042238
LV-GGM,2644,3.97954284002237e-08,4.30865995323191e-10,0.999999860853246
LV-GGM,2645,3.97697271376455e-08,4.30587727177151e-10,0.999999861283834
LV-GGM,2646,3.97441888903206e-08,4.30311224000912e-10,0.999999861714145
LV-GGM,2647,3.97298607288617e-08,4.30156092675624e-10,0.999999862144301
LV-GGM,2648,3.97139702577643e-08,4.2998404618886e-10,0.999999862574285
LV-GGM,2649,3.96985991350345e-08,4.29817622698513e-10,0.999999863004103
LV-GGM,2650,3.96740985776117e-08,4.29552354614104e-10,0.999999863433655
LV-GGM,2651,3.96537764717151e-08,4.29332326718032e-10,0.999999863862988
LV-GGM,2652,3.96357387459804e-08,4.29137031857178e-10,0.999999864292125
LV-GGM,2653,3.96286719738958e-08,4.29060519757412e-10,0.999999864721185
LV-GGM,2654,3.95985689412803e-08,4.28734593548511e-10,0.99999986514992
LV-GGM,2655,3.95776530950572e-08,4.28508137212614e-10,0.999999865578428
LV-GGM,2656,3.95662277951601e-08,4.28384435234525e-10,0.999999866006812
LV-GGM,2657,3.952632817014e-08,4.27952441100062e-10,0.999999866434765
LV-GGM,2658,3.95138083343756e-08,4.27816888557603e-10,0.999999866862582
LV-GGM,2659,3.9494551074112e-08,4.27608389769067e-10,0.99999986729019
LV-GGM,2660,3.94799515100989e-08,4.27450319962242e-10,0.999999867717641
LV-GGM,2661,3.94597510447677e-08,4.27231609071298e-10,0.999999868144872
LV-GGM,2662,3.94307687278973e-08,4.26917816876889e-10,0.99999986857179
LV-GGM,2663,3.94194448102491e-08,4.26795212566681e-10,0.999999868998585
LV-GGM,2664,3.93869389116389e-08,4.26443270473792e-10,0.999999869425028
LV-GGM,2665,3.93707449634845e-08,4.26267938234129e-10,0.999999869851296
LV-GGM,2666,3.93426462782288e-08,4.25963713139021e-10,0.99999987027726
LV-GGM,2667,3.9319192378142e-08,4.2570977723705e-10,0.99999987070297
LV-GGM,2668,3.93108284745176e-08,4.25619221065028e-10,0.999999871128589
LV-GGM,2669,3.92952156241501e-08,4.25450180384129e-10,0.999999871554039
LV-GGM,2670,3.92671942313107e-08,4.25146792135743e-10,0.999999871979186
LV-GGM,2671,3.92500474980854e-08,4.24961144070761e-10,0.999999872404147
LV-GGM,2672,3.922944584692e-08,4.24738089531797e-10,0.999999872828885
LV-GGM,2673,3.92020892121204e-08,4.24441898633609e-10,0.999999873253327
LV-GGM,2674,3.91857675389654e-08,4.24265183512502e-10,0.999999873677593
LV-GGM,2675,3.91647999748082e-08,4.24038167225373e-10,0.999999874101631
LV-GGM,2676,3.91534674382636e-08,4.23915469598181e-10,0.999999874525546
LV-GGM,2677,3.91243974749462e-08,4.23600728453726e-10,0.999999874949147
LV-GGM,2678,3.91061506091399e-08,4.23403169228629e-10,0.99999987537255
LV-GGM,2679,3.90788268596608e-08,4.23107334380544e-10,0.999999875795658
LV-GGM,2680,3.90454393968422e-08,4.2274584757221e-10,0.999999876218403
LV-GGM,2681,3.9031700019164e-08,4.22597091022113e-10,0.999999876641001
LV-GGM,2682,3.90118820741958e-08,4.22382521687713e-10,0.999999877063383
LV-GGM,2683,3.90034330754096e-08,4.22291044188467e-10,0.999999877485674
LV-GGM,2684,3.8978177553905e-08,4.22017602091022e-10,0.999999877907692
LV-GGM,2685,3.89654268636177e-08,4.21879550081468e-10,0.999999878329571
LV-GGM,2686,3.89394492636455e-08,4.21598290024269e-10,0.999999878751169
LV-GGM,2687,3.89279024746195e-08,4.21473272680657e-10,0.999999879172643
LV-GGM,2688,3.89023579863249e-08,4.211967019333e-10,0.99999987959384
LV-GGM,2689,3.88646849638518e-08,4.20788815274524e-10,0.999999880014628
LV-GGM,2690,3.88525552968716e-08,4.20657487098237e-10,0.999999880435286
LV-GGM,2691,3.88227161550585e-08,4.20334418040967e-10,0.99999988085562
LV-GGM,2692,3.8801085577073e-08,4.20100223288258e-10,0.999999881275721
LV-GGM,2693,3.87748068806692e-08,4.19815703253245e-10,0.999999881695536
LV-GGM,2694,3.87700664835842e-08,4.19764378867747e-10,0.999999882115301
LV-GGM,2695,3.87571796175221e-08,4.19624852480028e-10,0.999999882534925
LV-GGM,2696,3.8721162611965e-08,4.19234895553522e-10,0.99999988295416
LV-GGM,2697,3.87083860563637e-08,4.19096563499634e-10,0.999999883373257
LV-GGM,2698,3.86919104799431e-08,4.1891818206442e-10,0.999999883792175
LV-GGM,2699,3.86693683250005e-08,4.18674117647563e-10,0.999999884210849
LV-GGM,2700,3.86571259553209e-08,4.18541569236623e-10,0.999999884629391
LV-GGM,2701,3.86149001138591e-08,4.18084389104604e-10,0.999999885047475
LV-GGM,2702,3.85915403954472e-08,4.17831472909739e-10,0.999999885465307
LV-GGM,2703,3.85861216618797e-08,4.17772804159939e-10,0.99999988588308
LV-GGM,2704,3.85601113253714e-08,4.1749118966353e-10,0.999999886300571
LV-GGM,2705,3.85404511217425e-08,4.17278328198146e-10,0.999999886717849
LV-GGM,2706,3.85217256322134e-08,4.17075586903274e-10,0.999999887134925
LV-GGM,2707,3.85172802565443e-08,4.17027456721259e-10,0.999999887551952
LV-GGM,2708,3.84872350130298e-08,4.16702156196249e-10,0.999999887968654
LV-GGM,2709,3.84765742684131e-08,4.16586732075318e-10,0.999999888385241
LV-GGM,2710,3.84410012257697e-08,4.16201581945231e-10,0.999999888801443
LV-GGM,2711,3.84286629126232e-08,4.16067994752224e-10,0.99999988921751
LV-GGM,2712,3.84024420101018e-08,4.15784100452871e-10,0.999999889633295
LV-GGM,2713,3.83850428817248e-08,4.15595719699923e-10,0.99999989004889
LV-GGM,2714,3.83689044691368e-08,4.15420988745082e-10,0.999999890464311
LV-GGM,2715,3.83476307194368e-08,4.1519065738022e-10,0.999999890879502
LV-GGM,2716,3.83306533714747e-08,4.15006843253278e-10,0.999999891294509
LV-GGM,2717,3.83178857527493e-08,4.14868607959146e-10,0.999999891709378
LV-GGM,2718,3.82940852649382e-08,4.14610919544115e-10,0.999999892123988
LV-GGM,2719,3.82813580433033e-08,4.14473121630187e-10,0.999999892538462
LV-GGM,2720,3.82659979169479e-08,4.14306817197833e-10,0.999999892952768
LV-GGM,2721,3.82563526805512e-08,4.14202388007163e-10,0.999999893366971
LV-GGM,2722,3.82369683379555e-08,4.1399251329537e-10,0.999999893780963
LV-GGM,2723,3.81992613079658e-08,4.1358425843645e-10,0.999999894194547
LV-GGM,2724,3.81834422072859e-08,4.13412984678796e-10,0.99999989460796
LV-GGM,2725,3.81489792028212e-08,4.13039852956951e-10,0.999999895021
LV-GGM,2726,3.81223810516657e-08,4.12751874178181e-10,0.999999895433752
LV-GGM,2727,3.80934873416988e-08,4.12439041332702e-10,0.999999895846191
LV-GGM,2728,3.80746180206614e-08,4.12234742770865e-10,0.999999896258426
LV-GGM,2729,3.80637018351607e-08,4.12116552985757e-10,0.999999896670542
LV-GGM,2730,3.80471304670785e-08,4.11937134412076e-10,0.99999989708248
LV-GGM,2731,3.80222338327439e-08,4.11667577994065e-10,0.999999897494147
LV-GGM,2732,3.80014597669812e-08,4.11442656718392e-10,0.99999989790559
LV-GGM,2733,3.79877650856762e-08,4.11294384096929e-10,0.999999898316884
LV-GGM,2734,3.79584958867105e-08,4.10977485823645e-10,0.999999898727862
LV-GGM,2735,3.79476773973604e-08,4.10860353796949e-10,0.999999899138722
LV-GGM,2736,3.79266860494307e-08,4.10633080002382e-10,0.999999899549355
LV-GGM,2737,3.79060727411287e-08,4.10409899251339e-10,0.999999899959765
LV-GGM,2738,3.78899610036095e-08,4.10235457108067e-10,0.999999900370001
LV-GGM,2739,3.78563529071293e-08,4.09871581494133e-10,0.999999900779872
LV-GGM,2740,3.78344831873636e-08,4.09634797548011e-10,0.999999901189507
LV-GGM,2741,3.78237719896748e-08,4.09518827170537e-10,0.999999901599026
LV-GGM,2742,3.78099903021323e-08,4.09369612530591e-10,0.999999902008395
LV-GGM,2743,3.77869926669113e-08,4.09120616618549e-10,0.999999902417516
LV-GGM,2744,3.77665195322182e-08,4.08898953530312e-10,0.999999902826415
LV-GGM,2745,3.77577662383948e-08,4.08804181421877e-10,0.999999903235219
LV-GGM,2746,3.77475031703793e-08,4.08693062954421e-10,0.999999903643912
LV-GGM,2747,3.77302569819678e-08,4.08506338085908e-10,0.999999904052419
LV-GGM,2748,3.7701187181303e-08,4.08191598702497e-10,0.99999990446061
LV-GGM,2749,3.76872648359331e-08,4.080408611571e-10,0.999999904868651
LV-GGM,2750,3.76528039140677e-08,4.07667751983606e-10,0.999999905276319
LV-GGM,2751,3.76415275579077e-08,4.07545662622696e-10,0.999999905683864
LV-GGM,2752,3.7610573768431e-08,4.07210525250188e-10,0.999999906091075
LV-GGM,2753,3.76027186552605e-08,4.07125477763815e-10,0.9999999064982
LV-GGM,2754,3.75936636299702e-08,4.07027438802024e-10,0.999999906905228
LV-GGM,2755,3.75571927478603e-08,4.06632567743907e-10,0.99999990731186
LV-GGM,2756,3.75397117142567e-08,4.06443300201235e-10,0.999999907718304
LV-GGM,2757,3.75193348470114e-08,4.06222679402813e-10,0.999999908124526
LV-GGM,2758,3.75022780025247e-08,4.06038004565218e-10,0.999999908530564
LV-GGM,2759,3.74591046569089e-08,4.05570565784484e-10,0.999999908936135
LV-GGM,2760,3.74292002121946e-08,4.05246789691239e-10,0.999999909341381
LV-GGM,2761,3.74107102126296e-08,4.05046598051487e-10,0.999999909746428
LV-GGM,2762,3.73930034388745e-08,4.04854886415135e-10,0.999999910151283
LV-GGM,2763,3.73860811493624e-08,4.0477993863142e-10,0.999999910556063
LV-GGM,2764,3.7365266368585e-08,4.0455457653337e-10,0.999999910960618
LV-GGM,2765,3.73404870764453e-08,4.04286290581933e-10,0.999999911364904
LV-GGM,2766,3.73242423486406e-08,4.04110408549858e-10,0.999999911769014
LV-GGM,2767,3.73131448006732e-08,4.03990255149258e-10,0.999999912173005
LV-GGM,2768,3.72917742956711e-08,4.0375887621257e-10,0.999999912576763
LV-GGM,2769,3.72671488981452e-08,4.03492256481567e-10,0.999999912980256
LV-GGM,2770,3.72376804496573e-08,4.03173200929239e-10,0.999999913383429
LV-GGM,2771,3.72351787910419e-08,4.03146115415334e-10,0.999999913786575
LV-GGM,2772,3.72054124370245e-08,4.0282383443316e-10,0.999999914189399
LV-GGM,2773,3.71893754243244e-08,4.02650201337179e-10,0.999999914592049
LV-GGM,2774,3.71626972853746e-08,4.02361356528766e-10,0.99999991499441
LV-GGM,2775,3.71470663959921e-08,4.02192120539048e-10,0.999999915396602
LV-GGM,2776,3.71335112525934e-08,4.02045358697624e-10,0.999999915798648
LV-GGM,2777,3.71088555274296e-08,4.01778410608607e-10,0.999999916200426
LV-GGM,2778,3.70825899140028e-08,4.01494032223277e-10,0.99999991660192
LV-GGM,2779,3.70602193767911e-08,4.0125182591544e-10,0.999999917003172
LV-GGM,2780,3.70439599582181e-08,4.01075784826087e-10,0.999999917404248
LV-GGM,2781,3.702008986191e-08,4.008173427583e-10,0.999999917805065
LV-GGM,2782,3.69963265653247e-08,4.00560057013505e-10,0.999999918205625
LV-GGM,2783,3.69860590200507e-08,4.00448890070671e-10,0.999999918606074
LV-GGM,2784,3.69769856496909e-08,4.00350652486402e-10,0.999999919006425
LV-GGM,2785,3.69529025714627e-08,4.00089904458591e-10,0.999999919406515
LV-GGM,2786,3.69094270217179e-08,3.99619193706978e-10,0.999999919806134
LV-GGM,2787,3.68968315020108e-08,3.99482821732775e-10,0.999999920205617
LV-GGM,2788,3.68830199612778e-08,3.99333283871666e-10,0.99999992060495
LV-GGM,2789,3.68707903602506e-08,3.99200873707212e-10,0.999999921004151
LV-GGM,2790,3.68525872419417e-08,3.9900378813725e-10,0.999999921403155
LV-GGM,2791,3.68398405472649e-08,3.98865779388261e-10,0.99999992180202
LV-GGM,2792,3.68305883650059e-08,3.9876560580355e-10,0.999999922200786
LV-GGM,2793,3.6811423378749e-08,3.98558106067755e-10,0.999999922599344
LV-GGM,2794,3.68003971946666e-08,3.98438725325537e-10,0.999999922997783
LV-GGM,2795,3.67521031753111e-08,3.97915844895441e-10,0.999999923395699
LV-GGM,2796,3.67496886734607e-08,3.97889703029785e-10,0.999999923793588
LV-GGM,2797,3.67373869056723e-08,3.97756511514189e-10,0.999999924191345
LV-GGM,2798,3.66829354592447e-08,3.97166964483162e-10,0.999999924588512
LV-GGM,2799,3.66536959495858e-08,3.96850387656667e-10,0.999999924985362
LV-GGM,2800,3.66497710257626e-08,3.96807892418455e-10,0.99999992538217
LV-GGM,2801,3.66345577712653e-08,3.96643178170999e-10,0.999999925778813
LV-GGM,2802,3.66194971582767e-08,3.9648011657658e-10,0.999999926175293
LV-GGM,2803,3.66006600915728e-08,3.96276167233136e-10,0.99999992657157
LV-GGM,2804,3.65939991315607e-08,3.96204048869776e-10,0.999999926967774
LV-GGM,2805,3.65703135844519e-08,3.95947604920306e-10,0.999999927363721
LV-GGM,2806,3.65342809321323e-08,3.95557478585952e-10,0.999999927759279
LV-GGM,2807,3.65097075824084e-08,3.95291422377668e-10,0.99999992815457
LV-GGM,2808,3.65051605097055e-08,3.95242191119588e-10,0.999999928549812
LV-GGM,2809,3.64929104782047e-08,3.9510955975394e-10,0.999999928944922
LV-GGM,2810,3.64778854498749e-08,3.94946883435419e-10,0.999999929339869
LV-GGM,2811,3.64408752828985e-08,3.94546173527965e-10,0.999999929734415
LV-GGM,2812,3.64290015379559e-08,3.94417616225315e-10,0.999999930128832
LV-GGM,2813,3.64025659098423e-08,3.94131397087162e-10,0.999999930522964
LV-GGM,2814,3.63748910928393e-08,3.93831761223126e-10,0.999999930916796
LV-GGM,2815,3.63461749024736e-08,3.93520850386349e-10,0.999999931310316
LV-GGM,2816,3.63452369769991e-08,3.93510695446212e-10,0.999999931703827
LV-GGM,2817,3.63208877830967e-08,3.93247066178032e-10,0.999999932097074
LV-GGM,2818,3.63057648916143e-08,3.93083330292965e-10,0.999999932490158
LV-GGM,2819,3.62824502003205e-08,3.92830901607717e-10,0.999999932882988
LV-GGM,2820,3.62689434224851e-08,3.92684663421332e-10,0.999999933275673
LV-GGM,2821,3.62352754613422e-08,3.92320139651354e-10,0.999999933667993
LV-GGM,2822,3.62219744692886e-08,3.92176129512242e-10,0.999999934060169
LV-GGM,2823,3.62093403252129e-08,3.92039339351133e-10,0.999999934452209
LV-GGM,2824,3.61940999437966e-08,3.91874331399918e-10,0.999999934844083
LV-GGM,2825,3.61722546403773e-08,3.91637811810124e-10,0.999999935235721
LV-GGM,2826,3.61489902321051e-08,3.91385927540278e-10,0.999999935627107
LV-GGM,2827,3.60895566834459e-08,3.90742439176713e-10,0.999999936017849
LV-GGM,2828,3.60723044243722e-08,3.90555648581004e-10,0.999999936408405
LV-GGM,2829,3.60695592888517e-08,3.90525926937191e-10,0.999999936798931
LV-GGM,2830,3.60367968480078e-08,3.90171207255787e-10,0.999999937189102
LV-GGM,2831,3.60223617282315e-08,3.90014917890399e-10,0.999999937579117
LV-GGM,2832,3.60000307731422e-08,3.89773140139088e-10,0.99999993796889
LV-GGM,2833,3.59688226605643e-08,3.89435249204662e-10,0.999999938358325
LV-GGM,2834,3.59546167928812e-08,3.89281441956825e-10,0.999999938747607
LV-GGM,2835,3.59290194629183e-08,3.89004299091541e-10,0.999999939136611
LV-GGM,2836,3.59183033084628e-08,3.88888275047043e-10,0.999999939525499
LV-GGM,2837,3.58913341390767e-08,3.88596279245573e-10,0.999999939914096
LV-GGM,2838,3.58751808965409e-08,3.88421387726555e-10,0.999999940302517
LV-GGM,2839,3.58675515303006e-08,3.88338784407255e-10,0.999999940690856
LV-GGM,2840,3.58437208504365e-08,3.8808076910219e-10,0.999999941078937
LV-GGM,2841,3.58218706000336e-08,3.87844195951294e-10,0.999999941466781
LV-GGM,2842,3.58135292075813e-08,3.87753883508237e-10,0.999999941854535
LV-GGM,2843,3.57990853005142e-08,3.87597499002654e-10,0.999999942242132
LV-GGM,2844,3.57790465662684e-08,3.87380539177796e-10,0.999999942629513
LV-GGM,2845,3.57298526087988e-08,3.86847915097567e-10,0.999999943016361
LV-GGM,2846,3.57227214985253e-08,3.86770706406788e-10,0.999999943403131
LV-GGM,2847,3.56884762523389e-08,3.86399932358704e-10,0.999999943789531
LV-GGM,2848,3.56625998617494e-08,3.86119768097759e-10,0.999999944175651
LV-GGM,2849,3.56434446229129e-08,3.85912373897502e-10,0.999999944561563
LV-GGM,2850,3.56338887846633e-08,3.85808912622575e-10,0.999999944947372
LV-GGM,2851,3.56233112100726e-08,3.85694388985381e-10,0.999999945333067
LV-GGM,2852,3.56150528326815e-08,3.85604975348252e-10,0.999999945718672
LV-GGM,2853,3.55916905639303e-08,3.85352031540806e-10,0.999999946104024
LV-GGM,2854,3.55654578459147e-08,3.85068009314832e-10,0.999999946489092
LV-GGM,2855,3.55602137611453e-08,3.85011231491485e-10,0.999999946874103
LV-GGM,2856,3.55205646222118e-08,3.84581949375496e-10,0.999999947258685
LV-GGM,2857,3.54983928450186e-08,3.84341895046835e-10,0.999999947643027
LV-GGM,2858,3.54722428241272e-08,3.84058768184478e-10,0.999999948027086
LV-GGM,2859,3.54596549730381e-08,3.83922479238573e-10,0.999999948411008
LV-GGM,2860,3.54364188200862e-08,3.83670900889714e-10,0.999999948794679
LV-GGM,2861,3.54186054160752e-08,3.83478034765191e-10,0.999999949178157
LV-GGM,2862,3.53942245922795e-08,3.83214063039446e-10,0.999999949561371
LV-GGM,2863,3.5341881441706e-08,3.82647342574889e-10,0.999999949944019
LV-GGM,2864,3.53373864266707e-08,3.82598674946344e-10,0.999999950326617
LV-GGM,2865,3.53266209412686e-08,3.82482116794583e-10,0.999999950709099
LV-GGM,2866,3.52971234410153e-08,3.82162746698138e-10,0.999999951091262
LV-GGM,2867,3.52775906316151e-08,3.81951264532925e-10,0.999999951473213
LV-GGM,2868,3.52689107735788e-08,3.81857287515403e-10,0.999999951855071
LV-GGM,2869,3.52465809514903e-08,3.81615522031117e-10,0.999999952236686
LV-GGM,2870,3.52124969506503e-08,3.81246493790013e-10,0.999999952617933
LV-GGM,2871,3.51999475717149e-08,3.81110621382979e-10,0.999999952999043
LV-GGM,2872,3.51673366430092e-08,3.80757542126892e-10,0.999999953379801
LV-GGM,2873,3.51469682242367e-08,3.80537012800275e-10,0.999999953760338
LV-GGM,2874,3.51312627940987e-08,3.80366969756125e-10,0.999999954140705
LV-GGM,2875,3.51003813233911e-08,3.8003261538055e-10,0.999999954520738
LV-GGM,2876,3.5084895873623e-08,3.79864954068798e-10,0.999999954900602
LV-GGM,2877,3.50746551597686e-08,3.79754077630345e-10,0.999999955280356
LV-GGM,2878,3.50285569157316e-08,3.79254970908843e-10,0.999999955659612
LV-GGM,2879,3.5019113153435e-08,3.7915272308277e-10,0.999999956038764
LV-GGM,2880,3.49927067323129e-08,3.78866820169369e-10,0.999999956417631
LV-GGM,2881,3.49733212760533e-08,3.78656933399911e-10,0.999999956796288
LV-GGM,2882,3.49441151296251e-08,3.78340717797864e-10,0.999999957174629
LV-GGM,2883,3.49166631902184e-08,3.78043495034558e-10,0.999999957552672
LV-GGM,2884,3.48896276070495e-08,3.77750780169573e-10,0.999999957930423
LV-GGM,2885,3.48730169654635e-08,3.77570936380786e-10,0.999999958307994
LV-GGM,2886,3.48529325744663e-08,3.77353482229257e-10,0.999999958685347
LV-GGM,2887,3.48404884162579e-08,3.77218749049393e-10,0.999999959062566
LV-GGM,2888,3.48271486192268e-08,3.77074318767919e-10,0.99999995943964
LV-GGM,2889,3.48181413342861e-08,3.76976796691964e-10,0.999999959816617
LV-GGM,2890,3.48010303642457e-08,3.76791535835786e-10,0.999999960193409
LV-GGM,2891,3.47536174347935e-08,3.76278194985823e-10,0.999999960569687
LV-GGM,2892,3.47275260034521e-08,3.75995702473837e-10,0.999999960945683
LV-GGM,2893,3.47083009874504e-08,3.75787552794648e-10,0.99999996132147
LV-GGM,2894,3.47024920681003e-08,3.75724659494635e-10,0.999999961697195
LV-GGM,2895,3.46819335295635e-08,3.75502071737068e-10,0.999999962072697
LV-GGM,2896,3.46593671055359e-08,3.75257744558284e-10,0.999999962447955
LV-GGM,2897,3.46346036110714e-08,3.74989629648631e-10,0.999999962822944
LV-GGM,2898,3.4579349137389e-08,3.74391388223515e-10,0.999999963197336
LV-GGM,2899,3.45561016629295e-08,3.74139687296438e-10,0.999999963571475
LV-GGM,2900,3.45407640456954e-08,3.73973626570845e-10,0.999999963945449
LV-GGM,2901,3.45277697374309e-08,3.73832936903992e-10,0.999999964319282
LV-GGM,2902,3.45199112764637e-08,3.73747853170948e-10,0.99999996469303
LV-GGM,2903,3.45050842142521e-08,3.73587320236028e-10,0.999999965066617
LV-GGM,2904,3.4472980800621e-08,3.7323973585703e-10,0.999999965439857
LV-GGM,2905,3.4451207815798e-08,3.730039992623e-10,0.999999965812861
LV-GGM,2906,3.44278868930378e-08,3.72751503108825e-10,0.999999966185612
LV-GGM,2907,3.44184686772834e-08,3.72649531875738e-10,0.999999966558262
LV-GGM,2908,3.43760389650977e-08,3.7219014443082e-10,0.999999966930452
LV-GGM,2909,3.43614175312796e-08,3.72031837839125e-10,0.999999967302484
LV-GGM,2910,3.43352976934941e-08,3.71749037769932e-10,0.999999967674233
LV-GGM,2911,3.4303305702405e-08,3.71402659765295e-10,0.999999968045635
LV-GGM,2912,3.42916683856814e-08,3.71276662276273e-10,0.999999968416912
LV-GGM,2913,3.42775983805314e-08,3.71124326015127e-10,0.999999968788037
LV-GGM,2914,3.42234726134607e-08,3.70538305121797e-10,0.999999969158575
LV-GGM,2915,3.4219575946355e-08,3.70496115819698e-10,0.999999969529071
LV-GGM,2916,3.42065816329595e-08,3.70355426097292e-10,0.999999969899426
LV-GGM,2917,3.41823258269424e-08,3.70092807941838e-10,0.999999970269519
LV-GGM,2918,3.4160014510798e-08,3.69851242821824e-10,0.99999997063937
LV-GGM,2919,3.41266003823698e-08,3.69489467304338e-10,0.99999997100886
LV-GGM,2920,3.41046744736334e-08,3.69252074998969e-10,0.999999971378112
LV-GGM,2921,3.4081288089613e-08,3.68998870094963e-10,0.999999971747111
LV-GGM,2922,3.40784294481008e-08,3.68967919519232e-10,0.999999972116079
LV-GGM,2923,3.40438355413789e-08,3.68593370515714e-10,0.999999972484672
LV-GGM,2924,3.40300631076478e-08,3.68444256066993e-10,0.999999972853116
LV-GGM,2925,3.40259368695632e-08,3.68399581194759e-10,0.999999973221516
LV-GGM,2926,3.39990261279551e-08,3.6810821799215e-10,0.999999973589624
LV-GGM,2927,3.3983540053353e-08,3.67940549915305e-10,0.999999973957565
LV-GGM,2928,3.39488972797094e-08,3.67565471828531e-10,0.99999997432513
LV-GGM,2929,3.39406978157925e-08,3.67476696048908e-10,0.999999974692607
LV-GGM,2930,3.39093121580622e-08,3.67136882829138e-10,0.999999975059744
LV-GGM,2931,3.38800817537901e-08,3.66820404586869e-10,0.999999975426564
LV-GGM,2932,3.38403574234051e-08,3.66390308371351e-10,0.999999975792954
LV-GGM,2933,3.38256932034031e-08,3.66231538532684e-10,0.999999976159186
LV-GGM,2934,3.38048011562927e-08,3.66005339870314e-10,0.999999976525191
LV-GGM,2935,3.37874500825835e-08,3.65817479406331e-10,0.999999976891009
LV-GGM,2936,3.3758530020535e-08,3.65504361246276e-10,0.999999977256513
LV-GGM,2937,3.37315378612202e-08,3.65212116532332e-10,0.999999977621725
LV-GGM,2938,3.37299436221526e-08,3.65194855670211e-10,0.99999997798692
LV-GGM,2939,3.37042225687859e-08,3.6491637324886e-10,0.999999978351836
LV-GGM,2940,3.36946935604937e-08,3.64813202462483e-10,0.999999978716649
LV-GGM,2941,3.36321090481654e-08,3.64135598544642e-10,0.999999979080785
LV-GGM,2942,3.36107367882463e-08,3.63904200607428e-10,0.999999979444689
LV-GGM,2943,3.3592489126945e-08,3.63706632769488e-10,0.999999979808396
LV-GGM,2944,3.35793524187064e-08,3.63564401334923e-10,0.99999998017196
LV-GGM,2945,3.3550326991633e-08,3.63250142385381e-10,0.99999998053521
LV-GGM,2946,3.35333606646645e-08,3.63066447582985e-10,0.999999980898277
LV-GGM,2947,3.35044645462916e-08,3.62753588661641e-10,0.99999998126103
LV-GGM,2948,3.34959786722412e-08,3.62661711913081e-10,0.999999981623692
LV-GGM,2949,3.3439129327516e-08,3.62046202783436e-10,0.999999981985738
LV-GGM,2950,3.3408343629424e-08,3.61712885340118e-10,0.999999982347451
LV-GGM,2951,3.33925689096264e-08,3.61542092095271e-10,0.999999982708993
LV-GGM,2952,3.3374644695663e-08,3.61348026228909e-10,0.999999983070341
LV-GGM,2953,3.33328720976986e-08,3.60895753374396e-10,0.999999983431237
LV-GGM,2954,3.33085466746422e-08,3.60632381473698e-10,0.999999983791869
LV-GGM,2955,3.32903849109911e-08,3.60435743651542e-10,0.999999984152305
LV-GGM,2956,3.32577974463599e-08,3.60082918441516e-10,0.999999984512388
LV-GGM,2957,3.32378444391937e-08,3.59866886785671e-10,0.999999984872255
LV-GGM,2958,3.32094454686383e-08,3.59559410494892e-10,0.999999985231814
LV-GGM,2959,3.31776115257581e-08,3.59214743681755e-10,0.999999985591029
LV-GGM,2960,3.3119504481002e-08,3.58585617405682e-10,0.999999985949615
LV-GGM,2961,3.309609033647e-08,3.58332111937994e-10,0.999999986307947
LV-GGM,2962,3.30488926043082e-08,3.57821101033918e-10,0.999999986665768
LV-GGM,2963,3.30407365553592e-08,3.57732795309126e-10,0.9999999870235
LV-GGM,2964,3.30084686950245e-08,3.57383430461982e-10,0.999999987380884
LV-GGM,2965,3.30030154794872e-08,3.57324388375123e-10,0.999999987738208
LV-GGM,2966,3.29522694386171e-08,3.56774959853125e-10,0.999999988094983
LV-GGM,2967,3.29420542658538e-08,3.56664359948639e-10,0.999999988451648
LV-GGM,2968,3.29011526893422e-08,3.56221517662919e-10,0.999999988807869
LV-GGM,2969,3.28969846361836e-08,3.56176390057942e-10,0.999999989164046
LV-GGM,2970,3.2818973426691e-08,3.55331760944106e-10,0.999999989519377
LV-GGM,2971,3.27944558012249e-08,3.5506630806361e-10,0.999999989874444
LV-GGM,2972,3.27734424111641e-08,3.54838795618396e-10,0.999999990229282
LV-GGM,2973,3.27452787685508e-08,3.54533867228521e-10,0.999999990583816
LV-GGM,2974,3.27159745961984e-08,3.54216590297594e-10,0.999999990938033
LV-GGM,2975,3.26665970513618e-08,3.53681978512827e-10,0.999999991291715
LV-GGM,2976,3.26424264882925e-08,3.5342028328468e-10,0.999999991645135
LV-GGM,2977,3.26035387106327e-08,3.52999244444269e-10,0.999999991998134
LV-GGM,2978,3.25651260404842e-08,3.52583349603532e-10,0.999999992350718
LV-GGM,2979,3.25376849445141e-08,3.52286244242358e-10,0.999999992703004
LV-GGM,2980,3.24978619566146e-08,3.51855079859718e-10,0.999999993054859
LV-GGM,2981,3.24624589466067e-08,3.51471770676788e-10,0.999999993406331
LV-GGM,2982,3.24185221779406e-08,3.50996066297575e-10,0.999999993757327
LV-GGM,2983,3.24095241498384e-08,3.50898644445617e-10,0.999999994108226
LV-GGM,2984,3.23800178677848e-08,3.50579179268426e-10,0.999999994458805
LV-GGM,2985,3.23538261735967e-08,3.50295601208351e-10,0.9999999948091
LV-GGM,2986,3.2340182102991e-08,3.50147876550065e-10,0.999999995159248
LV-GGM,2987,3.23084541737997e-08,3.49804357549514e-10,0.999999995509052
LV-GGM,2988,3.22688843795236e-08,3.4937593449991e-10,0.999999995858428
LV-GGM,2989,3.21733276483025e-08,3.48341339629029e-10,0.99999999620677
LV-GGM,2990,3.21639525431998e-08,3.48239835155934e-10,0.99999999655501
LV-GGM,2991,3.21418957012253e-08,3.48001025233461e-10,0.999999996903011
LV-GGM,2992,3.20173687916857e-08,3.46652769592545e-10,0.999999997249663
LV-GGM,2993,3.19601851414145e-08,3.46033640929258e-10,0.999999997595697
LV-GGM,2994,3.19488888401776e-08,3.45911335622555e-10,0.999999997941608
LV-GGM,2995,3.18312781494255e-08,3.4463796203748e-10,0.999999998286246
LV-GGM,2996,3.17860495128959e-08,3.44148270575953e-10,0.999999998630395
LV-GGM,2997,3.17503048511313e-08,3.43761262321793e-10,0.999999998974156
LV-GGM,2998,3.16885556262618e-08,3.43092702079992e-10,0.999999999317249
LV-GGM,2999,3.1667951266874e-08,3.42869618219043e-10,0.999999999660118
LV-GGM,3000,3.13918950716251e-08,3.3988075160515e-10,0.999999999999999
