Method,Rank,MatrixIndex,ENSMUSG_ID,Gene,ReferenceLabel,Score,CumulativeMarkT,RunningPositiveRate,RunningEnrichment
HR-GGM,1,402,ENSMUSG00000001175,Calm1,T,0.208041422092346,1,1,5.93975903614458
HR-GGM,2,1528,ENSMUSG00000026238,Ptma,F,0.200023290381662,1,0.5,2.96987951807229
HR-GGM,3,1726,ENSMUSG00000035530,Eif1,F,0.183108070602866,1,0.333333333333333,1.97991967871486
HR-GGM,4,2331,ENSMUSG00000056608,Chd9,T,0.18154703444308,2,0.5,2.96987951807229
HR-GGM,5,2122,ENSMUSG00000035954,Dock4,T,0.178053072865635,3,0.6,3.56385542168675
HR-GGM,6,1612,ENSMUSG00000071866,Ppia,F,0.177827274444466,3,0.5,2.96987951807229
HR-GGM,7,1883,ENSMUSG00000067567,Hdac8,T,0.17213185858838,4,0.571428571428571,3.39414802065404
HR-GGM,8,1197,ENSMUSG00000038594,Cep85l,T,0.170476302747069,5,0.625,3.71234939759036
HR-GGM,9,2961,ENSMUSG00000033569,Adgrb3,T,0.170097406336881,6,0.666666666666667,3.95983935742972
HR-GGM,10,1221,ENSMUSG00000039835,Nhsl1,F,0.169468161636792,6,0.6,3.56385542168675
HR-GGM,11,2256,ENSMUSG00000059070,Rpl18,F,0.168677021065363,6,0.545454545454545,3.23986856516977
HR-GGM,12,1627,ENSMUSG00000041571,Selenow,F,0.16693083968676,6,0.5,2.96987951807229
HR-GGM,13,1705,ENSMUSG00000041540,Sox5,T,0.165064254657411,7,0.538461538461538,3.19833178869323
HR-GGM,14,1642,ENSMUSG00000070493,Chchd2,F,0.165059786890611,7,0.5,2.96987951807229
HR-GGM,15,2397,ENSMUSG00000037605,Adgrl3,T,0.162994974491455,8,0.533333333333333,3.16787148594377
HR-GGM,16,2130,ENSMUSG00000019370,Calm3,T,0.162298101718792,9,0.5625,3.34111445783132
HR-GGM,17,1761,ENSMUSG00000031818,Cox4i1,F,0.160527561551534,9,0.529411764705882,3.14457831325301
HR-GGM,18,2054,ENSMUSG00000022354,Ndufb9,F,0.157972779908657,9,0.5,2.96987951807229
HR-GGM,19,1638,ENSMUSG00000062825,Actg1,T,0.157766305559151,10,0.526315789473684,3.12618896639188
HR-GGM,20,1716,ENSMUSG00000098274,Rpl24,F,0.157468791382452,10,0.5,2.96987951807229
HR-GGM,21,2114,ENSMUSG00000063316,Rpl27,F,0.156117346731456,10,0.476190476190476,2.82845668387837
HR-GGM,22,334,ENSMUSG00000056201,Cfl1,T,0.155703576426622,11,0.5,2.96987951807229
HR-GGM,23,1876,ENSMUSG00000035242,Oaz1,F,0.154239667300058,11,0.478260869565217,2.84075432163436
HR-GGM,24,1692,ENSMUSG00000074884,Serf2,F,0.153112376755796,11,0.458333333333333,2.72238955823293
HR-GGM,25,2058,ENSMUSG00000054091,1810037I17Rik,F,0.151911027140368,11,0.44,2.61349397590361
HR-GGM,26,1724,ENSMUSG00000030695,Aldoa,F,0.151784951989784,11,0.423076923076923,2.5129749768304
HR-GGM,27,1560,ENSMUSG00000072294,Klf12,T,0.151202984344474,12,0.444444444444444,2.63989290495315
HR-GGM,28,2214,ENSMUSG00000012405,Rpl15,F,0.151096954634066,12,0.428571428571429,2.54561101549053
HR-GGM,29,1238,ENSMUSG00000040430,Pitpnc1,T,0.149984551020739,13,0.448275862068966,2.66265060240964
HR-GGM,30,1911,ENSMUSG00000058318,Phf21a,T,0.149446553007154,14,0.466666666666667,2.7718875502008
HR-GGM,31,521,ENSMUSG00000050708,Ftl1,F,0.148418829673566,14,0.451612903225806,2.68247182277497
HR-GGM,32,1813,ENSMUSG00000003970,Rpl8,F,0.147197390552752,14,0.4375,2.59864457831325
HR-GGM,33,2576,ENSMUSG00000063887,Nlgn1,T,0.145581138301573,15,0.454545454545455,2.69989047097481
HR-GGM,34,2226,ENSMUSG00000073702,Rpl31,F,0.145486848860452,15,0.441176470588235,2.62048192771084
HR-GGM,35,1693,ENSMUSG00000030432,Rpl28,F,0.143503142545745,15,0.428571428571429,2.54561101549053
HR-GGM,36,1930,ENSMUSG00000037072,Selenof,F,0.1424251666519,15,0.416666666666667,2.47489959839357
HR-GGM,37,2816,ENSMUSG00000048758,Rpl29,F,0.141172062022406,15,0.405405405405405,2.40801042005861
HR-GGM,38,2230,ENSMUSG00000044340,Phlpp1,T,0.140603319004242,16,0.421052631578947,2.50095117311351
HR-GGM,39,2206,ENSMUSG00000043716,Rpl7,F,0.140315360713827,16,0.41025641025641,2.43682421995675
HR-GGM,40,1823,ENSMUSG00000051910,Sox6,T,0.140123220286573,17,0.425,2.52439759036145
HR-GGM,41,1672,ENSMUSG00000017404,Rpl19,F,0.139510687495646,17,0.414634146341463,2.4628269174258
HR-GGM,42,2008,ENSMUSG00000014294,Ndufa2,F,0.139401469772963,17,0.404761904761905,2.40418818129662
HR-GGM,43,1782,ENSMUSG00000063882,Uqcrh,F,0.138873949842933,17,0.395348837209302,2.3482768282432
HR-GGM,44,1682,ENSMUSG00000037742,Eef1a1,F,0.138801476822626,17,0.386363636363636,2.29490690032859
HR-GGM,45,2113,ENSMUSG00000061787,Rps17,F,0.138797066394748,17,0.377777777777778,2.24390896921017
HR-GGM,46,1179,ENSMUSG00000039943,Plcb4,T,0.138628048555126,18,0.391304347826087,2.32425353588266
HR-GGM,47,1833,ENSMUSG00000005610,Eif4g2,F,0.137648858273519,18,0.382978723404255,2.27480133299154
HR-GGM,48,1575,ENSMUSG00000068523,Gng5,T,0.13686924083492,19,0.395833333333333,2.3511546184739
HR-GGM,49,310,ENSMUSG00000041556,Fbxo2,F,0.13669622254702,19,0.387755102040816,2.3031718711581
HR-GGM,50,1830,ENSMUSG00000045128,Rpl18a,F,0.136584231640021,19,0.38,2.25710843373494
HR-GGM,51,1836,ENSMUSG00000090862,Rps13,F,0.136414618886361,19,0.372549019607843,2.21285140562249
HR-GGM,52,2794,ENSMUSG00000020598,Nrcam,T,0.135868093384011,20,0.384615384615385,2.28452270620945
HR-GGM,53,2273,ENSMUSG00000025794,Rpl14,F,0.135317695320028,20,0.377358490566038,2.2414185042055
HR-GGM,54,1482,ENSMUSG00000031618,Nr3c2,T,0.135051530512883,21,0.388888888888889,2.309906291834
HR-GGM,55,1850,ENSMUSG00000075706,Gpx4,F,0.134916473372128,21,0.381818181818182,2.26790799561884
HR-GGM,56,1688,ENSMUSG00000057863,Rpl36,F,0.134502730492698,21,0.375,2.22740963855422
HR-GGM,57,2483,ENSMUSG00000067274,Rplp0,F,0.134363396091646,21,0.368421052631579,2.18833227647432
HR-GGM,58,2267,ENSMUSG00000025362,Rps26,F,0.134348067306234,21,0.362068965517241,2.15060240963855
HR-GGM,59,1683,ENSMUSG00000032228,Tcf12,T,0.13428634742483,22,0.372881355932203,2.21482540330815
HR-GGM,60,1765,ENSMUSG00000060743,H3f3a,F,0.134213265119094,22,0.366666666666667,2.17791164658635
HR-GGM,61,1758,ENSMUSG00000034621,Gpatch8,F,0.134135135216297,22,0.360655737704918,2.14220817697018
HR-GGM,62,2198,ENSMUSG00000055839,Elob,F,0.132607996914692,22,0.354838709677419,2.10765643218033
HR-GGM,63,2156,ENSMUSG00000041697,Cox6a1,F,0.132420251527855,22,0.349206349206349,2.07420156817747
HR-GGM,64,1946,ENSMUSG00000022452,Smdt1,T,0.131912923772502,23,0.359375,2.13460090361446
HR-GGM,65,1160,ENSMUSG00000036019,Tmtc2,F,0.131862256033059,23,0.353846153846154,2.1017608897127
HR-GGM,66,2630,ENSMUSG00000031812,Map1lc3b,T,0.131597008987562,24,0.363636363636364,2.15991237677985
HR-GGM,67,1746,ENSMUSG00000029763,Exoc4,T,0.131251084286531,25,0.373134328358209,2.21632799856141
HR-GGM,68,2239,ENSMUSG00000020738,Sumo2,F,0.131041304956434,25,0.367647058823529,2.18373493975904
HR-GGM,69,2668,ENSMUSG00000028936,Rpl22,F,0.130771580069352,25,0.36231884057971,2.15208660729876
HR-GGM,70,1802,ENSMUSG00000038244,Mical2,T,0.130680879826441,26,0.371428571428571,2.20619621342513
HR-GGM,71,1713,ENSMUSG00000041453,Rpl21,F,0.129557645953941,26,0.366197183098592,2.17512302732055
HR-GGM,72,1452,ENSMUSG00000029580,Actb,T,0.1290568539241,27,0.375,2.22740963855422
HR-GGM,73,2877,ENSMUSG00000062647,Rpl7a,F,0.128665346754929,27,0.36986301369863,2.1968971777521
HR-GGM,74,1701,ENSMUSG00000059291,Rpl11,F,0.128588206612907,27,0.364864864864865,2.16720937805275
HR-GGM,75,1717,ENSMUSG00000044080,S100a1,T,0.128511316871859,28,0.373333333333333,2.21751004016064
HR-GGM,76,413,ENSMUSG00000042312,S100a13,T,0.128326593026435,29,0.381578947368421,2.26648700063412
HR-GGM,77,2965,ENSMUSG00000020267,Hint1,F,0.128179253247672,29,0.376623376623377,2.23705210452198
HR-GGM,78,2702,ENSMUSG00000039221,Rpl22l1,F,0.127923657719548,29,0.371794871794872,2.2083719493358
HR-GGM,79,1570,ENSMUSG00000038274,Fau,F,0.126644088607013,29,0.367088607594937,2.18041787402776
HR-GGM,80,2260,ENSMUSG00000034566,Atp5h,F,0.126608507062763,29,0.3625,2.15316265060241
HR-GGM,81,1714,ENSMUSG00000037563,Rps16,F,0.12658397662907,29,0.358024691358025,2.1265803956567
HR-GGM,82,2993,ENSMUSG00000020219,Timm13,F,0.126514868245736,29,0.353658536585366,2.10064648839259
HR-GGM,83,1577,ENSMUSG00000033278,Ptprm,T,0.126405059096965,30,0.36144578313253,2.1469008564378
HR-GGM,84,1661,ENSMUSG00000020163,Uqcr11,F,0.12623058516387,30,0.357142857142857,2.12134251290878
HR-GGM,85,2292,ENSMUSG00000061518,Cox5b,F,0.125904109828541,30,0.352941176470588,2.09638554216867
HR-GGM,86,1910,ENSMUSG00000060036,Rpl3,F,0.125320307957127,30,0.348837209302326,2.07200896609695
HR-GGM,87,1751,ENSMUSG00000003279,Dlgap1,T,0.124993477295381,31,0.35632183908046,2.11646586345382
HR-GGM,88,2580,ENSMUSG00000006941,Eif1b,F,0.124774386654182,31,0.352272727272727,2.09241511500548
HR-GGM,89,1496,ENSMUSG00000058135,Gstm1,F,0.124434138676917,31,0.348314606741573,2.0689048328144
HR-GGM,90,1510,ENSMUSG00000045103,Dmd,T,0.124282987725386,32,0.355555555555556,2.11191432396252
HR-GGM,91,1505,ENSMUSG00000021779,Thrb,T,0.123734689431146,33,0.362637362637363,2.15397855156891
HR-GGM,92,2304,ENSMUSG00000000346,Dazap2,F,0.123609760918836,33,0.358695652173913,2.13056574122577
HR-GGM,93,1613,ENSMUSG00000036356,Csgalnact1,F,0.123338211459385,33,0.354838709677419,2.10765643218033
HR-GGM,94,2895,ENSMUSG00000091537,Tma7,F,0.123084308108874,33,0.351063829787234,2.08523455524225
HR-GGM,95,1992,ENSMUSG00000009927,Rps25,F,0.122960733225491,33,0.347368421052632,2.06328471781864
HR-GGM,96,463,ENSMUSG00000075702,Selenom,F,0.122836244841722,33,0.34375,2.0417921686747
HR-GGM,97,2204,ENSMUSG00000029614,Rpl6,F,0.122138515034243,33,0.34020618556701,2.02074276487393
HR-GGM,98,2017,ENSMUSG00000018102,Hist1h2bc,T,0.12174196883164,34,0.346938775510204,2.06073272682567
HR-GGM,99,1597,ENSMUSG00000047675,Rps8,F,0.121688596539226,34,0.343434343434343,2.03991724473652
HR-GGM,100,2639,ENSMUSG00000028248,Pnisr,F,0.121587468100067,34,0.34,2.01951807228916
HR-GGM,101,1949,ENSMUSG00000044533,Rps2,F,0.1215270446484,34,0.336633663366337,1.99952284385065
HR-GGM,102,1466,ENSMUSG00000027533,Fabp5,F,0.121216778582879,34,0.333333333333333,1.97991967871486
HR-GGM,103,2545,ENSMUSG00000038679,Trps1,T,0.121175374040744,35,0.339805825242718,2.01836472102
HR-GGM,104,2746,ENSMUSG00000019362,D8Ertd738e,F,0.120890287896229,35,0.336538461538462,1.99895736793327
HR-GGM,105,2390,ENSMUSG00000003072,Atp5d,F,0.120481579881154,35,0.333333333333333,1.97991967871486
HR-GGM,106,2092,ENSMUSG00000044894,Uqcrq,F,0.120456361870312,35,0.330188679245283,1.96124119117981
HR-GGM,107,1840,ENSMUSG00000024121,Atp6v0c,T,0.120431640642343,36,0.336448598130841,1.99842360094584
HR-GGM,108,2657,ENSMUSG00000084786,Ubl5,F,0.119827549774731,36,0.333333333333333,1.97991967871486
HR-GGM,109,2071,ENSMUSG00000074415,2610203C20Rik,F,0.119478667713659,36,0.330275229357798,1.9617552779927
HR-GGM,110,1489,ENSMUSG00000045095,Magi1,T,0.119259316952104,37,0.336363636363636,1.99791894852136
HR-GGM,111,2886,ENSMUSG00000028603,Scp2,F,0.119245780156883,37,0.333333333333333,1.97991967871486
HR-GGM,112,2552,ENSMUSG00000001289,Pfdn5,F,0.119189446776471,37,0.330357142857143,1.96224182444062
HR-GGM,113,2888,ENSMUSG00000037805,Rpl10a,F,0.118240121457467,37,0.327433628318584,1.94487685254291
HR-GGM,114,1640,ENSMUSG00000025508,Rplp2,F,0.117996948810898,37,0.324561403508772,1.92781652927499
HR-GGM,115,1921,ENSMUSG00000003429,Rps11,F,0.117957965202825,37,0.321739130434783,1.9110529072813
HR-GGM,116,1457,ENSMUSG00000071424,Grid2,T,0.11787865102508,38,0.327586206896552,1.94578313253012
HR-GGM,117,1728,ENSMUSG00000057841,Rpl32,F,0.117722000036277,38,0.324786324786325,1.92915250746576
HR-GGM,118,2959,ENSMUSG00000064357,mt-Atp6,F,0.117718217202931,38,0.322033898305085,1.91280375740249
HR-GGM,119,1673,ENSMUSG00000017778,Cox7c,F,0.117278682384906,38,0.319327731092437,1.89672977624785
HR-GGM,120,2856,ENSMUSG00000047454,Gphn,T,0.117109048399805,39,0.325,1.93042168674699
HR-GGM,121,1222,ENSMUSG00000050587,Lrrc4c,T,0.117031657856462,40,0.330578512396694,1.9635567061635
HR-GGM,122,1905,ENSMUSG00000028691,Prdx1,F,0.116432068029145,40,0.327868852459016,1.9474619790638
HR-GGM,123,2782,ENSMUSG00000064354,mt-Co2,F,0.115775847807469,40,0.32520325203252,1.93162895484377
HR-GGM,124,2480,ENSMUSG00000018567,Gabarap,T,0.115750683013437,41,0.330645161290323,1.96395258453167
HR-GGM,125,2540,ENSMUSG00000073676,Hspe1,F,0.115721463333664,41,0.328,1.94824096385542
HR-GGM,126,1973,ENSMUSG00000006333,Rps9,F,0.115596236991279,41,0.325396825396825,1.93277873398355
HR-GGM,127,711,ENSMUSG00000026701,Prdx6,F,0.115571688649302,41,0.322834645669291,1.91756000379471
HR-GGM,128,2335,ENSMUSG00000062683,Atp5g2,F,0.115385182280868,41,0.3203125,1.90257906626506
HR-GGM,129,1449,ENSMUSG00000071856,Mcc,F,0.115256028116303,41,0.317829457364341,1.88783039133277
HR-GGM,130,1772,ENSMUSG00000036199,Ndufa13,F,0.115172993819817,41,0.315384615384615,1.87330861909175
HR-GGM,131,1421,ENSMUSG00000055737,Ghr,T,0.114503047776504,42,0.320610687022901,1.9043502253288
HR-GGM,132,2409,ENSMUSG00000073616,Cops9,F,0.11440542781626,42,0.318181818181818,1.88992332968237
HR-GGM,133,1621,ENSMUSG00000000740,Rpl13,F,0.114370068231842,42,0.315789473684211,1.87571337983513
HR-GGM,134,1763,ENSMUSG00000035649,Zcchc7,F,0.113854345870218,42,0.313432835820896,1.86171551879158
HR-GGM,135,2290,ENSMUSG00000036751,Cox6b1,F,0.113505665536834,42,0.311111111111111,1.8479250334672
HR-GGM,136,1809,ENSMUSG00000020849,Ywhae,F,0.113154795159183,42,0.308823529411765,1.83433734939759
HR-GGM,137,1835,ENSMUSG00000030122,Ptms,F,0.112986470949519,42,0.306569343065693,1.82094802567936
HR-GGM,138,382,ENSMUSG00000030647,Ndufc2,F,0.112889597527316,42,0.304347826086957,1.80775275013096
HR-GGM,139,1924,ENSMUSG00000063457,Rps15,F,0.11254924260956,42,0.302158273381295,1.79474733466239
HR-GGM,140,1942,ENSMUSG00000038717,Atp5l,F,0.112547571446094,42,0.3,1.78192771084337
HR-GGM,141,1495,ENSMUSG00000041078,Grid1,T,0.112324174871612,43,0.304964539007092,1.81141587627104
HR-GGM,142,1076,ENSMUSG00000046876,Atxn1,F,0.112073399089627,43,0.302816901408451,1.79865942643815
HR-GGM,143,1008,ENSMUSG00000021338,Carmil1,T,0.111672056236875,44,0.307692307692308,1.82761816496756
HR-GGM,144,359,ENSMUSG00000074457,S100a16,T,0.11165069717233,45,0.3125,1.85617469879518
HR-GGM,145,2947,ENSMUSG00000037894,H2afz,T,0.111597181992336,46,0.317241379310345,1.88433734939759
HR-GGM,146,2417,ENSMUSG00000030120,Mlf2,F,0.111502656947814,46,0.315068493150685,1.87143092919624
HR-GGM,147,1590,ENSMUSG00000003992,Ssbp2,F,0.11142409047466,46,0.312925170068027,1.85870010654864
HR-GGM,148,1956,ENSMUSG00000038690,Atp5j2,F,0.111118820606807,46,0.310810810810811,1.84614132204494
HR-GGM,149,2340,ENSMUSG00000012848,Rps5,F,0.111115804879922,46,0.308724832214765,1.83375111182987
HR-GGM,150,333,ENSMUSG00000022205,Sub1,F,0.110997134751444,46,0.306666666666667,1.82152610441767
HR-GGM,151,1740,ENSMUSG00000008683,Rps15a,F,0.110311551233342,46,0.304635761589404,1.80946301763345
HR-GGM,152,1645,ENSMUSG00000016252,Atp5e,F,0.109362767154946,46,0.302631578947368,1.79755865567533
HR-GGM,153,874,ENSMUSG00000028152,Tspan5,T,0.109237041945952,47,0.30718954248366,1.82463186077644
HR-GGM,154,1502,ENSMUSG00000035615,Frmpd1,T,0.109211477936856,48,0.311688311688312,1.8513534658113
HR-GGM,155,1806,ENSMUSG00000022890,Atp5j,F,0.108958740896741,48,0.309677419354839,1.83940924990284
HR-GGM,156,2785,ENSMUSG00000062997,Rpl35,F,0.108714031253606,48,0.307692307692308,1.82761816496756
HR-GGM,157,2987,ENSMUSG00000032959,Pebp1,F,0.10859351330943,48,0.305732484076433,1.81597728493592
HR-GGM,158,2712,ENSMUSG00000023089,Ndufa5,F,0.108163557848052,48,0.30379746835443,1.80448375781607
HR-GGM,159,1985,ENSMUSG00000058546,Rpl23a,F,0.107962199540004,48,0.30188679245283,1.7931348033644
HR-GGM,160,2450,ENSMUSG00000079435,Rpl36a,F,0.107936054309967,48,0.3,1.78192771084337
HR-GGM,161,2219,ENSMUSG00000038900,Rpl12,F,0.107529908964192,48,0.298136645962733,1.77085983686298
HR-GGM,162,1569,ENSMUSG00000024983,Vti1a,T,0.107386022926483,49,0.302469135802469,1.79659378253756
HR-GGM,163,240,ENSMUSG00000001025,S100a6,T,0.107267307965946,50,0.306748466257669,1.82201197427748
HR-GGM,164,2009,ENSMUSG00000039087,Rreb1,T,0.107157692294781,51,0.310975609756098,1.84712018806935
HR-GGM,165,1624,ENSMUSG00000052146,Rps10,F,0.106493615388137,51,0.309090909090909,1.83592552026287
HR-GGM,166,1787,ENSMUSG00000019841,Rev3l,F,0.106461223388389,51,0.307228915662651,1.82486572797213
HR-GGM,167,1446,ENSMUSG00000039007,Cpq,F,0.106280070275959,51,0.305389221556886,1.81393838828367
HR-GGM,168,1723,ENSMUSG00000031925,Maml2,T,0.106036365841243,52,0.30952380952381,1.83849684452094
HR-GGM,169,2592,ENSMUSG00000024646,Cyb5a,F,0.105797325404626,52,0.307692307692308,1.82761816496756
HR-GGM,170,1521,ENSMUSG00000052062,Pard3b,T,0.105651701240578,53,0.311764705882353,1.85180722891566
HR-GGM,171,2839,ENSMUSG00000042541,Sem1,F,0.105645071255955,53,0.309941520467836,1.84097794687522
HR-GGM,172,1807,ENSMUSG00000021027,Ralgapa1,F,0.105398619573416,53,0.308139534883721,1.83027458671897
HR-GGM,173,2060,ENSMUSG00000008668,Rps18,F,0.105259787013195,53,0.30635838150289,1.81969496483042
HR-GGM,174,998,ENSMUSG00000074505,Fat3,T,0.104966811354641,54,0.310344827586207,1.8433734939759
HR-GGM,175,2369,ENSMUSG00000037697,Ddhd1,F,0.104942686597364,54,0.308571428571429,1.83283993115318
HR-GGM,176,1824,ENSMUSG00000019505,Ubb,F,0.104915222430708,54,0.306818181818182,1.822426067908
HR-GGM,177,1777,ENSMUSG00000024420,Zfp521,T,0.104833438447223,55,0.310734463276836,1.84568783609012
HR-GGM,178,1704,ENSMUSG00000048402,Gli2,T,0.104602445698125,56,0.314606741573034,1.86868823609043
HR-GGM,179,1058,ENSMUSG00000025085,Ablim1,T,0.104566607112884,57,0.318435754189944,1.89143164838123
HR-GGM,180,1610,ENSMUSG00000028234,Rps20,F,0.104041868497859,57,0.316666666666667,1.88092369477912
HR-GGM,181,2015,ENSMUSG00000038056,Kmt2c,T,0.103849401966724,58,0.320441988950276,1.90334819942754
HR-GGM,182,2683,ENSMUSG00000041126,H2afv,T,0.103794950608994,59,0.324175824175824,1.92552628094797
HR-GGM,183,1641,ENSMUSG00000036792,Mbd5,T,0.103742525582122,60,0.327868852459016,1.9474619790638
HR-GGM,184,1415,ENSMUSG00000101609,Kcnq1ot1,F,0.103706368016077,60,0.326086956521739,1.93687794656888
HR-GGM,185,1975,ENSMUSG00000031320,Rps4x,F,0.103560396674209,60,0.324324324324324,1.92640833604689
HR-GGM,186,1646,ENSMUSG00000028559,Osbpl9,T,0.103020326968303,61,0.327956989247312,1.94798549034849
HR-GGM,187,2254,ENSMUSG00000041881,Ndufa7,F,0.102218715854664,61,0.32620320855615,1.93756845564074
HR-GGM,188,1853,ENSMUSG00000032330,Cox7a2,F,0.101794114025051,61,0.324468085106383,1.92726224045117
HR-GGM,189,2306,ENSMUSG00000058558,Rpl5,F,0.101267406739681,61,0.322751322751323,1.91706508573978
HR-GGM,190,1546,ENSMUSG00000021745,Ptprg,T,0.100911906984681,62,0.326315789473684,1.93823715916297
HR-GGM,191,1138,ENSMUSG00000037386,Rims2,T,0.100671073090949,63,0.329842931937173,1.95918753548224
HR-GGM,192,1532,ENSMUSG00000035877,Zhx3,T,0.100456216687428,64,0.333333333333333,1.97991967871486
HR-GGM,193,1656,ENSMUSG00000042249,Grk3,T,0.100244826541416,65,0.336787564766839,2.00043698108496
HR-GGM,194,2303,ENSMUSG00000018770,Atp5g3,F,0.0999352671223513,65,0.335051546391753,1.99012545025463
HR-GGM,195,2603,ENSMUSG00000031059,Ndufb11,F,0.0999295445774376,65,0.333333333333333,1.97991967871486
HR-GGM,196,2072,ENSMUSG00000071528,Usmg5,F,0.0998024199784681,65,0.331632653061224,1.96981804770101
HR-GGM,197,1759,ENSMUSG00000032518,Rpsa,F,0.0997145519592563,65,0.32994923857868,1.95981897131674
HR-GGM,198,1795,ENSMUSG00000039197,Adk,F,0.0992338334652446,65,0.328282828282828,1.94992089570403
HR-GGM,199,2022,ENSMUSG00000028354,Fmn2,T,0.0990308501999499,66,0.331658291457286,1.96997033359569
HR-GGM,200,1444,ENSMUSG00000028525,Pde4b,T,0.0989598548725268,67,0.335,1.98981927710843
HR-GGM,201,1086,ENSMUSG00000019820,Utrn,T,0.0988947898816713,68,0.338308457711443,2.00947071869568
HR-GGM,202,1616,ENSMUSG00000046364,Rpl27a,F,0.0988607661295783,68,0.336633663366337,1.99952284385065
HR-GGM,203,2151,ENSMUSG00000001847,Rac1,T,0.09885795776223,69,0.339901477832512,2.01893287435456
HR-GGM,204,1622,ENSMUSG00000024985,Tcf7l2,T,0.0986281455970375,70,0.343137254901961,2.03815261044177
HR-GGM,205,1811,ENSMUSG00000040037,Negr1,T,0.0982744157143633,71,0.346341463414634,2.05718483690861
HR-GGM,206,1530,ENSMUSG00000034751,Mast4,T,0.0981946885973358,72,0.349514563106796,2.07603228447772
HR-GGM,207,1435,ENSMUSG00000023826,Park2,F,0.0980512566972811,72,0.347826086956522,2.06600314300681
HR-GGM,208,2802,ENSMUSG00000011752,Pgam1,F,0.0978441058972211,72,0.346153846153846,2.05607043558851
HR-GGM,209,1524,ENSMUSG00000024238,Zeb1,T,0.09766712230963,73,0.349282296650718,2.07465267769643
HR-GGM,210,2487,ENSMUSG00000020647,Ncoa1,T,0.0974720025476833,74,0.352380952380952,2.09305794606999
HR-GGM,211,1110,ENSMUSG00000009394,Syn2,T,0.0974463303604352,75,0.355450236966825,2.11128875692343
HR-GGM,212,1851,ENSMUSG00000027523,Gnas,T,0.0970977023532589,76,0.358490566037736,2.12934757899523
HR-GGM,213,2137,ENSMUSG00000029723,Tsc22d4,T,0.0970017346679168,77,0.36150234741784,2.14723683466259
HR-GGM,214,2613,ENSMUSG00000061315,Naca,F,0.0969334962510125,77,0.35981308411215,2.13720301767819
HR-GGM,215,1749,ENSMUSG00000000085,Scmh1,T,0.0966554714973028,78,0.362790697674419,2.15488932474082
HR-GGM,216,1954,ENSMUSG00000037736,Limch1,F,0.0966480609567035,78,0.361111111111111,2.14491298527443
HR-GGM,217,1536,ENSMUSG00000044471,Lncpint,F,0.0965077270969843,78,0.359447004608295,2.13502859363722
HR-GGM,218,2472,ENSMUSG00000034994,Eef2,F,0.0962493280529838,78,0.357798165137615,2.1252348844921
HR-GGM,219,1931,ENSMUSG00000023861,Mpc1,F,0.0958294774271054,78,0.356164383561644,2.11553061561314
HR-GGM,220,2910,ENSMUSG00000040048,Ndufb10,F,0.0957839799406972,78,0.354545454545455,2.10591456736035
HR-GGM,221,1984,ENSMUSG00000040506,Ambra1,F,0.0953524877428391,78,0.352941176470588,2.09638554216867
HR-GGM,222,1650,ENSMUSG00000062006,Rpl34,F,0.0952583924386053,78,0.351351351351351,2.0869423640508
HR-GGM,223,1635,ENSMUSG00000074129,Rpl13a,F,0.0952200774768664,78,0.349775784753363,2.07758387811335
HR-GGM,224,1798,ENSMUSG00000028080,Lrba,F,0.0950502304790785,78,0.348214285714286,2.06830895008606
HR-GGM,225,928,ENSMUSG00000038094,Atp13a4,F,0.0947527756443001,78,0.346666666666667,2.05911646586345
HR-GGM,226,1486,ENSMUSG00000022321,Cdh10,T,0.0945556978420607,79,0.349557522123894,2.07628745068771
HR-GGM,227,2914,ENSMUSG00000029918,Mrps33,F,0.0944748065681114,79,0.348017621145374,2.06714080993578
HR-GGM,228,1568,ENSMUSG00000097428,AW047730,F,0.0941320560580997,79,0.346491228070175,2.05807440287466
HR-GGM,229,281,ENSMUSG00000032667,Pon2,F,0.0937649782987353,79,0.344978165938865,2.04908717840796
HR-GGM,230,1456,ENSMUSG00000026077,Npas2,T,0.0935207946248265,80,0.347826086956522,2.06600314300681
HR-GGM,231,1479,ENSMUSG00000045658,Pid1,F,0.0931079193885065,80,0.346320346320346,2.057059406457
HR-GGM,232,1898,ENSMUSG00000031633,Slc25a4,F,0.0924900078259431,80,0.344827586206897,2.04819277108434
HR-GGM,233,1019,ENSMUSG00000060206,Zfp462,T,0.0924228973395691,81,0.347639484978541,2.06489477222193
HR-GGM,234,1544,ENSMUSG00000024608,Rps14,F,0.0922476675001903,81,0.346153846153846,2.05607043558851
HR-GGM,235,286,ENSMUSG00000004032,Gstm5,F,0.0922395508792114,81,0.34468085106383,2.04732119969239
HR-GGM,236,1451,ENSMUSG00000047045,Tmem164,T,0.0919201515381885,82,0.347457627118644,2.06381458035532
HR-GGM,237,1686,ENSMUSG00000033713,Foxn3,T,0.0918456215095077,83,0.350210970464135,2.08016877637131
HR-GGM,238,2040,ENSMUSG00000013698,Pea15a,T,0.0918394772008323,84,0.352941176470588,2.09638554216867
HR-GGM,239,1679,ENSMUSG00000029632,Ndufa4,F,0.0916150892625616,84,0.351464435146443,2.08761405454454
HR-GGM,240,1563,ENSMUSG00000071415,Rpl23,F,0.0915258638602894,84,0.35,2.0789156626506
HR-GGM,241,2100,ENSMUSG00000037152,Ndufc1,F,0.0914780339955916,84,0.348547717842324,2.07028945658151
HR-GGM,242,1588,ENSMUSG00000026004,Kansl1l,T,0.0913095941738617,85,0.351239669421488,2.08627900029872
HR-GGM,243,2141,ENSMUSG00000074748,Atxn7l3b,F,0.0909358752399103,85,0.349794238683128,2.07769349000942
HR-GGM,244,1647,ENSMUSG00000042302,Ehbp1,F,0.0909094403706046,85,0.348360655737705,2.06917835275528
HR-GGM,245,270,ENSMUSG00000006356,Crip2,F,0.0908117160870166,85,0.346938775510204,2.06073272682567
HR-GGM,246,1607,ENSMUSG00000027799,Nbea,T,0.0907782031410948,86,0.349593495934959,2.07650112645705
HR-GGM,247,1419,ENSMUSG00000032036,Kirrel3,T,0.0905839163546028,87,0.352226720647773,2.09214184673918
HR-GGM,248,1465,ENSMUSG00000022306,Zfpm2,T,0.0903886460947024,88,0.354838709677419,2.10765643218033
HR-GGM,249,1205,ENSMUSG00000116305,AC162302.2,F,0.0903227380468257,88,0.353413654618474,2.09919194851696
HR-GGM,250,1757,ENSMUSG00000057666,Gapdh,F,0.0902850755235437,88,0.352,2.09079518072289
HR-GGM,251,2109,ENSMUSG00000028648,Ndufs5,F,0.0900488218140179,88,0.350597609561753,2.08246531944511
HR-GGM,252,1429,ENSMUSG00000049775,Tmsb4x,F,0.0899297265871443,88,0.349206349206349,2.07420156817747
HR-GGM,253,1754,ENSMUSG00000037876,Jmjd1c,T,0.0898855300668073,89,0.351778656126482,2.08948045145007
HR-GGM,254,2518,ENSMUSG00000040681,Hmgn1,T,0.0895322988492647,90,0.354330708661417,2.10463902855517
HR-GGM,255,1619,ENSMUSG00000014313,Cox6c,F,0.0889152037177315,90,0.352941176470588,2.09638554216867
HR-GGM,256,1517,ENSMUSG00000023965,Fbxl17,F,0.0885754935567981,90,0.3515625,2.08819653614458
HR-GGM,257,924,ENSMUSG00000020023,Tmcc3,F,0.0875099974993407,90,0.350194552529183,2.08007125779382
HR-GGM,258,1841,ENSMUSG00000021488,Nsd1,T,0.0874079817441773,91,0.352713178294574,2.09503128794247
HR-GGM,259,2912,ENSMUSG00000046516,Cox17,F,0.0873603430561929,91,0.351351351351351,2.0869423640508
HR-GGM,260,1462,ENSMUSG00000020614,Fam20a,F,0.0873090401504675,91,0.35,2.0789156626506
HR-GGM,261,1405,ENSMUSG00000025551,Fgf14,T,0.0869452708933991,92,0.352490421455939,2.09370816599732
HR-GGM,262,1540,ENSMUSG00000046330,Rpl37a,F,0.0868028640603178,92,0.351145038167939,2.08571691345535
HR-GGM,263,2075,ENSMUSG00000023456,Tpi1,F,0.0867802084906277,92,0.349809885931559,2.07778643089468
HR-GGM,264,2565,ENSMUSG00000054452,Aes,T,0.0867231133118974,93,0.352272727272727,2.09241511500548
HR-GGM,265,1848,ENSMUSG00000061477,Rps7,F,0.0864857479405124,93,0.350943396226415,2.08451920891112
HR-GGM,266,1961,ENSMUSG00000110080,Gm6145,F,0.0863705523820198,93,0.349624060150376,2.07668267053175
HR-GGM,267,932,ENSMUSG00000021699,Pde4d,T,0.0861370044816962,94,0.352059925093633,2.09115112133929
HR-GGM,268,2510,ENSMUSG00000005873,Reep5,T,0.0858482531325319,95,0.354477611940299,2.10551159863334
HR-GGM,269,215,ENSMUSG00000045136,Tubb2b,T,0.085664862748537,96,0.356877323420074,2.11976530657948
HR-GGM,270,1735,ENSMUSG00000022564,Grina,T,0.0855960097932997,97,0.359259259259259,2.13391343150379
HR-GGM,271,304,ENSMUSG00000006651,Aplp1,T,0.0852118422783838,98,0.361623616236162,2.14795714222202
HR-GGM,272,2729,ENSMUSG00000021520,Uqcrb,F,0.0851267307168165,98,0.360294117647059,2.14006024096386
HR-GGM,273,2120,ENSMUSG00000009013,Dynll1,F,0.0850661581163203,98,0.358974358974359,2.13222119246216
HR-GGM,274,1658,ENSMUSG00000028926,Cdk14,F,0.0850527830407317,98,0.357664233576642,2.12443936329259
HR-GGM,275,1428,ENSMUSG00000061603,Akap6,T,0.0849209327059599,99,0.36,2.13831325301205
HR-GGM,276,1648,ENSMUSG00000029108,Pcdh7,T,0.0848547068316275,100,0.36231884057971,2.15208660729876
HR-GGM,277,283,ENSMUSG00000019804,Snx3,T,0.084826582898068,101,0.364620938628159,2.16576051498412
HR-GGM,278,2585,ENSMUSG00000018326,Ywhab,F,0.0848029993577217,101,0.363309352517986,2.15797000953454
HR-GGM,279,1629,ENSMUSG00000079470,Utp14b,F,0.0847532834452665,101,0.362007168458781,2.15023535000216
HR-GGM,280,1729,ENSMUSG00000018412,Kansl1,T,0.0846300751459005,102,0.364285714285714,2.16376936316695
HR-GGM,281,1770,ENSMUSG00000022296,Baalc,F,0.0845157109624629,102,0.362989323843416,2.15606911632294
HR-GGM,282,865,ENSMUSG00000022377,Asap1,T,0.0844658214905542,103,0.365248226950355,2.16948645646415
HR-GGM,283,2023,ENSMUSG00000005871,Apc,F,0.0838500306679864,103,0.363957597173145,2.16182042658266
HR-GGM,284,1599,ENSMUSG00000059439,Bcas3,F,0.0838329079095791,103,0.362676056338028,2.15420838282708
HR-GGM,285,1618,ENSMUSG00000036879,Phkb,F,0.0837013154493551,103,0.36140350877193,2.14664975692243
HR-GGM,286,2649,ENSMUSG00000039278,Pcsk1n,F,0.0834533329126119,103,0.36013986013986,2.13914398854158
HR-GGM,287,2907,ENSMUSG00000035674,Ndufa3,F,0.0834417902449737,103,0.358885017421603,2.13169052516687
HR-GGM,288,1220,ENSMUSG00000053702,Nebl,T,0.0834283206308895,104,0.361111111111111,2.14491298527443
HR-GGM,289,1901,ENSMUSG00000035885,Cox8a,F,0.0834181323134182,104,0.359861591695502,2.13749114103473
HR-GGM,290,1855,ENSMUSG00000025812,Pard3,T,0.083221934808775,105,0.362068965517241,2.15060240963855
HR-GGM,291,1786,ENSMUSG00000022607,Ptk2,T,0.0830559252129518,106,0.36426116838488,2.16362356643067
HR-GGM,292,2435,ENSMUSG00000008682,Rpl10,F,0.0830341598669606,106,0.363013698630137,2.15621389668262
HR-GGM,293,1796,ENSMUSG00000053332,Gas5,F,0.0827663861377956,106,0.361774744027304,2.14885480488507
HR-GGM,294,2414,ENSMUSG00000000088,Cox5a,F,0.0822792946310834,106,0.360544217687075,2.14154577493648
HR-GGM,295,799,ENSMUSG00000063428,Ddo,F,0.0817636294949418,106,0.359322033898305,2.13428629773331
HR-GGM,296,2636,ENSMUSG00000113902,AC121965.1,F,0.0816572859817625,106,0.358108108108108,2.12707587105177
HR-GGM,297,1538,ENSMUSG00000090733,Rps27,F,0.0816179233540125,106,0.356902356902357,2.11991399943207
HR-GGM,298,991,ENSMUSG00000041119,Pde9a,T,0.0815274972260654,107,0.359060402684564,2.13273227136735
HR-GGM,299,2287,ENSMUSG00000021290,2010107E04Rik,F,0.0815057637694066,107,0.357859531772575,2.12559938751662
HR-GGM,300,2928,ENSMUSG00000025204,Ndufb8,F,0.0814322046979983,107,0.356666666666667,2.1185140562249
HR-GGM,301,1173,ENSMUSG00000027695,Pld1,F,0.081134701077613,107,0.355481727574751,2.11147580354641
HR-GGM,302,1628,ENSMUSG00000027562,Car2,F,0.0810275206087228,107,0.354304635761589,2.10448416181281
HR-GGM,303,2326,ENSMUSG00000021458,2010111I01Rik,F,0.0809987225396647,107,0.353135313531353,2.0975386695296
HR-GGM,304,2972,ENSMUSG00000015932,Dstn,F,0.080983152236716,107,0.351973684210526,2.09063887127457
HR-GGM,305,110,ENSMUSG00000049086,Bmyc,F,0.0807806165770615,107,0.350819672131148,2.08378431759826
HR-GGM,306,1874,ENSMUSG00000040952,Rps19,F,0.0805673380989084,107,0.349673202614379,2.07697456492637
HR-GGM,307,1218,ENSMUSG00000024558,Mapk4,T,0.0804112904830855,108,0.351791530944625,2.08955692476747
HR-GGM,308,1533,ENSMUSG00000067288,Rps28,F,0.0803958384882479,108,0.350649350649351,2.08277264903771
HR-GGM,309,1938,ENSMUSG00000058997,Vwa8,F,0.0802455340824529,108,0.349514563106796,2.07603228447772
HR-GGM,310,2736,ENSMUSG00000029840,Mtpn,F,0.0801491534064347,108,0.348387096774194,2.06933540614069
HR-GGM,311,1685,ENSMUSG00000032562,Gnai2,F,0.0800105747039418,108,0.347266881028939,2.06268159454538
HR-GGM,312,917,ENSMUSG00000105265,Sox2ot,T,0.0798769904149467,109,0.349358974358974,2.07510812480692
HR-GGM,313,986,ENSMUSG00000032702,Kank1,F,0.0796504711896949,109,0.348242811501597,2.06847838638901
HR-GGM,314,2938,ENSMUSG00000056612,Ppp1r14b,F,0.0793248106561779,109,0.347133757961783,2.06189087560433
HR-GGM,315,2715,ENSMUSG00000044986,Tst,F,0.0793035995297151,109,0.346031746031746,2.05534519028495
HR-GGM,316,2627,ENSMUSG00000053398,Phgdh,F,0.0790329486863946,109,0.344936708860759,2.04884093335367
HR-GGM,317,2777,ENSMUSG00000006057,Atp5g1,F,0.0790329450771602,109,0.34384858044164,2.04237771274372
HR-GGM,318,1852,ENSMUSG00000052812,Atad2b,F,0.0790280138845314,109,0.342767295597484,2.03595514132
HR-GGM,319,1792,ENSMUSG00000062328,Rpl17,F,0.0789426285266516,109,0.341692789968652,2.02957283680175
HR-GGM,320,1423,ENSMUSG00000050840,Cdh20,T,0.0788898275433344,110,0.34375,2.0417921686747
HR-GGM,321,2093,ENSMUSG00000016559,H3f3b,F,0.0786886897602642,110,0.342679127725857,2.0354314454078
HR-GGM,322,2364,ENSMUSG00000102869,2900097C17Rik,F,0.0786535278186351,110,0.341614906832298,2.02911022973883
HR-GGM,323,1531,ENSMUSG00000060126,Tpt1,F,0.078612341712748,110,0.340557275541796,2.02282815472416
HR-GGM,324,1989,ENSMUSG00000061904,Slc25a3,F,0.0786105925860793,110,0.339506172839506,2.01658485795032
HR-GGM,325,2967,ENSMUSG00000029713,Gnb2,F,0.0784269056002272,110,0.338461538461538,2.01037998146432
HR-GGM,326,2291,ENSMUSG00000042682,Selenok,F,0.0782966687982076,110,0.337423312883436,2.00421317170523
HR-GGM,327,1581,ENSMUSG00000026740,Dnajc1,F,0.0782096804891236,110,0.336391437308869,1.99808407943701
HR-GGM,328,94,ENSMUSG00000022018,Rgcc,F,0.0781655975449434,110,0.335365853658537,1.99199235968263
HR-GGM,329,2479,ENSMUSG00000017631,Abr,F,0.0780396104594339,110,0.334346504559271,1.98593767165928
HR-GGM,330,1579,ENSMUSG00000041961,Znrf3,F,0.0779803458945185,110,0.333333333333333,1.97991967871486
HR-GGM,331,2313,ENSMUSG00000059495,Arhgef12,F,0.0779779590096817,110,0.332326283987915,1.97393804826557
HR-GGM,332,2136,ENSMUSG00000094483,Purb,F,0.0778881778613598,110,0.331325301204819,1.96799245173465
HR-GGM,333,1960,ENSMUSG00000020220,Vps13d,F,0.0777469678713924,110,0.33033033033033,1.9620825644922
HR-GGM,334,1555,ENSMUSG00000044033,Ccdc141,F,0.077617953243835,110,0.329341317365269,1.95620806579612
HR-GGM,335,1574,ENSMUSG00000079641,Rpl39,F,0.077593819615461,110,0.328358208955224,1.95036863873404
HR-GGM,336,2172,ENSMUSG00000050545,Fam228b,F,0.0774216451566121,110,0.327380952380952,1.94456397016638
HR-GGM,337,1490,ENSMUSG00000015501,Hivep2,F,0.0773928858755359,110,0.326409495548961,1.93879375067034
HR-GGM,338,983,ENSMUSG00000040957,Cables1,F,0.0773403740229558,110,0.325443786982249,1.93305767448492
HR-GGM,339,1494,ENSMUSG00000024500,Ppp2r2b,F,0.0772877730020147,110,0.324483775811209,1.92735543945694
HR-GGM,340,1643,ENSMUSG00000059534,Uqcr10,F,0.0767115425397227,110,0.323529411764706,1.92168674698795
HR-GGM,341,1562,ENSMUSG00000020460,Rps27a,F,0.0767095429495076,110,0.32258064516129,1.91605130198212
HR-GGM,342,1861,ENSMUSG00000026743,Mllt10,F,0.0766680973819695,110,0.321637426900585,1.91044881279504
HR-GGM,343,1461,ENSMUSG00000047361,Gm973,F,0.0764443910080694,110,0.32069970845481,1.90487899118339
HR-GGM,344,2648,ENSMUSG00000020402,Vdac1,T,0.0759876053619952,111,0.322674418604651,1.91660829363967
HR-GGM,345,1230,ENSMUSG00000036949,Slc39a12,F,0.0757654377419612,111,0.321739130434783,1.9110529072813
HR-GGM,346,1730,ENSMUSG00000023923,Tbc1d5,F,0.0756757130475774,111,0.320809248554913,1.9055296329828
HR-GGM,347,477,ENSMUSG00000062753,AI413582,F,0.0754363272878977,111,0.319884726224784,1.90003819311829
HR-GGM,348,2032,ENSMUSG00000023175,Bsg,F,0.0753281045342015,111,0.318965517241379,1.89457831325301
HR-GGM,349,1789,ENSMUSG00000050856,Atp5k,F,0.0752457592290406,111,0.318051575931232,1.88914972209756
HR-GGM,350,2620,ENSMUSG00000035158,Mitf,F,0.0749224093619912,111,0.317142857142857,1.88375215146299
HR-GGM,351,1408,ENSMUSG00000019990,Pde7b,T,0.0748809367888433,112,0.319088319088319,1.89530772663303
HR-GGM,352,1518,ENSMUSG00000052713,Zfp608,T,0.0747086944602762,113,0.321022727272727,1.90679764512596
HR-GGM,353,1551,ENSMUSG00000030657,Xylt1,F,0.0746032050706355,113,0.320113314447592,1.90139595208028
HR-GGM,354,2126,ENSMUSG00000022474,Pmm1,F,0.0742390195333703,113,0.319209039548023,1.8960247770744
HR-GGM,355,1584,ENSMUSG00000047215,Rpl9,F,0.0740861920792194,113,0.31830985915493,1.8906838622094
HR-GGM,356,1445,ENSMUSG00000026385,Dbi,F,0.0739927522190687,113,0.317415730337079,1.88537295248409
HR-GGM,357,2559,ENSMUSG00000034912,Mdga2,F,0.0739484135782485,113,0.316526610644258,1.88009179575445
HR-GGM,358,1654,ENSMUSG00000026384,Ptpn4,F,0.0733254373587694,113,0.315642458100559,1.87484014269368
HR-GGM,359,1537,ENSMUSG00000093674,Rpl41,F,0.0731720320380764,113,0.314763231197772,1.86961774675303
HR-GGM,360,2599,ENSMUSG00000030057,Cnbp,F,0.0731434911616678,113,0.313888888888889,1.86442436412316
HR-GGM,361,1637,ENSMUSG00000113029,Gm40578,F,0.0725763600901622,113,0.313019390581717,1.85925975369623
HR-GGM,362,2619,ENSMUSG00000022400,Rbx1,F,0.0723880048774519,113,0.312154696132597,1.85412367702856
HR-GGM,363,2695,ENSMUSG00000007815,Rhoa,T,0.0723636779745302,114,0.31404958677686,1.86537887085532
HR-GGM,364,385,ENSMUSG00000032966,Fkbp1a,F,0.0721052487314355,114,0.313186813186813,1.8602542036277
HR-GGM,365,1450,ENSMUSG00000019856,Fam184a,F,0.0720364184722168,114,0.312328767123288,1.85515761676844
HR-GGM,366,1698,ENSMUSG00000036452,Arhgap26,F,0.0719938580677714,114,0.311475409836066,1.85008888011061
HR-GGM,367,1720,ENSMUSG00000026587,Astn1,F,0.0718555129894043,114,0.310626702997275,1.84504776599586
HR-GGM,368,2797,ENSMUSG00000029207,Apbb2,F,0.0713625313200462,114,0.309782608695652,1.84003404924044
HR-GGM,369,1926,ENSMUSG00000058325,Dock1,T,0.0713403479707306,115,0.311653116531165,1.85114441505861
HR-GGM,370,1860,ENSMUSG00000025041,Nt5c2,F,0.0713353610980545,115,0.310810810810811,1.84614132204494
HR-GGM,371,1900,ENSMUSG00000075415,Fnbp1,F,0.0704031255099233,115,0.309973045822102,1.84116519988309
HR-GGM,372,1561,ENSMUSG00000058600,Rpl30,F,0.0699968182515109,115,0.309139784946237,1.8362158310662
HR-GGM,373,2183,ENSMUSG00000022801,Lrch3,F,0.0695988872423094,115,0.308310991957105,1.83129300041991
HR-GGM,374,2539,ENSMUSG00000034341,Wbp2,F,0.0695433538150087,115,0.307486631016043,1.82639649507119
HR-GGM,375,51,ENSMUSG00000059325,Hopx,T,0.0695265837278734,116,0.309333333333333,1.83736546184739
HR-GGM,376,2368,ENSMUSG00000020022,Ndufa12,F,0.0694472651811267,116,0.308510638297872,1.83247885157652
HR-GGM,377,816,ENSMUSG00000004508,Gab2,F,0.0693030211117985,116,0.307692307692308,1.82761816496756
HR-GGM,378,976,ENSMUSG00000033948,Zswim5,F,0.0692100096096333,116,0.306878306878307,1.82278319627717
HR-GGM,379,301,ENSMUSG00000093930,Hmgcs1,F,0.0691966214718206,116,0.306068601583113,1.81797374193343
HR-GGM,380,1174,ENSMUSG00000025997,Ikzf2,F,0.0691950584646534,116,0.305263157894737,1.81318960050729
HR-GGM,381,926,ENSMUSG00000052372,Il1rapl1,F,0.0690620481185507,116,0.304461942257218,1.80843057268444
HR-GGM,382,2325,ENSMUSG00000027805,Pfn2,F,0.0689673011107762,116,0.303664921465969,1.80369646123762
HR-GGM,383,2052,ENSMUSG00000057133,Chd6,T,0.0686815212868237,117,0.305483028720627,1.81449558023216
HR-GGM,384,1846,ENSMUSG00000025393,Atp5b,F,0.0686647408775326,117,0.3046875,1.8097703313253
HR-GGM,385,576,ENSMUSG00000046447,Camk2n1,T,0.0684940337223175,118,0.306493506493506,1.82049757471444
HR-GGM,386,962,ENSMUSG00000087259,2610035D17Rik,F,0.0682146691192421,118,0.305699481865285,1.81578125975404
HR-GGM,387,891,ENSMUSG00000063458,Lrmda,F,0.0682011042391677,118,0.304909560723514,1.81108931851437
HR-GGM,388,2118,ENSMUSG00000006191,Cdkal1,F,0.0678922002632057,118,0.304123711340206,1.80642156253881
HR-GGM,389,1611,ENSMUSG00000087380,2210408F21Rik,F,0.0677514011802964,118,0.303341902313625,1.80177780530864
HR-GGM,390,343,ENSMUSG00000021750,Fam107a,F,0.0675806680185652,118,0.302564102564103,1.7971578622181
HR-GGM,391,2551,ENSMUSG00000029836,Cbx3,F,0.0674957316364282,118,0.301790281329923,1.79256155055003
HR-GGM,392,1748,ENSMUSG00000030246,Ldhb,F,0.0673196387329968,118,0.301020408163265,1.78798868945168
HR-GGM,393,1557,ENSMUSG00000039652,Cpeb3,F,0.0672987780706657,118,0.300254452926209,1.78343909991109
HR-GGM,394,1896,ENSMUSG00000033004,Mycbp2,T,0.067264546137557,119,0.302030456852792,1.79398813528225
HR-GGM,395,935,ENSMUSG00000039620,6430573F11Rik,F,0.0672267461113271,119,0.30126582278481,1.78944639316761
HR-GGM,396,1553,ENSMUSG00000060938,Rpl26,F,0.0671646343361837,119,0.30050505050505,1.78492758914446
HR-GGM,397,1512,ENSMUSG00000046709,Mapk10,T,0.0670060636622105,120,0.302267002518892,1.79539315953992
HR-GGM,398,733,ENSMUSG00000038143,Stox2,F,0.0668356617086624,120,0.301507537688442,1.79088212145063
HR-GGM,399,1870,ENSMUSG00000010608,Rbm25,F,0.0667339695038548,120,0.300751879699248,1.78639369508108
HR-GGM,400,457,ENSMUSG00000021508,Cxcl14,F,0.0667149262321345,120,0.3,1.78192771084337
HR-GGM,401,345,ENSMUSG00000022658,Tagln3,F,0.0664710523166322,120,0.29925187032419,1.77748400084127
HR-GGM,402,2681,ENSMUSG00000021270,Hsp90aa1,F,0.0662914645175006,120,0.298507462686567,1.77306239884913
HR-GGM,403,875,ENSMUSG00000023079,Gtf2ird1,F,0.0661311747438355,120,0.297766749379653,1.76866274029119
HR-GGM,404,878,ENSMUSG00000035131,Brinp3,F,0.0659315428908749,120,0.297029702970297,1.76428486222116
HR-GGM,405,2556,ENSMUSG00000050730,Arhgap42,F,0.0659195136683516,120,0.296296296296296,1.7599286033021
HR-GGM,406,1668,ENSMUSG00000061731,Ext1,F,0.0656804716441226,120,0.295566502463054,1.75559380378657
HR-GGM,407,1891,ENSMUSG00000030643,Rab30,T,0.0656573252155817,121,0.297297297297297,1.76587430804298
HR-GGM,408,1742,ENSMUSG00000056870,Gulp1,F,0.0654040159982601,121,0.29656862745098,1.76154618473896
HR-GGM,409,2461,ENSMUSG00000037710,Cisd1,F,0.0653820522590719,121,0.295843520782396,1.75723922585206
HR-GGM,410,1753,ENSMUSG00000020532,Acaca,F,0.0653572217815941,121,0.295121951219512,1.75295327652072
HR-GGM,411,2258,ENSMUSG00000037210,Fam193a,F,0.0653473796335865,121,0.294403892944039,1.7486881833905
HR-GGM,412,2323,ENSMUSG00000030199,Etv6,F,0.0653177315955347,121,0.293689320388349,1.74444379459586
HR-GGM,413,2276,ENSMUSG00000025262,Fam120c,F,0.0650877739571356,121,0.292978208232446,1.74021995974212
HR-GGM,414,2005,ENSMUSG00000066551,Hmgb1,F,0.0648689328386852,121,0.292270531400966,1.73601652988767
HR-GGM,415,1543,ENSMUSG00000049517,Rps23,F,0.0647534093608639,121,0.291566265060241,1.73183335752649
HR-GGM,416,2415,ENSMUSG00000070394,Tmem256,T,0.0647529623240506,122,0.293269230769231,1.74194856348471
HR-GGM,417,1827,ENSMUSG00000064036,Mro,F,0.0645629909451102,122,0.292565947242206,1.73777122880009
HR-GGM,418,792,ENSMUSG00000030067,Foxp1,T,0.0644574516248697,123,0.294258373205742,1.74782383121001
HR-GGM,419,1580,ENSMUSG00000044072,Eml6,F,0.0642486926034163,123,0.293556085918854,1.74365241395175
HR-GGM,420,1805,ENSMUSG00000055373,Fut9,F,0.0641417554682294,123,0.292857142857143,1.7395008605852
HR-GGM,421,1710,ENSMUSG00000026490,Cdc42bpa,F,0.0641125554618466,123,0.292161520190024,1.73536902956243
HR-GGM,422,2952,ENSMUSG00000054766,Set,F,0.0641062507266898,123,0.291469194312796,1.73125678067721
HR-GGM,423,2407,ENSMUSG00000031684,Slc10a7,F,0.0639618356591841,123,0.290780141843972,1.72716397504913
HR-GGM,424,1817,ENSMUSG00000037487,Ubr5,F,0.0639120999354445,123,0.290094339622642,1.72309047510798
HR-GGM,425,2449,ENSMUSG00000028495,Rps6,F,0.0638338851559888,123,0.289411764705882,1.71903614457831
HR-GGM,426,1871,ENSMUSG00000024843,Chka,F,0.0636745252051154,123,0.288732394366197,1.71500084846428
HR-GGM,427,530,ENSMUSG00000007950,Abhd8,F,0.0636061755008675,123,0.288056206088993,1.71098445303462
HR-GGM,428,2069,ENSMUSG00000024240,Epc1,F,0.0635194150043018,123,0.287383177570093,1.7069868258079
HR-GGM,429,1944,ENSMUSG00000040111,Gramd1b,F,0.0635164650603349,123,0.286713286713287,1.70300783553796
HR-GGM,430,1703,ENSMUSG00000055320,Tead1,F,0.063419468013352,123,0.286046511627907,1.6990473521995
HR-GGM,431,1676,ENSMUSG00000061601,Pclo,F,0.0634164568722899,123,0.28538283062645,1.69510524697397
HR-GGM,432,1760,ENSMUSG00000023944,Hsp90ab1,F,0.063173508387997,123,0.284722222222222,1.69118139223561
HR-GGM,433,2247,ENSMUSG00000053931,Cnn3,F,0.0630948942367352,123,0.284064665127021,1.68727566153761
HR-GGM,434,2129,ENSMUSG00000030654,Arl6ip1,F,0.0629157363824052,123,0.283410138248848,1.68338792959858
HR-GGM,435,1009,ENSMUSG00000070565,Rasal2,F,0.062892659197977,123,0.282758620689655,1.67951807228916
HR-GGM,436,83,ENSMUSG00000060424,Pantr1,F,0.0627616787108316,123,0.282110091743119,1.67566596661877
HR-GGM,437,1600,ENSMUSG00000034007,Scaper,F,0.0625740993004932,123,0.281464530892448,1.67183149072262
HR-GGM,438,2896,ENSMUSG00000093904,Tomm20,F,0.0624881338876841,123,0.280821917808219,1.66801452384882
HR-GGM,439,810,ENSMUSG00000020160,Meis1,F,0.0621322969748339,123,0.280182232346241,1.66421494634575
HR-GGM,440,879,ENSMUSG00000056602,Fry,F,0.0617611618842253,123,0.279545454545455,1.66043263964951
HR-GGM,441,1779,ENSMUSG00000026469,Xpr1,F,0.061757561723607,123,0.27891156462585,1.65666748627162
HR-GGM,442,2714,ENSMUSG00000028538,St3gal3,F,0.0617396688252331,123,0.278280542986425,1.65291936978684
HR-GGM,443,1527,ENSMUSG00000049422,Chchd10,F,0.0615120571217148,123,0.27765237020316,1.64918817482118
HR-GGM,444,2170,ENSMUSG00000040387,Klhl32,F,0.0614460467506927,123,0.277027027027027,1.64547378704005
HR-GGM,445,2018,ENSMUSG00000034160,Ogt,F,0.0613248760932106,123,0.276404494382022,1.64177609313659
HR-GGM,446,966,ENSMUSG00000045333,Zfp423,T,0.0613150859998222,124,0.278026905829596,1.65141282619266
HR-GGM,447,1695,ENSMUSG00000078671,Chd2,T,0.0606810505604173,125,0.279642058165548,1.66100644187488
HR-GGM,448,2049,ENSMUSG00000030016,Zfp638,T,0.0606590569194935,126,0.28125,1.67055722891566
HR-GGM,449,1747,ENSMUSG00000042348,Arl15,F,0.0606084577215251,126,0.280623608017817,1.66683661147932
HR-GGM,450,1509,ENSMUSG00000020122,Egfr,T,0.0604441975159382,127,0.282222222222222,1.67633199464525
HR-GGM,451,908,ENSMUSG00000056553,Ptprn2,T,0.0604345638078392,128,0.283813747228381,1.68578526968183
HR-GGM,452,1822,ENSMUSG00000057716,Tmem178b,T,0.0603915076736539,129,0.285398230088496,1.69519671606781
HR-GGM,453,179,ENSMUSG00000035686,Thrsp,F,0.0603534421428451,129,0.28476821192053,1.6914545599617
HR-GGM,454,1548,ENSMUSG00000015766,Eps8,F,0.0603529508182629,129,0.284140969162996,1.68772888912478
HR-GGM,455,759,ENSMUSG00000024998,Plce1,T,0.0603482011397394,130,0.285714285714286,1.69707401032702
HR-GGM,456,1067,ENSMUSG00000034858,Fam214a,F,0.0602029598250735,130,0.285087719298246,1.6933523567956
HR-GGM,457,1631,ENSMUSG00000020623,Map2k6,T,0.060163028528561,131,0.286652078774617,1.70264427513116
HR-GGM,458,1578,ENSMUSG00000036570,Fxyd1,F,0.060107268185726,131,0.286026200873362,1.69892671121166
HR-GGM,459,2209,ENSMUSG00000073557,Ppp1r12b,F,0.0601048800639823,131,0.285403050108932,1.69522534582776
HR-GGM,460,1492,ENSMUSG00000057322,Rpl38,F,0.0600476163671602,131,0.284782608695652,1.69154007333683
HR-GGM,461,2889,ENSMUSG00000079834,Tmlhe,F,0.0598729367270386,131,0.284164859002169,1.68787078901288
HR-GGM,462,1922,ENSMUSG00000056342,Usp34,F,0.0598577403725507,131,0.283549783549784,1.68421738903667
HR-GGM,463,434,ENSMUSG00000000058,Cav2,F,0.0597423375975504,131,0.282937365010799,1.68057977048583
HR-GGM,464,1422,ENSMUSG00000034755,Pcdh11x,T,0.0596163084313449,132,0.28448275862069,1.68975903614458
HR-GGM,465,1155,ENSMUSG00000021820,Camk2g,T,0.0593624706463888,133,0.286021505376344,1.69889882109081
HR-GGM,466,1953,ENSMUSG00000026131,Dst,F,0.0591115681614099,133,0.285407725321888,1.69525311546616
HR-GGM,467,193,ENSMUSG00000028266,Lmo4,F,0.0590436976646849,133,0.284796573875803,1.69162302314182
HR-GGM,468,1983,ENSMUSG00000069729,Arid1b,F,0.0590156486917584,133,0.284188034188034,1.68800844403254
HR-GGM,469,1708,ENSMUSG00000038538,Ubn2,F,0.0588482331260525,133,0.283582089552239,1.68440927890667
HR-GGM,470,2143,ENSMUSG00000032582,Rbm6,F,0.0587209275177524,133,0.282978723404255,1.68082542937708
HR-GGM,471,2061,ENSMUSG00000026421,Csrp1,F,0.0586742805767334,133,0.282377919320594,1.67725679789221
HR-GGM,472,217,ENSMUSG00000022285,Ywhaz,F,0.0585703238711959,133,0.281779661016949,1.67370328772718
HR-GGM,473,807,ENSMUSG00000033308,Dpyd,F,0.0585178019792173,133,0.281183932346723,1.67016480297511
HR-GGM,474,885,ENSMUSG00000048332,Lhfp,F,0.0583951973193396,133,0.280590717299578,1.66664124853846
HR-GGM,475,1598,ENSMUSG00000027167,Elp4,F,0.058296701972171,133,0.28,1.66313253012048
HR-GGM,476,2062,ENSMUSG00000037646,Vps13b,F,0.0581325794566523,133,0.279411764705882,1.65963855421687
HR-GGM,477,725,ENSMUSG00000022490,Ppp1r1a,F,0.057958665230172,133,0.278825995807128,1.6561592281074
HR-GGM,478,2372,ENSMUSG00000021375,Kif13a,F,0.0578627690463352,133,0.278242677824268,1.65269445984776
HR-GGM,479,987,ENSMUSG00000001173,Ocrl,F,0.0578169086969854,133,0.277661795407098,1.64924415826144
HR-GGM,480,2752,ENSMUSG00000048076,Arf1,F,0.057779489521761,133,0.277083333333333,1.64580823293173
HR-GGM,481,1034,ENSMUSG00000053004,Hrh1,T,0.0574191709022255,134,0.278586278586279,1.65473536557874
HR-GGM,482,1959,ENSMUSG00000040711,Sh3pxd2b,F,0.0574160570473677,134,0.278008298755187,1.6513023046543
HR-GGM,483,100,ENSMUSG00000066456,Hmgn3,T,0.0573908678599091,135,0.279503105590062,1.66018109705904
HR-GGM,484,1023,ENSMUSG00000042246,Tmc7,F,0.0573791364994135,135,0.278925619834711,1.65675097082545
HR-GGM,485,665,ENSMUSG00000028843,Sh3bgrl3,F,0.0573369790896337,135,0.278350515463918,1.65333498944231
HR-GGM,486,184,ENSMUSG00000024640,Psat1,F,0.0573072000797772,135,0.277777777777778,1.64993306559572
HR-GGM,487,1669,ENSMUSG00000035045,Zc3h12b,F,0.0572772249580569,135,0.277207392197125,1.64654511268895
HR-GGM,488,1666,ENSMUSG00000026987,Baz2b,F,0.0571260795061122,135,0.276639344262295,1.64317104483508
HR-GGM,489,1743,ENSMUSG00000008035,Mid1ip1,F,0.0571213784189163,135,0.276073619631902,1.63981077684973
HR-GGM,490,1121,ENSMUSG00000029190,D5Ertd579e,F,0.0570603828149348,135,0.275510204081633,1.63646422424391
HR-GGM,491,1857,ENSMUSG00000033769,Exoc6b,T,0.0569992998015943,136,0.276985743380855,1.64522857212966
HR-GGM,492,1951,ENSMUSG00000029064,Gnb1,F,0.0569248364377009,136,0.276422764227642,1.6418846116172
HR-GGM,493,1113,ENSMUSG00000099964,Gm29514,F,0.0566973527001782,136,0.275862068965517,1.63855421686747
HR-GGM,494,2682,ENSMUSG00000008140,Emc10,F,0.0566599019393199,136,0.275303643724696,1.63523730549729
HR-GGM,495,2943,ENSMUSG00000025555,Farp1,F,0.0564760170079754,136,0.274747474747475,1.63193379578922
HR-GGM,496,737,ENSMUSG00000029673,Auts2,F,0.0564222136628154,136,0.274193548387097,1.6286436066848
HR-GGM,497,2342,ENSMUSG00000047888,Tnrc6b,F,0.0563901278918098,136,0.27364185110664,1.62536665777799
HR-GGM,498,2664,ENSMUSG00000031751,Amfr,F,0.0563431971945327,136,0.273092369477912,1.62210286930856
HR-GGM,499,1839,ENSMUSG00000020716,Nf1,F,0.0563416667686822,136,0.272545090180361,1.61885216215564
HR-GGM,500,1564,ENSMUSG00000030302,Atp2b2,T,0.0563405103511154,137,0.274,1.62749397590361
HR-GGM,501,2191,ENSMUSG00000052534,Pbx1,F,0.0563278653419519,137,0.273453093812375,1.62424548493375
HR-GGM,502,1784,ENSMUSG00000030760,Acer3,F,0.0562672199403619,137,0.272908366533865,1.62100993615898
HR-GGM,503,2376,ENSMUSG00000010517,Faf1,F,0.0562505948513907,137,0.272365805168986,1.61778725238928
HR-GGM,504,1963,ENSMUSG00000031996,Aplp2,T,0.0561922605455775,138,0.273809523809524,1.62636259323006
HR-GGM,505,370,ENSMUSG00000039194,Rlbp1,F,0.0561585900539606,138,0.273267326732673,1.62314207324347
HR-GGM,506,1908,ENSMUSG00000021373,Cap2,F,0.0558817821176228,138,0.272727272727273,1.61993428258488
HR-GGM,507,1812,ENSMUSG00000018378,Cuedc1,F,0.0558465996204181,138,0.272189349112426,1.61673914593284
HR-GGM,508,1878,ENSMUSG00000058835,Abi1,F,0.055836835605847,138,0.271653543307087,1.61355658855896
HR-GGM,509,2261,ENSMUSG00000015305,Sash1,F,0.055348958157335,138,0.271119842829077,1.61038653632211
HR-GGM,510,2242,ENSMUSG00000021546,Hnrnpk,F,0.0551789345072616,138,0.270588235294118,1.60722891566265
HR-GGM,511,1413,ENSMUSG00000020704,Asic2,T,0.0549569931096026,139,0.272015655577299,1.61570744818806
HR-GGM,512,1487,ENSMUSG00000041841,Rpl37,F,0.0549354433719035,139,0.271484375,1.61255176957831
HR-GGM,513,1762,ENSMUSG00000030744,Rps3,F,0.054919236305157,139,0.270955165692008,1.60940839380915
HR-GGM,514,1425,ENSMUSG00000063142,Kcnma1,T,0.0548726693990543,140,0.272373540856031,1.61783320050631
HR-GGM,515,2684,ENSMUSG00000050608,Minos1,F,0.054684186576295,140,0.271844660194175,1.614691776816
HR-GGM,516,2353,ENSMUSG00000000563,Atp5f1,F,0.0546122961042724,140,0.271317829457364,1.61156252918651
HR-GGM,517,2167,ENSMUSG00000015968,Cacna1d,T,0.0545889884460183,141,0.272727272727273,1.61993428258488
HR-GGM,518,1501,ENSMUSG00000025290,Rps24,F,0.0545497934468067,141,0.272200772200772,1.61680699632507
HR-GGM,519,1591,ENSMUSG00000003847,Nfat5,F,0.054436170717636,141,0.271676300578035,1.61369176126471
HR-GGM,520,2474,ENSMUSG00000006699,Cdc42,F,0.0543145140069426,141,0.271153846153846,1.61058850787766
HR-GGM,521,1793,ENSMUSG00000034243,Golgb1,F,0.0542751258339761,141,0.27063339731286,1.60749716717157
HR-GGM,522,1474,ENSMUSG00000097023,Mir9-3hg,F,0.0542711569145711,141,0.270114942528736,1.60441767068273
HR-GGM,523,2149,ENSMUSG00000034573,Ptpn13,F,0.0542089178237364,141,0.269598470363289,1.6013499504711
HR-GGM,524,1005,ENSMUSG00000026482,Rgl1,F,0.0541888636171602,141,0.269083969465649,1.59829393911524
HR-GGM,525,973,ENSMUSG00000097877,Gm26703,F,0.0540975040409363,141,0.268571428571429,1.5952495697074
HR-GGM,526,1971,ENSMUSG00000033392,Clasp2,F,0.0539795756327854,141,0.268060836501901,1.59221677584864
HR-GGM,527,2830,ENSMUSG00000019210,Atp6v1e1,T,0.0539114711167797,142,0.269449715370019,1.60046638165565
HR-GGM,528,774,ENSMUSG00000020181,Nav3,F,0.0539046579170648,142,0.268939393939394,1.59743519532676
HR-GGM,529,1819,ENSMUSG00000005886,Ncoa2,T,0.0537484736738834,143,0.270321361058601,1.60564374701073
HR-GGM,530,1864,ENSMUSG00000030020,Prickle2,F,0.0535207259325167,143,0.269811320754717,1.60261423050693
HR-GGM,531,2111,ENSMUSG00000032724,Abtb2,F,0.0533408795780978,143,0.269303201506591,1.59959612461144
HR-GGM,532,780,ENSMUSG00000019888,Mgat4c,F,0.0531841130980586,143,0.268796992481203,1.59658936497871
HR-GGM,533,2846,ENSMUSG00000022551,Cyc1,F,0.0530854522449684,143,0.268292682926829,1.59359388774611
HR-GGM,534,2693,ENSMUSG00000040943,Tet2,F,0.0527859421524031,143,0.267790262172285,1.59060962952935
HR-GGM,535,2956,ENSMUSG00000079477,Rab7,T,0.0526029357115568,144,0.269158878504673,1.59873888075667
HR-GGM,536,2399,ENSMUSG00000053333,Dis3l2,F,0.0524074108357307,144,0.26865671641791,1.59575615896421
HR-GGM,537,2503,ENSMUSG00000038518,Jarid2,F,0.0523915590578114,144,0.268156424581006,1.59278454600525
HR-GGM,538,1410,ENSMUSG00000004637,Wwox,F,0.0523445079851497,144,0.267657992565056,1.58982397993461
HR-GGM,539,2386,ENSMUSG00000021238,Aldh6a1,F,0.0520993977603919,144,0.267161410018553,1.58687439926683
HR-GGM,540,2081,ENSMUSG00000041235,Chd7,T,0.0520881218746195,145,0.268518518518519,1.59493529674253
HR-GGM,541,1615,ENSMUSG00000033306,Lpp,F,0.0520839681075372,145,0.268022181146026,1.59198717234929
HR-GGM,542,1914,ENSMUSG00000023010,Tmbim6,T,0.0518931056224293,146,0.269372693726937,1.60000889165518
HR-GGM,543,1472,ENSMUSG00000039001,Rps21,F,0.05179304885994,146,0.268876611418048,1.59706228227828
HR-GGM,544,1118,ENSMUSG00000053641,Dennd4a,F,0.0517848377590764,146,0.268382352941176,1.5941265060241
HR-GGM,545,959,ENSMUSG00000020646,Mboat2,F,0.0517398827278476,146,0.267889908256881,1.59120150326075
HR-GGM,546,365,ENSMUSG00000058258,Idi1,F,0.0516866543593789,146,0.267399267399267,1.58828721479324
HR-GGM,547,2593,ENSMUSG00000041977,Arhgef11,F,0.0515635856381837,146,0.26691042047532,1.58538358185943
HR-GGM,548,238,ENSMUSG00000081534,Slc48a1,F,0.0513890467918196,146,0.266423357664234,1.58249054612611
HR-GGM,549,2166,ENSMUSG00000032897,Nfyc,F,0.0513672577508606,146,0.265938069216758,1.57960804968508
HR-GGM,550,1997,ENSMUSG00000019907,Ppp1r12a,F,0.0511949522255314,146,0.265454545454545,1.57673603504929
HR-GGM,551,1632,ENSMUSG00000015656,Hspa8,F,0.0510864681240125,146,0.26497277676951,1.57387444514902
HR-GGM,552,1594,ENSMUSG00000061983,Rps12,F,0.0509581308894671,146,0.264492753623188,1.57102322332809
HR-GGM,553,2665,ENSMUSG00000027828,Ssr3,F,0.0509409127565212,146,0.264014466546112,1.56818231334016
HR-GGM,554,46,ENSMUSG00000033350,Chst2,F,0.0508606864796954,146,0.263537906137184,1.56535165934496
HR-GGM,555,2319,ENSMUSG00000037486,Asxl2,F,0.0508085289825555,146,0.263063063063063,1.5625312059047
HR-GGM,556,1799,ENSMUSG00000048264,Dip2c,F,0.0507179097966332,146,0.262589928057554,1.55972089798041
HR-GGM,557,1305,ENSMUSG00000028756,Pink1,T,0.0506900691595447,147,0.263913824057451,1.56758452120871
HR-GGM,558,472,ENSMUSG00000007872,Id3,F,0.0506813220469334,147,0.263440860215054,1.56477522995207
HR-GGM,559,1968,ENSMUSG00000025428,Atp5a1,F,0.050577995957935,147,0.262969588550984,1.56197598982693
HR-GGM,560,1838,ENSMUSG00000071757,Zhx2,T,0.0505753026045102,148,0.264285714285714,1.5697934595525
HR-GGM,561,2048,ENSMUSG00000022119,Rbm26,F,0.0501889921675353,148,0.263814616755793,1.56699525374224
HR-GGM,562,1605,ENSMUSG00000029093,Sorcs2,F,0.0501197635922878,148,0.263345195729537,1.56420700595978
HR-GGM,563,2269,ENSMUSG00000027522,Stx16,F,0.0499657019718805,148,0.262877442273535,1.5614286631428
HR-GGM,564,1131,ENSMUSG00000055917,Zfp277,T,0.0497291856716953,149,0.264184397163121,1.56919166025805
HR-GGM,565,2366,ENSMUSG00000063511,Snrnp70,F,0.0496973492463554,149,0.263716814159292,1.56641432988592
HR-GGM,566,2153,ENSMUSG00000031627,Irf2,F,0.0496638109748824,149,0.263250883392226,1.56364681340202
HR-GGM,567,890,ENSMUSG00000038296,Galnt18,F,0.0496354662620306,149,0.262786596119929,1.56088905888103
HR-GGM,568,1884,ENSMUSG00000020319,Wdpcp,F,0.0496191678842685,149,0.262323943661972,1.55814101476328
HR-GGM,569,1233,ENSMUSG00000051177,Plcb1,T,0.0495825859065534,150,0.263620386643234,1.56584157367607
HR-GGM,570,1981,ENSMUSG00000079038,D130040H23Rik,F,0.0495417139023386,150,0.263157894736842,1.56309448319594
HR-GGM,571,1503,ENSMUSG00000091803,Cox16,F,0.0495376664862556,150,0.262697022767075,1.56035701474901
HR-GGM,572,2899,ENSMUSG00000063694,Cycs,F,0.0495235246938604,150,0.262237762237762,1.55762911787008
HR-GGM,573,765,ENSMUSG00000036046,5031439G07Rik,F,0.0494857745271533,150,0.261780104712042,1.55491074244622
HR-GGM,574,2091,ENSMUSG00000029647,Pan3,F,0.0494262315940067,150,0.261324041811847,1.55220183871374
HR-GGM,575,423,ENSMUSG00000027160,Ccdc34,F,0.0493066278935835,150,0.260869565217391,1.54950235725511
HR-GGM,576,328,ENSMUSG00000046402,Rbp1,F,0.0492248755448116,150,0.260416666666667,1.54681224899598
HR-GGM,577,2801,ENSMUSG00000019854,Reps1,F,0.049194872637754,150,0.259965337954939,1.54413146520223
HR-GGM,578,2656,ENSMUSG00000031024,St5,F,0.048932866518056,150,0.259515570934256,1.54145995747697
HR-GGM,579,2549,ENSMUSG00000022323,Rida,F,0.0489027362694882,150,0.259067357512953,1.53879767775766
HR-GGM,580,1657,ENSMUSG00000022957,Itsn1,F,0.0488389014565798,150,0.258620689655172,1.53614457831325
HR-GGM,581,752,ENSMUSG00000020121,Srgap1,F,0.0487075058409002,150,0.258175559380379,1.53350061174129
HR-GGM,582,441,ENSMUSG00000017734,Dbndd2,F,0.0484626066554157,150,0.257731958762887,1.5308657309651
HR-GGM,583,2813,ENSMUSG00000028639,Ybx1,F,0.0482818933143,150,0.257289879931389,1.52823988923102
HR-GGM,584,1626,ENSMUSG00000024593,Megf10,F,0.0482379282939327,150,0.256849315068493,1.52562304010563
HR-GGM,585,2834,ENSMUSG00000026568,Mpc2,F,0.0481706495788701,150,0.256410256410256,1.52301513747297
HR-GGM,586,2010,ENSMUSG00000027677,Ttc14,F,0.048057713927661,150,0.255972696245734,1.52041613553189
HR-GGM,587,1773,ENSMUSG00000022139,Mbnl2,F,0.0478951550760137,150,0.255536626916525,1.51782598879333
HR-GGM,588,1571,ENSMUSG00000060636,Rpl35a,F,0.0477952125171311,150,0.255102040816327,1.5152446520777
HR-GGM,589,2233,ENSMUSG00000031532,Saraf,T,0.0477179758642102,151,0.256366723259762,1.52275656104895
HR-GGM,590,2976,ENSMUSG00000029913,Prdm5,F,0.0476749607119986,151,0.255932203389831,1.52017561772514
HR-GGM,591,2231,ENSMUSG00000062270,Morf4l1,F,0.0475913723345427,151,0.255499153976311,1.51760340855809
HR-GGM,592,1972,ENSMUSG00000038371,Sbf2,F,0.0475893221996417,151,0.255067567567568,1.51503988928688
HR-GGM,593,1699,ENSMUSG00000028445,Enho,F,0.0475126864564645,151,0.254637436762226,1.51248501594912
HR-GGM,594,2595,ENSMUSG00000040451,Sgms1,F,0.0474768805478222,151,0.254208754208754,1.5099387448785
HR-GGM,595,1756,ENSMUSG00000021939,Ctsb,F,0.0474271631366024,151,0.253781512605042,1.50740103270224
HR-GGM,596,1508,ENSMUSG00000034055,Phka1,F,0.0472499863068706,151,0.253355704697987,1.50487183633864
HR-GGM,597,1755,ENSMUSG00000053768,Chchd3,F,0.0472270243396127,151,0.252931323283082,1.50235111299469
HR-GGM,598,1620,ENSMUSG00000032827,Ppp1r9a,F,0.0472174676882479,151,0.252508361204013,1.4998388201636
HR-GGM,599,2159,ENSMUSG00000039671,Zmynd8,F,0.0471142419180536,151,0.252086811352254,1.49733491562242
HR-GGM,600,896,ENSMUSG00000033420,Antxr1,F,0.0470567459496215,151,0.251666666666667,1.49483935742972
HR-GGM,601,1589,ENSMUSG00000020037,Rfx4,F,0.0470352995286969,151,0.251247920133111,1.49235210392318
HR-GGM,602,2011,ENSMUSG00000001211,Agpat3,F,0.0469178430943913,151,0.250830564784053,1.48987311371733
HR-GGM,603,1014,ENSMUSG00000036712,Cyld,F,0.046911014638204,151,0.250414593698176,1.48740234570121
HR-GGM,604,1566,ENSMUSG00000079418,Atg4a,F,0.0468582485187989,151,0.25,1.48493975903614
HR-GGM,605,1497,ENSMUSG00000036053,Fmnl2,T,0.0468050413448634,152,0.251239669421488,1.49230309668426
HR-GGM,606,2002,ENSMUSG00000038784,Cnot4,F,0.0467910471218025,152,0.250825082508251,1.48984055032009
HR-GGM,607,2037,ENSMUSG00000038290,Smg6,F,0.0466778891764308,152,0.250411861614498,1.4873861177825
HR-GGM,608,818,ENSMUSG00000041144,Dnah7b,F,0.0466347018451221,152,0.25,1.48493975903614
HR-GGM,609,1663,ENSMUSG00000021413,Prpf4b,F,0.0465469014558676,152,0.249589490968801,1.48250143430866
HR-GGM,610,930,ENSMUSG00000032402,Smad3,T,0.0464394898565822,153,0.250819672131148,1.4898084139838
HR-GGM,611,2652,ENSMUSG00000032118,Fez1,F,0.0464234485441148,153,0.250409165302782,1.48737010234062
HR-GGM,612,2084,ENSMUSG00000032294,Pkm,F,0.0463370021283236,153,0.25,1.48493975903614
HR-GGM,613,1228,ENSMUSG00000052572,Dlg2,T,0.0462878858413468,154,0.251223491027732,1.49220700092376
HR-GGM,614,1680,ENSMUSG00000028081,Rps3a1,F,0.0462259116993136,154,0.250814332247557,1.489776696362
HR-GGM,615,2332,ENSMUSG00000024566,Atp9b,F,0.0461933103833765,154,0.250406504065041,1.4873542952297
HR-GGM,616,1004,ENSMUSG00000026737,Pip4k2a,F,0.0461166938640224,154,0.25,1.48493975903614
HR-GGM,617,1887,ENSMUSG00000022521,Crebbp,T,0.0460827577831843,155,0.251215559157212,1.49215988752416
HR-GGM,618,2389,ENSMUSG00000020777,Acox1,F,0.0460549634628408,155,0.250809061488673,1.48974538932429
HR-GGM,619,321,ENSMUSG00000025867,Cplx2,T,0.0459630386844084,156,0.252019386106624,1.49693442591043
HR-GGM,620,1170,ENSMUSG00000072235,Tuba1a,T,0.0459022884815599,157,0.253225806451613,1.50410027205597
HR-GGM,621,2843,ENSMUSG00000075700,Selenot,T,0.045894382931164,158,0.254428341384863,1.51124303979202
HR-GGM,622,2655,ENSMUSG00000050945,Zfp438,T,0.0458165212944067,159,0.255627009646302,1.51836284042924
HR-GGM,623,2604,ENSMUSG00000038240,Pdss2,F,0.0456508910719294,159,0.255216693418941,1.51592566091009
HR-GGM,624,1826,ENSMUSG00000029817,Tra2a,F,0.0452825819859567,159,0.254807692307692,1.51349629286376
HR-GGM,625,2045,ENSMUSG00000020640,Itsn2,F,0.0452383741241804,159,0.2544,1.51107469879518
HR-GGM,626,1504,ENSMUSG00000022108,Itm2b,F,0.0451603431839064,159,0.253993610223642,1.50866084144886
HR-GGM,627,760,ENSMUSG00000059146,Ntrk3,T,0.0451514772735177,160,0.25518341307815,1.51572798370516
HR-GGM,628,2457,ENSMUSG00000040524,Zfp609,T,0.0451037082634667,161,0.256369426751592,1.52277261913898
HR-GGM,629,140,ENSMUSG00000020733,Slc9a3r1,F,0.0450781400442748,161,0.255961844197138,1.52035167697818
HR-GGM,630,2025,ENSMUSG00000024483,Ankhd1,F,0.0450105730897775,161,0.255555555555556,1.51793842034806
HR-GGM,631,1767,ENSMUSG00000036885,Arhgef26,F,0.0449994454329107,161,0.255150554675119,1.51553281270884
HR-GGM,632,177,ENSMUSG00000024213,Nudt3,F,0.0448447783114592,161,0.254746835443038,1.51313481775202
HR-GGM,633,1791,ENSMUSG00000061436,Hipk2,F,0.0448414685257432,161,0.25434439178515,1.51074439939854
HR-GGM,634,1006,ENSMUSG00000086509,Nkx2-2os,F,0.0445986215190379,161,0.253943217665615,1.50836152179697
HR-GGM,635,706,ENSMUSG00000072949,Acot1,F,0.0445799734628197,161,0.253543307086614,1.5059861493217
HR-GGM,636,1675,ENSMUSG00000037286,Stag1,F,0.0445660017667064,161,0.25314465408805,1.50361824657119
HR-GGM,637,1552,ENSMUSG00000038481,Cdk19,F,0.0444251659452368,161,0.252747252747253,1.50125777836621
HR-GGM,638,2221,ENSMUSG00000027010,Slc25a12,F,0.0443868240537004,161,0.252351097178683,1.49890470974808
HR-GGM,639,1493,ENSMUSG00000053819,Camk2d,T,0.0442691993721143,162,0.253521126760563,1.50585440352961
HR-GGM,640,1665,ENSMUSG00000031229,Atrx,F,0.0442154652330014,162,0.253125,1.5035015060241
HR-GGM,641,363,ENSMUSG00000036438,Calm2,T,0.0441317376141413,163,0.254290171606864,1.51042234460463
HR-GGM,642,2259,ENSMUSG00000048148,Nwd1,F,0.0438905672416423,163,0.253894080996885,1.50806966182487
HR-GGM,643,2252,ENSMUSG00000040850,Psme4,F,0.0438500955047608,163,0.253499222395023,1.50572429687646
HR-GGM,644,1614,ENSMUSG00000021065,Fut8,F,0.043589976609336,163,0.253105590062112,1.50338621567013
HR-GGM,645,906,ENSMUSG00000020451,Limk2,F,0.043578906546684,163,0.252713178294574,1.50105538432801
HR-GGM,646,2108,ENSMUSG00000042439,Zfp532,T,0.0435429097489187,164,0.253869969040248,1.50792644261256
HR-GGM,647,753,ENSMUSG00000038156,Spon1,F,0.0435329829235175,164,0.253477588871716,1.50559579896091
HR-GGM,648,2459,ENSMUSG00000021782,Dlg5,T,0.043467913620059,165,0.25462962962963,1.51243864346274
HR-GGM,649,1706,ENSMUSG00000033209,Ttc28,F,0.0434577044027999,165,0.254237288135593,1.51010822952828
HR-GGM,650,1863,ENSMUSG00000020368,Canx,T,0.0433896119319277,166,0.255384615384615,1.51692307692308
HR-GGM,651,2842,ENSMUSG00000038291,Snx25,T,0.0433274332983885,167,0.25652841781874,1.52371698776674
HR-GGM,652,1636,ENSMUSG00000019699,Akt3,F,0.043175074719904,167,0.256134969325153,1.52137999852169
HR-GGM,653,802,ENSMUSG00000022494,Shisa9,F,0.043045815689656,167,0.255742725880551,1.51905016697725
HR-GGM,654,901,ENSMUSG00000074749,Kiz,F,0.0429989038000276,167,0.255351681957187,1.51672746029992
HR-GGM,655,332,ENSMUSG00000098087,Gm17750,F,0.042855670650741,167,0.254961832061069,1.51441184585671
HR-GGM,656,1662,ENSMUSG00000053580,Tanc2,F,0.0427681660934827,167,0.254573170731707,1.51210329121363
HR-GGM,657,257,ENSMUSG00000047238,Mageh1,F,0.0426923910526233,167,0.254185692541857,1.50980176413416
HR-GGM,658,2019,ENSMUSG00000002274,Metrn,F,0.0426488533011562,167,0.253799392097264,1.50750723257773
HR-GGM,659,2587,ENSMUSG00000036916,Zfp280c,T,0.0426263624373133,168,0.254931714719272,1.51423295610363
HR-GGM,660,1420,ENSMUSG00000032878,Ccdc85a,F,0.0425737263827912,168,0.254545454545455,1.51193866374589
HR-GGM,661,2203,ENSMUSG00000042446,Zmym4,F,0.0424362830254655,168,0.254160363086233,1.50965131327124
HR-GGM,662,748,ENSMUSG00000062209,Erbb4,F,0.0423457032931396,168,0.253776435045317,1.50737087322098
HR-GGM,663,2412,ENSMUSG00000021327,Zkscan3,F,0.04219976910353,168,0.253393665158371,1.50509731232623
HR-GGM,664,1433,ENSMUSG00000058317,Ube2e2,F,0.0421557876991043,168,0.253012048192771,1.50283059950646
HR-GGM,665,2004,ENSMUSG00000029823,Luc7l2,F,0.0420798831826089,168,0.252631578947368,1.5005707038681
HR-GGM,666,2150,ENSMUSG00000027598,Itch,F,0.0420297844984244,168,0.252252252252252,1.49831759470314
HR-GGM,667,2678,ENSMUSG00000030555,Ttc23,F,0.0420095454070079,168,0.251874062968516,1.49607124148769
HR-GGM,668,1080,ENSMUSG00000029772,Ahcyl2,F,0.0419545257460258,168,0.251497005988024,1.49383161388067
HR-GGM,669,785,ENSMUSG00000112054,Gm33680,F,0.041939078460194,168,0.251121076233184,1.49159868172241
HR-GGM,670,2986,ENSMUSG00000046727,Cystm1,F,0.0418947345264641,168,0.250746268656716,1.48937241503327
HR-GGM,671,43,ENSMUSG00000000247,Lhx2,T,0.0417953254779853,169,0.251862891207153,1.49600488391719
HR-GGM,672,2973,ENSMUSG00000037426,Depdc5,F,0.0417835604574821,169,0.251488095238095,1.49377868617326
HR-GGM,673,479,ENSMUSG00000028785,Hpca,T,0.041742497648247,170,0.25260029717682,1.50038489768882
HR-GGM,674,1274,ENSMUSG00000023004,Tuba1b,T,0.041591220382502,171,0.253709198813056,1.50697150620285
HR-GGM,675,1991,ENSMUSG00000055932,Fto,F,0.0413132497359471,171,0.253333333333333,1.50473895582329
HR-GGM,676,2182,ENSMUSG00000086539,Gm16759,F,0.0412795315901629,171,0.252958579881657,1.50251301062237
HR-GGM,677,2632,ENSMUSG00000038467,Chmp4b,F,0.041170538872885,171,0.252584933530281,1.50029364133046
HR-GGM,678,2131,ENSMUSG00000032621,Srek1,F,0.0411539884538057,171,0.252212389380531,1.49808081885062
HR-GGM,679,1514,ENSMUSG00000005533,Igf1r,T,0.0411461953221348,172,0.253313696612666,1.50462231843427
HR-GGM,680,418,ENSMUSG00000039195,1110008P14Rik,F,0.0411448188367315,172,0.252941176470588,1.50240963855422
HR-GGM,681,132,ENSMUSG00000021379,Id4,F,0.040889067176457,172,0.252569750367107,1.50020345699981
HR-GGM,682,178,ENSMUSG00000040659,Efhd2,T,0.0408527402048253,173,0.25366568914956,1.50671306928594
HR-GGM,683,1933,ENSMUSG00000058440,Nrf1,T,0.0408212317104027,174,0.254758418740849,1.51320361974986
HR-GGM,684,1558,ENSMUSG00000040260,Daam2,F,0.0407738256192965,174,0.254385964912281,1.51099133375608
HR-GGM,685,794,ENSMUSG00000060882,Kcnd2,F,0.0404948593895718,174,0.254014598540146,1.50878550699147
HR-GGM,686,2188,ENSMUSG00000013236,Ptprs,T,0.0404733744526247,175,0.255102040816327,1.5152446520777
HR-GGM,687,1547,ENSMUSG00000040929,Rfx3,F,0.0404402609742926,175,0.254730713245997,1.51303905578646
HR-GGM,688,2283,ENSMUSG00000041650,Pcca,F,0.0403141543944161,175,0.254360465116279,1.51083987111236
HR-GGM,689,923,ENSMUSG00000063873,Slc24a3,T,0.0402450347595229,176,0.25544267053701,1.51726791053911
HR-GGM,690,741,ENSMUSG00000026657,Frmd4a,F,0.0402053434328038,176,0.255072463768116,1.51506897153833
HR-GGM,691,1277,ENSMUSG00000061718,Ppp1r1b,F,0.040174076151963,176,0.254703328509407,1.51287639704985
HR-GGM,692,971,ENSMUSG00000021466,Ptch1,F,0.0400143251729657,176,0.254335260115607,1.51069015948186
HR-GGM,693,2690,ENSMUSG00000020894,Vamp2,F,0.0399976011137458,176,0.253968253968254,1.5085102314018
HR-GGM,694,1947,ENSMUSG00000052707,Tnrc6a,F,0.0399174816151176,176,0.253602305475504,1.50633658553522
HR-GGM,695,1534,ENSMUSG00000037509,Arhgef4,F,0.0399086820197855,176,0.253237410071942,1.50416919476467
HR-GGM,696,244,ENSMUSG00000001891,Ugp2,F,0.0398076585418397,176,0.252873563218391,1.50200803212851
HR-GGM,697,2929,ENSMUSG00000035919,Bbs9,F,0.0397014295525228,176,0.252510760401722,1.49985307081986
HR-GGM,698,2042,ENSMUSG00000047921,Trappc9,F,0.0395889474943621,176,0.25214899713467,1.49770428418545
HR-GGM,699,1209,ENSMUSG00000006526,Tmem110,T,0.0395420378834473,177,0.253218884120172,1.50405915507524
HR-GGM,700,2466,ENSMUSG00000032263,Bckdhb,F,0.0395317731129839,177,0.252857142857143,1.50191049913941
HR-GGM,701,1886,ENSMUSG00000024533,Spire1,F,0.0395291021517405,177,0.252496433666191,1.49976797346304
HR-GGM,702,2244,ENSMUSG00000053470,Kdm3a,T,0.0393994971232825,178,0.253561253561254,1.5060927470566
HR-GGM,703,2080,ENSMUSG00000028618,Tmem59,T,0.0393755562319461,179,0.254623044096728,1.51239952698418
HR-GGM,704,2285,ENSMUSG00000039953,Clstn1,F,0.0393516753116523,179,0.254261363636364,1.51025123220153
HR-GGM,705,2347,ENSMUSG00000032329,Hmg20a,F,0.0392896093488778,179,0.253900709219858,1.50810903187217
HR-GGM,706,1915,ENSMUSG00000022141,Nipbl,F,0.039083797482011,179,0.253541076487252,1.50597290009898
HR-GGM,707,2887,ENSMUSG00000054843,Atrnl1,F,0.039080301260754,179,0.253182461103253,1.50384281113137
HR-GGM,708,2321,ENSMUSG00000044308,Ubr3,F,0.039025997715192,179,0.252824858757062,1.50171873936424
HR-GGM,709,2574,ENSMUSG00000025019,Lcor,F,0.038962122490658,179,0.2524682651622,1.49960065933692
HR-GGM,710,947,ENSMUSG00000028804,Csmd2,F,0.038919978364957,179,0.252112676056338,1.49748854573222
HR-GGM,711,1894,ENSMUSG00000020661,Dnmt3a,F,0.038860220657523,179,0.251758087201125,1.49538237337536
HR-GGM,712,1225,ENSMUSG00000052387,Trpm3,T,0.0388137980458405,180,0.252808988764045,1.50162447542981
HR-GGM,713,259,ENSMUSG00000017466,Timp2,F,0.0385076293567123,180,0.252454417952314,1.49951841024688
HR-GGM,714,2218,ENSMUSG00000055799,Tcf7l1,T,0.0384953547997463,181,0.253501400560224,1.5057372346529
HR-GGM,715,2184,ENSMUSG00000001089,Luzp1,F,0.0384848818439097,181,0.253146853146853,1.50363130845059
HR-GGM,716,1818,ENSMUSG00000027668,Mfn1,T,0.0383213280494079,182,0.254189944134078,1.50982701756748
HR-GGM,717,621,ENSMUSG00000074466,Gm15417,F,0.0382934226770661,182,0.253835425383543,1.5077212616155
HR-GGM,718,374,ENSMUSG00000034158,Lrrc58,T,0.0381916706061856,183,0.254874651810585,1.51389401617612
HR-GGM,719,2339,ENSMUSG00000038024,Dennd4c,F,0.0381289030585215,183,0.25452016689847,1.51178846121621
HR-GGM,720,2192,ENSMUSG00000021767,Kat6b,T,0.0381215041125644,184,0.255555555555556,1.51793842034806
HR-GGM,721,790,ENSMUSG00000023800,Tiam2,F,0.0380923948459164,184,0.255201109570042,1.51583309660278
HR-GGM,722,2266,ENSMUSG00000026219,Trip12,F,0.0379345067081941,184,0.254847645429363,1.51373360477923
HR-GGM,723,2756,ENSMUSG00000025583,Rptor,F,0.0379015194921377,184,0.254495159059474,1.51163992067856
HR-GGM,724,2419,ENSMUSG00000030213,Atf7ip,F,0.037824525778447,184,0.25414364640884,1.50955202023564
HR-GGM,725,1567,ENSMUSG00000031447,Lamp1,F,0.0376532946130335,184,0.253793103448276,1.50746987951807
HR-GGM,726,2492,ENSMUSG00000020859,Spag9,F,0.0376134055856974,184,0.253443526170799,1.50539347472535
HR-GGM,727,2354,ENSMUSG00000035933,Cog5,F,0.0375638459429826,184,0.253094910591472,1.5033227821879
HR-GGM,728,1718,ENSMUSG00000030352,Tspan9,T,0.0375611452730891,185,0.254120879120879,1.50941678803125
HR-GGM,729,1659,ENSMUSG00000099083,Atf7,F,0.037457708692167,185,0.253772290809328,1.50734625745781
HR-GGM,730,2429,ENSMUSG00000032410,Xrn1,F,0.0373817834079226,185,0.253424657534247,1.50528139957089
HR-GGM,731,749,ENSMUSG00000097623,B230323A14Rik,F,0.0371274628399339,185,0.253077975376197,1.50322219108994
HR-GGM,732,1084,ENSMUSG00000033985,Tesk2,F,0.0371225517400694,185,0.252732240437158,1.50116860886168
HR-GGM,733,1966,ENSMUSG00000026586,Prrx1,F,0.0370968706487843,185,0.252387448840382,1.49912062985914
HR-GGM,734,783,ENSMUSG00000030029,Lrig1,F,0.0369152661969542,185,0.252043596730245,1.49707823118085
HR-GGM,735,2808,ENSMUSG00000020612,Prkar1a,F,0.036797548771887,185,0.251700680272109,1.49504139005
HR-GGM,736,2463,ENSMUSG00000062232,Rapgef2,F,0.0367679096204214,185,0.251358695652174,1.49301008381351
HR-GGM,737,1858,ENSMUSG00000022995,Enah,F,0.0367351465176277,185,0.251017639077341,1.49098428994131
HR-GGM,738,2798,ENSMUSG00000020321,Mdh1,F,0.0367159282802722,185,0.250677506775068,1.4889639860254
HR-GGM,739,535,ENSMUSG00000041272,Tox,F,0.0367064005022383,185,0.250338294993234,1.48694914977909
HR-GGM,740,1731,ENSMUSG00000020585,Laptm4a,F,0.0366923117308812,185,0.25,1.48493975903614
HR-GGM,741,2077,ENSMUSG00000041444,Arhgap32,F,0.0366899975675618,185,0.249662618083671,1.48293579175
HR-GGM,742,1481,ENSMUSG00000020354,Sgcd,F,0.0366311304886842,185,0.249326145552561,1.48093722599292
HR-GGM,743,2932,ENSMUSG00000038495,Otud7b,F,0.0365225770836707,185,0.248990578734859,1.47894403995524
HR-GGM,744,2264,ENSMUSG00000005534,Insr,F,0.0365107293075357,185,0.248655913978495,1.47695621194455
HR-GGM,745,2940,ENSMUSG00000006276,Eps15l1,F,0.0365105357543777,185,0.248322147651007,1.4749737203849
HR-GGM,746,2253,ENSMUSG00000054823,Nsd3,T,0.0364638795515005,186,0.249329758713137,1.4809586872961
HR-GGM,747,2181,ENSMUSG00000087413,Gm11266,F,0.0364405702686162,186,0.248995983935743,1.47897614554604
HR-GGM,748,2654,ENSMUSG00000071226,Cecr2,F,0.036285726590504,186,0.248663101604278,1.47699890470975
HR-GGM,749,1948,ENSMUSG00000018909,Arrb1,F,0.0362106367466058,186,0.248331108144192,1.47502694355526
HR-GGM,750,2185,ENSMUSG00000039716,Dock3,T,0.0362015946325257,187,0.249333333333333,1.48097991967871
HR-GGM,751,919,ENSMUSG00000024892,Pcx,F,0.0361760414724244,187,0.249001331557923,1.4790079091332
HR-GGM,752,2916,ENSMUSG00000047804,Akap10,T,0.036162837265355,188,0.25,1.48493975903614
HR-GGM,753,2380,ENSMUSG00000009291,Pttg1ip,F,0.0360912997352707,188,0.249667994687915,1.48296772748364
HR-GGM,754,929,ENSMUSG00000053861,Gm9925,F,0.0359340066889908,188,0.249336870026525,1.48100092678406
HR-GGM,755,2217,ENSMUSG00000037416,Dmxl1,F,0.0358936425472399,188,0.249006622516556,1.47903933615256
HR-GGM,756,1934,ENSMUSG00000027332,Ivd,F,0.0358850774504361,188,0.248677248677249,1.47708293491426
HR-GGM,757,2371,ENSMUSG00000031822,Gse1,F,0.0358448723484155,188,0.248348745046235,1.47513170250354
HR-GGM,758,456,ENSMUSG00000030465,Psd3,F,0.0358351774073867,188,0.24802110817942,1.4731856184633
HR-GGM,759,2220,ENSMUSG00000056851,Pcbp2,F,0.0357896869993224,188,0.247694334650856,1.47124466244424
HR-GGM,760,1545,ENSMUSG00000028399,Ptprd,T,0.0355810768190536,189,0.248684210526316,1.47712428662016
HR-GGM,761,2787,ENSMUSG00000056268,Dennd1b,F,0.0354452552990326,189,0.248357424441524,1.47518325602014
HR-GGM,762,134,ENSMUSG00000020811,Wscd1,F,0.0353469281041572,189,0.248031496062992,1.47324731998862
HR-GGM,763,1412,ENSMUSG00000022762,Ncam2,F,0.0353353089602573,189,0.247706422018349,1.47131645849453
HR-GGM,764,658,ENSMUSG00000001240,Ramp2,F,0.0352809484949829,189,0.24738219895288,1.46939065161168
HR-GGM,765,2850,ENSMUSG00000033184,Tmed7,F,0.0352312980853285,189,0.247058823529412,1.46746987951807
HR-GGM,766,2880,ENSMUSG00000026434,Nucks1,F,0.0352082241694682,189,0.246736292428198,1.4655541224952
HR-GGM,767,2357,ENSMUSG00000002625,Akap8l,T,0.0352032038314473,190,0.247718383311604,1.47138750569422
HR-GGM,768,1049,ENSMUSG00000035472,Slc25a21,F,0.0351101663369648,190,0.247395833333333,1.46947163654618
HR-GGM,769,2430,ENSMUSG00000033671,Cep350,T,0.0350715531215848,191,0.248374512353706,1.47528475410093
HR-GGM,770,473,ENSMUSG00000041923,Nol4,F,0.0349950363759892,191,0.248051948051948,1.47336879987482
HR-GGM,771,510,ENSMUSG00000022964,Tmem50b,T,0.034965888392539,192,0.249027237354086,1.47916178332005
HR-GGM,772,1801,ENSMUSG00000007891,Ctsd,F,0.0349220819727817,192,0.248704663212435,1.47724577064736
HR-GGM,773,1471,ENSMUSG00000036833,Pnpla7,F,0.034921360809977,192,0.248382923673997,1.47533471531664
HR-GGM,774,2873,ENSMUSG00000020483,Dynll2,F,0.0349060695968081,192,0.248062015503876,1.47342859811338
HR-GGM,775,2117,ENSMUSG00000071252,2210408I21Rik,F,0.0349004759776203,192,0.247741935483871,1.47152739992227
HR-GGM,776,1687,ENSMUSG00000022788,Fgd4,F,0.0348511435047775,192,0.247422680412371,1.46963110172649
HR-GGM,777,361,ENSMUSG00000013921,Clip3,F,0.0348397271364657,192,0.247104247104247,1.46773968460715
HR-GGM,778,2195,ENSMUSG00000025224,Gbf1,F,0.0348328462150879,192,0.246786632390745,1.46585312974262
HR-GGM,779,1541,ENSMUSG00000039852,Rere,F,0.0347979754634748,192,0.246469833119384,1.46397141840791
HR-GGM,780,1500,ENSMUSG00000035805,Mlc1,F,0.0347428171324192,192,0.246153846153846,1.46209453197405
HR-GGM,781,2793,ENSMUSG00000054387,Mdm4,F,0.0346763097585528,192,0.24583866837388,1.4602224519075
HR-GGM,782,1630,ENSMUSG00000032324,Tspan3,T,0.0346647740826586,193,0.246803069053708,1.46595075955998
HR-GGM,783,2673,ENSMUSG00000027194,Ttc17,F,0.0344356715288126,193,0.246487867177522,1.46407853636769
HR-GGM,784,1694,ENSMUSG00000025959,Klf7,T,0.0343511083831306,194,0.247448979591837,1.46978731251537
HR-GGM,785,2598,ENSMUSG00000059834,Sclt1,F,0.0341950250830181,194,0.247133757961783,1.46791497198987
HR-GGM,786,2810,ENSMUSG00000021242,Npc2,F,0.0341927033736916,194,0.246819338422392,1.46604739568963
HR-GGM,787,2211,ENSMUSG00000022199,Slc22a17,F,0.0338996683080146,194,0.246505717916137,1.46418456545368
HR-GGM,788,1002,ENSMUSG00000060802,B2m,F,0.0338664074921964,194,0.246192893401015,1.46232646321326
HR-GGM,789,2820,ENSMUSG00000021725,Parp8,F,0.033841955946015,194,0.245880861850444,1.46047307099119
HR-GGM,790,2532,ENSMUSG00000039286,Fndc3b,F,0.0337756096838535,194,0.245569620253165,1.45862437090133
HR-GGM,791,2439,ENSMUSG00000021686,Ap3b1,F,0.0337329109793349,194,0.245259165613148,1.45678034514797
HR-GGM,792,968,ENSMUSG00000035513,Ntng2,F,0.0337051385439248,194,0.244949494949495,1.45494097602531
HR-GGM,793,424,ENSMUSG00000028833,Ncdn,F,0.0335095472014803,194,0.244640605296343,1.45310624591683
HR-GGM,794,2964,ENSMUSG00000074656,Eif2s2,F,0.0334103870250598,194,0.244332493702771,1.45127613729477
HR-GGM,795,2783,ENSMUSG00000033632,AW554918,F,0.0333877610574209,194,0.244025157232704,1.44945063271956
HR-GGM,796,2020,ENSMUSG00000073147,5031425E22Rik,F,0.0333757588192637,194,0.243718592964824,1.44762971483926
HR-GGM,797,1134,ENSMUSG00000055013,Agap1,F,0.0333165832351101,194,0.243412797992472,1.44581336638902
HR-GGM,798,2070,ENSMUSG00000059474,Mbtd1,F,0.0331078041133363,194,0.243107769423559,1.44400157019054
HR-GGM,799,2998,ENSMUSG00000019726,Lyst,F,0.03304542686382,194,0.242803504380476,1.4421943091515
HR-GGM,800,2515,ENSMUSG00000036893,Ehmt1,F,0.0330344748656566,194,0.2425,1.44039156626506
HR-GGM,801,2178,ENSMUSG00000040759,Cmtm5,F,0.0329978905666961,194,0.242197253433208,1.4385933246093
HR-GGM,802,880,ENSMUSG00000040913,Fbxw4,F,0.0328928363192094,194,0.241895261845387,1.43679956734669
HR-GGM,803,2097,ENSMUSG00000038664,Herc1,F,0.0326605427869804,194,0.24159402241594,1.4350102777236
HR-GGM,804,2263,ENSMUSG00000000804,Usp32,F,0.0324747859199145,194,0.241293532338308,1.43322543906971
HR-GGM,805,2001,ENSMUSG00000003814,Calr,T,0.0324673363655404,195,0.242236024844721,1.43882361745117
HR-GGM,806,2730,ENSMUSG00000064105,Cnnm2,F,0.0324411392058399,195,0.241935483870968,1.43703847648659
HR-GGM,807,2033,ENSMUSG00000027346,Gpcpd1,F,0.0324100034931386,195,0.241635687732342,1.43525775966319
HR-GGM,808,1163,ENSMUSG00000068015,Lrch1,F,0.032351700977636,195,0.241336633663366,1.43348145055469
HR-GGM,809,2413,ENSMUSG00000003119,Cdk12,F,0.0322972692588984,195,0.241038318912237,1.43170953281606
HR-GGM,810,2270,ENSMUSG00000039000,Ube3c,F,0.0322450779191252,195,0.240740740740741,1.42994199018295
HR-GGM,811,995,ENSMUSG00000024658,Gm9750,F,0.0322149179357973,195,0.240443896424168,1.42817880647126
HR-GGM,812,2571,ENSMUSG00000029775,Klhdc10,F,0.032087907694771,195,0.240147783251232,1.42641996557659
HR-GGM,813,2835,ENSMUSG00000034157,Cipc,F,0.0319808545056986,195,0.239852398523985,1.42466545147379
HR-GGM,814,2416,ENSMUSG00000052139,Babam2,F,0.031898203349565,195,0.23955773955774,1.42291524821645
HR-GGM,815,2330,ENSMUSG00000087177,E130307A14Rik,F,0.0318932141150781,195,0.239263803680982,1.42116933993643
HR-GGM,816,791,ENSMUSG00000034714,Ttyh2,F,0.031880402454155,195,0.238970588235294,1.41942771084337
HR-GGM,817,914,ENSMUSG00000025810,Nrp1,T,0.0318187843720472,196,0.239902080783354,1.42496055212281
HR-GGM,818,2495,ENSMUSG00000028397,Kdm4c,T,0.0317382489050375,197,0.240831295843521,1.43047986567296
HR-GGM,819,1414,ENSMUSG00000060579,Fhit,F,0.0317241849148655,197,0.240537240537241,1.42873324801036
HR-GGM,820,2031,ENSMUSG00000044229,Nxpe4,F,0.0316929879987062,197,0.240243902439024,1.42699089039083
HR-GGM,821,2079,ENSMUSG00000026034,Clk1,F,0.0316119504304222,197,0.239951278928136,1.42525277724785
HR-GGM,822,1133,ENSMUSG00000059049,Frem1,F,0.0315684522653985,197,0.239659367396594,1.42351889309061
HR-GGM,823,740,ENSMUSG00000036095,Dgkb,F,0.0315674614307437,197,0.239368165249089,1.42178922250362
HR-GGM,824,572,ENSMUSG00000000567,Sox9,T,0.0314041537050948,198,0.240291262135922,1.42727219557843
HR-GGM,825,2381,ENSMUSG00000028496,Mllt3,F,0.0312543650711411,198,0.24,1.4255421686747
HR-GGM,826,804,ENSMUSG00000006586,Runx1t1,F,0.0310838272468881,198,0.239709443099274,1.42381633069809
HR-GGM,827,2814,ENSMUSG00000021047,Nova1,F,0.0310538947186286,198,0.239419588875453,1.42209466645299
HR-GGM,828,2528,ENSMUSG00000064370,mt-Cytb,F,0.0308989949229092,198,0.239130434782609,1.42037716081718
HR-GGM,829,1193,ENSMUSG00000023809,Rps6ka2,F,0.0308792962807879,198,0.238841978287093,1.41866379874141
HR-GGM,830,2132,ENSMUSG00000053646,Plxnb1,F,0.0308156897143929,198,0.23855421686747,1.41695456524895
HR-GGM,831,2003,ENSMUSG00000062604,Srpk2,F,0.0307967095906885,198,0.23826714801444,1.41524944543517
HR-GGM,832,1941,ENSMUSG00000036591,Arhgap21,F,0.0307614606738965,198,0.237980769230769,1.4135484244671
HR-GGM,833,1711,ENSMUSG00000026721,Rabgap1l,T,0.0307074833708579,199,0.238895558223289,1.41898205065159
HR-GGM,834,2442,ENSMUSG00000033565,Rbfox2,F,0.0306607036063377,199,0.238609112709832,1.41728063332467
HR-GGM,835,1903,ENSMUSG00000019877,Serinc1,F,0.0306288678125012,199,0.238323353293413,1.41558329124883
HR-GGM,836,1516,ENSMUSG00000109394,A230057D06Rik,F,0.0305000628675329,199,0.238038277511962,1.41389000979997
HR-GGM,837,2454,ENSMUSG00000026153,Fam135a,F,0.0303706722568715,199,0.237753882915173,1.41220077442386
HR-GGM,838,1808,ENSMUSG00000028957,Per3,F,0.0302847418141506,199,0.237470167064439,1.41051557063576
HR-GGM,839,1459,ENSMUSG00000057329,Bcl2,T,0.0302817180492529,200,0.238379022646007,1.41591395378893
HR-GGM,840,2583,ENSMUSG00000022064,Pibf1,F,0.03026318715826,200,0.238095238095238,1.41422834193919
HR-GGM,841,1670,ENSMUSG00000008348,Ubc,F,0.0302104957405486,200,0.237812128418549,1.41254673867885
HR-GGM,842,2036,ENSMUSG00000055204,Ankrd17,F,0.0301719547162802,200,0.237529691211401,1.41086912972555
HR-GGM,843,1572,ENSMUSG00000068923,Syt11,T,0.0301135574959327,201,0.238434163701068,1.41624147836899
HR-GGM,844,1986,ENSMUSG00000056211,R3hdm1,F,0.0300554336995725,201,0.238151658767773,1.4145634671387
HR-GGM,845,442,ENSMUSG00000029446,Psph,F,0.03002524086007,201,0.237869822485207,1.41288942753262
HR-GGM,846,788,ENSMUSG00000022311,Csmd3,F,0.0299462882670012,201,0.23758865248227,1.41121934546697
HR-GGM,847,2825,ENSMUSG00000074607,Tox2,F,0.0298813896420245,201,0.237308146399055,1.40955320692451
HR-GGM,848,1776,ENSMUSG00000030527,Crtc3,T,0.0298136488049209,202,0.238207547169811,1.41489543077972
HR-GGM,849,819,ENSMUSG00000066392,Nrxn3,T,0.0297942125334127,203,0.239104829210836,1.42022506989087
HR-GGM,850,49,ENSMUSG00000052397,Ezr,F,0.0296327693147651,203,0.238823529411765,1.41855421686747
HR-GGM,851,1559,ENSMUSG00000050334,C130071C03Rik,F,0.0295583197415142,203,0.238542890716804,1.41688729064318
HR-GGM,852,280,ENSMUSG00000032181,Scg3,F,0.0295088144484675,203,0.238262910798122,1.41522427739126
HR-GGM,853,2858,ENSMUSG00000029478,Ncor2,F,0.0294256929247918,203,0.237983587338804,1.41356516334976
HR-GGM,854,554,ENSMUSG00000024330,Col11a2,F,0.0293124838415084,203,0.237704918032787,1.41190993482125
HR-GGM,855,1794,ENSMUSG00000035569,Ankrd11,F,0.0292613424233883,203,0.237426900584795,1.41025857817234
HR-GGM,856,1967,ENSMUSG00000059811,Atl2,F,0.0291993839413498,203,0.23714953271028,1.40861107983335
HR-GGM,857,2228,ENSMUSG00000055067,Smyd3,F,0.029145292124184,203,0.236872812135356,1.40696742629796
HR-GGM,858,505,ENSMUSG00000042978,Sbk1,F,0.0291126048978934,203,0.236596736596737,1.40532760412278
HR-GGM,859,2299,ENSMUSG00000021738,Atxn7,F,0.02896452335311,203,0.236321303841676,1.40369159992707
HR-GGM,860,346,ENSMUSG00000008090,Fgfrl1,T,0.0289292414566395,204,0.237209302325581,1.40896609694592
HR-GGM,861,2232,ENSMUSG00000037674,Rfx7,F,0.0288666503836813,204,0.236933797909408,1.40732966710046
HR-GGM,862,915,ENSMUSG00000021133,Susd6,F,0.02880889940221,204,0.236658932714617,1.40569703407598
HR-GGM,863,1867,ENSMUSG00000027706,Sec62,F,0.0287708933224983,204,0.236384704519119,1.40406818467381
HR-GGM,864,1655,ENSMUSG00000004383,Large1,F,0.0287111900069972,204,0.236111111111111,1.40244310575636
HR-GGM,865,2300,ENSMUSG00000026596,Abl2,F,0.0287086274651386,204,0.235838150289017,1.40082178424681
HR-GGM,866,2786,ENSMUSG00000038535,Zfp280d,T,0.0286734959644743,205,0.236720554272517,1.40606305128134
HR-GGM,867,2542,ENSMUSG00000022822,Abcc5,F,0.0286335338980631,205,0.236447520184544,1.40444129459013
HR-GGM,868,862,ENSMUSG00000039782,Cpeb2,F,0.0286264948307076,205,0.236175115207373,1.40282327466548
HR-GGM,869,1639,ENSMUSG00000020961,Ston2,F,0.0284669257251231,205,0.23590333716916,1.40120897860718
HR-GGM,870,2201,ENSMUSG00000022263,Trio,F,0.0283772739047955,205,0.235632183908046,1.3995983935743
HR-GGM,871,2085,ENSMUSG00000025351,Cd63,F,0.0282492374612038,205,0.235361653272101,1.39799150678489
HR-GGM,872,1573,ENSMUSG00000034480,Diaph2,F,0.0282264862565239,205,0.235091743119266,1.39638830551564
HR-GGM,873,2207,ENSMUSG00000059586,Nsmce2,F,0.0281154221630919,205,0.234822451317297,1.39478877710153
HR-GGM,874,705,ENSMUSG00000078794,Dact3,F,0.028061884940681,205,0.234553775743707,1.39319290893551
HR-GGM,875,628,ENSMUSG00000037126,Psd,F,0.0280513628729757,205,0.234285714285714,1.39160068846816
HR-GGM,876,964,ENSMUSG00000057530,Ece1,F,0.0280448254130443,205,0.234018264840183,1.39001210320735
HR-GGM,877,1103,ENSMUSG00000112928,Gm47710,F,0.0276946358640205,205,0.233751425313569,1.38842714071795
HR-GGM,878,1582,ENSMUSG00000030126,Tmcc1,F,0.0275856337117198,205,0.233485193621868,1.38684578862146
HR-GGM,879,2759,ENSMUSG00000052428,Tmco1,F,0.0274926330220013,205,0.233219567690557,1.38526803459572
HR-GGM,880,2012,ENSMUSG00000040459,Arglu1,F,0.0274168059567801,205,0.232954545454545,1.38369386637459
HR-GGM,881,825,ENSMUSG00000041920,Slc16a6,F,0.0273849441102568,205,0.232690124858116,1.3821232717476
HR-GGM,882,2498,ENSMUSG00000034557,Zfyve9,F,0.027378967971817,205,0.232426303854875,1.38055623855968
HR-GGM,883,1181,ENSMUSG00000084901,Gm13266,F,0.0272802978880087,205,0.232163080407701,1.3789927547108
HR-GGM,884,2796,ENSMUSG00000025016,Tm9sf3,F,0.027251566583885,205,0.231900452488688,1.3774328081557
HR-GGM,885,2726,ENSMUSG00000030655,Smg1,F,0.0271858280483706,205,0.231638418079096,1.37587638690355
HR-GGM,886,1653,ENSMUSG00000036585,Fgf1,T,0.0270877065699911,206,0.232505643340858,1.38102749598847
HR-GGM,887,838,ENSMUSG00000038248,Sobp,F,0.0270423481184929,206,0.232243517474634,1.37947053150596
HR-GGM,888,1542,ENSMUSG00000041417,Pik3r1,F,0.0268867231810976,206,0.231981981981982,1.37791707370021
HR-GGM,889,886,ENSMUSG00000116760,Gm1604a,F,0.0267233351733827,206,0.231721034870641,1.37636711073766
HR-GGM,890,2106,ENSMUSG00000032349,Elovl5,F,0.0267192670363501,206,0.231460674157303,1.37482063083796
HR-GGM,891,2127,ENSMUSG00000025261,Huwe1,F,0.026714711772096,206,0.231200897867565,1.37327762227361
HR-GGM,892,1556,ENSMUSG00000027111,Itga6,F,0.0266996369277871,206,0.230941704035874,1.37173807336971
HR-GGM,893,1859,ENSMUSG00000025609,Mkln1,F,0.0265438737793912,206,0.230683090705487,1.37020197250368
HR-GGM,894,2939,ENSMUSG00000022974,Paxbp1,F,0.026484240252809,206,0.230425055928412,1.3686693081049
HR-GGM,895,2215,ENSMUSG00000031673,Cdh11,T,0.0264011242979803,207,0.231284916201117,1.37377667092953
HR-GGM,896,1970,ENSMUSG00000029629,Phf14,T,0.0263530700999237,208,0.232142857142857,1.37887263339071
HR-GGM,897,445,ENSMUSG00000030042,Pole4,F,0.0263451343454222,208,0.231884057971014,1.37733542867121
HR-GGM,898,1426,ENSMUSG00000102758,Naaladl2,F,0.026124932655083,208,0.23162583518931,1.37580164757024
HR-GGM,899,848,ENSMUSG00000038388,Mpp6,F,0.0259679364172454,208,0.231368186874305,1.37427127866304
HR-GGM,900,2561,ENSMUSG00000055943,Emc7,F,0.025956110382413,208,0.231111111111111,1.37274431057564
HR-GGM,901,2123,ENSMUSG00000021282,Eif5,F,0.0258324371683525,208,0.230854605993341,1.37122073198454
HR-GGM,902,318,ENSMUSG00000043687,1190005I06Rik,F,0.0258144453550077,208,0.23059866962306,1.36970053161649
HR-GGM,903,2578,ENSMUSG00000038546,Ranbp9,F,0.0257839267783325,208,0.230343300110742,1.36818369824814
HR-GGM,904,2854,ENSMUSG00000041624,Gucy1a2,F,0.0256621643596959,208,0.230088495575221,1.36667022070583
HR-GGM,905,1939,ENSMUSG00000032525,Nktr,F,0.0256316845903859,208,0.229834254143646,1.36516008786527
HR-GGM,906,2827,ENSMUSG00000030557,Mef2a,T,0.0255150176530245,209,0.230684326710817,1.3702093140775
HR-GGM,907,772,ENSMUSG00000022150,Dab2,F,0.0254716875223775,209,0.230429988974642,1.36869860921082
HR-GGM,908,2790,ENSMUSG00000048410,Zfp407,T,0.0254456409429868,210,0.231277533039648,1.37373281672947
HR-GGM,909,2720,ENSMUSG00000034354,Mtmr3,F,0.0251895117534136,210,0.231023102310231,1.37222155950535
HR-GGM,910,1774,ENSMUSG00000037685,Atp8a1,F,0.0251593253573697,210,0.230769230769231,1.37071362372567
HR-GGM,911,590,ENSMUSG00000019194,Scn1b,F,0.0251441347208261,210,0.230515916575192,1.36920899845265
HR-GGM,912,189,ENSMUSG00000028373,Astn2,F,0.0251179982331997,210,0.230263157894737,1.36770767279645
HR-GGM,913,1211,ENSMUSG00000015243,Abca1,F,0.0250260377864128,210,0.230010952902519,1.36620963591496
HR-GGM,914,2602,ENSMUSG00000052917,Senp7,F,0.0250127725464392,210,0.229759299781182,1.36471487701352
HR-GGM,915,1116,ENSMUSG00000075254,Heg1,F,0.0249439837043313,210,0.229508196721311,1.36322338534466
HR-GGM,916,323,ENSMUSG00000033965,Slc16a2,F,0.0248819605884902,210,0.229257641921397,1.36173515020782
HR-GGM,917,1513,ENSMUSG00000021071,Trim9,F,0.0248288247125481,210,0.229007633587786,1.36025016094914
HR-GGM,918,2544,ENSMUSG00000022403,St13,F,0.024798246351541,210,0.228758169934641,1.35876840696118
HR-GGM,919,314,ENSMUSG00000061751,Kalrn,F,0.0247964057826088,210,0.228509249183896,1.35728987768266
HR-GGM,920,109,ENSMUSG00000036478,Btg1,F,0.0247915264893403,210,0.228260869565217,1.35581456259822
HR-GGM,921,845,ENSMUSG00000021340,Gpld1,F,0.0247308626250904,210,0.228013029315961,1.35434245123818
HR-GGM,922,2963,ENSMUSG00000035237,Lcat,F,0.024717741627495,210,0.227765726681128,1.35287353317827
HR-GGM,923,2333,ENSMUSG00000050812,AI314180,F,0.0246504131949432,210,0.227518959913326,1.35140779803939
HR-GGM,924,1129,ENSMUSG00000087231,E230016M11Rik,F,0.0244583022875231,210,0.227272727272727,1.3499452354874
HR-GGM,925,1888,ENSMUSG00000070056,Mfhas1,F,0.0243386511202204,210,0.227027027027027,1.34848583523282
HR-GGM,926,2157,ENSMUSG00000032290,Ptpn9,F,0.0243107552978975,210,0.226781857451404,1.34702958703063
HR-GGM,927,2205,ENSMUSG00000029571,Tmem106b,T,0.0242645171294506,211,0.227615965480043,1.35198398773086
HR-GGM,928,876,ENSMUSG00000031626,Sorbs2,F,0.0242522439791415,211,0.227370689655172,1.35052710843373
HR-GGM,929,2039,ENSMUSG00000024073,Birc6,F,0.02424202883644,211,0.227125941872982,1.34907336558289
HR-GGM,930,2747,ENSMUSG00000044791,Setd2,F,0.0241890870048403,211,0.226881720430108,1.34762274906076
HR-GGM,931,846,ENSMUSG00000004031,Brinp2,F,0.0241772023239659,211,0.226638023630505,1.34617524879324
HR-GGM,932,2875,ENSMUSG00000022329,Stk3,F,0.0240139546392151,211,0.226394849785408,1.34473085474947
HR-GGM,933,540,ENSMUSG00000038738,Shank1,T,0.0240101671157654,212,0.227224008574491,1.34965585815933
HR-GGM,934,74,ENSMUSG00000029413,Naaa,F,0.0239587956384867,212,0.226980728051392,1.34821083047393
HR-GGM,935,1040,ENSMUSG00000001666,Ddt,F,0.0239318055702444,212,0.226737967914439,1.34676889375685
HR-GGM,936,1879,ENSMUSG00000032405,Pias1,F,0.0238309209257186,212,0.226495726495726,1.34533003810112
HR-GGM,937,2982,ENSMUSG00000029426,Scarb2,F,0.0238295738827335,212,0.226254002134472,1.3438942536421
HR-GGM,938,2511,ENSMUSG00000098178,Gm42418,F,0.0236573347970589,212,0.226012793176972,1.3424615305572
HR-GGM,939,2805,ENSMUSG00000053510,Nrd1,T,0.0236435000353359,213,0.226837060702875,1.34735748104238
HR-GGM,940,2762,ENSMUSG00000026426,Arl8a,F,0.0235046796146884,213,0.226595744680851,1.34592412201999
HR-GGM,941,2775,ENSMUSG00000055670,Zzef1,F,0.0234928971703053,213,0.226354941551541,1.34449380945674
HR-GGM,942,2334,ENSMUSG00000039428,Tmem135,T,0.0234829910516505,214,0.227176220806794,1.34937201033433
HR-GGM,943,1583,ENSMUSG00000086600,C030005K06Rik,F,0.0234639411312702,214,0.226935312831389,1.34794107501054
HR-GGM,944,2298,ENSMUSG00000026878,Rab14,T,0.0233929474847141,215,0.227754237288136,1.35280528895242
HR-GGM,945,639,ENSMUSG00000048007,Timm8a1,F,0.0233192617124232,215,0.227513227513228,1.35137374896411
HR-GGM,946,1529,ENSMUSG00000039959,Hip1,F,0.0232779596752974,215,0.227272727272727,1.3499452354874
HR-GGM,947,297,ENSMUSG00000026833,Olfm1,F,0.0232437501054155,215,0.227032734952482,1.34851973893462
HR-GGM,948,1115,ENSMUSG00000020290,Xpo1,F,0.0232436655502193,215,0.226793248945148,1.34709724975853
HR-GGM,949,2904,ENSMUSG00000005501,Usp40,F,0.0232090518640784,215,0.226554267650158,1.34567775845214
HR-GGM,950,2573,ENSMUSG00000032328,Tmem30a,T,0.0231778269411526,216,0.227368421052632,1.35051363348129
HR-GGM,951,1055,ENSMUSG00000070858,Gm1673,F,0.0230753866425928,216,0.227129337539432,1.34909353502337
HR-GGM,952,2958,ENSMUSG00000039531,Zufsp,F,0.0230753068040064,216,0.226890756302521,1.34767641996558
HR-GGM,953,821,ENSMUSG00000028488,Sh3gl2,F,0.0230513476525837,216,0.226652675760756,1.34626227891629
HR-GGM,954,1950,ENSMUSG00000001521,Tulp3,F,0.0229369263674735,216,0.226415094339623,1.3448511025233
HR-GGM,955,2533,ENSMUSG00000056476,Med12l,F,0.0229213413838745,216,0.226178010471204,1.34344288147354
HR-GGM,956,2047,ENSMUSG00000051285,Pcmtd1,F,0.0228960707756982,216,0.225941422594142,1.34203760649292
HR-GGM,957,1182,ENSMUSG00000075284,Wipf1,F,0.0228951890794801,216,0.225705329153605,1.34063526834611
HR-GGM,958,2138,ENSMUSG00000074733,Zfp950,T,0.0228626785261351,217,0.22651356993737,1.34543602384486
HR-GGM,959,2848,ENSMUSG00000058672,Tubb2a,T,0.0228486736215229,218,0.227320125130344,1.35022676734048
HR-GGM,960,1768,ENSMUSG00000020954,Strn3,F,0.0228323206240019,218,0.227083333333333,1.3488202811245
HR-GGM,961,1015,ENSMUSG00000060429,Sntb1,F,0.022814812657845,218,0.22684703433923,1.34741672203904
HR-GGM,962,2915,ENSMUSG00000028410,Dnaja1,F,0.0227272424633637,218,0.226611226611227,1.34601608095584
HR-GGM,963,602,ENSMUSG00000062760,1810041L15Rik,F,0.0227192329135125,218,0.226375908618899,1.34461834878455
HR-GGM,964,1236,ENSMUSG00000001270,Ckb,F,0.0226584318299489,218,0.226141078838174,1.34322351647253
HR-GGM,965,592,ENSMUSG00000027952,Pmvk,F,0.0226349173123847,218,0.225906735751295,1.34183157500468
HR-GGM,966,2534,ENSMUSG00000048000,Gigyf2,F,0.0226074891989038,218,0.225672877846791,1.34044251540323
HR-GGM,967,2849,ENSMUSG00000020589,Fam49a,F,0.0225123148403559,218,0.225439503619442,1.33905632872753
HR-GGM,968,2189,ENSMUSG00000032580,Rbm5,F,0.0224891665959152,218,0.225206611570248,1.33767300607388
HR-GGM,969,793,ENSMUSG00000019232,Etnppl,F,0.0224848329596996,218,0.224974200206398,1.33629253857535
HR-GGM,970,2422,ENSMUSG00000001687,Ubl3,F,0.0224435616525704,218,0.224742268041237,1.33491491740156
HR-GGM,971,1869,ENSMUSG00000000631,Myo18a,F,0.0223009058307283,218,0.224510813594233,1.33354013375851
HR-GGM,972,1804,ENSMUSG00000040407,Akap9,T,0.0222917157138145,219,0.225308641975309,1.3382790420943
HR-GGM,973,997,ENSMUSG00000030337,Vamp1,F,0.022158035143152,219,0.225077081192189,1.33690362684035
HR-GGM,974,1442,ENSMUSG00000056073,Grik2,T,0.0221190721531593,220,0.225872689938398,1.34162935107988
HR-GGM,975,429,ENSMUSG00000030541,Idh2,F,0.0221116934246988,220,0.225641025641026,1.34025332097621
HR-GGM,976,871,ENSMUSG00000041592,Sdk2,F,0.0221101309614653,220,0.225409836065574,1.33888011060636
HR-GGM,977,2615,ENSMUSG00000059824,Dbp,F,0.0220110572341096,220,0.22517911975435,1.33750971131198
HR-GGM,978,1732,ENSMUSG00000027447,Cst3,F,0.0220005917907646,220,0.224948875255624,1.33614211447015
HR-GGM,979,795,ENSMUSG00000040653,Ppp1r14c,F,0.0219316401199245,220,0.224719101123595,1.33477731149316
HR-GGM,980,627,ENSMUSG00000054423,Cadps,T,0.0219298428891928,221,0.225510204081633,1.33947627243669
HR-GGM,981,2455,ENSMUSG00000037062,Sh3glb1,F,0.0218018843030991,221,0.225280326197757,1.33811085319873
HR-GGM,982,763,ENSMUSG00000035948,Acss3,F,0.0217672625996394,221,0.225050916496945,1.33674821485535
HR-GGM,983,1485,ENSMUSG00000032038,St3gal4,F,0.0216273513282218,221,0.224821973550356,1.33538834891958
HR-GGM,984,990,ENSMUSG00000054263,Lifr,F,0.0215665325469219,221,0.224593495934959,1.33403124693898
HR-GGM,985,508,ENSMUSG00000060240,Cend1,F,0.0215126115523946,221,0.224365482233503,1.33267690049538
HR-GGM,986,764,ENSMUSG00000061576,Dpp6,F,0.0214930061392043,221,0.224137931034483,1.33132530120482
HR-GGM,987,916,ENSMUSG00000024544,Ldlrad4,F,0.0213779621023779,221,0.223910840932118,1.32997644071728
HR-GGM,988,1350,ENSMUSG00000015806,Qdpr,F,0.0212557050515808,221,0.223684210526316,1.32863031071655
HR-GGM,989,2741,ENSMUSG00000039089,L3mbtl3,F,0.0211644403161152,221,0.223458038422649,1.32728690292007
HR-GGM,990,2296,ENSMUSG00000027365,Trpm7,T,0.021149697452112,222,0.224242424242424,1.33194596568091
HR-GGM,991,2968,ENSMUSG00000058761,Rnf169,F,0.0210071277003214,222,0.22401614530777,1.3306019233341
HR-GGM,992,125,ENSMUSG00000027168,Pax6,F,0.0209834290358493,222,0.223790322580645,1.3292605907501
HR-GGM,993,2608,ENSMUSG00000027195,Hsd17b12,F,0.0209275583878425,222,0.223564954682779,1.32792195974229
HR-GGM,994,1681,ENSMUSG00000022469,Rapgef3,F,0.0208836420320852,222,0.223340040241449,1.32658602215704
HR-GGM,995,2519,ENSMUSG00000036371,Serbp1,F,0.020882165017491,222,0.223115577889447,1.32525276987346
HR-GGM,996,2186,ENSMUSG00000029068,Ccnl2,F,0.0207910465200984,222,0.22289156626506,1.32392219480331
HR-GGM,997,1923,ENSMUSG00000022763,Aifm3,F,0.020742147650057,222,0.222668004012036,1.32259428889077
HR-GGM,998,2257,ENSMUSG00000002413,Braf,F,0.0207281143016158,222,0.222444889779559,1.32126904411232
HR-GGM,999,1455,ENSMUSG00000019899,Lama2,F,0.0206359239014315,222,0.222222222222222,1.31994645247657
HR-GGM,1000,2581,ENSMUSG00000036427,Gpi1,F,0.0206157282714338,222,0.222,1.3186265060241
HR-GGM,1001,942,ENSMUSG00000034656,Cacna1a,T,0.0205705567841505,223,0.222777222777223,1.3232430220382
HR-GGM,1002,2687,ENSMUSG00000038914,Dido1,F,0.0205191689416144,223,0.222554890219561,1.3219224202198
HR-GGM,1003,1739,ENSMUSG00000031129,Slc9a9,F,0.0204041351186054,223,0.222333000997009,1.32060445170513
HR-GGM,1004,643,ENSMUSG00000063659,Zbtb18,F,0.0203429067056591,223,0.222111553784861,1.31928910862574
HR-GGM,1005,1783,ENSMUSG00000026173,Plcd4,T,0.020337712293957,224,0.222885572139303,1.32388659114068
HR-GGM,1006,2988,ENSMUSG00000079065,BC005561,F,0.020292360743311,224,0.222664015904573,1.32257060049343
HR-GGM,1007,111,ENSMUSG00000050423,Ppp1r3g,F,0.0201002693567646,224,0.222442899702085,1.32125722353166
HR-GGM,1008,2310,ENSMUSG00000035437,Rabgap1,T,0.0200847516112456,225,0.223214285714286,1.32583907056799
HR-GGM,1009,1854,ENSMUSG00000028053,Ash1l,F,0.0200819895272037,225,0.222993062438057,1.324525057614
HR-GGM,1010,1976,ENSMUSG00000015222,Map2,T,0.0200349529276393,226,0.223762376237624,1.32909459620661
HR-GGM,1011,2066,ENSMUSG00000028532,Cachd1,F,0.0199302138227807,226,0.223541048466864,1.32777996258029
HR-GGM,1012,437,ENSMUSG00000018474,Chd3,T,0.0199214294183542,227,0.224308300395257,1.33233725415496
HR-GGM,1013,2738,ENSMUSG00000079037,Prnp,F,0.0198833933139807,227,0.224086870681145,1.33102201500969
HR-GGM,1014,2831,ENSMUSG00000041921,Metap1d,F,0.0197289694222122,227,0.223865877712032,1.32970937002448
HR-GGM,1015,2776,ENSMUSG00000039210,Gpatch2,F,0.0196948002886634,227,0.223645320197044,1.32839931153184
HR-GGM,1016,1148,ENSMUSG00000009073,Nf2,F,0.0195907758250798,227,0.223425196850394,1.32709183189451
HR-GGM,1017,1409,ENSMUSG00000068205,Macrod2,F,0.0195043882985956,227,0.223205506391347,1.32578692350523
HR-GGM,1018,1288,ENSMUSG00000061298,Agbl4,F,0.0194838577745559,227,0.222986247544204,1.32448457878666
HR-GGM,1019,777,ENSMUSG00000086020,Gm12239,F,0.0194751629761507,227,0.222767419038273,1.32318479019119
HR-GGM,1020,2638,ENSMUSG00000041297,Cdk13,F,0.0194581897271278,227,0.222549019607843,1.3218875502008
HR-GGM,1021,2262,ENSMUSG00000024400,Wdr33,F,0.0194207845150019,227,0.222331047992165,1.32059285132695
HR-GGM,1022,1255,ENSMUSG00000066643,Wdr35,F,0.019401307491254,227,0.222113502935421,1.31930068611039
HR-GGM,1023,1122,ENSMUSG00000030495,Slc7a10,F,0.0193652609965231,227,0.221896383186706,1.31801104712104
HR-GGM,1024,1453,ENSMUSG00000020844,Nxn,F,0.0193518469546704,227,0.2216796875,1.31672392695783
HR-GGM,1025,1119,ENSMUSG00000022987,Zfp641,T,0.0191266868604205,228,0.222439024390244,1.32123420511314
HR-GGM,1026,1507,ENSMUSG00000002688,Prkd1,F,0.0190754161401632,228,0.222222222222222,1.31994645247657
HR-GGM,1027,2994,ENSMUSG00000017831,Rab5a,T,0.0190371743704482,229,0.222979552093476,1.3244448094227
HR-GGM,1028,224,ENSMUSG00000061517,Sox21,T,0.018973419073782,230,0.223735408560311,1.32893441470161
HR-GGM,1029,1932,ENSMUSG00000019843,Fyn,F,0.018924762837962,230,0.223517978620019,1.32764293324903
HR-GGM,1030,2328,ENSMUSG00000028229,Rmdn1,F,0.0189056298684127,230,0.223300970873786,1.32635395952743
HR-GGM,1031,486,ENSMUSG00000048644,Ctxn1,F,0.0187970243176899,230,0.223084384093113,1.32506748623982
HR-GGM,1032,2733,ENSMUSG00000028452,Vcp,F,0.0187942117347604,230,0.222868217054264,1.32378350611749
HR-GGM,1033,979,ENSMUSG00000000594,Gm2a,F,0.0187837660398371,230,0.222652468538238,1.3225020119199
HR-GGM,1034,2643,ENSMUSG00000025153,Fasn,F,0.01877643362469,230,0.222437137330754,1.32122299643448
HR-GGM,1035,2101,ENSMUSG00000039585,Myo9a,F,0.0186560863431582,230,0.222222222222222,1.31994645247657
HR-GGM,1036,2744,ENSMUSG00000030286,Emc3,F,0.0186233261015727,230,0.222007722007722,1.31867237288924
HR-GGM,1037,2496,ENSMUSG00000028917,Plekhm2,F,0.0184552445769487,230,0.221793635486982,1.31740075054316
HR-GGM,1038,2227,ENSMUSG00000025234,Arih1,F,0.0184522976499686,230,0.221579961464355,1.31613157833647
HR-GGM,1039,2520,ENSMUSG00000022897,Dyrk1a,F,0.0183905729451303,230,0.221366698748797,1.31486484919466
HR-GGM,1040,1202,ENSMUSG00000025006,Sorbs1,F,0.0182910791857969,230,0.221153846153846,1.31360055607044
HR-GGM,1041,561,ENSMUSG00000024268,Celf4,F,0.0181161500779295,230,0.220941402497598,1.31233869194357
HR-GGM,1042,939,ENSMUSG00000001761,Smo,F,0.0180878692417687,230,0.220729366602687,1.31107924982078
HR-GGM,1043,1469,ENSMUSG00000034165,Ccnd3,F,0.0180714472269667,230,0.220517737296261,1.30982222273562
HR-GGM,1044,1752,ENSMUSG00000027525,Phactr3,F,0.0180118546361914,230,0.220306513409962,1.30856760374833
HR-GGM,1045,1289,ENSMUSG00000062980,Cped1,F,0.0179933860533722,230,0.220095693779904,1.3073153859457
HR-GGM,1046,2102,ENSMUSG00000032536,Trak1,F,0.0179815712906958,230,0.219885277246654,1.30606556244097
HR-GGM,1047,1977,ENSMUSG00000049076,Acap2,F,0.0179387652852596,230,0.219675262655205,1.30481812637369
HR-GGM,1048,1436,ENSMUSG00000034892,Rps29,F,0.0177952793124985,230,0.219465648854962,1.30357307090959
HR-GGM,1049,1373,ENSMUSG00000090247,Bloc1s1,F,0.0177786770013104,230,0.219256434699714,1.30233038924047
HR-GGM,1050,2917,ENSMUSG00000020349,Ppp2ca,F,0.0176230963732756,230,0.219047619047619,1.30109007458405
HR-GGM,1051,1592,ENSMUSG00000032320,Rcn2,T,0.0175864841883232,231,0.219790675547098,1.3055036511412
HR-GGM,1052,952,ENSMUSG00000015224,Cyp2j9,F,0.017581741347384,231,0.21958174904943,1.30426267808878
HR-GGM,1053,2766,ENSMUSG00000084957,Bbip1,F,0.0175497280054234,231,0.219373219373219,1.30302406206021
HR-GGM,1054,860,ENSMUSG00000026610,Esrrg,F,0.0174622984977733,231,0.219165085388994,1.30178779634668
HR-GGM,1055,495,ENSMUSG00000033953,Ppp3r1,T,0.0174399114072406,232,0.219905213270142,1.30618397761663
HR-GGM,1056,1000,ENSMUSG00000027860,Vangl1,F,0.0171708435819798,232,0.21969696969697,1.30494706097116
HR-GGM,1057,1012,ENSMUSG00000087700,Gm15283,F,0.0170791989105104,232,0.219489120151372,1.30371248475453
HR-GGM,1058,195,ENSMUSG00000021448,Shc3,F,0.0170728376412247,232,0.219281663516068,1.30248024233038
HR-GGM,1059,1178,ENSMUSG00000040363,Bcor,F,0.0170596511040901,232,0.219074598677998,1.30125032708739
HR-GGM,1060,2507,ENSMUSG00000024908,Ppp6r3,F,0.0169952426315638,232,0.218867924528302,1.30002273243919
HR-GGM,1061,1955,ENSMUSG00000024140,Epas1,F,0.0169840335934566,232,0.2186616399623,1.29879745182426
HR-GGM,1062,2173,ENSMUSG00000026932,Nacc2,F,0.0168641512374514,232,0.218455743879473,1.29757447870578
HR-GGM,1063,216,ENSMUSG00000002341,Ncan,F,0.0168077574786738,232,0.218250235183443,1.29635380657154
HR-GGM,1064,844,ENSMUSG00000038146,Notch3,T,0.0168075112093002,233,0.218984962406015,1.30071790923091
HR-GGM,1065,2493,ENSMUSG00000046201,Scaf8,F,0.0167989464549572,233,0.218779342723005,1.29949657786074
HR-GGM,1066,2145,ENSMUSG00000036568,Bicral,F,0.016797312351826,233,0.218574108818011,1.29827753791903
HR-GGM,1067,1464,ENSMUSG00000016128,Stard13,F,0.0167730624297682,233,0.218369259606373,1.29706078296316
HR-GGM,1068,2425,ENSMUSG00000054611,Kdm2a,T,0.0167264858910241,234,0.219101123595506,1.30140787870583
HR-GGM,1069,909,ENSMUSG00000036006,Ripor2,F,0.0166903963705524,234,0.21889616463985,1.30019047189694
HR-GGM,1070,870,ENSMUSG00000020105,Lrig3,F,0.0166137277550213,234,0.218691588785047,1.2989753406148
HR-GGM,1071,817,ENSMUSG00000036377,C530008M17Rik,F,0.0165895224080576,234,0.218487394957983,1.29776247848537
HR-GGM,1072,2921,ENSMUSG00000021771,Vdac2,T,0.0165154110089385,235,0.219216417910448,1.30209269915483
HR-GGM,1073,394,ENSMUSG00000026227,2810459M11Rik,F,0.0164526777905917,235,0.21901211556384,1.30087919244546
HR-GGM,1074,2202,ENSMUSG00000028842,Ago3,F,0.0164497138605042,235,0.218808193668529,1.29966794552512
HR-GGM,1075,708,ENSMUSG00000041548,Hspb8,F,0.0164135353102391,235,0.218604651162791,1.29845895208742
HR-GGM,1076,282,ENSMUSG00000045515,Pou3f3,F,0.0163719928179483,235,0.218401486988848,1.29725220584942
HR-GGM,1077,568,ENSMUSG00000025738,Fbxl16,F,0.016367444956839,235,0.218198700092851,1.29604770055151
HR-GGM,1078,2795,ENSMUSG00000040560,Wdr7,F,0.0163658269262756,235,0.217996289424861,1.29484542995731
HR-GGM,1079,1525,ENSMUSG00000064138,Fam172a,F,0.0162834172346007,235,0.217794253938832,1.29364538785355
HR-GGM,1080,1609,ENSMUSG00000037999,Arap2,F,0.0162402346628337,235,0.217592592592593,1.29244756804998
HR-GGM,1081,809,ENSMUSG00000039809,Gabbr2,T,0.0162060347448939,236,0.21831637372803,1.29674665358938
HR-GGM,1082,1539,ENSMUSG00000004328,Hif3a,T,0.016178375575102,237,0.219038817005545,1.30103779257511
HR-GGM,1083,2104,ENSMUSG00000034390,Cmip,F,0.0161529778735592,237,0.218836565096953,1.29983646497347
HR-GGM,1084,1978,ENSMUSG00000024758,Rtn3,F,0.016036274082968,237,0.218634686346863,1.29863735384342
HR-GGM,1085,545,ENSMUSG00000026764,Kif5c,F,0.0160106923154946,237,0.218433179723502,1.29744045305647
HR-GGM,1086,2660,ENSMUSG00000097616,1110019D14Rik,F,0.0159479776327572,237,0.218232044198895,1.29624575650669
HR-GGM,1087,2361,ENSMUSG00000071037,Camkmt,F,0.0159253252737874,237,0.21803127874885,1.29505325811064
HR-GGM,1088,2743,ENSMUSG00000029104,Htt,F,0.0159244012783513,237,0.217830882352941,1.29386295180723
HR-GGM,1089,1198,ENSMUSG00000001995,Sipa1l2,F,0.0157796897275561,237,0.21763085399449,1.29267483155764
HR-GGM,1090,1443,ENSMUSG00000027200,Sema6d,F,0.0157777172090905,237,0.21743119266055,1.2914888913452
HR-GGM,1091,1301,ENSMUSG00000032939,Nup93,F,0.0156411401610473,237,0.217231897341888,1.29030512517531
HR-GGM,1092,1071,ENSMUSG00000021559,Dapk1,F,0.015624240339641,237,0.217032967032967,1.28912352707533
HR-GGM,1093,943,ENSMUSG00000045094,Arhgef37,F,0.0155696383877106,237,0.21683440073193,1.28794409109448
HR-GGM,1094,1671,ENSMUSG00000026915,Strbp,F,0.0155260910672975,237,0.216636197440585,1.28676681130372
HR-GGM,1095,1440,ENSMUSG00000020658,Efr3b,F,0.0155084908118443,237,0.216438356164384,1.28559168179568
HR-GGM,1096,2524,ENSMUSG00000031714,Gab1,F,0.0154426205557464,237,0.216240875912409,1.28441869668455
HR-GGM,1097,815,ENSMUSG00000020902,Ntn1,F,0.0154072857649292,237,0.216043755697356,1.28324785010598
HR-GGM,1098,2946,ENSMUSG00000024293,Esco1,F,0.0151970806095668,237,0.215846994535519,1.282079136217
HR-GGM,1099,2410,ENSMUSG00000047126,Cltc,F,0.0151922329002205,237,0.21565059144677,1.28091254919587
HR-GGM,1100,2393,ENSMUSG00000047789,Slc38a9,F,0.0151180321687279,237,0.215454545454545,1.27974808324206
HR-GGM,1101,1814,ENSMUSG00000024639,Gnaq,T,0.015107341376126,238,0.216167120799273,1.28398060908484
HR-GGM,1102,2158,ENSMUSG00000028161,Ppp3ca,T,0.0150426611712181,239,0.216878402903811,1.28820545339252
HR-GGM,1103,2099,ENSMUSG00000071337,Tia1,F,0.0149972750575623,239,0.216681776971895,1.28703754273668
HR-GGM,1104,1856,ENSMUSG00000014592,Camta1,F,0.014993556008863,239,0.216485507246377,1.28587174786101
HR-GGM,1105,484,ENSMUSG00000018196,Glrx2,F,0.0149494439526044,239,0.216289592760181,1.28470806302132
HR-GGM,1106,2013,ENSMUSG00000004319,Clcn3,F,0.0149133652827604,239,0.216094032549729,1.28354648249417
HR-GGM,1107,168,ENSMUSG00000028988,Ctnnbip1,F,0.0148965879933463,239,0.215898825654923,1.28238700057683
HR-GGM,1108,1038,ENSMUSG00000085912,Trp53cor1,F,0.0148965724583524,239,0.215703971119134,1.28122961158714
HR-GGM,1109,2336,ENSMUSG00000024425,Ndfip1,F,0.0147216607152547,239,0.215509467989179,1.28007430986344
HR-GGM,1110,417,ENSMUSG00000022383,Ppara,F,0.014619939875395,239,0.215315315315315,1.27892108976446
HR-GGM,1111,1601,ENSMUSG00000024304,Cdh2,T,0.0146057803934788,240,0.216021602160216,1.28311626343357
HR-GGM,1112,1917,ENSMUSG00000031231,Cox7b,F,0.0145876638917098,240,0.215827338129496,1.28196238190171
HR-GGM,1113,1775,ENSMUSG00000026502,Desi2,F,0.0145376846632132,240,0.215633423180593,1.28081057383172
HR-GGM,1114,451,ENSMUSG00000045589,Frrs1l,F,0.0145271267267461,240,0.215439856373429,1.27966083363977
HR-GGM,1115,2647,ENSMUSG00000051515,Fam181b,F,0.0143733973093816,240,0.2152466367713,1.27851315576206
HR-GGM,1116,1810,ENSMUSG00000041889,Shisa4,F,0.0143691555551119,240,0.21505376344086,1.27736753465475
HR-GGM,1117,1052,ENSMUSG00000037762,Slc16a9,F,0.0143364294582162,240,0.214861235452104,1.27622396479382
HR-GGM,1118,1602,ENSMUSG00000020817,Rabep1,T,0.014334447463326,241,0.215563506261181,1.28039528417786
HR-GGM,1119,2007,ENSMUSG00000025571,Tnrc6c,F,0.0142536450075643,241,0.215370866845398,1.27925105246724
HR-GGM,1120,667,ENSMUSG00000022456,Sept3,F,0.0142522983097065,241,0.215178571428571,1.27810886402754
HR-GGM,1121,2312,ENSMUSG00000034610,Zcchc11,F,0.0142238670817235,241,0.214986619090098,1.27696871339058
HR-GGM,1122,466,ENSMUSG00000066607,6030419C18Rik,F,0.0141685752866632,241,0.214795008912656,1.2758305951077
HR-GGM,1123,2867,ENSMUSG00000045092,S1pr1,F,0.014164949235592,241,0.214603739982191,1.27469450374964
HR-GGM,1124,2985,ENSMUSG00000040565,Btaf1,F,0.0141041233608848,241,0.2144128113879,1.27356043390644
HR-GGM,1125,2152,ENSMUSG00000042605,Atxn2,F,0.0139252143307645,241,0.214222222222222,1.27242838018742
HR-GGM,1126,1617,ENSMUSG00000039960,Rhou,T,0.0138342431113112,242,0.214920071047957,1.27657343405594
HR-GGM,1127,2954,ENSMUSG00000020132,Rab21,T,0.0138058503049975,243,0.215616681455191,1.28071113201698
HR-GGM,1128,324,ENSMUSG00000069763,Tmem100,T,0.0137554394642838,244,0.216312056737589,1.28484149363411
HR-GGM,1129,1050,ENSMUSG00000001773,Folh1,F,0.0137053909364154,244,0.216120460584588,1.28370345865304
HR-GGM,1130,2250,ENSMUSG00000029635,Cdk8,F,0.0136429044505749,244,0.215929203539823,1.28256743789317
HR-GGM,1131,1633,ENSMUSG00000017009,Sdc4,F,0.0136383774736869,244,0.215738284703802,1.28143342601174
HR-GGM,1132,2255,ENSMUSG00000042444,Mindy2,F,0.0135257915265138,244,0.215547703180212,1.28030141768487
HR-GGM,1133,1702,ENSMUSG00000022790,Igsf11,F,0.013516378040889,244,0.215357458075905,1.27917140760748
HR-GGM,1134,974,ENSMUSG00000047935,Sox1ot,T,0.0133682700658244,245,0.216049382716049,1.28328127324111
HR-GGM,1135,811,ENSMUSG00000059182,Skap2,F,0.0132865930908052,245,0.215859030837004,1.28215062894751
HR-GGM,1136,2789,ENSMUSG00000064345,mt-Nd2,F,0.0132826139397627,245,0.215669014084507,1.28102197522484
HR-GGM,1137,2391,ENSMUSG00000039801,2410089E03Rik,F,0.0132619247859659,245,0.215479331574318,1.27989530682095
HR-GGM,1138,779,ENSMUSG00000058740,Kcnt1,F,0.013233885338744,245,0.215289982425308,1.27877061850213
HR-GGM,1139,2421,ENSMUSG00000000600,Krit1,F,0.0131910232222712,245,0.215100965759438,1.27764790505305
HR-GGM,1140,2065,ENSMUSG00000022010,Tsc22d1,T,0.0130614438177646,246,0.215789473684211,1.28173747622067
HR-GGM,1141,1075,ENSMUSG00000029765,Plxna4,F,0.0130389097967082,246,0.215600350569676,1.28061413049217
HR-GGM,1142,462,ENSMUSG00000046093,Hpcal4,T,0.0129838577530297,247,0.216287215411559,1.28469394214335
HR-GGM,1143,1141,ENSMUSG00000032942,Ucp3,F,0.0128871670381977,247,0.216097987751531,1.28356997543982
HR-GGM,1144,1483,ENSMUSG00000095930,Nim1k,F,0.0127864453200577,247,0.215909090909091,1.28244797371303
HR-GGM,1145,1203,ENSMUSG00000070509,Rgma,F,0.0126868051452979,247,0.215720524017467,1.28132793181459
HR-GGM,1146,820,ENSMUSG00000063296,Tmem117,T,0.0126713820282594,248,0.216404886561955,1.28539288042221
HR-GGM,1147,1167,ENSMUSG00000071103,1700029J07Rik,F,0.012659263891857,248,0.216216216216216,1.28427222403126
HR-GGM,1148,2245,ENSMUSG00000041720,Pi4ka,F,0.0126571024629801,248,0.21602787456446,1.28315352000336
HR-GGM,1149,999,ENSMUSG00000010066,Cacna2d2,T,0.0125883337096337,249,0.216710182767624,1.28720626631854
HR-GGM,1150,938,ENSMUSG00000026443,Lrrn2,F,0.0125627837309044,249,0.216521739130435,1.28608695652174
HR-GGM,1151,1649,ENSMUSG00000024104,Washc2,F,0.0125280252510237,249,0.216333622936577,1.28496959165943
HR-GGM,1152,852,ENSMUSG00000047414,Flrt2,F,0.0124784900522883,249,0.216145833333333,1.28385416666667
HR-GGM,1153,2614,ENSMUSG00000037750,Fam222b,F,0.0124402679902076,249,0.215958369470945,1.2827406764961
HR-GGM,1154,2027,ENSMUSG00000096929,A330023F24Rik,F,0.0123804385366446,249,0.2157712305026,1.28162911611785
HR-GGM,1155,1150,ENSMUSG00000022687,Boc,F,0.0123556813632415,249,0.215584415584416,1.28051948051948
HR-GGM,1156,2076,ENSMUSG00000055065,Ddx17,F,0.0123434108411328,249,0.215397923875433,1.27941176470588
HR-GGM,1157,1936,ENSMUSG00000036333,Kidins220,F,0.0123385744135496,249,0.215211754537597,1.27830596369922
HR-GGM,1158,863,ENSMUSG00000038608,Dock10,T,0.0123371071750955,250,0.215889464594128,1.28233139813139
HR-GGM,1159,1667,ENSMUSG00000043154,Ppp2r3a,F,0.0123338476261469,250,0.215703192407248,1.28122498622618
HR-GGM,1160,994,ENSMUSG00000036782,Klhl13,F,0.0123314866267408,250,0.21551724137931,1.28012048192771
HR-GGM,1161,1906,ENSMUSG00000031765,Mt1,F,0.0123234269754969,250,0.215331610680448,1.27901788030676
HR-GGM,1162,2314,ENSMUSG00000039219,Arid4b,F,0.0122301389981687,250,0.215146299483649,1.27791717645107
HR-GGM,1163,778,ENSMUSG00000044447,Dock5,T,0.0121581622078145,251,0.215821152192605,1.28192563892716
HR-GGM,1164,988,ENSMUSG00000048078,Tenm4,F,0.01214812761939,251,0.215635738831615,1.2808243282408
HR-GGM,1165,443,ENSMUSG00000022947,Cbr3,F,0.0121366740222669,251,0.215450643776824,1.27972490821656
HR-GGM,1166,2140,ENSMUSG00000072501,Phf20l1,T,0.0119504907766929,252,0.216123499142367,1.28372150695406
HR-GGM,1167,843,ENSMUSG00000039735,Fnbp1l,F,0.0118810752735501,252,0.215938303341902,1.28262148852479
HR-GGM,1168,2692,ENSMUSG00000033943,Mga,F,0.0118715453257425,252,0.215753424657534,1.28152335368873
HR-GGM,1169,2732,ENSMUSG00000050530,Fam171a1,F,0.0118627574116954,252,0.215568862275449,1.280427097612
HR-GGM,1170,673,ENSMUSG00000098188,Sowahc,F,0.0118194348919908,252,0.215384615384615,1.27933271547729
HR-GGM,1171,1279,ENSMUSG00000089840,Gm4491,F,0.0118089854091436,252,0.215200683176772,1.27824020248372
HR-GGM,1172,2637,ENSMUSG00000027620,Rbm39,F,0.0117409097350968,252,0.215017064846416,1.27714955384679
HR-GGM,1173,2405,ENSMUSG00000052738,Suclg1,F,0.011703807997743,252,0.214833759590793,1.27606076479832
HR-GGM,1174,467,ENSMUSG00000003948,Mmd,F,0.0117032235255521,252,0.214650766609881,1.2749738305864
HR-GGM,1175,812,ENSMUSG00000021219,Rgs6,F,0.0116978540798831,252,0.214468085106383,1.27388874647526
HR-GGM,1176,2537,ENSMUSG00000026571,Dcaf6,F,0.0116727100476228,252,0.214285714285714,1.27280550774527
HR-GGM,1177,836,ENSMUSG00000070337,Gpr179,F,0.0115771389360204,252,0.21410365335599,1.27172410969281
HR-GGM,1178,1431,ENSMUSG00000018849,Wwc1,F,0.0115573128795549,252,0.213921901528014,1.27064454763025
HR-GGM,1179,787,ENSMUSG00000039706,Ldb2,F,0.0114427911010203,252,0.213740458015267,1.26956681688586
HR-GGM,1180,247,ENSMUSG00000027508,Pag1,F,0.0114205309903463,252,0.213559322033898,1.26849091280376
HR-GGM,1181,386,ENSMUSG00000024227,Pdzph1,F,0.0113964449581199,252,0.21337849280271,1.2674168307438
HR-GGM,1182,1011,ENSMUSG00000045555,Mettl24,F,0.0113932821122701,252,0.213197969543147,1.26634456608159
HR-GGM,1183,369,ENSMUSG00000000794,Kcnn3,T,0.0113570066241097,253,0.213863060016906,1.27029504323295
HR-GGM,1184,229,ENSMUSG00000024589,Nedd4l,F,0.0111181196755465,253,0.213682432432432,1.26922215890589
HR-GGM,1185,2024,ENSMUSG00000027002,Nckap1,F,0.0110855904504068,253,0.213502109704641,1.26815108535407
HR-GGM,1186,1158,ENSMUSG00000078451,Ppil6,F,0.0110429579959921,253,0.213322091062395,1.26708181799711
HR-GGM,1187,1586,ENSMUSG00000030519,Apba2,F,0.0110376965845931,253,0.213142375737152,1.26601435227007
HR-GGM,1188,313,ENSMUSG00000021221,Dpf3,F,0.0109968515649626,253,0.212962962962963,1.26494868362338
HR-GGM,1189,1473,ENSMUSG00000039519,Cyp7b1,F,0.010971717415608,253,0.212783851976451,1.26388480752277
HR-GGM,1190,1432,ENSMUSG00000020644,Id2,F,0.0109020256128443,253,0.212605042016807,1.26282271944923
HR-GGM,1191,730,ENSMUSG00000058254,Tspan7,T,0.0107241467595952,254,0.213266162888329,1.26674961811983
HR-GGM,1192,1336,ENSMUSG00000022443,Myh9,F,0.0106947393126088,254,0.213087248322148,1.26568690870866
HR-GGM,1193,2979,ENSMUSG00000038456,Dennd2a,F,0.010669166054266,254,0.212908633696563,1.26462598087236
HR-GGM,1194,1273,ENSMUSG00000042050,Wdr60,F,0.010645923193909,254,0.212730318257956,1.26356683013461
HR-GGM,1195,808,ENSMUSG00000032625,Thsd7a,F,0.0106113543431139,254,0.21255230125523,1.26250945203408
HR-GGM,1196,2737,ENSMUSG00000042298,Ttc19,F,0.0105842267498633,254,0.212374581939799,1.26145384212435
HR-GGM,1197,1585,ENSMUSG00000040591,1110051M20Rik,F,0.0105841146879541,254,0.212197159565581,1.26039999597387
HR-GGM,1198,469,ENSMUSG00000034269,Setd5,F,0.0104852412420521,254,0.212020033388982,1.25934790916588
HR-GGM,1199,882,ENSMUSG00000033849,B3galt2,F,0.0104671923177314,254,0.211843202668891,1.25829757729835
HR-GGM,1200,2960,ENSMUSG00000059447,Hadhb,F,0.0102073250311299,254,0.211666666666667,1.25724899598394
HR-GGM,1201,1441,ENSMUSG00000031762,Mt2,F,0.010196578600613,254,0.211490424646128,1.25620216084989
HR-GGM,1202,768,ENSMUSG00000029516,Cit,F,0.0101642823158264,254,0.211314475873544,1.25515706753804
HR-GGM,1203,2222,ENSMUSG00000025781,Atp5c1,F,0.0100381545600027,254,0.211138819617623,1.25411371170467
HR-GGM,1204,1154,ENSMUSG00000062210,Tnfaip8,F,0.00995140314676806,254,0.210963455149502,1.25307208902053
HR-GGM,1205,1788,ENSMUSG00000010663,Fads1,F,0.00993230666820258,254,0.210788381742739,1.25203219517072
HR-GGM,1206,1021,ENSMUSG00000085631,9630028H03Rik,F,0.00990330528656267,254,0.2106135986733,1.25099402585466
HR-GGM,1207,1048,ENSMUSG00000035606,Ky,F,0.00982652170519626,254,0.210439105219553,1.24995757678602
HR-GGM,1208,1902,ENSMUSG00000029004,Kmt2e,T,0.00978768551171968,255,0.211092715231788,1.25383986276231
HR-GGM,1209,1737,ENSMUSG00000021615,Xrcc4,F,0.00975328287251694,255,0.210918114143921,1.25280277437293
HR-GGM,1210,2383,ENSMUSG00000031012,Cask,F,0.00974979765853166,255,0.210743801652893,1.25176740017923
HR-GGM,1211,905,ENSMUSG00000030306,Tmtc1,F,0.00963027882573545,255,0.210569777043765,1.25073373593466
HR-GGM,1212,1785,ENSMUSG00000029636,Wasf3,F,0.00956571257796755,255,0.21039603960396,1.24970177740666
HR-GGM,1213,589,ENSMUSG00000067889,Sptbn2,F,0.00943363081221975,255,0.210222588623248,1.24867152037664
HR-GGM,1214,2611,ENSMUSG00000033237,Arid2,F,0.00937897323944897,255,0.21004942339374,1.24764296063992
HR-GGM,1215,2458,ENSMUSG00000021916,Glt8d1,F,0.00935020853395304,255,0.209876543209877,1.24661609400565
HR-GGM,1216,1587,ENSMUSG00000027452,Acss1,F,0.00932370835693539,255,0.209703947368421,1.24559091629677
HR-GGM,1217,1239,ENSMUSG00000060961,Slc4a4,F,0.00925647004612977,255,0.209531635168447,1.24456742334993
HR-GGM,1218,2984,ENSMUSG00000041688,Amot,F,0.0091552139121827,255,0.20935960591133,1.24354561101549
HR-GGM,1219,2719,ENSMUSG00000009569,Mkl2,F,0.00914453625563777,255,0.209187858900738,1.2425254751574
HR-GGM,1220,2379,ENSMUSG00000030894,Tpp1,F,0.00912732182334815,255,0.209016393442623,1.24150701165317
HR-GGM,1221,2970,ENSMUSG00000027130,Slc12a6,F,0.00906677967985502,255,0.208845208845209,1.24049021639383
HR-GGM,1222,2345,ENSMUSG00000021838,Samd4,F,0.00906004462436471,255,0.208674304418985,1.23947508528385
HR-GGM,1223,1186,ENSMUSG00000005417,Mprip,F,0.00903961407518526,255,0.208503679476697,1.2384616142411
HR-GGM,1224,2318,ENSMUSG00000022185,Acin1,F,0.00900707616213176,255,0.208333333333333,1.23744979919679
HR-GGM,1225,784,ENSMUSG00000042751,Nmnat2,F,0.00899112583338575,255,0.208163265306122,1.2364396360954
HR-GGM,1226,546,ENSMUSG00000029156,Sgcb,F,0.00892651971218687,255,0.207993474714519,1.23543112089467
HR-GGM,1227,918,ENSMUSG00000024074,Crim1,F,0.00884757307926282,255,0.207823960880196,1.2344242495655
HR-GGM,1228,2513,ENSMUSG00000028015,Ctso,F,0.00884345448947539,255,0.207654723127036,1.23341901809191
HR-GGM,1229,341,ENSMUSG00000048497,Mmgt2,F,0.00874995339911561,255,0.207485760781123,1.23241542247101
HR-GGM,1230,2990,ENSMUSG00000049680,Urgcp,F,0.00853101111991156,255,0.207317073170732,1.2314134587129
HR-GGM,1231,2722,ENSMUSG00000014956,Ppp1cb,F,0.00850631601946616,255,0.20714865962632,1.23041312284067
HR-GGM,1232,776,ENSMUSG00000021662,Arhgef28,F,0.00849523465164248,255,0.206980519480519,1.22941441089031
HR-GGM,1233,1868,ENSMUSG00000045962,Wnk1,F,0.00848598799651749,255,0.206812652068127,1.22841731891068
HR-GGM,1234,460,ENSMUSG00000059003,Grin2a,T,0.00839494833616565,256,0.207455429497569,1.23223526195544
HR-GGM,1235,2315,ENSMUSG00000026790,Odf2,F,0.00836637621766601,256,0.207287449392713,1.23123750060973
HR-GGM,1236,781,ENSMUSG00000020520,Galnt10,F,0.00823860289065659,256,0.207119741100324,1.23024135376457
HR-GGM,1237,1899,ENSMUSG00000047409,Ctdspl,F,0.00812507596345824,256,0.206952303961196,1.22924681750446
HR-GGM,1238,2760,ENSMUSG00000013160,Atp6v0d1,T,0.0080947729167322,257,0.207592891760905,1.23305175467622
HR-GGM,1239,1825,ENSMUSG00000026074,Map4k4,T,0.00801997161058128,258,0.208232445520581,1.23685054989936
HR-GGM,1240,2035,ENSMUSG00000021248,Tmed10,F,0.00791759979042015,258,0.208064516129032,1.23585308977847
HR-GGM,1241,2734,ENSMUSG00000036112,Metap2,F,0.00790159797817778,258,0.207896857373086,1.23485723716785
HR-GGM,1242,2558,ENSMUSG00000041408,Wapl,F,0.00788528092843146,258,0.207729468599034,1.23386298818462
HR-GGM,1243,2469,ENSMUSG00000034101,Ctnnd1,F,0.00771998159342065,258,0.207562349155269,1.23287033895841
HR-GGM,1244,735,ENSMUSG00000048978,Nrsn1,T,0.00762042164814237,259,0.208199356913183,1.23665401154457
HR-GGM,1245,71,ENSMUSG00000032014,Oaf,F,0.00758714515276583,259,0.208032128514056,1.23566071514976
HR-GGM,1246,1216,ENSMUSG00000085245,Gm11713,F,0.00753404570380375,259,0.207865168539326,1.23466901313118
HR-GGM,1247,2667,ENSMUSG00000045098,Kmt5b,T,0.00752239036886997,260,0.20850040096231,1.23844214065565
HR-GGM,1248,1491,ENSMUSG00000007892,Rplp1,F,0.00747764664770435,260,0.208333333333333,1.23744979919679
HR-GGM,1249,2289,ENSMUSG00000034612,Chst11,F,0.00729297762963122,260,0.208166533226581,1.23645904675548
HR-GGM,1250,2999,ENSMUSG00000038708,Golga4,F,0.00728054190906548,260,0.208,1.23546987951807
HR-GGM,1251,873,ENSMUSG00000073565,Prr16,F,0.00725532481932794,260,0.207833733013589,1.23448229368313
HR-GGM,1252,228,ENSMUSG00000036564,Ndrg4,F,0.00724818859712844,260,0.207667731629393,1.23349628546133
HR-GGM,1253,1073,ENSMUSG00000011179,Odc1,F,0.00714688302897296,260,0.207501995211492,1.23251185107549
HR-GGM,1254,2845,ENSMUSG00000021224,Numb,F,0.0071261912942497,260,0.207336523125997,1.23152898676044
HR-GGM,1255,2742,ENSMUSG00000040651,Fam208a,F,0.0071249970700824,260,0.207171314741036,1.23054768876302
HR-GGM,1256,2139,ENSMUSG00000021188,Trip11,F,0.00711662768378039,260,0.207006369426752,1.22956795334203
HR-GGM,1257,1104,ENSMUSG00000026080,Chst10,F,0.00709940781874554,260,0.20684168655529,1.22858977676817
HR-GGM,1258,2174,ENSMUSG00000004980,Hnrnpa2b1,F,0.00704545904356291,260,0.206677265500795,1.227613155324
HR-GGM,1259,895,ENSMUSG00000031683,Lsm6,F,0.00697793260912667,260,0.206513105639396,1.22663808530388
HR-GGM,1260,2779,ENSMUSG00000021244,Ylpm1,F,0.00697083646305875,260,0.206349206349206,1.22566456301396
HR-GGM,1261,548,ENSMUSG00000021536,Adcy2,T,0.0068997421638904,261,0.206978588421887,1.22940294086736
HR-GGM,1262,1882,ENSMUSG00000020863,Luc7l3,F,0.00674426062599251,261,0.206814580031696,1.22842877054971
HR-GGM,1263,485,ENSMUSG00000047617,Paxx,F,0.00671819586629518,261,0.206650831353919,1.22745614286123
HR-GGM,1264,975,ENSMUSG00000047787,Flrt1,F,0.00671542035301535,261,0.206487341772152,1.22648505414061
HR-GGM,1265,2128,ENSMUSG00000037608,Bclaf1,F,0.0066668414323143,261,0.206324110671937,1.22551550073813
HR-GGM,1266,751,ENSMUSG00000022376,Adcy8,T,0.00656114303357462,262,0.20695102685624,1.22923923180875
HR-GGM,1267,2029,ENSMUSG00000058756,Thra,F,0.00650463486622393,262,0.206787687450671,1.22826903509856
HR-GGM,1268,2645,ENSMUSG00000053644,Aldh7a1,F,0.006479073994048,262,0.206624605678233,1.2273003686671
HR-GGM,1269,1499,ENSMUSG00000022883,Robo1,F,0.00646926111670185,262,0.206461780929866,1.22633322889667
HR-GGM,1270,2942,ENSMUSG00000047213,Ythdf3,F,0.00634884273012944,262,0.206299212598425,1.22536761218101
HR-GGM,1271,81,ENSMUSG00000053310,Nrgn,T,0.00633500718100547,263,0.206923682140047,1.22907681078365
HR-GGM,1272,1470,ENSMUSG00000086155,9430041J12Rik,F,0.00630529507893633,263,0.206761006289308,1.22811055542926
HR-GGM,1273,837,ENSMUSG00000036103,Colec12,F,0.00624872825367849,263,0.206598586017282,1.22714581815084
HR-GGM,1274,993,ENSMUSG00000034762,Glis1,T,0.00621662342430072,264,0.207221350078493,1.23084488661081
HR-GGM,1275,1066,ENSMUSG00000097587,4930578M01Rik,F,0.00619408091127301,264,0.207058823529412,1.22987951807229
HR-GGM,1276,2864,ENSMUSG00000017376,Nlk,F,0.0061915732490656,264,0.206896551724138,1.2289156626506
HR-GGM,1277,2872,ENSMUSG00000020149,Rab1,T,0.00608690874688173,265,0.207517619420517,1.23260465511223
HR-GGM,1278,447,ENSMUSG00000058589,Anks1b,F,0.006061338112506,265,0.20735524256651,1.23164017572638
HR-GGM,1279,2763,ENSMUSG00000024242,Map4k3,T,0.00598426302427075,266,0.207974980453479,1.23532126944055
HR-GGM,1280,2456,ENSMUSG00000032570,Atp2c1,T,0.00587117314578206,267,0.20859375,1.23899661144578
HR-GGM,1281,202,ENSMUSG00000022523,Fgf12,T,0.00576803316057871,268,0.209211553473849,1.24266621521214
HR-GGM,1282,2594,ENSMUSG00000039765,Cc2d2a,F,0.00574674072614683,268,0.209048361934477,1.24169689679153
HR-GGM,1283,507,ENSMUSG00000018965,Ywhah,F,0.00570257293785516,268,0.208885424785659,1.24072908938951
HR-GGM,1284,1022,ENSMUSG00000024187,Fam234a,F,0.0055552291142388,268,0.208722741433022,1.23976278947566
HR-GGM,1285,1468,ENSMUSG00000039701,Usp53,F,0.00545731747529241,268,0.208560311284047,1.23879799353054
HR-GGM,1286,1029,ENSMUSG00000045795,Whamm,F,0.00542690135054192,268,0.208398133748056,1.23783469804568
HR-GGM,1287,322,ENSMUSG00000021986,Amer2,F,0.00528993095296692,268,0.208236208236208,1.2368728995235
HR-GGM,1288,1463,ENSMUSG00000030209,Grin2b,T,0.00525573656163729,269,0.208850931677019,1.24052420863579
HR-GGM,1289,227,ENSMUSG00000070570,Slc17a7,F,0.0052220221555995,269,0.208688906128782,1.23956181592156
HR-GGM,1290,493,ENSMUSG00000040624,Plekhg1,F,0.00518796197112234,269,0.208527131782946,1.23860091528906
HR-GGM,1291,2671,ENSMUSG00000039533,Mmd2,F,0.00517274050383613,269,0.208365608055771,1.23764150327102
HR-GGM,1292,1128,ENSMUSG00000029406,Pitpnm2,T,0.00501417344639059,270,0.208978328173375,1.24128091312619
HR-GGM,1293,2980,ENSMUSG00000024969,Mark2,F,0.00497525283704647,270,0.208816705336427,1.24032091241998
HR-GGM,1294,955,ENSMUSG00000025314,Ptprj,T,0.00494896637677295,271,0.209428129829985,1.24395262658051
HR-GGM,1295,1506,ENSMUSG00000052512,Nav2,F,0.00493467854412296,271,0.209266409266409,1.24299204540168
HR-GGM,1296,2948,ENSMUSG00000000708,Kat2b,T,0.00490617084081303,272,0.209876543209877,1.24661609400565
HR-GGM,1297,2279,ENSMUSG00000073664,Nbeal1,T,0.004838619360973,273,0.210485736314572,1.25023455425402
HR-GGM,1298,235,ENSMUSG00000052942,Glis3,T,0.00475312927259407,274,0.211093990755008,1.25384743906288
HR-GGM,1299,2351,ENSMUSG00000019920,Lims1,F,0.00456238318674874,274,0.210931485758276,1.25288219854012
HR-GGM,1300,2286,ENSMUSG00000022811,Zfp148,T,0.00444085528618392,275,0.211538461538462,1.2564874884152
HR-GGM,1301,2909,ENSMUSG00000036104,Rab3gap1,T,0.00443880915038759,276,0.212144504227517,1.26008723595381
HR-GGM,1302,1744,ENSMUSG00000028128,F3,F,0.00438163804920179,276,0.211981566820276,1.25911942701682
HR-GGM,1303,2601,ENSMUSG00000048874,Phf3,T,0.00437713001817771,277,0.212586339217191,1.26271162932621
HR-GGM,1304,1140,ENSMUSG00000042616,Oscp1,F,0.00429794964334872,277,0.212423312883436,1.26174329218715
HR-GGM,1305,1153,ENSMUSG00000058070,Eml1,F,0.00420843096379226,277,0.212260536398467,1.26077643908969
HR-GGM,1306,1790,ENSMUSG00000001911,Nfix,F,0.00407945298482236,277,0.212098009188361,1.25981106662485
HR-GGM,1307,2666,ENSMUSG00000049612,Omg,F,0.00403512433783674,277,0.211935730680949,1.25884717139407
HR-GGM,1308,941,ENSMUSG00000040649,Rimklb,F,0.0039729960301331,277,0.21177370030581,1.25788475000921
HR-GGM,1309,2438,ENSMUSG00000021794,Glud1,F,0.00388280749542266,277,0.21161191749427,1.25692379909247
HR-GGM,1310,2871,ENSMUSG00000020642,Rnf144a,F,0.00388254131075944,277,0.211450381679389,1.25596431527637
HR-GGM,1311,1258,ENSMUSG00000022197,Pdzd2,F,0.00383480818909402,277,0.211289092295957,1.2550062952037
HR-GGM,1312,414,ENSMUSG00000032532,Cck,F,0.0036782045342048,277,0.211128048780488,1.25404973552748
HR-GGM,1313,2769,ENSMUSG00000052748,Swt1,F,0.00350244325963824,277,0.210967250571211,1.25309463291093
HR-GGM,1314,798,ENSMUSG00000020334,Slc22a4,F,0.00349437430975214,277,0.210806697108067,1.25214098402743
HR-GGM,1315,1523,ENSMUSG00000021792,Fam213a,F,0.00346916320665485,277,0.2106463878327,1.25118878556049
HR-GGM,1316,1206,ENSMUSG00000039717,Ralyl,F,0.00344265445466801,277,0.21048632218845,1.25023803420368
HR-GGM,1317,425,ENSMUSG00000049690,Nckap5,F,0.00341299147116858,277,0.210326499620349,1.24928872666063
HR-GGM,1318,496,ENSMUSG00000031367,Ap1s2,F,0.00340254629272256,277,0.210166919575114,1.24834085964495
HR-GGM,1319,2893,ENSMUSG00000020516,Rps6kb1,F,0.00320862862071908,277,0.210007581501137,1.24739442988025
HR-GGM,1320,401,ENSMUSG00000036565,Ttyh3,F,0.00320251396048462,277,0.209848484848485,1.24644943410004
HR-GGM,1321,393,ENSMUSG00000001833,Sept7,F,0.00315632878655505,277,0.209689629068887,1.24550586904773
HR-GGM,1322,1965,ENSMUSG00000032253,Phip,F,0.00308938639893609,277,0.209531013615734,1.24456373147659
HR-GGM,1323,1998,ENSMUSG00000014602,Kif1a,F,0.00307595918133748,277,0.209372637944067,1.2436230181497
HR-GGM,1324,2635,ENSMUSG00000045078,Rnf216,F,0.00296687905709459,277,0.209214501510574,1.24268372583992
HR-GGM,1325,1398,ENSMUSG00000039057,Myo16,F,0.00288279430220391,277,0.209056603773585,1.24174585132985
HR-GGM,1326,70,ENSMUSG00000048388,Fam171b,F,0.00278313783567801,277,0.208898944193062,1.2408093914118
HR-GGM,1327,1484,ENSMUSG00000039145,Camk1d,T,0.00275819432440778,278,0.209495101733233,1.244350423548
HR-GGM,1328,2575,ENSMUSG00000037818,Abhd18,F,0.00274845941942643,278,0.20933734939759,1.24341341268689
HR-GGM,1329,2322,ENSMUSG00000021577,Sdha,F,0.002737838323167,278,0.209179834462002,1.2424778119249
HR-GGM,1330,2477,ENSMUSG00000024695,Zfp91,T,0.00270625118957708,279,0.209774436090226,1.24600960231905
HR-GGM,1331,2905,ENSMUSG00000027272,Ubr1,F,0.00252959497788926,279,0.20961682945154,1.24507345686276
HR-GGM,1332,2460,ENSMUSG00000022914,Brwd1,F,0.0024341167043567,279,0.209459459459459,1.24413871703028
HR-GGM,1333,2906,ENSMUSG00000043962,Thrap3,F,0.00240023760379106,279,0.209302325581395,1.24320537965817
HR-GGM,1334,2804,ENSMUSG00000074305,Peak1,F,0.00234161120646237,279,0.209145427286357,1.24227344159246
HR-GGM,1335,2370,ENSMUSG00000041685,Fcho2,F,0.00224712532567067,279,0.208988764044944,1.24134289968864
HR-GGM,1336,1247,ENSMUSG00000037990,Sh3rf3,F,0.00222304080674803,279,0.208832335329341,1.24041375081163
HR-GGM,1337,471,ENSMUSG00000021943,Gdf10,F,0.00220080774770038,279,0.208676140613313,1.2394859918357
HR-GGM,1338,2623,ENSMUSG00000045671,Spred2,F,0.00218322042941731,279,0.208520179372197,1.2385596196445
HR-GGM,1339,2686,ENSMUSG00000040761,Spen,F,0.00209545153120422,279,0.208364451082898,1.23763463113095
HR-GGM,1340,1296,ENSMUSG00000059708,Akap17b,T,0.00209346290843597,280,0.208955223880597,1.24114367919439
HR-GGM,1341,1943,ENSMUSG00000003452,Bicd1,F,0.00204215141625225,280,0.208799403430276,1.24021814326658
HR-GGM,1342,1745,ENSMUSG00000057230,Aak1,F,0.00202754258986317,280,0.208643815201192,1.23929398667696
HR-GGM,1343,2902,ENSMUSG00000027176,Cstf3,F,0.00198016248305604,280,0.208488458674609,1.23837120634436
HR-GGM,1344,2951,ENSMUSG00000020459,Mtif2,F,0.0019701388162491,280,0.208333333333333,1.23744979919679
HR-GGM,1345,2352,ENSMUSG00000053838,Nudcd3,F,0.00195913208508404,280,0.20817843866171,1.23652976217136
HR-GGM,1346,2288,ENSMUSG00000025907,Rb1cc1,F,0.00195902210049009,280,0.208023774145617,1.23561109221433
HR-GGM,1347,271,ENSMUSG00000021743,Fezf2,F,0.00186344014358348,280,0.207869339272457,1.23469378628098
HR-GGM,1348,2295,ENSMUSG00000007411,Mark3,F,0.00171611977641004,280,0.207715133531157,1.23377784133567
HR-GGM,1349,1016,ENSMUSG00000071679,Rtl4,F,0.00161559118984616,280,0.207561156412157,1.23286325435173
HR-GGM,1350,2462,ENSMUSG00000024002,Brd4,F,0.00157430501268688,280,0.207407407407407,1.23195002231147
HR-GGM,1351,272,ENSMUSG00000030691,Fchsd2,F,0.00157139433593348,280,0.207253886010363,1.23103814220613
HR-GGM,1352,858,ENSMUSG00000031209,Heph,F,0.00154091241722479,280,0.207100591715976,1.23012761103586
HR-GGM,1353,2859,ENSMUSG00000029202,Pds5a,F,0.00154032044150669,280,0.206947524020695,1.22921842580967
HR-GGM,1354,339,ENSMUSG00000047143,Dmrta2,F,0.001447336796236,280,0.206794682422452,1.22831058354541
HR-GGM,1355,2621,ENSMUSG00000032575,Manf,F,0.00132580191785024,280,0.206642066420664,1.22740408126973
HR-GGM,1356,1310,ENSMUSG00000037720,Tmem33,T,0.00127498249460328,281,0.207227138643068,1.23087926928955
HR-GGM,1357,612,ENSMUSG00000033964,Zbtb41,F,0.00122440449452333,281,0.207074428887251,1.22997221013753
HR-GGM,1358,1020,ENSMUSG00000020774,Aspa,F,0.00120854231064693,281,0.206921944035346,1.22906648686055
HR-GGM,1359,887,ENSMUSG00000027434,Nkx2-2,F,0.00115394894875833,281,0.206769683590876,1.22816209650966
HR-GGM,1360,298,ENSMUSG00000051674,Dcun1d4,F,0.00112745905770806,281,0.206617647058824,1.22725903614458
HR-GGM,1361,2945,ENSMUSG00000043535,Setx,F,0.00109785836659137,281,0.206465833945628,1.22635730283367
HR-GGM,1362,1367,ENSMUSG00000091586,Cyp4f17,F,0.000961947481451433,281,0.206314243759178,1.22545689365391
HR-GGM,1363,2923,ENSMUSG00000017686,Rhot1,T,0.000941694550119423,282,0.206896551724138,1.2289156626506
HR-GGM,1364,1877,ENSMUSG00000028552,Eps15,F,0.000941184272782004,282,0.206744868035191,1.22801469808854
HR-GGM,1365,1287,ENSMUSG00000023960,Enpp5,F,0.000922113013555481,282,0.206593406593407,1.22711505362108
HR-GGM,1366,744,ENSMUSG00000031342,Gpm6b,F,0.000901279137734788,282,0.206442166910688,1.22621672634903
HR-GGM,1367,1362,ENSMUSG00000033257,Ttll4,F,0.00086396643115827,282,0.206291148500366,1.22531971338169
HR-GGM,1368,2772,ENSMUSG00000059263,Usp47,F,0.000706343947865266,282,0.206140350877193,1.22442401183682
HR-GGM,1369,921,ENSMUSG00000050965,Prkca,T,0.000690096141310064,283,0.206720233747261,1.22786837635421
HR-GGM,1370,1660,ENSMUSG00000028444,Cntfr,F,0.000648100847239203,283,0.206569343065693,1.2269721220649
HR-GGM,1371,1280,ENSMUSG00000037138,Aff3,F,0.000614386338943957,283,0.206418672501823,1.22607717522167
HR-GGM,1372,1171,ENSMUSG00000024052,Lpin2,F,0.000538665641683967,283,0.206268221574344,1.22518353296568
HR-GGM,1373,2991,ENSMUSG00000020680,Taf15,F,0.000511739061963691,283,0.20611798980335,1.22429119244641
HR-GGM,1374,355,ENSMUSG00000027221,Chst1,F,0.000463025232408486,283,0.205967976710335,1.22340015082163
HR-GGM,1375,350,ENSMUSG00000086968,4933431E20Rik,F,0.000426513450655657,283,0.205818181818182,1.22251040525739
HR-GGM,1376,1039,ENSMUSG00000020272,Stk10,F,0.0003961228165647,283,0.205668604651163,1.22162195292799
HR-GGM,1377,2526,ENSMUSG00000028556,Dock7,T,0.000366544554574559,284,0.206245461147422,1.2250483415142
HR-GGM,1378,2523,ENSMUSG00000020994,Pnn,F,0.000355847524691403,284,0.206095791001451,1.22415933691224
HR-GGM,1379,758,ENSMUSG00000056158,Car10,F,0.000299667846242085,284,0.205946337926033,1.22327162165704
HR-GGM,1380,2115,ENSMUSG00000029313,Aff1,F,0.000294069053769949,284,0.205797101449275,1.2223851929457
HR-GGM,1381,129,ENSMUSG00000024617,Camk2a,T,0.000270188143327013,285,0.206372194062274,1.22580110449037
HR-GGM,1382,922,ENSMUSG00000024143,Rhoq,T,0.000248492584197677,286,0.206946454413893,1.229212072603
HR-GGM,1383,1306,ENSMUSG00000058656,Samd12,F,0.000238837712308269,286,0.206796818510484,1.2283232713936
HR-GGM,1384,2408,ENSMUSG00000075701,Selenos,F,9.68930222357114e-05,286,0.206647398843931,1.22743575457901
HR-GGM,1385,2317,ENSMUSG00000039159,Ube2h,F,7.08649756863343e-05,286,0.206498194945848,1.22654951937715
HR-GGM,1386,2597,ENSMUSG00000022016,Akap11,T,6.3113506543073e-05,287,0.207070707070707,1.22995010344408
HR-GGM,1387,2484,ENSMUSG00000041702,Btbd7,F,3.33660105173533e-05,287,0.206921413121846,1.22906333336229
HR-GGM,1388,44,ENSMUSG00000043259,Fam13c,F,0,287,0.206772334293948,1.22817784104719
HR-GGM,1389,45,ENSMUSG00000039037,St6galnac5,F,0,287,0.20662347012239,1.22729362373902
HR-GGM,1390,47,ENSMUSG00000097520,4930488L21Rik,F,0,287,0.206474820143885,1.22641067868597
HR-GGM,1391,48,ENSMUSG00000024827,Gldc,F,0,287,0.206326383896477,1.22552900314414
HR-GGM,1392,50,ENSMUSG00000021613,Hapln1,F,0,287,0.20617816091954,1.22464859437751
HR-GGM,1393,52,ENSMUSG00000025964,Adam23,F,0,287,0.206030150753769,1.22376944965793
HR-GGM,1394,53,ENSMUSG00000050447,Lypd6,F,0,287,0.205882352941176,1.22289156626506
HR-GGM,1395,54,ENSMUSG00000115263,AC154683.1,F,0,287,0.20573476702509,1.22201494148638
HR-GGM,1396,55,ENSMUSG00000087095,Emx2os,T,0,288,0.206303724928367,1.22539441433355
HR-GGM,1397,56,ENSMUSG00000052539,Magi3,T,0,289,0.206871868289191,1.22876904899483
HR-GGM,1398,57,ENSMUSG00000032537,Ephb1,T,0,290,0.207439198855508,1.23213885585259
HR-GGM,1399,58,ENSMUSG00000030772,Dkk3,F,0,290,0.207290922087205,1.23125812757822
HR-GGM,1400,59,ENSMUSG00000023868,Pde10a,T,0,291,0.207857142857143,1.23462134251291
HR-GGM,1401,60,ENSMUSG00000105352,C030018K13Rik,F,0,291,0.207708779443255,1.23374009958463
HR-GGM,1402,61,ENSMUSG00000031137,Fgf13,T,0,292,0.208273894436519,1.23709674647234
HR-GGM,1403,62,ENSMUSG00000030235,Slco1c1,F,0,292,0.208125445473984,1.23621499540571
HR-GGM,1404,63,ENSMUSG00000028519,Dab1,F,0,292,0.207977207977208,1.23533450039474
HR-GGM,1405,64,ENSMUSG00000026576,Atp1b1,F,0,292,0.207829181494662,1.23445525875745
HR-GGM,1406,65,ENSMUSG00000007682,Dio2,F,0,292,0.207681365576102,1.2335772678195
HR-GGM,1407,66,ENSMUSG00000015484,Fam163a,F,0,292,0.207533759772566,1.23270052491416
HR-GGM,1408,67,ENSMUSG00000021684,Pde8b,T,0,293,0.208096590909091,1.23604360624315
HR-GGM,1409,68,ENSMUSG00000034463,Scara3,F,0,293,0.207948899929028,1.23516635740977
HR-GGM,1410,69,ENSMUSG00000054720,Lrrc8c,T,0,294,0.208510638297872,1.23850294796206
HR-GGM,1411,72,ENSMUSG00000031647,Mfap3l,F,0,294,0.208362863217576,1.23762519959355
HR-GGM,1412,73,ENSMUSG00000020950,Foxg1,T,0,295,0.208923512747875,1.24095532270726
HR-GGM,1413,75,ENSMUSG00000048424,Ranbp3l,F,0,295,0.208775654635527,1.24007708114837
HR-GGM,1414,76,ENSMUSG00000043969,Emx2,T,0,296,0.209335219236209,1.24340076004158
HR-GGM,1415,77,ENSMUSG00000021097,Clmn,F,0,296,0.209187279151943,1.24252203158925
HR-GGM,1416,78,ENSMUSG00000110843,Gm35552,F,0,296,0.209039548022599,1.24164454427881
HR-GGM,1417,79,ENSMUSG00000025089,Gfra1,F,0,296,0.208892025405787,1.24076829548257
HR-GGM,1418,80,ENSMUSG00000025932,Eya1,F,0,296,0.208744710860367,1.23989328258025
HR-GGM,1419,82,ENSMUSG00000042256,Ptchd4,F,0,296,0.208597603946441,1.23901950295898
HR-GGM,1420,84,ENSMUSG00000019803,Nr2e1,T,0,297,0.209154929577465,1.24232988291193
HR-GGM,1421,85,ENSMUSG00000027253,Lrp4,F,0,297,0.209007741027445,1.24145561839193
HR-GGM,1422,86,ENSMUSG00000064052,Gm5089,F,0,297,0.208860759493671,1.24058258349855
HR-GGM,1423,87,ENSMUSG00000018398,Sept8,F,0,297,0.208713984539705,1.23971077563945
HR-GGM,1424,88,ENSMUSG00000054728,Phactr1,F,0,297,0.208567415730337,1.23884019222959
HR-GGM,1425,89,ENSMUSG00000052516,Robo2,F,0,297,0.208421052631579,1.23797083069119
HR-GGM,1426,90,ENSMUSG00000039601,Rcan2,T,0,298,0.208976157082749,1.24126801737103
HR-GGM,1427,91,ENSMUSG00000046314,Stxbp6,T,0,299,0.209530483531885,1.24456058290626
HR-GGM,1428,92,ENSMUSG00000021451,Sema4d,F,0,299,0.209383753501401,1.24368904188181
HR-GGM,1429,93,ENSMUSG00000036155,Mgat5,F,0,299,0.209237228831351,1.24281872064887
HR-GGM,1430,95,ENSMUSG00000000560,Gabra2,T,0,300,0.20979020979021,1.24610329429607
HR-GGM,1431,96,ENSMUSG00000031015,Swap70,F,0,300,0.209643605870021,1.24523250233639
HR-GGM,1432,97,ENSMUSG00000026425,Srgap2,F,0,300,0.209497206703911,1.2443629265666
HR-GGM,1433,98,ENSMUSG00000000305,Cdh4,T,0,301,0.210048848569435,1.24763954632206
HR-GGM,1434,99,ENSMUSG00000037989,Wnk2,F,0,301,0.209902370990237,1.24676950479743
HR-GGM,1435,101,ENSMUSG00000050199,Lgr4,F,0,301,0.209756097560976,1.24590067587423
HR-GGM,1436,102,ENSMUSG00000097157,Gm26512,F,0,301,0.209610027855153,1.24503305701916
HR-GGM,1437,103,ENSMUSG00000026575,Nme7,F,0,301,0.20946416144746,1.244166645706
HR-GGM,1438,104,ENSMUSG00000073424,Cyp4f15,F,0,301,0.209318497913769,1.24330143941552
HR-GGM,1439,105,ENSMUSG00000057766,Ankrd29,F,0,301,0.209173036831133,1.24243743563552
HR-GGM,1440,106,ENSMUSG00000027210,Meis2,F,0,301,0.209027777777778,1.24157463186078
HR-GGM,1441,107,ENSMUSG00000004056,Akt2,F,0,301,0.208882720333102,1.240713025593
HR-GGM,1442,108,ENSMUSG00000031283,Chrdl1,F,0,301,0.20873786407767,1.23985261434086
HR-GGM,1443,112,ENSMUSG00000000184,Ccnd2,F,0,301,0.208593208593209,1.2389933956199
HR-GGM,1444,113,ENSMUSG00000062151,Unc13c,T,0,302,0.209141274238227,1.2422487734873
HR-GGM,1445,114,ENSMUSG00000042680,Garem1,F,0,302,0.208996539792388,1.24138908575478
HR-GGM,1446,115,ENSMUSG00000064289,Tank,F,0,302,0.208852005532503,1.2405305870786
HR-GGM,1447,116,ENSMUSG00000075012,Fjx1,F,0,302,0.208707671043538,1.23967327499355
HR-GGM,1448,117,ENSMUSG00000060924,Csmd1,F,0,302,0.208563535911602,1.2388171470412
HR-GGM,1449,118,ENSMUSG00000024975,Pdcd4,F,0,302,0.208419599723948,1.23796220076995
HR-GGM,1450,119,ENSMUSG00000060534,Dcc,F,0,302,0.208275862068966,1.23710843373494
HR-GGM,1451,120,ENSMUSG00000033174,Mgll,F,0,302,0.208132322536182,1.23625584349804
HR-GGM,1452,121,ENSMUSG00000022885,St6gal1,F,0,302,0.207988980716253,1.23540442762787
HR-GGM,1453,122,ENSMUSG00000032482,Cspg5,F,0,302,0.207845836200964,1.2345541836997
HR-GGM,1454,123,ENSMUSG00000029245,Epha5,T,0,303,0.208390646492435,1.23779022555145
HR-GGM,1455,124,ENSMUSG00000028028,Alpk1,F,0,303,0.208247422680412,1.2369395106198
HR-GGM,1456,126,ENSMUSG00000001870,Ltbp1,F,0,303,0.208104395604396,1.23608996425261
HR-GGM,1457,127,ENSMUSG00000022012,Enox1,F,0,303,0.2079615648593,1.23524158404379
HR-GGM,1458,128,ENSMUSG00000117896,AA387883,F,0,303,0.207818930041152,1.23439436759383
HR-GGM,1459,130,ENSMUSG00000039047,Pigk,F,0,303,0.207676490747087,1.23354831250981
HR-GGM,1460,131,ENSMUSG00000060548,Tnfrsf19,F,0,303,0.207534246575342,1.23270341640535
HR-GGM,1461,133,ENSMUSG00000003623,Crot,F,0,303,0.207392197125257,1.23185967690062
HR-GGM,1462,135,ENSMUSG00000030513,Pcsk6,F,0,303,0.207250341997264,1.2310170916223
HR-GGM,1463,136,ENSMUSG00000042148,Cox10,F,0,303,0.207108680792891,1.23017565820356
HR-GGM,1464,137,ENSMUSG00000028159,Dapp1,F,0,303,0.206967213114754,1.22933537428402
HR-GGM,1465,138,ENSMUSG00000110559,Gm26843,F,0,303,0.206825938566553,1.22849623750977
HR-GGM,1466,139,ENSMUSG00000038280,Ostm1,F,0,303,0.20668485675307,1.22765824553329
HR-GGM,1467,141,ENSMUSG00000040183,Ankrd6,F,0,303,0.206543967280164,1.2268213960135
HR-GGM,1468,142,ENSMUSG00000039934,Gsap,F,0,303,0.206403269754768,1.22598568661567
HR-GGM,1469,143,ENSMUSG00000026565,Pou2f1,F,0,303,0.206262763784888,1.22515111501144
HR-GGM,1470,144,ENSMUSG00000099696,2900052N01Rik,F,0,303,0.206122448979592,1.22431767887878
HR-GGM,1471,145,ENSMUSG00000039410,Prdm16,F,0,303,0.205982324949014,1.22348537590198
HR-GGM,1472,146,ENSMUSG00000022899,Slc15a2,F,0,303,0.205842391304348,1.22265420377161
HR-GGM,1473,147,ENSMUSG00000097589,Dleu2,F,0,303,0.205702647657841,1.22182416018453
HR-GGM,1474,148,ENSMUSG00000055639,Dach1,F,0,303,0.205563093622795,1.22099524284383
HR-GGM,1475,149,ENSMUSG00000026259,Ngef,F,0,303,0.205423728813559,1.22016744945885
HR-GGM,1476,150,ENSMUSG00000031561,Tenm3,F,0,303,0.205284552845528,1.21934077774513
HR-GGM,1477,151,ENSMUSG00000038127,Ccdc50,F,0,303,0.205145565335139,1.21851522542438
HR-GGM,1478,152,ENSMUSG00000036402,Gng12,T,0,304,0.205683355886333,1.22170957171039
HR-GGM,1479,153,ENSMUSG00000020734,Grin2c,T,0,305,0.206220419202164,1.22489959839357
HR-GGM,1480,154,ENSMUSG00000008305,Tle1,F,0,305,0.206081081081081,1.22407196352979
HR-GGM,1481,155,ENSMUSG00000031565,Fgfr1,T,0,306,0.206617150573937,1.22725608714398
HR-GGM,1482,156,ENSMUSG00000058571,Gpc6,F,0,306,0.206477732793522,1.22642797912297
HR-GGM,1483,157,ENSMUSG00000028194,Ddah1,F,0,306,0.20633850303439,1.22560098790306
HR-GGM,1484,158,ENSMUSG00000024548,Setbp1,F,0,306,0.206199460916442,1.22477511122658
HR-GGM,1485,159,ENSMUSG00000028132,Tmem56,T,0,307,0.206734006734007,1.22795018457669
HR-GGM,1486,160,ENSMUSG00000035864,Syt1,T,0,308,0.207267833109018,1.23112098461139
HR-GGM,1487,161,ENSMUSG00000085069,Gm13111,F,0,308,0.207128446536651,1.23029306195866
HR-GGM,1488,162,ENSMUSG00000015879,Fam184b,F,0,308,0.206989247311828,1.22946625210519
HR-GGM,1489,163,ENSMUSG00000041729,Coro2b,F,0,308,0.206850235057085,1.22864055280895
HR-GGM,1490,164,ENSMUSG00000037624,Kcnk2,F,0,308,0.206711409395973,1.22781596183391
HR-GGM,1491,165,ENSMUSG00000028184,Adgrl2,T,0,309,0.207243460764588,1.23097621875833
HR-GGM,1492,166,ENSMUSG00000037016,Frem2,F,0,309,0.207104557640751,1.23015116767337
HR-GGM,1493,167,ENSMUSG00000035299,Mid1,F,0,309,0.206965840589417,1.22932722181425
HR-GGM,1494,169,ENSMUSG00000064043,Trerf1,F,0,309,0.206827309236948,1.22850437896163
HR-GGM,1495,170,ENSMUSG00000059921,Unc5c,F,0,309,0.206688963210702,1.22768263690212
HR-GGM,1496,171,ENSMUSG00000053141,Ptprt,T,0,310,0.207219251336898,1.23083242059146
HR-GGM,1497,172,ENSMUSG00000062991,Nrg1,T,0,311,0.207748830995324,1.23397799615295
HR-GGM,1498,173,ENSMUSG00000038267,Slc22a23,F,0,311,0.207610146862483,1.23315424582174
HR-GGM,1499,174,ENSMUSG00000041544,Disp3,F,0,311,0.207471647765177,1.23233159455701
HR-GGM,1500,175,ENSMUSG00000022378,Fam49b,F,0,311,0.207333333333333,1.23151004016064
HR-GGM,1501,176,ENSMUSG00000047786,Lix1,F,0,311,0.207195203197868,1.23068958044035
HR-GGM,1502,180,ENSMUSG00000026614,Slc30a10,F,0,311,0.207057256990679,1.2298702132097
HR-GGM,1503,181,ENSMUSG00000029106,Add1,F,0,311,0.206919494344644,1.22905193628807
HR-GGM,1504,182,ENSMUSG00000058013,Sept11,F,0,311,0.206781914893617,1.22823474750064
HR-GGM,1505,183,ENSMUSG00000022040,Ephx2,T,0,312,0.207308970099668,1.23136532842333
HR-GGM,1506,185,ENSMUSG00000021420,Fars2,F,0,312,0.207171314741036,1.23054768876302
HR-GGM,1507,186,ENSMUSG00000031610,Scrg1,F,0,312,0.207033842070338,1.22973113422502
HR-GGM,1508,187,ENSMUSG00000035245,Eogt,F,0,312,0.206896551724138,1.2289156626506
HR-GGM,1509,188,ENSMUSG00000041577,Prelp,F,0,312,0.20675944333996,1.22810127188675
HR-GGM,1510,190,ENSMUSG00000059327,Eda,F,0,312,0.206622516556291,1.22728795978616
HR-GGM,1511,191,ENSMUSG00000026970,Rbms1,F,0,312,0.206485771012574,1.22647572420722
HR-GGM,1512,192,ENSMUSG00000030064,Frmd4b,F,0,312,0.206349206349206,1.22566456301396
HR-GGM,1513,194,ENSMUSG00000035357,Pdzrn3,F,0,312,0.206212822207535,1.22485447407608
HR-GGM,1514,196,ENSMUSG00000097881,Celrr,F,0,312,0.206076618229855,1.2240454552689
HR-GGM,1515,197,ENSMUSG00000033768,Nrxn2,T,0,313,0.206600660066007,1.2271581375005
HR-GGM,1516,198,ENSMUSG00000028226,Mmp16,F,0,313,0.20646437994723,1.22634866643354
HR-GGM,1517,199,ENSMUSG00000036915,Kirrel2,T,0,314,0.206987475280158,1.22945572666407
HR-GGM,1518,200,ENSMUSG00000028771,Ptpn12,F,0,314,0.206851119894598,1.22864580853056
HR-GGM,1519,201,ENSMUSG00000036225,Kctd1,F,0,314,0.206714944042133,1.22783695678038
HR-GGM,1520,203,ENSMUSG00000024513,Mbd2,T,0,315,0.207236842105263,1.2309369055168
HR-GGM,1521,204,ENSMUSG00000034813,Grip1,F,0,315,0.207100591715976,1.23012761103586
HR-GGM,1522,205,ENSMUSG00000031604,Msmo1,F,0,315,0.206964520367937,1.22931938001678
HR-GGM,1523,206,ENSMUSG00000060477,Irak2,F,0,315,0.20682862770847,1.22851221036477
HR-GGM,1524,207,ENSMUSG00000028613,Lrp8,F,0,315,0.206692913385827,1.22770609999051
HR-GGM,1525,208,ENSMUSG00000030774,Pak1,F,0,315,0.20655737704918,1.22690104681019
HR-GGM,1526,209,ENSMUSG00000031748,Gnao1,F,0,315,0.206422018348624,1.22609704874544
HR-GGM,1527,210,ENSMUSG00000028020,Glrb,F,0,315,0.206286836935167,1.22529410372334
HR-GGM,1528,211,ENSMUSG00000026094,Stk17b,F,0,315,0.206151832460733,1.2244922096764
HR-GGM,1529,212,ENSMUSG00000026527,Rgs7,F,0,315,0.206017004578156,1.22369136454254
HR-GGM,1530,213,ENSMUSG00000032846,Zswim6,F,0,315,0.205882352941176,1.22289156626506
HR-GGM,1531,214,ENSMUSG00000024421,Lama3,F,0,315,0.205747877204442,1.22209281279265
HR-GGM,1532,218,ENSMUSG00000030172,Erc1,F,0,315,0.205613577023499,1.22129510207934
HR-GGM,1533,219,ENSMUSG00000036499,Eea1,F,0,315,0.205479452054795,1.2204984320845
HR-GGM,1534,220,ENSMUSG00000017724,Etv4,F,0,315,0.205345501955671,1.21970280077284
HR-GGM,1535,221,ENSMUSG00000033502,Cdc14a,F,0,315,0.205211726384365,1.21890820611436
HR-GGM,1536,222,ENSMUSG00000039031,Arhgap18,F,0,315,0.205078125,1.21811464608434
HR-GGM,1537,223,ENSMUSG00000022105,Rb1,F,0,315,0.204944697462589,1.21732211866333
HR-GGM,1538,225,ENSMUSG00000068747,Sort1,F,0,315,0.20481144343303,1.21653062183715
HR-GGM,1539,226,ENSMUSG00000063063,Ctnna2,F,0,315,0.204678362573099,1.21574015359684
HR-GGM,1540,230,ENSMUSG00000004698,Hdac9,T,0,316,0.205194805194805,1.21880769832577
HR-GGM,1541,231,ENSMUSG00000021371,Mcur1,T,0,317,0.205710577547047,1.22187126181559
HR-GGM,1542,232,ENSMUSG00000032816,Igdcc4,F,0,317,0.205577172503243,1.22107886800119
HR-GGM,1543,233,ENSMUSG00000033998,Kcnk1,F,0,317,0.205443940375891,1.22028750126885
HR-GGM,1544,234,ENSMUSG00000050103,Agmo,F,0,317,0.205310880829016,1.21949715962295
HR-GGM,1545,236,ENSMUSG00000020021,Fgd6,F,0,317,0.205177993527508,1.21870784107303
HR-GGM,1546,237,ENSMUSG00000118257,9630014M24Rik,F,0,317,0.205045278137128,1.21791954363378
HR-GGM,1547,239,ENSMUSG00000019978,Epb41l2,F,0,317,0.204912734324499,1.21713226532504
HR-GGM,1548,241,ENSMUSG00000038302,Afg1l,F,0,317,0.204780361757106,1.21634600417173
HR-GGM,1549,242,ENSMUSG00000041261,Car8,F,0,317,0.204648160103292,1.21556075820389
HR-GGM,1550,243,ENSMUSG00000041703,Zic5,F,0,317,0.204516129032258,1.21477652545667
HR-GGM,1551,245,ENSMUSG00000021273,Fdft1,F,0,317,0.204384268214055,1.21399330397023
HR-GGM,1552,246,ENSMUSG00000024565,Sall3,F,0,317,0.204252577319588,1.21321109178984
HR-GGM,1553,248,ENSMUSG00000051950,B3glct,F,0,317,0.204121056020605,1.21242988696576
HR-GGM,1554,249,ENSMUSG00000027347,Rasgrp1,F,0,317,0.203989703989704,1.2116496875533
HR-GGM,1555,250,ENSMUSG00000038602,Slc35f1,F,0,317,0.203858520900322,1.21087049161275
HR-GGM,1556,251,ENSMUSG00000022656,Nectin3,F,0,317,0.203727506426735,1.2100922972094
HR-GGM,1557,252,ENSMUSG00000026335,Pam,F,0,317,0.203596660244059,1.20931510241351
HR-GGM,1558,253,ENSMUSG00000028273,Pdlim5,F,0,317,0.203465982028241,1.20853890530028
HR-GGM,1559,254,ENSMUSG00000039323,Igfbp2,F,0,317,0.203335471456062,1.20776370394986
HR-GGM,1560,255,ENSMUSG00000038059,Smim3,F,0,317,0.203205128205128,1.20698949644733
HR-GGM,1561,256,ENSMUSG00000071369,Map3k5,T,0,318,0.203715566944266,1.21002137956052
HR-GGM,1562,258,ENSMUSG00000035275,Raver2,F,0,318,0.203585147247119,1.2092467179859
HR-GGM,1563,260,ENSMUSG00000085133,B930095G15Rik,F,0,318,0.203454894433781,1.20847304766089
HR-GGM,1564,261,ENSMUSG00000074925,Ptar1,F,0,318,0.203324808184143,1.20770036668413
HR-GGM,1565,262,ENSMUSG00000056124,B4galt6,F,0,318,0.203194888178914,1.20692867315909
HR-GGM,1566,263,ENSMUSG00000040270,Bach2,T,0,319,0.203703703703704,1.20995091477019
HR-GGM,1567,264,ENSMUSG00000001630,Stk38l,F,0,319,0.203573707721761,1.20917876996179
HR-GGM,1568,265,ENSMUSG00000052928,Ctif,F,0,319,0.20344387755102,1.20840761003196
HR-GGM,1569,266,ENSMUSG00000055447,Cd47,F,0,319,0.203314212874442,1.20763743309759
HR-GGM,1570,267,ENSMUSG00000006649,Nphs1,F,0,319,0.203184713375796,1.20686823728033
HR-GGM,1571,268,ENSMUSG00000049807,Arhgap23,F,0,319,0.203055378739656,1.20610002070663
HR-GGM,1572,269,ENSMUSG00000104861,3110039M20Rik,F,0,319,0.202926208651399,1.20533278150771
HR-GGM,1573,273,ENSMUSG00000027273,Snap25,T,0,320,0.203432930705658,1.20834258840831
HR-GGM,1574,274,ENSMUSG00000049119,Fam110b,F,0,320,0.203303684879288,1.20757489934324
HR-GGM,1575,275,ENSMUSG00000016028,Celsr1,F,0,320,0.203174603174603,1.20680818512144
HR-GGM,1576,276,ENSMUSG00000044167,Foxo1,T,0,321,0.203680203045685,1.20981132652437
HR-GGM,1577,277,ENSMUSG00000039217,Il18,F,0,321,0.203551046290425,1.20904416652023
HR-GGM,1578,278,ENSMUSG00000021670,Hmgcr,F,0,321,0.203422053231939,1.20827797883549
HR-GGM,1579,279,ENSMUSG00000025545,Clybl,F,0,321,0.203293223559215,1.20751276162281
HR-GGM,1580,284,ENSMUSG00000036815,Dpp10,F,0,321,0.203164556962025,1.2067485130395
HR-GGM,1581,285,ENSMUSG00000091387,Gcnt4,F,0,321,0.20303605313093,1.20598523124757
HR-GGM,1582,287,ENSMUSG00000112117,RF01962,F,0,321,0.202907711757269,1.20522291441366
HR-GGM,1583,288,ENSMUSG00000100252,Mir124-2hg,F,0,321,0.202779532533165,1.20446156070904
HR-GGM,1584,289,ENSMUSG00000022799,Arhgap31,F,0,321,0.202651515151515,1.2037011683096
HR-GGM,1585,290,ENSMUSG00000032413,Rasa2,F,0,321,0.202523659305994,1.20294173539584
HR-GGM,1586,291,ENSMUSG00000004360,9330159F19Rik,F,0,321,0.202395964691047,1.20218326015284
HR-GGM,1587,292,ENSMUSG00000040118,Cacna2d1,T,0,322,0.202898550724638,1.20516850008731
HR-GGM,1588,293,ENSMUSG00000040724,Kcna2,F,0,322,0.202770780856423,1.20440957785803
HR-GGM,1589,294,ENSMUSG00000057604,Lmcd1,F,0,322,0.202643171806167,1.20365161084868
HR-GGM,1590,295,ENSMUSG00000030621,Me3,F,0,322,0.20251572327044,1.20289459725695
HR-GGM,1591,296,ENSMUSG00000020656,Grhl1,F,0,322,0.202388434946574,1.20213853528507
HR-GGM,1592,299,ENSMUSG00000039166,Akap7,T,0,323,0.202889447236181,1.20511442755948
HR-GGM,1593,300,ENSMUSG00000032649,Colgalt2,F,0,323,0.202762084118016,1.20435792132749
HR-GGM,1594,302,ENSMUSG00000037503,Fam168b,F,0,323,0.202634880803011,1.20360236428777
HR-GGM,1595,303,ENSMUSG00000003410,Elavl3,F,0,323,0.202507836990596,1.20284775465498
HR-GGM,1596,305,ENSMUSG00000025026,Add3,F,0,323,0.202380952380952,1.20209409064831
HR-GGM,1597,306,ENSMUSG00000034361,Cpne2,T,0,324,0.202880400751409,1.20506069361981
HR-GGM,1598,307,ENSMUSG00000022946,Dopey2,F,0,324,0.202753441802253,1.20430658805435
HR-GGM,1599,308,ENSMUSG00000021318,Gli3,T,0,325,0.203252032520325,1.20726809677735
HR-GGM,1600,309,ENSMUSG00000050315,Synpo2,T,0,326,0.20375,1.21022590361446
HR-GGM,1601,311,ENSMUSG00000059248,Sept9,F,0,326,0.203622735790131,1.20946998487391
HR-GGM,1602,312,ENSMUSG00000021474,Sfxn1,F,0,326,0.203495630461923,1.20871500985214
HR-GGM,1603,315,ENSMUSG00000014496,Ankrd28,F,0,326,0.203368683718029,1.20796097678299
HR-GGM,1604,316,ENSMUSG00000024480,Ap3s1,F,0,326,0.203241895261845,1.2072078839047
HR-GGM,1605,317,ENSMUSG00000015882,Lcorl,F,0,326,0.203115264797508,1.2064557294599
HR-GGM,1606,319,ENSMUSG00000046573,Lyrm4,F,0,326,0.202988792029888,1.2057045116956
HR-GGM,1607,320,ENSMUSG00000034663,Bmp2k,F,0,326,0.202862476664592,1.20495422886318
HR-GGM,1608,325,ENSMUSG00000025025,Mxi1,F,0,326,0.20273631840796,1.20420487921837
HR-GGM,1609,326,ENSMUSG00000022332,Khdrbs3,F,0,326,0.20261031696706,1.20345646102121
HR-GGM,1610,327,ENSMUSG00000031216,Stard8,F,0,326,0.202484472049689,1.20270897253611
HR-GGM,1611,329,ENSMUSG00000024413,Npc1,F,0,326,0.20235878336437,1.20196241203174
HR-GGM,1612,330,ENSMUSG00000038831,Ralgps1,F,0,326,0.202233250620347,1.2012167777811
HR-GGM,1613,331,ENSMUSG00000046818,Ddit4l,F,0,326,0.202107873527588,1.20047206806146
HR-GGM,1614,335,ENSMUSG00000028864,Hgf,F,0,326,0.201982651796778,1.19972828115436
HR-GGM,1615,336,ENSMUSG00000005917,Otx1,F,0,326,0.201857585139319,1.19898541534559
HR-GGM,1616,337,ENSMUSG00000035392,Dennd1a,F,0,326,0.201732673267327,1.19824346892521
HR-GGM,1617,338,ENSMUSG00000028634,Hivep3,F,0,326,0.20160791589363,1.19750244018747
HR-GGM,1618,340,ENSMUSG00000029229,Chic2,F,0,326,0.201483312731768,1.19676232743086
HR-GGM,1619,342,ENSMUSG00000035277,Arx,T,0,327,0.201976528721433,1.19969191156225
HR-GGM,1620,344,ENSMUSG00000022770,Dlg1,T,0,328,0.202469135802469,1.2026178789231
HR-GGM,1621,347,ENSMUSG00000029669,Tspan12,T,0,329,0.202961135101789,1.20554023620701
HR-GGM,1622,348,ENSMUSG00000050821,Fam131a,F,0,329,0.202836004932182,1.2047969931514
HR-GGM,1623,349,ENSMUSG00000022537,Tmem44,T,0,330,0.203327171903882,1.2077144066098
HR-GGM,1624,351,ENSMUSG00000024620,Pdgfrb,F,0,330,0.20320197044335,1.20697074010327
HR-GGM,1625,352,ENSMUSG00000034235,Usp54,F,0,330,0.203076923076923,1.20622798887859
HR-GGM,1626,353,ENSMUSG00000037196,Pacrg,F,0,330,0.202952029520295,1.20548615124705
HR-GGM,1627,354,ENSMUSG00000021417,Eci2,F,0,330,0.202827289489859,1.2047452255241
HR-GGM,1628,356,ENSMUSG00000102494,Gm36988,F,0,330,0.202702702702703,1.20400521002931
HR-GGM,1629,357,ENSMUSG00000030236,Slco1b2,F,0,330,0.202578268876611,1.20326610308638
HR-GGM,1630,358,ENSMUSG00000115289,AC131029.2,F,0,330,0.202453987730061,1.20252790302314
HR-GGM,1631,360,ENSMUSG00000041220,Elovl6,F,0,330,0.20232985898222,1.2017906081715
HR-GGM,1632,362,ENSMUSG00000051359,Ncald,T,0,331,0.20281862745098,1.2046937751004
HR-GGM,1633,364,ENSMUSG00000000142,Axin2,F,0,331,0.20269442743417,1.20395605692826
HR-GGM,1634,366,ENSMUSG00000005583,Mef2c,T,0,332,0.203182374541004,1.20685434516524
HR-GGM,1635,367,ENSMUSG00000041642,Kif21b,F,0,332,0.203058103975535,1.20611620795107
HR-GGM,1636,368,ENSMUSG00000040433,Zbtb38,F,0,332,0.202933985330073,1.20537897310513
HR-GGM,1637,371,ENSMUSG00000052957,Gas1,F,0,332,0.202810018326206,1.20464263897373
HR-GGM,1638,372,ENSMUSG00000020805,Slc13a5,F,0,332,0.202686202686203,1.2039072039072
HR-GGM,1639,373,ENSMUSG00000029638,Glcci1,F,0,332,0.202562538133008,1.20317266625991
HR-GGM,1640,375,ENSMUSG00000104117,Gm20743,F,0,332,0.202439024390244,1.20243902439024
HR-GGM,1641,376,ENSMUSG00000026825,Dnm1,F,0,332,0.202315661182206,1.20170627666057
HR-GGM,1642,377,ENSMUSG00000060512,0610040J01Rik,F,0,332,0.202192448233861,1.20097442143727
HR-GGM,1643,378,ENSMUSG00000022475,Hdac7,T,0,333,0.202678027997565,1.2038586482265
HR-GGM,1644,379,ENSMUSG00000024530,Prelid3a,F,0,333,0.202554744525547,1.20312637410958
HR-GGM,1645,380,ENSMUSG00000018217,Pmp22,F,0,333,0.202431610942249,1.20239499029553
HR-GGM,1646,381,ENSMUSG00000022388,Ttll8,F,0,333,0.202308626974484,1.20166449516169
HR-GGM,1647,383,ENSMUSG00000032193,Ldlr,F,0,333,0.202185792349727,1.20093488708934
HR-GGM,1648,384,ENSMUSG00000001700,Gramd3,F,0,333,0.202063106796116,1.20020616446368
HR-GGM,1649,387,ENSMUSG00000092274,Neat1,F,0,333,0.20194057004245,1.19947832567383
HR-GGM,1650,388,ENSMUSG00000034135,Sik3,F,0,333,0.201818181818182,1.19875136911281
HR-GGM,1651,389,ENSMUSG00000027797,Dclk1,F,0,333,0.201695941853422,1.19802529317756
HR-GGM,1652,390,ENSMUSG00000108811,4933432K03Rik,F,0,333,0.201573849878935,1.19730009626885
HR-GGM,1653,391,ENSMUSG00000030759,Far1,F,0,333,0.201451905626134,1.19657577679138
HR-GGM,1654,392,ENSMUSG00000007617,Homer1,T,0,334,0.201934703748489,1.19944348130126
HR-GGM,1655,395,ENSMUSG00000016386,Mpped2,F,0,334,0.201812688821752,1.19871874203764
HR-GGM,1656,396,ENSMUSG00000037795,N4bp2,F,0,334,0.201690821256039,1.19799487806298
HR-GGM,1657,397,ENSMUSG00000018800,Abca5,F,0,334,0.20156910078455,1.19727188779257
HR-GGM,1658,398,ENSMUSG00000039621,Prex1,F,0,334,0.201447527141134,1.19654976964553
HR-GGM,1659,399,ENSMUSG00000062257,Opcml,F,0,334,0.201326100060277,1.19582852204478
HR-GGM,1660,400,ENSMUSG00000060445,Sycp2,F,0,334,0.201204819277108,1.19510814341704
HR-GGM,1661,403,ENSMUSG00000051375,Pcdh1,T,0,335,0.201685731487056,1.19796464606167
HR-GGM,1662,404,ENSMUSG00000031214,Ophn1,F,0,335,0.201564380264741,1.19724384904238
HR-GGM,1663,405,ENSMUSG00000027188,Pamr1,F,0,335,0.201443174984967,1.19652391888661
HR-GGM,1664,406,ENSMUSG00000028991,Mtor,F,0,335,0.201322115384615,1.19580485403151
HR-GGM,1665,407,ENSMUSG00000029086,Prom1,F,0,335,0.201201201201201,1.19508665291798
HR-GGM,1666,408,ENSMUSG00000039841,Zfp800,T,0,336,0.201680672268908,1.19793459552496
HR-GGM,1667,409,ENSMUSG00000031349,Nsdhl,T,0,337,0.202159568086383,1.20077912128418
HR-GGM,1668,410,ENSMUSG00000039375,Wdr17,F,0,337,0.202038369304556,1.20005922972465
HR-GGM,1669,411,ENSMUSG00000020300,Cpeb4,F,0,337,0.201917315757939,1.19934020082728
HR-GGM,1670,412,ENSMUSG00000024456,Diaph1,F,0,337,0.201796407185629,1.19862203304235
HR-GGM,1671,415,ENSMUSG00000028476,Reck,F,0,337,0.201675643327349,1.19790472482389
HR-GGM,1672,416,ENSMUSG00000020315,Sptbn1,F,0,337,0.201555023923445,1.19718827462962
HR-GGM,1673,419,ENSMUSG00000037824,Tspan14,T,0,338,0.202032277346085,1.20002304495928
HR-GGM,1674,420,ENSMUSG00000073514,Dok6,F,0,338,0.201911589008363,1.19930618531474
HR-GGM,1675,421,ENSMUSG00000040848,Sft2d2,F,0,338,0.201791044776119,1.19859018162201
HR-GGM,1676,422,ENSMUSG00000087185,Gm13872,F,0,338,0.201670644391408,1.19787503234897
HR-GGM,1677,426,ENSMUSG00000028524,Sgip1,F,0,338,0.201550387596899,1.19716073596712
HR-GGM,1678,427,ENSMUSG00000030257,Srgap3,F,0,338,0.201430274135876,1.19644729095165
HR-GGM,1679,428,ENSMUSG00000032640,Chsy1,F,0,338,0.201310303752233,1.19573469578134
HR-GGM,1680,430,ENSMUSG00000022340,Sybu,F,0,338,0.201190476190476,1.19502294893861
HR-GGM,1681,431,ENSMUSG00000048058,Ldlrad3,F,0,338,0.201070791195717,1.1943120489095
HR-GGM,1682,432,ENSMUSG00000029408,Abcb9,F,0,338,0.200951248513674,1.19360199418363
HR-GGM,1683,433,ENSMUSG00000115317,AC139845.1,F,0,338,0.200831847890671,1.19289278325423
HR-GGM,1684,435,ENSMUSG00000029999,Tgfa,F,0,338,0.200712589073634,1.19218441461809
HR-GGM,1685,436,ENSMUSG00000045659,Plekha7,F,0,338,0.200593471810089,1.19147688677559
HR-GGM,1686,438,ENSMUSG00000039114,Nrn1,T,0,339,0.201067615658363,1.19429318698281
HR-GGM,1687,439,ENSMUSG00000047793,Sned1,F,0,339,0.200948429164197,1.1935852479271
HR-GGM,1688,440,ENSMUSG00000028760,Eif4g3,F,0,339,0.200829383886256,1.19287814766174
HR-GGM,1689,444,ENSMUSG00000047992,Fam69c,F,0,339,0.200710479573712,1.19217188469687
HR-GGM,1690,446,ENSMUSG00000063558,Aox1,F,0,339,0.200591715976331,1.19146645754616
HR-GGM,1691,448,ENSMUSG00000021259,Cyp46a1,F,0,339,0.200473092844471,1.1907618647268
HR-GGM,1692,449,ENSMUSG00000037458,Azin1,F,0,339,0.200354609929078,1.19005810475946
HR-GGM,1693,450,ENSMUSG00000003974,Grm3,T,0,340,0.200826934435913,1.19286359851693
HR-GGM,1694,452,ENSMUSG00000017314,Mpp2,F,0,340,0.200708382526564,1.19215942874212
HR-GGM,1695,453,ENSMUSG00000028364,Tnc,F,0,340,0.200589970501475,1.19145608984611
HR-GGM,1696,454,ENSMUSG00000041014,Nrg3,T,0,341,0.201061320754717,1.19425579677199
HR-GGM,1697,455,ENSMUSG00000026655,Fam107b,F,0,341,0.200942840306423,1.19355205145863
HR-GGM,1698,458,ENSMUSG00000031379,Pir,F,0,341,0.200824499411072,1.19284913505613
HR-GGM,1699,459,ENSMUSG00000039239,Tgfb2,F,0,341,0.200706297822248,1.19214704610082
HR-GGM,1700,461,ENSMUSG00000024190,Dusp1,T,0,342,0.201176470588235,1.19493975903614
HR-GGM,1701,464,ENSMUSG00000025239,Limd1,F,0,342,0.201058201058201,1.19423726652642
HR-GGM,1702,465,ENSMUSG00000035184,Fam124a,F,0,342,0.200940070505288,1.19353559950731
HR-GGM,1703,468,ENSMUSG00000029695,Aass,F,0,342,0.200822078684674,1.19283475652463
HR-GGM,1704,470,ENSMUSG00000031938,4931406C07Rik,F,0,342,0.200704225352113,1.19213473612761
HR-GGM,1705,474,ENSMUSG00000027649,Ctnnbl1,F,0,342,0.20058651026393,1.19143553686888
HR-GGM,1706,475,ENSMUSG00000037813,D630003M21Rik,F,0,342,0.200468933177022,1.19073715730448
HR-GGM,1707,476,ENSMUSG00000040138,Ndp,F,0,342,0.200351493848858,1.19003959599382
HR-GGM,1708,478,ENSMUSG00000097339,Gm26671,F,0,342,0.200234192037471,1.18934285149968
HR-GGM,1709,480,ENSMUSG00000040972,Igsf21,F,0,342,0.200117027501463,1.18864692238821
HR-GGM,1710,481,ENSMUSG00000031605,Klhl2,F,0,342,0.2,1.18795180722892
HR-GGM,1711,482,ENSMUSG00000034066,Farp2,F,0,342,0.199883109292811,1.18725750459465
HR-GGM,1712,483,ENSMUSG00000022421,Nptxr,F,0,342,0.199766355140187,1.18656401306159
HR-GGM,1713,487,ENSMUSG00000007908,Hmgcll1,F,0,342,0.199649737302977,1.18587133120925
HR-GGM,1714,488,ENSMUSG00000038349,Plcl1,T,0,343,0.200116686114352,1.18864489463103
HR-GGM,1715,489,ENSMUSG00000027603,Ggt7,F,0,343,0.2,1.18795180722892
HR-GGM,1716,490,ENSMUSG00000033981,Gria2,T,0,344,0.2004662004662,1.19072092566068
HR-GGM,1717,491,ENSMUSG00000084910,C630043F03Rik,F,0,344,0.200349446709377,1.19002743647859
HR-GGM,1718,492,ENSMUSG00000028698,Pik3r3,F,0,344,0.20023282887078,1.18933475461801
HR-GGM,1719,494,ENSMUSG00000036298,Slc2a13,F,0,344,0.200116346713205,1.18864287867
HR-GGM,1720,497,ENSMUSG00000037712,Fermt2,F,0,344,0.2,1.18795180722892
HR-GGM,1721,498,ENSMUSG00000105489,Gm38562,F,0,344,0.199883788495061,1.18726153889235
HR-GGM,1722,499,ENSMUSG00000024486,Hbegf,F,0,344,0.199767711962834,1.18657207226117
HR-GGM,1723,500,ENSMUSG00000060798,Intu,F,0,344,0.199651770168311,1.18588340593949
HR-GGM,1724,501,ENSMUSG00000036825,Ssx2ip,F,0,344,0.19953596287703,1.18519553853465
HR-GGM,1725,502,ENSMUSG00000030605,Mfge8,F,0,344,0.199420289855072,1.18450846865724
HR-GGM,1726,503,ENSMUSG00000070366,Plpp4,F,0,344,0.199304750869061,1.18382219492105
HR-GGM,1727,504,ENSMUSG00000016477,E2f3,F,0,344,0.199189345686161,1.1831367159431
HR-GGM,1728,506,ENSMUSG00000091542,Gm17167,F,0,344,0.199074074074074,1.1824520303436
HR-GGM,1729,509,ENSMUSG00000038665,Dgki,F,0,344,0.198958935801041,1.18176813674594
HR-GGM,1730,511,ENSMUSG00000101299,Gm28175,F,0,344,0.198843930635838,1.18108503377673
HR-GGM,1731,512,ENSMUSG00000051262,Nat8f3,F,0,344,0.198729058347776,1.1804027200657
HR-GGM,1732,513,ENSMUSG00000044707,Ccnjl,F,0,344,0.198614318706697,1.17972119424581
HR-GGM,1733,514,ENSMUSG00000020340,Cyfip2,F,0,344,0.198499711482977,1.17904045495311
HR-GGM,1734,515,ENSMUSG00000044117,2900011O08Rik,F,0,344,0.19838523644752,1.17836050082684
HR-GGM,1735,516,ENSMUSG00000038418,Egr1,T,0,345,0.198847262247839,1.18110482274921
HR-GGM,1736,517,ENSMUSG00000004317,Clcn5,F,0,345,0.198732718894009,1.18042446282827
HR-GGM,1737,518,ENSMUSG00000025889,Snca,F,0,345,0.198618307426598,1.17974488628087
HR-GGM,1738,519,ENSMUSG00000019647,Sema6a,F,0,345,0.198504027617952,1.17906609175482
HR-GGM,1739,520,ENSMUSG00000036158,Prickle1,F,0,345,0.198389879240943,1.17838807790102
HR-GGM,1740,522,ENSMUSG00000114407,Gm48765,F,0,345,0.198275862068966,1.17771084337349
HR-GGM,1741,523,ENSMUSG00000021614,Vcan,F,0,345,0.198161975875933,1.17703438682934
HR-GGM,1742,524,ENSMUSG00000032849,Abcc4,F,0,345,0.19804822043628,1.17635870692875
HR-GGM,1743,525,ENSMUSG00000087579,Hectd2os,F,0,345,0.197934595524957,1.17568380233499
HR-GGM,1744,526,ENSMUSG00000056531,Ccdc18,F,0,345,0.197821100917431,1.17500967171438
HR-GGM,1745,527,ENSMUSG00000030849,Fgfr2,T,0,346,0.198280802292264,1.17774018710947
HR-GGM,1746,528,ENSMUSG00000052125,F730043M19Rik,F,0,346,0.198167239404353,1.17706565091983
HR-GGM,1747,529,ENSMUSG00000030729,Pgm2l1,F,0,346,0.198053806525472,1.1763918869525
HR-GGM,1748,531,ENSMUSG00000037754,Ppp1r16b,F,0,346,0.197940503432494,1.17571889388216
HR-GGM,1749,532,ENSMUSG00000029838,Ptn,F,0,346,0.197827329902802,1.17504667038652
HR-GGM,1750,533,ENSMUSG00000022091,Sorbs3,F,0,346,0.197714285714286,1.1743752151463
HR-GGM,1751,534,ENSMUSG00000020893,Per1,F,0,346,0.197601370645346,1.17370452684525
HR-GGM,1752,536,ENSMUSG00000028456,Unc13b,T,0,347,0.198059360730594,1.17642487759256
HR-GGM,1753,537,ENSMUSG00000041708,Mpped1,F,0,347,0.197946377638334,1.17575378524938
HR-GGM,1754,538,ENSMUSG00000043557,Mdga1,F,0,347,0.197833523375143,1.17508345811982
HR-GGM,1755,539,ENSMUSG00000031963,Bmper,F,0,347,0.197720797720798,1.17441389489582
HR-GGM,1756,541,ENSMUSG00000002459,Rgs20,F,0,347,0.197608200455581,1.17374509427231
HR-GGM,1757,542,ENSMUSG00000053414,Hunk,F,0,347,0.197495731360273,1.17307705494716
HR-GGM,1758,543,ENSMUSG00000062480,Acat3,F,0,347,0.197383390216155,1.17240977562126
HR-GGM,1759,544,ENSMUSG00000015745,Plekho1,F,0,347,0.197271176805003,1.17174325499839
HR-GGM,1760,547,ENSMUSG00000001552,Jup,F,0,347,0.197159090909091,1.17107749178532
HR-GGM,1761,549,ENSMUSG00000116903,Gm19522,F,0,347,0.197047132311187,1.17041248469175
HR-GGM,1762,550,ENSMUSG00000028195,Cyr61,F,0,347,0.196935300794552,1.16974823243029
HR-GGM,1763,551,ENSMUSG00000086429,Gt(ROSA)26Sor,F,0,347,0.196823596142938,1.16908473371649
HR-GGM,1764,552,ENSMUSG00000063931,Pepd,F,0,347,0.19671201814059,1.1684219872688
HR-GGM,1765,553,ENSMUSG00000008658,Rbfox1,F,0,347,0.196600566572238,1.16775999180859
HR-GGM,1766,555,ENSMUSG00000024502,Jakmip2,F,0,347,0.196489241223103,1.16709874606012
HR-GGM,1767,556,ENSMUSG00000061533,Cep128,T,0,348,0.196943972835314,1.16979974226277
HR-GGM,1768,557,ENSMUSG00000075020,Mir670hg,F,0,348,0.19683257918552,1.16913809082484
HR-GGM,1769,558,ENSMUSG00000022898,Dscr3,F,0,348,0.19672131147541,1.16847718743828
HR-GGM,1770,559,ENSMUSG00000030516,Tjp1,F,0,348,0.196610169491525,1.16781703083521
HR-GGM,1771,560,ENSMUSG00000049791,Fzd4,F,0,348,0.196499153020892,1.1671576197506
HR-GGM,1772,562,ENSMUSG00000041926,Rnpep,F,0,348,0.196388261851016,1.1664989529223
HR-GGM,1773,563,ENSMUSG00000008206,Cers4,F,0,348,0.196277495769882,1.16584102909098
HR-GGM,1774,564,ENSMUSG00000026797,Stxbp1,T,0,349,0.196730552423901,1.16853207644558
HR-GGM,1775,565,ENSMUSG00000019577,Pdk4,F,0,349,0.196619718309859,1.16787374851519
HR-GGM,1776,566,ENSMUSG00000087620,5330434G04Rik,F,0,349,0.196509009009009,1.16721616194508
HR-GGM,1777,567,ENSMUSG00000056899,Immp2l,F,0,349,0.196398424310636,1.16655931548366
HR-GGM,1778,569,ENSMUSG00000028347,Tmeff1,F,0,349,0.196287964004499,1.16590320788215
HR-GGM,1779,570,ENSMUSG00000022353,Mtss1,F,0,349,0.196177627880832,1.16524783789458
HR-GGM,1780,571,ENSMUSG00000037217,Syn1,T,0,350,0.196629213483146,1.16793014755652
HR-GGM,1781,573,ENSMUSG00000051727,Kctd14,F,0,350,0.196518809657496,1.16727437543549
HR-GGM,1782,574,ENSMUSG00000035640,Cbarp,F,0,350,0.196408529741863,1.1666193393101
HR-GGM,1783,575,ENSMUSG00000089940,Gm4117,F,0,350,0.196298373527762,1.16596503794201
HR-GGM,1784,577,ENSMUSG00000023156,Rpp14,F,0,350,0.196188340807175,1.16531147009563
HR-GGM,1785,578,ENSMUSG00000046961,Gpr156,F,0,350,0.196078431372549,1.16465863453815
HR-GGM,1786,579,ENSMUSG00000042228,Lyn,F,0,350,0.195968645016797,1.16400653003953
HR-GGM,1787,580,ENSMUSG00000059742,Kcnh7,F,0,350,0.195858981533296,1.16335515537247
HR-GGM,1788,581,ENSMUSG00000052214,Opa3,F,0,350,0.195749440715884,1.16270450931242
HR-GGM,1789,582,ENSMUSG00000041670,Rims1,T,0,351,0.196198993851314,1.16537474661081
HR-GGM,1790,583,ENSMUSG00000023087,Noct,F,0,351,0.19608938547486,1.16472369926634
HR-GGM,1791,584,ENSMUSG00000087698,Gm13031,F,0,351,0.195979899497487,1.16407337894291
HR-GGM,1792,585,ENSMUSG00000024403,Atp6v1g2,T,0,352,0.196428571428571,1.16673838209983
HR-GGM,1793,586,ENSMUSG00000063632,Sox11,T,0,353,0.196876742889013,1.16940041258173
HR-GGM,1794,587,ENSMUSG00000022419,Deptor,F,0,353,0.196767001114827,1.16874857288687
HR-GGM,1795,588,ENSMUSG00000026640,Plxna2,F,0,353,0.196657381615599,1.16809745947579
HR-GGM,1796,591,ENSMUSG00000026959,Grin1,T,0,354,0.197104677060134,1.17075428663429
HR-GGM,1797,593,ENSMUSG00000030104,Edem1,F,0,354,0.196994991652755,1.17010278174467
HR-GGM,1798,594,ENSMUSG00000022887,Masp1,F,0,354,0.196885428253615,1.16945200155461
HR-GGM,1799,595,ENSMUSG00000021752,Kctd6,F,0,354,0.196775986659255,1.16880194485558
HR-GGM,1800,596,ENSMUSG00000054733,Msra,F,0,354,0.196666666666667,1.16815261044177
HR-GGM,1801,597,ENSMUSG00000025576,Rbfox3,F,0,354,0.196557468073293,1.16750399711004
HR-GGM,1802,598,ENSMUSG00000063146,Clip2,F,0,354,0.196448390677026,1.16685610365992
HR-GGM,1803,599,ENSMUSG00000023022,Lima1,F,0,354,0.196339434276206,1.16620892889361
HR-GGM,1804,600,ENSMUSG00000026158,Ogfrl1,F,0,354,0.196230598669623,1.16556247161595
HR-GGM,1805,601,ENSMUSG00000033066,Gas7,F,0,354,0.19612188365651,1.16491673063445
HR-GGM,1806,603,ENSMUSG00000029471,Camkk2,T,0,355,0.19656699889258,1.16756060788002
HR-GGM,1807,604,ENSMUSG00000032121,Tmem218,T,0,356,0.197011621472053,1.17020155886412
HR-GGM,1808,605,ENSMUSG00000038860,Garnl3,F,0,356,0.196902654867257,1.16955432348864
HR-GGM,1809,606,ENSMUSG00000001986,Gria3,T,0,357,0.197346600331675,1.17219125257248
HR-GGM,1810,607,ENSMUSG00000034675,Dbn1,F,0,357,0.197237569060773,1.17154363309592
HR-GGM,1811,608,ENSMUSG00000028033,Kcnq5,F,0,357,0.19712865819989,1.17089672882585
HR-GGM,1812,609,ENSMUSG00000036111,Lmo1,F,0,357,0.197019867549669,1.17025053857815
HR-GGM,1813,610,ENSMUSG00000066877,Nck2,F,0,357,0.196911196911197,1.16960506117133
HR-GGM,1814,611,ENSMUSG00000114401,Gm38604,F,0,357,0.196802646085998,1.16896029542647
HR-GGM,1815,613,ENSMUSG00000026675,Hsd17b7,F,0,357,0.196694214876033,1.16831624016728
HR-GGM,1816,614,ENSMUSG00000053046,Brsk2,F,0,357,0.1965859030837,1.16767289422005
HR-GGM,1817,615,ENSMUSG00000051098,Mblac2,F,0,357,0.196477710511833,1.16703025641366
HR-GGM,1818,616,ENSMUSG00000031840,Rab3a,T,0,358,0.196919691969197,1.16965551976884
HR-GGM,1819,617,ENSMUSG00000061911,Myt1l,F,0,358,0.196811434854316,1.1690124985925
HR-GGM,1820,618,ENSMUSG00000026014,Raph1,F,0,358,0.196703296703297,1.16837018403283
HR-GGM,1821,619,ENSMUSG00000063450,Syne2,T,0,359,0.197144426139484,1.17099038658754
HR-GGM,1822,620,ENSMUSG00000044768,D1Ertd622e,F,0,359,0.197036223929748,1.17034769153452
HR-GGM,1823,622,ENSMUSG00000046688,Tifa,F,0,359,0.196928140427866,1.16970570157757
HR-GGM,1824,623,ENSMUSG00000061666,Gdpd1,F,0,359,0.196820175438596,1.16906441555696
HR-GGM,1825,624,ENSMUSG00000026389,Steap3,F,0,359,0.196712328767123,1.16842383231556
HR-GGM,1826,625,ENSMUSG00000056004,9330182L06Rik,F,0,359,0.196604600219058,1.16778395069874
HR-GGM,1827,626,ENSMUSG00000010461,Eya4,F,0,359,0.196496989600438,1.16714476955441
HR-GGM,1828,629,ENSMUSG00000056258,Kcnq3,F,0,359,0.196389496717724,1.16650628773299
HR-GGM,1829,630,ENSMUSG00000062661,Ncs1,T,0,360,0.196828868234008,1.16911604866706
HR-GGM,1830,631,ENSMUSG00000033883,D3Ertd254e,F,0,360,0.19672131147541,1.16847718743828
HR-GGM,1831,632,ENSMUSG00000014361,Mertk,F,0,360,0.196613872200983,1.16783902403716
HR-GGM,1832,633,ENSMUSG00000032076,Cadm1,F,0,360,0.196506550218341,1.16720155732099
HR-GGM,1833,634,ENSMUSG00000070476,Fam217b,F,0,360,0.196399345335516,1.16656478614951
HR-GGM,1834,635,ENSMUSG00000028546,Elavl4,F,0,360,0.19629225736096,1.16592870938498
HR-GGM,1835,636,ENSMUSG00000032589,Bsn,F,0,360,0.196185286103542,1.16529332589212
HR-GGM,1836,637,ENSMUSG00000054459,Vsnl1,T,0,361,0.196623093681917,1.16789379741187
HR-GGM,1837,638,ENSMUSG00000029482,Aacs,F,0,361,0.196516058791508,1.16725803595438
HR-GGM,1838,640,ENSMUSG00000007207,Stx1a,F,0,361,0.196409140369967,1.1666229662939
HR-GGM,1839,641,ENSMUSG00000059743,Fdps,F,0,361,0.196302338227297,1.1659885873019
HR-GGM,1840,642,ENSMUSG00000026207,Speg,F,0,361,0.196195652173913,1.16535489785228
HR-GGM,1841,644,ENSMUSG00000038893,Fam117a,F,0,361,0.196089082020641,1.1647218968214
HR-GGM,1842,645,ENSMUSG00000033088,Triobp,F,0,361,0.195982627578719,1.16408958308805
HR-GGM,1843,646,ENSMUSG00000031119,Gpc4,F,0,361,0.195876288659794,1.16345795553347
HR-GGM,1844,647,ENSMUSG00000033900,Map9,T,0,362,0.196312364425163,1.16604814050127
HR-GGM,1845,648,ENSMUSG00000097071,4930544I03Rik,F,0,362,0.196205962059621,1.16541613608907
HR-GGM,1846,649,ENSMUSG00000021400,Wrnip1,F,0,362,0.196099674972914,1.16478481640538
HR-GGM,1847,650,ENSMUSG00000025981,Coq10b,F,0,362,0.195993502977802,1.16415418033803
HR-GGM,1848,651,ENSMUSG00000045312,Lhfpl2,F,0,362,0.195887445887446,1.16352422677724
HR-GGM,1849,652,ENSMUSG00000016349,Eef1a2,F,0,362,0.195781503515414,1.16289495461565
HR-GGM,1850,653,ENSMUSG00000039693,Msantd3,F,0,362,0.195675675675676,1.16226636274829
HR-GGM,1851,654,ENSMUSG00000003746,Man1a,F,0,362,0.195569962182604,1.16163845007258
HR-GGM,1852,655,ENSMUSG00000085148,Mir22hg,F,0,362,0.195464362850972,1.1610112154883
HR-GGM,1853,656,ENSMUSG00000047419,Cmya5,F,0,362,0.195358877495953,1.16038465789765
HR-GGM,1854,657,ENSMUSG00000002881,Nab1,F,0,362,0.195253505933118,1.15975877620514
HR-GGM,1855,659,ENSMUSG00000098720,Gm27239,F,0,362,0.195148247978437,1.1591335693177
HR-GGM,1856,660,ENSMUSG00000009418,Nav1,F,0,362,0.195043103448276,1.15850903614458
HR-GGM,1857,661,ENSMUSG00000036745,Ttll7,F,0,362,0.194938072159397,1.15788517559738
HR-GGM,1858,662,ENSMUSG00000014245,Pigl,F,0,362,0.194833153928956,1.15726198659006
HR-GGM,1859,663,ENSMUSG00000027495,Fam210b,F,0,362,0.194728348574502,1.15663946803891
HR-GGM,1860,664,ENSMUSG00000022462,Slc38a2,F,0,362,0.194623655913978,1.15601761886255
HR-GGM,1861,666,ENSMUSG00000055725,Paqr3,F,0,362,0.194519075765717,1.15539643798191
HR-GGM,1862,668,ENSMUSG00000037996,Slc24a2,T,0,363,0.194951664876477,1.15796591306148
HR-GGM,1863,669,ENSMUSG00000026204,Ptprn,T,0,364,0.195383789586688,1.1605326297137
HR-GGM,1864,670,ENSMUSG00000027956,Tmem144,T,0,365,0.195815450643777,1.1630965923781
HR-GGM,1865,671,ENSMUSG00000030411,Nova2,F,0,365,0.195710455764075,1.16247294809264
HR-GGM,1866,672,ENSMUSG00000031778,Cx3cl1,F,0,365,0.195605573419078,1.16184997223621
HR-GGM,1867,674,ENSMUSG00000097328,Tnfsf12,F,0,365,0.195500803427959,1.16122766373475
HR-GGM,1868,675,ENSMUSG00000036834,Plch1,T,0,366,0.19593147751606,1.16378576404118
HR-GGM,1869,676,ENSMUSG00000048895,Cdk5r1,T,0,367,0.196361690743713,1.1663411269476
HR-GGM,1870,677,ENSMUSG00000033377,Palmd,F,0,367,0.196256684491979,1.16571741511501
HR-GGM,1871,678,ENSMUSG00000041974,Spidr,F,0,367,0.196151790486371,1.16509436999736
HR-GGM,1872,679,ENSMUSG00000024743,Syt7,T,0,368,0.196581196581197,1.16764493872928
HR-GGM,1873,680,ENSMUSG00000042213,Zfand4,F,0,368,0.196476241324079,1.16702152979242
HR-GGM,1874,681,ENSMUSG00000030545,Pex11a,F,0,368,0.196371398078975,1.16639878617994
HR-GGM,1875,682,ENSMUSG00000040563,Plppr2,F,0,368,0.196266666666667,1.16577670682731
HR-GGM,1876,683,ENSMUSG00000057315,Arhgap24,F,0,368,0.196162046908316,1.16515529067228
HR-GGM,1877,684,ENSMUSG00000034891,Sncb,F,0,368,0.196057538625466,1.16453453665488
HR-GGM,1878,685,ENSMUSG00000026824,Kcnj3,F,0,368,0.195953141640043,1.16391444371736
HR-GGM,1879,686,ENSMUSG00000025584,Pde8a,T,0,369,0.196381053751996,1.16645613855101
HR-GGM,1880,687,ENSMUSG00000036611,Eepd1,F,0,369,0.196276595744681,1.16583568315816
HR-GGM,1881,688,ENSMUSG00000059363,Fxn,F,0,369,0.196172248803828,1.16521588747334
HR-GGM,1882,689,ENSMUSG00000031833,Mast3,T,0,370,0.196599362380446,1.16775283919952
HR-GGM,1883,690,ENSMUSG00000020282,Rhbdf1,F,0,370,0.196494954859267,1.16713268368215
HR-GGM,1884,691,ENSMUSG00000051335,Gfod1,F,0,370,0.196390658174098,1.16651318650398
HR-GGM,1885,692,ENSMUSG00000097379,Gm26873,F,0,370,0.196286472148541,1.16589434661724
HR-GGM,1886,693,ENSMUSG00000086308,G630016G05Rik,F,0,370,0.196182396606575,1.1652761629764
HR-GGM,1887,694,ENSMUSG00000021951,Eef1akmt1,F,0,370,0.196078431372549,1.16465863453815
HR-GGM,1888,695,ENSMUSG00000024924,Vldlr,F,0,370,0.195974576271186,1.16404176026138
HR-GGM,1889,696,ENSMUSG00000038453,Srcin1,F,0,370,0.195870831127581,1.1634255391072
HR-GGM,1890,697,ENSMUSG00000019775,Rgs17,F,0,370,0.195767195767196,1.16280997003889
HR-GGM,1891,698,ENSMUSG00000023088,Abcc1,F,0,370,0.195663670015865,1.16219505202194
HR-GGM,1892,699,ENSMUSG00000034799,Unc13a,T,0,371,0.196088794926004,1.16472019154843
HR-GGM,1893,700,ENSMUSG00000024427,Spry4,F,0,371,0.195985208663497,1.16410491410969
HR-GGM,1894,701,ENSMUSG00000033355,Rtp4,F,0,371,0.195881731784583,1.16349028638312
HR-GGM,1895,702,ENSMUSG00000058486,Wdr91,F,0,371,0.195778364116095,1.16287630734018
HR-GGM,1896,703,ENSMUSG00000031767,Nudt7,F,0,371,0.195675105485232,1.16226297595445
HR-GGM,1897,704,ENSMUSG00000036959,Bcorl1,F,0,371,0.195571955719557,1.16165029120171
HR-GGM,1898,707,ENSMUSG00000117450,Gm15422,F,0,371,0.195468914646997,1.16103825205987
HR-GGM,1899,709,ENSMUSG00000037035,Inhbb,F,0,371,0.19536598209584,1.16042685750902
HR-GGM,1900,710,ENSMUSG00000023036,Pcdhgc4,T,0,372,0.195789473684211,1.16294229549778
HR-GGM,1901,712,ENSMUSG00000024222,Fkbp5,F,0,372,0.195686480799579,1.16233054258063
HR-GGM,1902,713,ENSMUSG00000097634,Gm26827,F,0,372,0.195583596214511,1.16171943293679
HR-GGM,1903,714,ENSMUSG00000028630,Dyrk2,F,0,372,0.195480819758276,1.16110896555217
HR-GGM,1904,715,ENSMUSG00000034780,B3galt1,F,0,372,0.195378151260504,1.1604991394148
HR-GGM,1905,716,ENSMUSG00000097727,F630040K05Rik,F,0,372,0.195275590551181,1.15988995351485
HR-GGM,1906,717,ENSMUSG00000097080,1700086O06Rik,F,0,372,0.195173137460651,1.15928140684459
HR-GGM,1907,718,ENSMUSG00000002107,Celf2,F,0,372,0.195070791819612,1.15867349839842
HR-GGM,1908,719,ENSMUSG00000004451,Ralb,F,0,372,0.19496855345912,1.15806622717284
HR-GGM,1909,720,ENSMUSG00000027834,Serpini1,F,0,372,0.194866422210581,1.15745959216647
HR-GGM,1910,721,ENSMUSG00000018740,Slc25a35,F,0,372,0.194764397905759,1.15685359237999
HR-GGM,1911,722,ENSMUSG00000013367,Iglon5,F,0,372,0.194662480376766,1.15624822681621
HR-GGM,1912,723,ENSMUSG00000053825,Ppfia2,F,0,372,0.194560669456067,1.15564349448001
HR-GGM,1913,724,ENSMUSG00000055540,Epha6,T,0,373,0.194981704129639,1.15814433898689
HR-GGM,1914,726,ENSMUSG00000019082,Slc25a22,F,0,373,0.194879832810867,1.15753924790069
HR-GGM,1915,727,ENSMUSG00000026623,Lpgat1,F,0,373,0.194778067885118,1.15693478876341
HR-GGM,1916,728,ENSMUSG00000035653,Lrfn5,F,0,373,0.194676409185804,1.15633096058556
HR-GGM,1917,729,ENSMUSG00000044442,N6amt1,F,0,373,0.194574856546688,1.15572776237972
HR-GGM,1918,731,ENSMUSG00000097039,Pvt1,F,0,373,0.194473409801877,1.15512519316055
HR-GGM,1919,732,ENSMUSG00000031517,Gpm6a,F,0,373,0.194372068785826,1.15452325194473
HR-GGM,1920,734,ENSMUSG00000036353,P2ry12,T,0,374,0.194791666666667,1.157015562249
HR-GGM,1921,736,ENSMUSG00000033083,Tbc1d4,F,0,374,0.194690265486726,1.15641326367417
HR-GGM,1922,738,ENSMUSG00000048960,Prex2,F,0,374,0.194588969823101,1.15581159184083
HR-GGM,1923,739,ENSMUSG00000036192,Rorb,F,0,374,0.19448777951118,1.15521054577123
HR-GGM,1924,742,ENSMUSG00000063297,Luzp2,F,0,374,0.194386694386694,1.15461012448964
HR-GGM,1925,743,ENSMUSG00000053477,Tcf4,T,0,375,0.194805194805195,1.15709591613206
HR-GGM,1926,745,ENSMUSG00000022708,Zbtb20,F,0,375,0.194704049844237,1.15649513943625
HR-GGM,1927,746,ENSMUSG00000031980,Agt,F,0,375,0.194603009859886,1.15589498627619
HR-GGM,1928,747,ENSMUSG00000028542,Slc6a9,F,0,375,0.194502074688797,1.15529545568165
HR-GGM,1929,750,ENSMUSG00000020524,Gria1,T,0,376,0.194919647485744,1.15777573747556
HR-GGM,1930,754,ENSMUSG00000113186,A330076C08Rik,F,0,376,0.194818652849741,1.15717585367376
HR-GGM,1931,755,ENSMUSG00000018593,Sparc,F,0,376,0.194717762817193,1.15657659119128
HR-GGM,1932,756,ENSMUSG00000006522,Itih3,F,0,376,0.194616977225673,1.15597794906333
HR-GGM,1933,757,ENSMUSG00000018822,Sfrp5,F,0,376,0.194516295913088,1.15537992632714
HR-GGM,1934,761,ENSMUSG00000079484,Phyhd1,F,0,376,0.194415718717684,1.1547825220219
HR-GGM,1935,762,ENSMUSG00000031111,Igsf1,F,0,376,0.194315245478036,1.15418573518882
HR-GGM,1936,766,ENSMUSG00000041423,Paqr6,F,0,376,0.194214876033058,1.15358956487105
HR-GGM,1937,767,ENSMUSG00000029084,Cd38,T,0,377,0.194630872483221,1.15606048354492
HR-GGM,1938,769,ENSMUSG00000037242,Clic4,F,0,377,0.19453044375645,1.15546396110759
HR-GGM,1939,770,ENSMUSG00000024076,Vit,F,0,377,0.194430118617844,1.154868053959
HR-GGM,1940,771,ENSMUSG00000038855,Itpkb,T,0,378,0.194845360824742,1.15733449260961
HR-GGM,1941,773,ENSMUSG00000030077,Chl1,F,0,378,0.194744976816074,1.15673823578704
HR-GGM,1942,775,ENSMUSG00000032006,Pdgfd,F,0,378,0.194644696189495,1.15614259302917
HR-GGM,1943,782,ENSMUSG00000106379,Lhfpl3,F,0,378,0.194544518785383,1.15554756338788
HR-GGM,1944,786,ENSMUSG00000041309,Nkx6-2,F,0,378,0.194444444444444,1.154953145917
HR-GGM,1945,789,ENSMUSG00000022096,Hr,F,0,378,0.194344473007712,1.15435933967231
HR-GGM,1946,796,ENSMUSG00000031425,Plp1,F,0,378,0.194244604316547,1.15376614371154
HR-GGM,1947,797,ENSMUSG00000041660,Bbox1,F,0,378,0.194144838212635,1.15317355709432
HR-GGM,1948,800,ENSMUSG00000025743,Sdc3,F,0,378,0.194045174537988,1.15258157888226
HR-GGM,1949,801,ENSMUSG00000069662,Marcks,F,0,378,0.193945613134941,1.15199020813887
HR-GGM,1950,803,ENSMUSG00000053279,Aldh1a1,F,0,378,0.193846153846154,1.15139944392956
HR-GGM,1951,805,ENSMUSG00000030276,Ttll3,F,0,378,0.193746796514608,1.15080928532171
HR-GGM,1952,806,ENSMUSG00000028838,Extl1,F,0,378,0.193647540983607,1.15021973138455
HR-GGM,1953,813,ENSMUSG00000053166,Cdh22,T,0,379,0.194060419866871,1.15267213246226
HR-GGM,1954,814,ENSMUSG00000067242,Lgi1,F,0,379,0.19396110542477,1.15208222860737
HR-GGM,1955,822,ENSMUSG00000033717,Adra2a,F,0,379,0.19386189258312,1.15149292823468
HR-GGM,1956,823,ENSMUSG00000017453,Pipox,F,0,379,0.193762781186094,1.15090423041861
HR-GGM,1957,824,ENSMUSG00000032017,Grik4,T,0,380,0.194174757281553,1.15335126915429
HR-GGM,1958,826,ENSMUSG00000032377,Plscr4,F,0,380,0.194075587334014,1.15276222356228
HR-GGM,1959,827,ENSMUSG00000022438,Parvb,F,0,380,0.193976518631955,1.15217377934402
HR-GGM,1960,828,ENSMUSG00000109097,Gm29683,F,0,380,0.193877551020408,1.15158593557905
HR-GGM,1961,829,ENSMUSG00000032374,Plod2,F,0,380,0.193778684344722,1.15099869134877
HR-GGM,1962,830,ENSMUSG00000029821,Gsdme,F,0,380,0.193679918450561,1.15041204573646
HR-GGM,1963,831,ENSMUSG00000046160,Olig1,F,0,380,0.193581253183902,1.14982599782727
HR-GGM,1964,832,ENSMUSG00000042453,Reln,F,0,380,0.193482688391039,1.14924054670822
HR-GGM,1965,833,ENSMUSG00000067786,Nnat,F,0,380,0.193384223918575,1.14865569146816
HR-GGM,1966,834,ENSMUSG00000055022,Cntn1,F,0,380,0.193285859613428,1.14807143119783
HR-GGM,1967,835,ENSMUSG00000025892,Gria4,T,0,381,0.193695983731571,1.15050746963451
HR-GGM,1968,839,ENSMUSG00000021109,Hif1a,T,0,382,0.194105691056911,1.15294103242237
HR-GGM,1969,840,ENSMUSG00000034730,Adgrb1,T,0,383,0.194514982224479,1.15537212333335
HR-GGM,1970,841,ENSMUSG00000026834,Acvr1c,F,0,383,0.194416243654822,1.15478564002202
HR-GGM,1971,842,ENSMUSG00000027239,Mdk,F,0,383,0.194317605276509,1.15419975182312
HR-GGM,1972,847,ENSMUSG00000032648,Pygm,F,0,383,0.19421906693712,1.15361445783133
HR-GGM,1973,849,ENSMUSG00000007476,Lrrc8a,T,0,384,0.194627470856564,1.15604027870224
HR-GGM,1974,850,ENSMUSG00000032766,Gng11,T,0,385,0.195035460992908,1.15846364180125
HR-GGM,1975,851,ENSMUSG00000036943,Rab8b,T,0,386,0.195443037974684,1.16088455086167
HR-GGM,1976,853,ENSMUSG00000026930,Gpsm1,F,0,386,0.195344129554656,1.16029705868006
HR-GGM,1977,854,ENSMUSG00000025475,Adgra1,T,0,387,0.195751138088012,1.16271459129386
HR-GGM,1978,855,ENSMUSG00000033685,Ucp2,T,0,388,0.196157735085945,1.1651296794864
HR-GGM,1979,856,ENSMUSG00000001334,Fndc5,F,0,388,0.196058615462355,1.16454093280652
HR-GGM,1980,857,ENSMUSG00000022510,Trp63,F,0,388,0.195959595959596,1.16395278082025
HR-GGM,1981,859,ENSMUSG00000042429,Adora1,F,0,388,0.195860676426047,1.163365222627
HR-GGM,1982,861,ENSMUSG00000039270,Megf9,F,0,388,0.195761856710394,1.162778257328
HR-GGM,1983,864,ENSMUSG00000038576,Susd4,F,0,388,0.195663136661624,1.16219188402627
HR-GGM,1984,866,ENSMUSG00000031983,2310022B05Rik,F,0,388,0.195564516129032,1.16160610182666
HR-GGM,1985,867,ENSMUSG00000032744,Heyl,F,0,388,0.195465994962217,1.16102090983582
HR-GGM,1986,868,ENSMUSG00000041607,Mbp,F,0,388,0.195367573011078,1.16043630716218
HR-GGM,1987,869,ENSMUSG00000059187,Fam19a1,F,0,388,0.195269250125818,1.159852292916
HR-GGM,1988,872,ENSMUSG00000008540,Mgst1,F,0,388,0.195171026156942,1.1592688662093
HR-GGM,1989,877,ENSMUSG00000006782,Cnp,F,0,388,0.195072900955254,1.15868602615591
HR-GGM,1990,881,ENSMUSG00000000253,Gmpr,F,0,388,0.194974874371859,1.15810377187141
HR-GGM,1991,883,ENSMUSG00000025255,Zfhx4,F,0,388,0.194876946258162,1.15752210247318
HR-GGM,1992,884,ENSMUSG00000027574,Nkain4,F,0,388,0.194779116465863,1.15694101708037
HR-GGM,1993,888,ENSMUSG00000032517,Mobp,F,0,388,0.194681384846964,1.1563605148139
HR-GGM,1994,889,ENSMUSG00000028645,Slc2a1,F,0,388,0.194583751253761,1.15578059479644
HR-GGM,1995,892,ENSMUSG00000022270,Fam134b,F,0,388,0.194486215538847,1.15520125615243
HR-GGM,1996,893,ENSMUSG00000039982,Dtx4,F,0,388,0.19438877755511,1.15462249800806
HR-GGM,1997,894,ENSMUSG00000050666,Vstm4,F,0,388,0.194291437155734,1.15404431949129
HR-GGM,1998,897,ENSMUSG00000037490,Slc2a12,F,0,388,0.194194194194194,1.15346671973178
HR-GGM,1999,898,ENSMUSG00000025407,Gli1,T,0,389,0.194597298649325,1.15586106306165
HR-GGM,2000,899,ENSMUSG00000019359,Gdpd2,F,0,389,0.1945,1.15528313253012
HR-GGM,2001,900,ENSMUSG00000037071,Scd1,F,0,389,0.1944027986007,1.1547057796403
HR-GGM,2002,902,ENSMUSG00000042116,Vwa1,F,0,389,0.194305694305694,1.15412900352659
HR-GGM,2003,903,ENSMUSG00000032356,Rasgrf1,F,0,389,0.194208686969546,1.15355280332513
HR-GGM,2004,904,ENSMUSG00000001663,Gstt1,F,0,389,0.194111776447106,1.15297717817377
HR-GGM,2005,907,ENSMUSG00000023067,Cdkn1a,F,0,389,0.194014962593516,1.15240212721209
HR-GGM,2006,910,ENSMUSG00000021280,Exoc3l4,T,0,390,0.194416749750748,1.15478864610986
HR-GGM,2007,911,ENSMUSG00000048040,Arxes2,T,0,391,0.194818136522172,1.15717278681242
HR-GGM,2008,912,ENSMUSG00000049532,Sall2,F,0,391,0.194721115537849,1.15659650554409
HR-GGM,2009,913,ENSMUSG00000000296,Tpd52l1,F,0,391,0.194624191139871,1.15602079797538
HR-GGM,2010,920,ENSMUSG00000044647,Csrnp3,F,0,391,0.19452736318408,1.15544566325001
HR-GGM,2011,925,ENSMUSG00000025350,Rdh5,F,0,391,0.194430631526604,1.15487110051344
HR-GGM,2012,927,ENSMUSG00000025791,Pgm2,F,0,391,0.194333996023857,1.15429710891279
HR-GGM,2013,931,ENSMUSG00000052914,Cyp2j6,F,0,391,0.194237456532538,1.15372368759689
HR-GGM,2014,933,ENSMUSG00000020723,Cacng4,T,0,392,0.194637537239325,1.15610007059021
HR-GGM,2015,934,ENSMUSG00000020100,Slc29a3,F,0,392,0.19454094292804,1.15552632365691
HR-GGM,2016,936,ENSMUSG00000044716,Dok7,F,0,392,0.194444444444444,1.154953145917
HR-GGM,2017,937,ENSMUSG00000039904,Gpr37,F,0,392,0.194348041646009,1.15438053652388
HR-GGM,2018,940,ENSMUSG00000021477,Ctsl,F,0,392,0.194251734390486,1.15380849463264
HR-GGM,2019,944,ENSMUSG00000023169,Slc38a1,F,0,392,0.194155522535909,1.15323701940004
HR-GGM,2020,945,ENSMUSG00000017670,Elmo2,F,0,392,0.194059405940594,1.15266610998449
HR-GGM,2021,946,ENSMUSG00000039579,Grin3a,T,0,393,0.194458189015339,1.15503478535617
HR-GGM,2022,948,ENSMUSG00000030701,Plekhb1,F,0,393,0.194362017804154,1.15446355153552
HR-GGM,2023,949,ENSMUSG00000060275,Nrg2,T,0,394,0.194760257043994,1.1568289966589
HR-GGM,2024,950,ENSMUSG00000021589,Rhobtb3,T,0,395,0.195158102766798,1.15919210438592
HR-GGM,2025,951,ENSMUSG00000059336,Slc14a1,F,0,395,0.195061728395062,1.15861966384055
HR-GGM,2026,953,ENSMUSG00000097462,9530026P05Rik,F,0,395,0.194965449160908,1.15804778838949
HR-GGM,2027,954,ENSMUSG00000060843,Ctnna3,F,0,395,0.194869264923532,1.1574764771964
HR-GGM,2028,956,ENSMUSG00000022309,Angpt1,F,0,395,0.194773175542406,1.15690572942658
HR-GGM,2029,957,ENSMUSG00000027422,Rrbp1,F,0,395,0.194677180877279,1.15633554424697
HR-GGM,2030,958,ENSMUSG00000038178,Slc43a2,F,0,395,0.194581280788177,1.15576592082616
HR-GGM,2031,960,ENSMUSG00000049303,Syt12,T,0,396,0.194977843426883,1.15812140734281
HR-GGM,2032,961,ENSMUSG00000031785,Adgrg1,T,0,397,0.195374015748032,1.16047457546722
HR-GGM,2033,963,ENSMUSG00000020101,Vsir,F,0,397,0.195277914412199,1.15990375668932
HR-GGM,2034,965,ENSMUSG00000038175,Mylip,F,0,397,0.195181907571288,1.15933349918849
HR-GGM,2035,967,ENSMUSG00000026773,Pfkfb3,F,0,397,0.195085995085995,1.1587638021373
HR-GGM,2036,969,ENSMUSG00000049521,Cdc42ep1,F,0,397,0.194990176817289,1.15819466470992
HR-GGM,2037,970,ENSMUSG00000025909,Sntg1,F,0,397,0.194894452626411,1.15762608608218
HR-GGM,2038,972,ENSMUSG00000054619,Mettl7a1,F,0,397,0.194798822374877,1.1570580654315
HR-GGM,2039,977,ENSMUSG00000006567,Atp7b,F,0,397,0.194703285924473,1.15649060193693
HR-GGM,2040,978,ENSMUSG00000071176,Arhgef10,F,0,397,0.194607843137255,1.15592369477912
HR-GGM,2041,980,ENSMUSG00000037306,Man1c1,F,0,397,0.194512493875551,1.15535734314032
HR-GGM,2042,981,ENSMUSG00000041771,Slc24a4,T,0,398,0.194906953966699,1.15770034103112
HR-GGM,2043,982,ENSMUSG00000029570,Lfng,F,0,398,0.194811551639745,1.15713367419752
HR-GGM,2044,984,ENSMUSG00000026594,Ralgps2,F,0,398,0.194716242661448,1.15656756183246
HR-GGM,2045,985,ENSMUSG00000029420,Rimbp2,F,0,398,0.194621026894866,1.15600200312251
HR-GGM,2046,989,ENSMUSG00000049313,Sorl1,F,0,398,0.194525904203324,1.15543699725589
HR-GGM,2047,992,ENSMUSG00000017754,Pltp,F,0,398,0.194430874450415,1.15487254342235
HR-GGM,2048,996,ENSMUSG00000051323,Pcdh19,T,0,399,0.19482421875,1.15720891378012
HR-GGM,2049,1001,ENSMUSG00000033342,Plppr5,F,0,399,0.194729136163982,1.15664414613064
HR-GGM,2050,1003,ENSMUSG00000032348,Gsta4,F,0,399,0.194634146341463,1.15607992947399
HR-GGM,2051,1007,ENSMUSG00000044037,Als2cl,F,0,399,0.194539249146758,1.15551626300424
HR-GGM,2052,1010,ENSMUSG00000040564,Apoc1,F,0,399,0.194444444444444,1.154953145917
HR-GGM,2053,1013,ENSMUSG00000054793,Cadm4,F,0,399,0.194349732099367,1.15439057740949
HR-GGM,2054,1017,ENSMUSG00000079157,Fam155a,F,0,399,0.194255111976631,1.15382855668047
HR-GGM,2055,1018,ENSMUSG00000017639,Rab11fip4,T,0,400,0.194647201946472,1.15615747662182
HR-GGM,2056,1024,ENSMUSG00000029603,Dtx1,F,0,400,0.194552529182879,1.15559514321879
HR-GGM,2057,1025,ENSMUSG00000096014,Sox1,T,0,401,0.194944093339815,1.15792093995818
HR-GGM,2058,1026,ENSMUSG00000034353,Ramp1,F,0,401,0.194849368318756,1.15735829615839
HR-GGM,2059,1027,ENSMUSG00000021190,Lgmn,F,0,401,0.194754735308402,1.15679619888003
HR-GGM,2060,1028,ENSMUSG00000022449,Adamts20,F,0,401,0.194660194174757,1.15623464732717
HR-GGM,2061,1030,ENSMUSG00000022425,Enpp2,F,0,401,0.194565744784085,1.15567364070547
HR-GGM,2062,1031,ENSMUSG00000025037,Maoa,F,0,401,0.19447138700291,1.1551131782221
HR-GGM,2063,1032,ENSMUSG00000079056,Kcnip3,F,0,401,0.194377120698013,1.15455325908579
HR-GGM,2064,1033,ENSMUSG00000025321,Itgb8,F,0,401,0.194282945736434,1.15399388250677
HR-GGM,2065,1035,ENSMUSG00000048355,Arxes1,T,0,402,0.194673123486683,1.15631144432451
HR-GGM,2066,1036,ENSMUSG00000028176,Lrrc7,T,0,403,0.195062923523717,1.15862676261678
HR-GGM,2067,1037,ENSMUSG00000034648,Lrrn1,F,0,403,0.19496855345912,1.15806622717284
HR-GGM,2068,1041,ENSMUSG00000022791,Tnk2,F,0,403,0.194874274661509,1.15750623383282
HR-GGM,2069,1042,ENSMUSG00000060371,Caln1,T,0,404,0.195263412276462,1.15981761749754
HR-GGM,2070,1043,ENSMUSG00000030522,Mtmr10,F,0,404,0.195169082125604,1.1592573191316
HR-GGM,2071,1044,ENSMUSG00000015085,Entpd2,F,0,404,0.19507484307098,1.15869756185534
HR-GGM,2072,1045,ENSMUSG00000057880,Abat,F,0,404,0.194980694980695,1.15813834488533
HR-GGM,2073,1046,ENSMUSG00000027199,Gatm,F,0,404,0.194886637723107,1.15757966743966
HR-GGM,2074,1047,ENSMUSG00000029311,Hsd17b11,F,0,404,0.194792671166827,1.1570215287379
HR-GGM,2075,1051,ENSMUSG00000001763,Tspan33,T,0,405,0.195180722891566,1.15932646247641
HR-GGM,2076,1053,ENSMUSG00000022122,Ednrb,F,0,405,0.195086705202312,1.15876802005711
HR-GGM,2077,1054,ENSMUSG00000020538,Srebf1,F,0,405,0.194992778045258,1.15821011537725
HR-GGM,2078,1056,ENSMUSG00000039830,Olig2,F,0,405,0.194898941289702,1.15765274766052
HR-GGM,2079,1057,ENSMUSG00000029778,Adcyap1r1,F,0,405,0.194805194805195,1.15709591613206
HR-GGM,2080,1059,ENSMUSG00000035637,Grhpr,F,0,405,0.194711538461538,1.15653962001854
HR-GGM,2081,1060,ENSMUSG00000058153,Sez6l,F,0,405,0.194617972128784,1.15598385854808
HR-GGM,2082,1061,ENSMUSG00000002055,Spag5,F,0,405,0.194524495677233,1.15542863095031
HR-GGM,2083,1062,ENSMUSG00000037972,Snn,F,0,405,0.194431108977436,1.15487393645634
HR-GGM,2084,1063,ENSMUSG00000098739,Gm27151,F,0,405,0.194337811900192,1.15431977429873
HR-GGM,2085,1064,ENSMUSG00000023249,Parp3,F,0,405,0.194244604316547,1.15376614371154
HR-GGM,2086,1065,ENSMUSG00000025348,Itga7,F,0,405,0.194151486097795,1.15321304393028
HR-GGM,2087,1068,ENSMUSG00000053062,Jam2,F,0,405,0.194058457115477,1.15266047419193
HR-GGM,2088,1069,ENSMUSG00000075590,Nrbp2,T,0,406,0.194444444444444,1.154953145917
HR-GGM,2089,1070,ENSMUSG00000023909,Paqr4,F,0,406,0.194351364289134,1.15440027222341
HR-GGM,2090,1072,ENSMUSG00000029095,Ablim2,T,0,407,0.194736842105263,1.156689917565
HR-GGM,2091,1074,ENSMUSG00000026986,Hnmt,F,0,407,0.194643711142994,1.15613674209031
HR-GGM,2092,1077,ENSMUSG00000026991,Pkp4,F,0,407,0.194550669216061,1.15558409546407
HR-GGM,2093,1078,ENSMUSG00000037706,Cd81,F,0,407,0.194457716196847,1.15503197692826
HR-GGM,2094,1079,ENSMUSG00000026223,Itm2c,F,0,407,0.194364851957975,1.15448038572629
HR-GGM,2095,1081,ENSMUSG00000039911,Spsb1,F,0,407,0.194272076372315,1.15392932110303
HR-GGM,2096,1082,ENSMUSG00000061232,H2-K1,F,0,407,0.194179389312977,1.15337878230479
HR-GGM,2097,1083,ENSMUSG00000034614,Pik3ip1,F,0,407,0.194086790653314,1.15282876857932
HR-GGM,2098,1085,ENSMUSG00000063646,Jakmip1,F,0,407,0.193994280266921,1.15227927917581
HR-GGM,2099,1087,ENSMUSG00000051497,Kcnj16,F,0,407,0.193901858027632,1.15173031334485
HR-GGM,2100,1088,ENSMUSG00000020601,Trib2,F,0,407,0.193809523809524,1.1511818703385
HR-GGM,2101,1089,ENSMUSG00000062098,Btbd3,F,0,407,0.193717277486911,1.15063394941021
HR-GGM,2102,1090,ENSMUSG00000038400,Pmepa1,F,0,407,0.193625118934348,1.15008654981486
HR-GGM,2103,1091,ENSMUSG00000026042,Col5a2,F,0,407,0.193533048026629,1.14953967080877
HR-GGM,2104,1092,ENSMUSG00000020059,Sycp3,F,0,407,0.193441064638783,1.14899331164964
HR-GGM,2105,1093,ENSMUSG00000044550,Tceal3,F,0,407,0.193349168646081,1.1484474715966
HR-GGM,2106,1094,ENSMUSG00000044365,Cxxc4,F,0,407,0.193257359924027,1.14790214991018
HR-GGM,2107,1095,ENSMUSG00000045752,Tssc4,F,0,407,0.193165638348363,1.14735734585232
HR-GGM,2108,1096,ENSMUSG00000020486,Sept4,F,0,407,0.193074003795066,1.14681305868636
HR-GGM,2109,1097,ENSMUSG00000055430,Nap1l5,F,0,407,0.192982456140351,1.14626928767702
HR-GGM,2110,1098,ENSMUSG00000021453,Gadd45g,F,0,407,0.192890995260664,1.14572603209045
HR-GGM,2111,1099,ENSMUSG00000074794,Arrdc3,F,0,407,0.192799621032686,1.14518329119415
HR-GGM,2112,1100,ENSMUSG00000013523,Bcas1,F,0,407,0.192708333333333,1.14464106425703
HR-GGM,2113,1101,ENSMUSG00000030336,Cd27,F,0,407,0.192617132039754,1.14409935054938
HR-GGM,2114,1102,ENSMUSG00000052544,St6galnac3,F,0,407,0.192526017029328,1.14355814934288
HR-GGM,2115,1105,ENSMUSG00000054863,Fam19a5,F,0,407,0.192434988179669,1.14301745991056
HR-GGM,2116,1106,ENSMUSG00000016319,Slc25a5,F,0,407,0.19234404536862,1.14247728152686
HR-GGM,2117,1107,ENSMUSG00000032418,Me1,F,0,407,0.192253188474256,1.14193761346757
HR-GGM,2118,1108,ENSMUSG00000037393,Nmur2,F,0,407,0.192162417374882,1.14139845500984
HR-GGM,2119,1109,ENSMUSG00000007989,Fzd3,F,0,407,0.192071731949033,1.14085980543221
HR-GGM,2120,1111,ENSMUSG00000037410,Tbc1d2b,F,0,407,0.191981132075472,1.14032166401455
HR-GGM,2121,1112,ENSMUSG00000058328,Xlr5a,F,0,407,0.191890617633192,1.13978403003812
HR-GGM,2122,1114,ENSMUSG00000003581,Rnf215,F,0,407,0.191800188501414,1.13924690278551
HR-GGM,2123,1117,ENSMUSG00000022265,Ank,F,0,407,0.191709844559585,1.13871028154067
HR-GGM,2124,1120,ENSMUSG00000066258,Trim12a,F,0,407,0.191619585687382,1.13817416558891
HR-GGM,2125,1123,ENSMUSG00000019055,Plod1,F,0,407,0.191529411764706,1.13763855421687
HR-GGM,2126,1124,ENSMUSG00000029381,Shroom3,F,0,407,0.191439322671684,1.13710344671253
HR-GGM,2127,1125,ENSMUSG00000020156,Mum1,F,0,407,0.191349318288669,1.13656884236523
HR-GGM,2128,1126,ENSMUSG00000110156,Gm42067,F,0,407,0.191259398496241,1.13603474046562
HR-GGM,2129,1127,ENSMUSG00000026827,Gpd2,F,0,407,0.1911695631752,1.1355011403057
HR-GGM,2130,1130,ENSMUSG00000064246,Chil1,F,0,407,0.191079812206573,1.1349680411788
HR-GGM,2131,1132,ENSMUSG00000027276,Jag1,F,0,407,0.19099014547161,1.13443544237956
HR-GGM,2132,1135,ENSMUSG00000047907,Tshz2,F,0,407,0.190900562851782,1.13390334320396
HR-GGM,2133,1136,ENSMUSG00000003534,Ddr1,F,0,407,0.190811064228786,1.13337174294929
HR-GGM,2134,1137,ENSMUSG00000099988,1700054A03Rik,F,0,407,0.190721649484536,1.13284064091417
HR-GGM,2135,1139,ENSMUSG00000037747,Phyhipl,F,0,407,0.190632318501171,1.13231003639852
HR-GGM,2136,1142,ENSMUSG00000020424,Gatsl3,F,0,407,0.190543071161049,1.13177992870358
HR-GGM,2137,1143,ENSMUSG00000070532,Ccdc190,F,0,407,0.190453907346748,1.13125031713189
HR-GGM,2138,1144,ENSMUSG00000048022,Tmem229a,T,0,408,0.190832553788587,1.13349938575631
HR-GGM,2139,1145,ENSMUSG00000026821,Ralgds,F,0,408,0.190743338008415,1.13296946551986
HR-GGM,2140,1146,ENSMUSG00000046985,Tapt1,F,0,408,0.190654205607477,1.13244004053598
HR-GGM,2141,1147,ENSMUSG00000002897,Il17ra,F,0,408,0.19056515646894,1.13191111011069
HR-GGM,2142,1149,ENSMUSG00000072663,Spef2,F,0,408,0.19047619047619,1.13138267355135
HR-GGM,2143,1151,ENSMUSG00000051469,Zfp24,T,0,409,0.190853943070462,1.1336264329366
HR-GGM,2144,1152,ENSMUSG00000085247,4930545L23Rik,F,0,409,0.190764925373134,1.13309768926452
HR-GGM,2145,1156,ENSMUSG00000028677,Rnf220,F,0,409,0.190675990675991,1.13256943859353
HR-GGM,2146,1157,ENSMUSG00000031511,Arhgef7,F,0,409,0.190587138863001,1.13204168023445
HR-GGM,2147,1159,ENSMUSG00000042428,Mgat3,F,0,409,0.190498369818351,1.13151441349936
HR-GGM,2148,1161,ENSMUSG00000027642,Rpn2,F,0,409,0.190409683426443,1.13098763770164
HR-GGM,2149,1162,ENSMUSG00000036641,Ccdc148,F,0,409,0.190321079571894,1.13046135215595
HR-GGM,2150,1164,ENSMUSG00000098557,Kctd12,F,0,409,0.190232558139535,1.1299355561782
HR-GGM,2151,1165,ENSMUSG00000046352,Gjb2,F,0,409,0.190144119014412,1.1294102490856
HR-GGM,2152,1166,ENSMUSG00000000295,Hddc2,F,0,409,0.190055762081784,1.12888543019662
HR-GGM,2153,1168,ENSMUSG00000015846,Rxra,F,0,409,0.189967487227125,1.128361098831
HR-GGM,2154,1169,ENSMUSG00000097911,Gm26691,F,0,409,0.189879294336119,1.12783725430972
HR-GGM,2155,1172,ENSMUSG00000042010,Acacb,F,0,409,0.189791183294664,1.12731389595505
HR-GGM,2156,1175,ENSMUSG00000050989,Selenon,F,0,409,0.189703153988868,1.12679102309051
HR-GGM,2157,1176,ENSMUSG00000078234,Klhdc7a,F,0,409,0.189615206305053,1.12626863504086
HR-GGM,2158,1177,ENSMUSG00000020926,Adam11,F,0,409,0.18952734012975,1.12574673113213
HR-GGM,2159,1180,ENSMUSG00000015090,Ptgds,F,0,409,0.189439555349699,1.12522531069159
HR-GGM,2160,1183,ENSMUSG00000034401,Spata6,F,0,409,0.189351851851852,1.12470437304775
HR-GGM,2161,1184,ENSMUSG00000056204,Pgpep1,F,0,409,0.189264229523369,1.12418391753037
HR-GGM,2162,1185,ENSMUSG00000008734,Gprc5b,F,0,409,0.189176688251619,1.12366394347046
HR-GGM,2163,1187,ENSMUSG00000026463,Atp2b4,T,0,410,0.18955154877485,1.12589052465061
HR-GGM,2164,1188,ENSMUSG00000031770,Herpud1,F,0,410,0.189463955637708,1.12537024252277
HR-GGM,2165,1189,ENSMUSG00000060002,Chpt1,F,0,410,0.189376443418014,1.12485044102507
HR-GGM,2166,1190,ENSMUSG00000085715,Tsix,F,0,410,0.189289012003693,1.12433111949182
HR-GGM,2167,1191,ENSMUSG00000044674,Fzd1,F,0,410,0.18920166128288,1.12381227725855
HR-GGM,2168,1192,ENSMUSG00000022235,Cmbl,F,0,410,0.189114391143911,1.12329391366203
HR-GGM,2169,1194,ENSMUSG00000042073,Abhd14b,F,0,410,0.189027201475334,1.12277602804024
HR-GGM,2170,1195,ENSMUSG00000018377,Vezf1,F,0,410,0.188940092165899,1.12225861973239
HR-GGM,2171,1196,ENSMUSG00000064373,Selenop,F,0,410,0.18885306310456,1.12174168807889
HR-GGM,2172,1199,ENSMUSG00000026249,Serpine2,F,0,410,0.188766114180479,1.1212252324214
HR-GGM,2173,1200,ENSMUSG00000026442,Nfasc,F,0,410,0.188679245283019,1.12070925210275
HR-GGM,2174,1201,ENSMUSG00000039474,Wfs1,F,0,410,0.188592456301748,1.12019374646701
HR-GGM,2175,1204,ENSMUSG00000000957,Mmp14,F,0,410,0.188505747126437,1.11967871485944
HR-GGM,2176,1207,ENSMUSG00000028782,Adgrb2,T,0,411,0.188878676470588,1.1218938253012
HR-GGM,2177,1208,ENSMUSG00000089704,Galnt2,F,0,411,0.188791915480018,1.12137848592348
HR-GGM,2178,1210,ENSMUSG00000034412,Tbc1d10a,F,0,411,0.18870523415978,1.12086361976833
HR-GGM,2179,1212,ENSMUSG00000025579,Gaa,F,0,411,0.188618632400184,1.12034922618422
HR-GGM,2180,1213,ENSMUSG00000054364,Rhob,T,0,412,0.188990825688073,1.12255996462916
HR-GGM,2181,1214,ENSMUSG00000030256,Bhlhe41,F,0,412,0.188904172397983,1.12204526496633
HR-GGM,2182,1215,ENSMUSG00000020821,Kif1c,F,0,412,0.188817598533456,1.12153103707221
HR-GGM,2183,1217,ENSMUSG00000029467,Atp2a2,T,0,413,0.189189189189189,1.12373819602735
HR-GGM,2184,1219,ENSMUSG00000039298,Cdk5rap2,F,0,413,0.189102564102564,1.12322366388631
HR-GGM,2185,1223,ENSMUSG00000040249,Lrp1,F,0,413,0.189016018306636,1.12270960271291
HR-GGM,2186,1224,ENSMUSG00000021756,Il6st,F,0,413,0.188929551692589,1.1221960118608
HR-GGM,2187,1226,ENSMUSG00000064356,mt-Atp8,F,0,413,0.188843164151806,1.12168289068482
HR-GGM,2188,1227,ENSMUSG00000043496,Tril,F,0,413,0.188756855575868,1.121170238541
HR-GGM,2189,1229,ENSMUSG00000023913,Pla2g7,F,0,413,0.188670625856556,1.12065805478653
HR-GGM,2190,1231,ENSMUSG00000030307,Slc6a11,F,0,413,0.188584474885845,1.12014633877978
HR-GGM,2191,1232,ENSMUSG00000025203,Scd2,F,0,413,0.188498402555911,1.11963508988029
HR-GGM,2192,1234,ENSMUSG00000004558,Ndrg2,F,0,413,0.188412408759124,1.11912430744877
HR-GGM,2193,1235,ENSMUSG00000030310,Slc6a1,F,0,413,0.188326493388053,1.11861399084711
HR-GGM,2194,1237,ENSMUSG00000041329,Atp1b2,F,0,413,0.18824065633546,1.11810413943834
HR-GGM,2195,1240,ENSMUSG00000029309,Sparcl1,F,0,413,0.188154897494305,1.11759475258666
HR-GGM,2196,1241,ENSMUSG00000027895,Kcnc4,F,0,413,0.188069216757741,1.11708582965743
HR-GGM,2197,1242,ENSMUSG00000019789,Hey2,F,0,413,0.187983614019117,1.11657737001716
HR-GGM,2198,1243,ENSMUSG00000028082,Sh3d19,F,0,413,0.187898089171975,1.11606937303354
HR-GGM,2199,1244,ENSMUSG00000067787,Blcap,F,0,413,0.18781264211005,1.11556183807536
HR-GGM,2200,1245,ENSMUSG00000089774,Slc5a3,F,0,413,0.187727272727273,1.1150547645126
HR-GGM,2201,1246,ENSMUSG00000021948,Prkcd,T,0,414,0.188096319854612,1.11724681552197
HR-GGM,2202,1248,ENSMUSG00000001418,Glmp,F,0,414,0.188010899182561,1.11673943731329
HR-GGM,2203,1249,ENSMUSG00000025425,St8sia5,F,0,414,0.187925556059918,1.11623251972939
HR-GGM,2204,1250,ENSMUSG00000002524,Puf60,F,0,414,0.187840290381125,1.11572606214331
HR-GGM,2205,1251,ENSMUSG00000109284,B230311B06Rik,F,0,414,0.187755102040816,1.11522006392919
HR-GGM,2206,1252,ENSMUSG00000078490,Cfap74,F,0,414,0.187669990933817,1.11471452446231
HR-GGM,2207,1253,ENSMUSG00000026566,Mpzl1,F,0,414,0.187584956955143,1.1142094431191
HR-GGM,2208,1254,ENSMUSG00000019971,Cep290,T,0,415,0.187952898550725,1.11639492753623
HR-GGM,2209,1256,ENSMUSG00000038305,Spats2l,F,0,415,0.187867813490267,1.11588954277954
HR-GGM,2210,1257,ENSMUSG00000051048,P4ha3,F,0,415,0.187782805429864,1.11538461538462
HR-GGM,2211,1259,ENSMUSG00000022095,Fam160b2,F,0,415,0.187697874265038,1.11488014473089
HR-GGM,2212,1260,ENSMUSG00000024534,Sncaip,F,0,415,0.187613019891501,1.11437613019891
HR-GGM,2213,1261,ENSMUSG00000026556,Vangl2,F,0,415,0.187528242205151,1.11387257117036
HR-GGM,2214,1262,ENSMUSG00000038233,Fam198a,F,0,415,0.187443541102078,1.113369467028
HR-GGM,2215,1263,ENSMUSG00000034121,Mks1,F,0,415,0.187358916478555,1.11286681715576
HR-GGM,2216,1264,ENSMUSG00000049657,Zbtb5,F,0,415,0.187274368231047,1.11236462093863
HR-GGM,2217,1265,ENSMUSG00000029189,Sel1l3,F,0,415,0.187189896256202,1.11186287776274
HR-GGM,2218,1266,ENSMUSG00000019996,Map7,T,0,416,0.187556357078449,1.11403956674308
HR-GGM,2219,1267,ENSMUSG00000048814,Lonrf2,F,0,416,0.187471834159531,1.11353752097167
HR-GGM,2220,1268,ENSMUSG00000033585,Ndn,F,0,416,0.187387387387387,1.11303592749376
HR-GGM,2221,1269,ENSMUSG00000074782,4833422C13Rik,F,0,416,0.187303016659163,1.1125347856984
HR-GGM,2222,1270,ENSMUSG00000021048,Mthfd1,F,0,416,0.187218721872187,1.11203409497576
HR-GGM,2223,1271,ENSMUSG00000062444,Ap3b2,F,0,416,0.187134502923977,1.11153385471711
HR-GGM,2224,1272,ENSMUSG00000038074,Fkbp14,F,0,416,0.18705035971223,1.11103406431481
HR-GGM,2225,1275,ENSMUSG00000090336,4932443I19Rik,F,0,416,0.186966292134831,1.11053472316231
HR-GGM,2226,1276,ENSMUSG00000030341,Tnfrsf1a,F,0,416,0.186882300089847,1.11003583065415
HR-GGM,2227,1278,ENSMUSG00000035172,Plekhh3,F,0,416,0.186798383475528,1.10953738618596
HR-GGM,2228,1281,ENSMUSG00000032902,Slc16a1,F,0,416,0.186714542190305,1.10903938915446
HR-GGM,2229,1282,ENSMUSG00000027676,Ccdc39,F,0,416,0.186630776132795,1.10854183895744
HR-GGM,2230,1283,ENSMUSG00000038393,Txnip,F,0,416,0.186547085201794,1.10804473499379
HR-GGM,2231,1284,ENSMUSG00000038776,Ephx1,T,0,417,0.18691169878978,1.11021045184773
HR-GGM,2232,1285,ENSMUSG00000048731,Ggnbp1,F,0,417,0.186827956989247,1.10971304573131
HR-GGM,2233,1286,ENSMUSG00000031758,Cdyl2,F,0,417,0.186744290192566,1.1092160851197
HR-GGM,2234,1290,ENSMUSG00000040209,Zfp704,T,0,418,0.187108325872874,1.11137836934129
HR-GGM,2235,1291,ENSMUSG00000019842,Traf3ip2,F,0,418,0.187024608501119,1.11088110832592
HR-GGM,2236,1292,ENSMUSG00000021913,Ogdhl,F,0,418,0.186940966010733,1.11038429208785
HR-GGM,2237,1293,ENSMUSG00000071604,Fam189a2,F,0,418,0.186857398301296,1.10988792003059
HR-GGM,2238,1294,ENSMUSG00000042589,Cux2,F,0,418,0.186773905272565,1.10939199155873
HR-GGM,2239,1295,ENSMUSG00000040479,Dgkz,F,0,418,0.186690486824475,1.10889650607791
HR-GGM,2240,1297,ENSMUSG00000022838,Eaf2,F,0,418,0.186607142857143,1.10840146299484
HR-GGM,2241,1298,ENSMUSG00000040010,Slc7a5,F,0,418,0.186523873270861,1.10790686171728
HR-GGM,2242,1299,ENSMUSG00000024339,Tap2,F,0,418,0.186440677966102,1.10741270165407
HR-GGM,2243,1300,ENSMUSG00000001506,Col1a1,F,0,418,0.186357556843513,1.10691898221508
HR-GGM,2244,1302,ENSMUSG00000117901,Gm54798,F,0,418,0.186274509803922,1.10642570281124
HR-GGM,2245,1303,ENSMUSG00000072966,Gprasp2,F,0,418,0.18619153674833,1.10593286285454
HR-GGM,2246,1304,ENSMUSG00000042684,Npl,F,0,418,0.186108637577916,1.10544046175798
HR-GGM,2247,1307,ENSMUSG00000025357,Dgka,F,0,418,0.186025812194036,1.10494849893566
HR-GGM,2248,1308,ENSMUSG00000011257,Pabpc4,F,0,418,0.185943060498221,1.10445697380268
HR-GGM,2249,1309,ENSMUSG00000001909,Trmt1,F,0,418,0.185860382392174,1.1039658857752
HR-GGM,2250,1311,ENSMUSG00000041035,Gm17018,F,0,418,0.185777777777778,1.10347523427041
HR-GGM,2251,1312,ENSMUSG00000022500,Litaf,F,0,418,0.185695246557086,1.10298501870655
HR-GGM,2252,1313,ENSMUSG00000028469,Npr2,F,0,418,0.185612788632327,1.10249523850286
HR-GGM,2253,1314,ENSMUSG00000025854,Fam20c,F,0,418,0.185530403905903,1.10200589307964
HR-GGM,2254,1315,ENSMUSG00000033488,Cryzl2,F,0,418,0.18544809228039,1.10151698185822
HR-GGM,2255,1316,ENSMUSG00000041483,Zfp281,T,0,419,0.185809312638581,1.10366254374482
HR-GGM,2256,1317,ENSMUSG00000023019,Gpd1,F,0,419,0.18572695035461,1.10317333162437
HR-GGM,2257,1318,ENSMUSG00000037960,Card19,F,0,419,0.185644661054497,1.10268455301045
HR-GGM,2258,1319,ENSMUSG00000034771,Tle2,F,0,419,0.185562444641275,1.10219620732709
HR-GGM,2259,1320,ENSMUSG00000041633,Kctd12b,F,0,419,0.18548030101815,1.10170829399937
HR-GGM,2260,1321,ENSMUSG00000090129,Olfr287,F,0,419,0.185398230088496,1.10122081245335
HR-GGM,2261,1322,ENSMUSG00000042155,Klhl23,F,0,419,0.18531623175586,1.10073376211613
HR-GGM,2262,1323,ENSMUSG00000042121,Ssh1,F,0,419,0.185234305923961,1.10024714241582
HR-GGM,2263,1324,ENSMUSG00000063564,Col23a1,F,0,419,0.185152452496686,1.09976095278152
HR-GGM,2264,1325,ENSMUSG00000064202,4430402I18Rik,F,0,419,0.185070671378092,1.09927519264337
HR-GGM,2265,1326,ENSMUSG00000024940,Ltbp3,F,0,419,0.184988962472406,1.09878986143248
HR-GGM,2266,1327,ENSMUSG00000053553,3110082I17Rik,F,0,419,0.184907325684025,1.09830495858101
HR-GGM,2267,1328,ENSMUSG00000048915,Efna5,F,0,419,0.184825760917512,1.09782048352209
HR-GGM,2268,1329,ENSMUSG00000030847,Bag3,F,0,419,0.184744268077601,1.09733643568985
HR-GGM,2269,1330,ENSMUSG00000021256,Vash1,F,0,419,0.184662847069193,1.09685281451943
HR-GGM,2270,1331,ENSMUSG00000087368,BC065397,F,0,419,0.184581497797357,1.09636961944695
HR-GGM,2271,1332,ENSMUSG00000051427,Ccdc157,F,0,419,0.184500220167327,1.09588684990955
HR-GGM,2272,1333,ENSMUSG00000021665,Hexb,F,0,419,0.184419014084507,1.09540450534532
HR-GGM,2273,1334,ENSMUSG00000025289,Prdx4,F,0,419,0.184337879454465,1.09492258519339
HR-GGM,2274,1335,ENSMUSG00000000278,Scpep1,F,0,419,0.184256816182938,1.09444108889383
HR-GGM,2275,1337,ENSMUSG00000037089,Slc35b2,F,0,419,0.184175824175824,1.09396001588773
HR-GGM,2276,1338,ENSMUSG00000097729,2310015A10Rik,F,0,419,0.184094903339192,1.09347936561713
HR-GGM,2277,1339,ENSMUSG00000019810,Fuca2,F,0,419,0.184014053579271,1.09299913752507
HR-GGM,2278,1340,ENSMUSG00000038729,Akap2,T,0,420,0.184372256365233,1.09512677575976
HR-GGM,2279,1341,ENSMUSG00000039976,Tbc1d16,F,0,420,0.184291355857832,1.0946462462399
HR-GGM,2280,1342,ENSMUSG00000030342,Cd9,F,0,420,0.184210526315789,1.09416613823716
HR-GGM,2281,1343,ENSMUSG00000043556,Fbxl7,F,0,420,0.184129767645769,1.09368645119716
HR-GGM,2282,1344,ENSMUSG00000021583,Erap1,F,0,420,0.184049079754601,1.09320718456649
HR-GGM,2283,1345,ENSMUSG00000014353,Tmem87b,T,0,421,0.184406482698204,1.0953300719303
HR-GGM,2284,1346,ENSMUSG00000026819,Slc25a25,F,0,421,0.184325744308231,1.09485050534889
HR-GGM,2285,1347,ENSMUSG00000019124,Scrn1,F,0,421,0.184245076586433,1.09437135851942
HR-GGM,2286,1348,ENSMUSG00000069835,Sat2,F,0,421,0.18416447944007,1.09389263089102
HR-GGM,2287,1349,ENSMUSG00000062785,Kcnc3,F,0,421,0.184083952776563,1.0934143219138
HR-GGM,2288,1351,ENSMUSG00000024085,Man2a1,F,0,421,0.184003496503497,1.09293643103884
HR-GGM,2289,1352,ENSMUSG00000026611,Spata17,F,0,421,0.183923110528615,1.09245895771816
HR-GGM,2290,1353,ENSMUSG00000048537,Phldb1,F,0,421,0.183842794759825,1.09198190140475
HR-GGM,2291,1354,ENSMUSG00000001942,Siae,F,0,421,0.183762549105194,1.09150526155254
HR-GGM,2292,1355,ENSMUSG00000024913,Lrp5,F,0,421,0.183682373472949,1.09102903761643
HR-GGM,2293,1356,ENSMUSG00000037259,Dzank1,F,0,421,0.183602267771478,1.09055322905228
HR-GGM,2294,1357,ENSMUSG00000002885,Adgre5,T,0,422,0.183958151700087,1.09266709383305
HR-GGM,2295,1358,ENSMUSG00000053930,Shisa6,F,0,422,0.183877995642702,1.09219098616689
HR-GGM,2296,1359,ENSMUSG00000055567,Unc80,F,0,422,0.183797909407665,1.09171529322866
HR-GGM,2297,1360,ENSMUSG00000029228,Lnx1,F,0,422,0.183717892903788,1.09124001447671
HR-GGM,2298,1361,ENSMUSG00000035206,Sppl2b,F,0,422,0.183637946040035,1.09076514937033
HR-GGM,2299,1363,ENSMUSG00000091119,Ccdc152,F,0,422,0.183558068725533,1.09029069736973
HR-GGM,2300,1364,ENSMUSG00000056458,Mok,F,0,422,0.183478260869565,1.08981665793609
HR-GGM,2301,1365,ENSMUSG00000108175,Gm16499,F,0,422,0.183398522381573,1.08934303053151
HR-GGM,2302,1366,ENSMUSG00000030688,Stard10,F,0,422,0.183318853171156,1.08886981461903
HR-GGM,2303,1368,ENSMUSG00000034487,Kdelc2,F,0,422,0.183239253148068,1.08839700966262
HR-GGM,2304,1369,ENSMUSG00000030255,Sspn,F,0,422,0.183159722222222,1.08792461512718
HR-GGM,2305,1370,ENSMUSG00000040936,Ulk4,F,0,422,0.183080260303688,1.08745263047853
HR-GGM,2306,1371,ENSMUSG00000021591,Glrx,F,0,422,0.183000867302689,1.08698105518344
HR-GGM,2307,1372,ENSMUSG00000044122,Proca1,F,0,422,0.182921543129606,1.08650988870958
HR-GGM,2308,1374,ENSMUSG00000004788,Eif2b2,F,0,422,0.182842287694974,1.08603913052557
HR-GGM,2309,1375,ENSMUSG00000046079,Lrrc8d,T,0,423,0.183196188826332,1.08814121796845
HR-GGM,2310,1376,ENSMUSG00000032352,Lrrc1,T,0,424,0.183549783549784,1.09024148542221
HR-GGM,2311,1377,ENSMUSG00000040189,Ccdc114,F,0,424,0.183470359151882,1.08976972363708
HR-GGM,2312,1378,ENSMUSG00000039851,4932438H23Rik,F,0,424,0.183391003460208,1.08929836995039
HR-GGM,2313,1379,ENSMUSG00000075419,Dolk,F,0,424,0.183311716385646,1.08882742383281
HR-GGM,2314,1380,ENSMUSG00000033904,Ccp110,F,0,424,0.183232497839239,1.08835688475596
HR-GGM,2315,1381,ENSMUSG00000033029,1700088E04Rik,F,0,424,0.183153347732181,1.08788675219235
HR-GGM,2316,1382,ENSMUSG00000097280,AI849053,F,0,424,0.18307426597582,1.08741702561541
HR-GGM,2317,1383,ENSMUSG00000009281,Rarres2,F,0,424,0.182995252481657,1.08694770449948
HR-GGM,2318,1384,ENSMUSG00000118380,Gm36037,F,0,424,0.182916307161346,1.0864787883198
HR-GGM,2319,1385,ENSMUSG00000015829,Tnr,F,0,424,0.182837429926693,1.08601027655252
HR-GGM,2320,1386,ENSMUSG00000018809,Smyd4,F,0,424,0.182758620689655,1.0855421686747
HR-GGM,2321,1387,ENSMUSG00000084950,Gm5577,F,0,424,0.182679879362344,1.08507446416428
HR-GGM,2322,1388,ENSMUSG00000028093,Acp6,F,0,424,0.18260120585702,1.08460716250013
HR-GGM,2323,1389,ENSMUSG00000031095,Cul4b,F,0,424,0.182522600086096,1.08414026316199
HR-GGM,2324,1390,ENSMUSG00000061322,Dnaic1,F,0,424,0.182444061962134,1.08367376563051
HR-GGM,2325,1391,ENSMUSG00000024909,Efemp2,F,0,424,0.182365591397849,1.08320766938723
HR-GGM,2326,1392,ENSMUSG00000037936,Scarb1,F,0,424,0.182287188306105,1.08274197391457
HR-GGM,2327,1393,ENSMUSG00000070972,Dnajc25,F,0,424,0.182208852599914,1.08227667869587
HR-GGM,2328,1394,ENSMUSG00000028617,Lrrc42,T,0,425,0.182560137457045,1.08436322610028
HR-GGM,2329,1395,ENSMUSG00000028967,Errfi1,F,0,425,0.182481751824818,1.08389763433295
HR-GGM,2330,1396,ENSMUSG00000048970,C1galt1c1,F,0,425,0.182403433476395,1.08343244221521
HR-GGM,2331,1397,ENSMUSG00000002289,Angptl4,F,0,425,0.182325182325182,1.08296764923271
HR-GGM,2332,1399,ENSMUSG00000049036,Tmem121,T,0,426,0.182675814751286,1.08505032135403
HR-GGM,2333,1400,ENSMUSG00000049555,Tmie,F,0,426,0.182597513930562,1.08458523334659
HR-GGM,2334,1401,ENSMUSG00000073418,C4b,F,0,426,0.182519280205656,1.08412054387215
HR-GGM,2335,1402,ENSMUSG00000027674,Pex5l,F,0,426,0.182441113490364,1.08365625241867
HR-GGM,2336,1403,ENSMUSG00000039539,Sgcz,F,0,426,0.18236301369863,1.083192358475
HR-GGM,2337,1404,ENSMUSG00000086503,Xist,F,0,426,0.182284980744544,1.08272886153085
HR-GGM,2338,1406,ENSMUSG00000027737,Slc7a11,F,0,426,0.182207014542344,1.08226576107681
HR-GGM,2339,1407,ENSMUSG00000049252,Lrp1b,F,0,426,0.182129115006413,1.08180305660436
HR-GGM,2340,1411,ENSMUSG00000047216,Cdh19,T,0,427,0.182478632478632,1.08387910616826
HR-GGM,2341,1416,ENSMUSG00000033510,Otud7a,F,0,427,0.182400683468603,1.08341610783158
HR-GGM,2342,1417,ENSMUSG00000031431,Tsc22d3,T,0,428,0.182749786507259,1.08548969575998
HR-GGM,2343,1418,ENSMUSG00000054226,Tprkb,F,0,428,0.182671788305591,1.08502640523682
HR-GGM,2344,1424,ENSMUSG00000038872,Zfhx3,F,0,428,0.18259385665529,1.08456351001275
HR-GGM,2345,1427,ENSMUSG00000065947,mt-Nd4l,F,0,428,0.182515991471215,1.08410100958204
HR-GGM,2346,1430,ENSMUSG00000023951,Vegfa,F,0,428,0.182438192668372,1.08363890343985
HR-GGM,2347,1434,ENSMUSG00000097971,Gm26917,F,0,428,0.182360460161909,1.08317719108218
HR-GGM,2348,1437,ENSMUSG00000029088,Kcnip4,F,0,428,0.182282793867121,1.08271587200591
HR-GGM,2349,1438,ENSMUSG00000069670,Nkain2,F,0,428,0.182205193699447,1.08225494570876
HR-GGM,2350,1439,ENSMUSG00000054477,Kcnn2,T,0,429,0.182553191489362,1.08432196872597
HR-GGM,2351,1447,ENSMUSG00000096768,Gm47283,F,0,429,0.182475542322416,1.08386075138495
HR-GGM,2352,1448,ENSMUSG00000048001,Hes5,F,0,429,0.182397959183673,1.08339992623555
HR-GGM,2353,1454,ENSMUSG00000022037,Clu,F,0,429,0.18232044198895,1.08293949277774
HR-GGM,2354,1458,ENSMUSG00000021268,Meg3,F,0,429,0.182242990654206,1.08247945051233
HR-GGM,2355,1460,ENSMUSG00000033721,Vav3,F,0,429,0.182165605095541,1.08201979894099
HR-GGM,2356,1467,ENSMUSG00000021823,Vcl,F,0,429,0.182088285229202,1.08156053756622
HR-GGM,2357,1475,ENSMUSG00000060923,Acyp2,F,0,429,0.182011030971574,1.0811016658914
HR-GGM,2358,1476,ENSMUSG00000064367,mt-Nd5,F,0,429,0.181933842239186,1.08064318342071
HR-GGM,2359,1477,ENSMUSG00000058056,Palld,F,0,429,0.181856718948707,1.08018508965919
HR-GGM,2360,1478,ENSMUSG00000093497,Gm20713,F,0,429,0.181779661016949,1.07972738411272
HR-GGM,2361,1480,ENSMUSG00000025283,Sat1,F,0,429,0.181702668360864,1.07927006628802
HR-GGM,2362,1488,ENSMUSG00000105361,AY036118,F,0,429,0.181625740897544,1.07881313569264
HR-GGM,2363,1498,ENSMUSG00000022636,Alcam,F,0,429,0.181548878544223,1.07835659183497
HR-GGM,2364,1511,ENSMUSG00000069171,Nr2f1,T,0,430,0.181895093062606,1.08041302264897
HR-GGM,2365,1515,ENSMUSG00000035566,Pcdh17,T,0,431,0.182241014799154,1.08246771440943
HR-GGM,2366,1519,ENSMUSG00000052430,Bmpr1b,F,0,431,0.182163989856298,1.08201020480909
HR-GGM,2367,1520,ENSMUSG00000063600,Egfem1,F,0,431,0.182087029995775,1.08155308178213
HR-GGM,2368,1522,ENSMUSG00000025666,Tmem47,T,0,432,0.182432432432432,1.08360468902638
HR-GGM,2369,1526,ENSMUSG00000026872,Zeb2,T,0,433,0.182777543267201,1.08565456422567
HR-GGM,2370,1535,ENSMUSG00000112437,Gm35188,F,0,433,0.182700421940928,1.08519648213106
HR-GGM,2371,1549,ENSMUSG00000066687,Zbtb16,F,0,433,0.182623365668494,1.08473878644057
HR-GGM,2372,1550,ENSMUSG00000050288,Fzd2,F,0,433,0.182546374367622,1.08428147666552
HR-GGM,2373,1554,ENSMUSG00000035376,Hacd2,F,0,433,0.182469447956174,1.083824552318
HR-GGM,2374,1565,ENSMUSG00000021719,Rgs7bp,F,0,433,0.182392586352148,1.08336801291095
HR-GGM,2375,1576,ENSMUSG00000049100,Pcdh10,T,0,434,0.182736842105263,1.08541280913126
HR-GGM,2376,1593,ENSMUSG00000074637,Sox2,T,0,435,0.183080808080808,1.08745588414263
HR-GGM,2377,1595,ENSMUSG00000004902,Slc25a18,F,0,435,0.183003786285233,1.08699839323639
HR-GGM,2378,1596,ENSMUSG00000042331,Specc1,F,0,435,0.182926829268293,1.08654128709962
HR-GGM,2379,1603,ENSMUSG00000053907,Mat2a,F,0,435,0.182849936948298,1.08608456524712
HR-GGM,2380,1604,ENSMUSG00000010064,Slc38a3,F,0,435,0.182773109243697,1.08562822719449
HR-GGM,2381,1606,ENSMUSG00000003949,Hlf,F,0,435,0.182696346073079,1.08517227245817
HR-GGM,2382,1608,ENSMUSG00000034647,Ankrd12,F,0,435,0.182619647355164,1.08471670055537
HR-GGM,2383,1623,ENSMUSG00000033863,Klf9,T,0,436,0.182962652119178,1.08675406620186
HR-GGM,2384,1625,ENSMUSG00000024921,Smarca2,T,0,437,0.183305369127517,1.08878972264899
HR-GGM,2385,1634,ENSMUSG00000032009,Sesn3,F,0,437,0.183228511530398,1.088333207042
HR-GGM,2386,1644,ENSMUSG00000056515,Rab31,T,0,438,0.183570829840738,1.09036649531908
HR-GGM,2387,1651,ENSMUSG00000024462,Gabbr1,T,0,439,0.183912861332216,1.09239807996124
HR-GGM,2388,1652,ENSMUSG00000044349,Snhg11,F,0,439,0.183835845896147,1.09194062682892
HR-GGM,2389,1664,ENSMUSG00000034853,Acot11,F,0,439,0.183758894935119,1.09148355666282
HR-GGM,2390,1674,ENSMUSG00000024642,Tle4,F,0,439,0.183682008368201,1.0910268689822
HR-GGM,2391,1677,ENSMUSG00000040785,Ttc3,F,0,439,0.183605186114596,1.09057056330718
HR-GGM,2392,1678,ENSMUSG00000064360,mt-Nd3,F,0,439,0.183528428093645,1.09011463915864
HR-GGM,2393,1684,ENSMUSG00000024665,Fads2,F,0,439,0.183451734224822,1.08965909605828
HR-GGM,2394,1689,ENSMUSG00000030317,Timp4,F,0,439,0.183375104427736,1.0892039335286
HR-GGM,2395,1690,ENSMUSG00000021196,Pfkp,F,0,439,0.183298538622129,1.08874915109289
HR-GGM,2396,1691,ENSMUSG00000017561,Crlf3,F,0,439,0.18322203672788,1.08829474827524
HR-GGM,2397,1696,ENSMUSG00000042613,Pbxip1,F,0,439,0.183145598664998,1.08784072460053
HR-GGM,2398,1697,ENSMUSG00000003526,Prodh,F,0,439,0.183069224353628,1.08738707959444
HR-GGM,2399,1700,ENSMUSG00000045608,Dbx2,F,0,439,0.182992913714048,1.08693381278344
HR-GGM,2400,1707,ENSMUSG00000021127,Zfp36l1,T,0,440,0.183333333333333,1.08895582329317
HR-GGM,2401,1709,ENSMUSG00000022132,Cldn10,F,0,440,0.183256976259892,1.08850228067622
HR-GGM,2402,1712,ENSMUSG00000024277,Mapre2,T,0,441,0.183597002497918,1.09052195459607
HR-GGM,2403,1715,ENSMUSG00000024347,Psd2,F,0,441,0.183520599250936,1.09006813771942
HR-GGM,2404,1719,ENSMUSG00000028121,Bcar3,F,0,441,0.183444259567388,1.08961469839424
HR-GGM,2405,1721,ENSMUSG00000022261,Sdc2,F,0,441,0.183367983367983,1.08916163614959
HR-GGM,2406,1722,ENSMUSG00000022748,Cmss1,F,0,441,0.183291770573566,1.08870895051528
HR-GGM,2407,1725,ENSMUSG00000022186,Oxct1,F,0,441,0.18321562110511,1.08825664102192
HR-GGM,2408,1727,ENSMUSG00000032340,Neo1,F,0,441,0.183139534883721,1.0878047072009
HR-GGM,2409,1733,ENSMUSG00000037902,Sirpa,F,0,441,0.183063511830635,1.08735314858437
HR-GGM,2410,1734,ENSMUSG00000002475,Abhd3,F,0,441,0.18298755186722,1.08690196470529
HR-GGM,2411,1736,ENSMUSG00000037266,Rsrp1,F,0,441,0.182911654914973,1.08645115509737
HR-GGM,2412,1738,ENSMUSG00000025137,Pcyt2,F,0,441,0.182835820895522,1.08600071929509
HR-GGM,2413,1741,ENSMUSG00000020142,Slc1a4,F,0,441,0.182760049730626,1.08555065683372
HR-GGM,2414,1750,ENSMUSG00000045817,Zfp36l2,T,0,442,0.183098591549296,1.08756151366027
HR-GGM,2415,1764,ENSMUSG00000036766,Dner,F,0,442,0.183022774327122,1.08711117762977
HR-GGM,2416,1766,ENSMUSG00000024978,Gpam,F,0,442,0.18294701986755,1.086661214394
HR-GGM,2417,1769,ENSMUSG00000033400,Agl,F,0,442,0.182871328092677,1.08621162349024
HR-GGM,2418,1771,ENSMUSG00000040055,Gjb6,F,0,442,0.182795698924731,1.08576240445654
HR-GGM,2419,1778,ENSMUSG00000018411,Mapt,T,0,443,0.183133526250517,1.08776901736753
HR-GGM,2420,1780,ENSMUSG00000031467,Agpat5,F,0,443,0.183057851239669,1.08731952603804
HR-GGM,2421,1781,ENSMUSG00000037235,Mxd4,F,0,443,0.182982238744321,1.08687040603554
HR-GGM,2422,1797,ENSMUSG00000027351,Spred1,F,0,443,0.182906688687035,1.0864216569001
HR-GGM,2423,1800,ENSMUSG00000037348,Paqr7,F,0,443,0.182831200990508,1.08597327817253
HR-GGM,2424,1803,ENSMUSG00000007817,Zmiz1,F,0,443,0.182755775577558,1.08552526939441
HR-GGM,2425,1815,ENSMUSG00000020263,Appl2,F,0,443,0.182680412371134,1.08507763010806
HR-GGM,2426,1816,ENSMUSG00000095041,AC149090.1,F,0,443,0.182605111294312,1.08463035985657
HR-GGM,2427,1820,ENSMUSG00000037852,Cpe,F,0,443,0.182529872270293,1.08418345818379
HR-GGM,2428,1821,ENSMUSG00000056763,Cspp1,F,0,443,0.182454695222405,1.08373692463429
HR-GGM,2429,1828,ENSMUSG00000025978,Rftn2,F,0,443,0.182379580074105,1.08329075875342
HR-GGM,2430,1829,ENSMUSG00000020671,Rab10,T,0,444,0.182716049382716,1.08528930536963
HR-GGM,2431,1831,ENSMUSG00000032479,Map4,T,0,445,0.183052241875771,1.08728620776814
HR-GGM,2432,1832,ENSMUSG00000035104,Eva1a,F,0,445,0.182976973684211,1.08683913284718
HR-GGM,2433,1834,ENSMUSG00000033763,Mtss1l,F,0,445,0.182901767365393,1.0863924254354
HR-GGM,2434,1837,ENSMUSG00000022272,Myo10,F,0,445,0.182826622843057,1.08594608507984
HR-GGM,2435,1842,ENSMUSG00000022477,Aco2,F,0,445,0.182751540041068,1.08550011132827
HR-GGM,2436,1843,ENSMUSG00000004207,Psap,F,0,445,0.182676518883415,1.0850545037292
HR-GGM,2437,1844,ENSMUSG00000000538,Tom1l2,F,0,445,0.182601559294214,1.0846092618319
HR-GGM,2438,1845,ENSMUSG00000032470,Mras,F,0,445,0.182526661197703,1.08416438518636
HR-GGM,2439,1847,ENSMUSG00000027087,Itgav,F,0,445,0.182451824518245,1.08371987334331
HR-GGM,2440,1849,ENSMUSG00000039952,Dag1,F,0,445,0.182377049180328,1.08327572585424
HR-GGM,2441,1862,ENSMUSG00000024290,Rock1,F,0,445,0.182302335108562,1.08283194227134
HR-GGM,2442,1865,ENSMUSG00000040549,Ckap5,F,0,445,0.182227682227682,1.08238852214756
HR-GGM,2443,1866,ENSMUSG00000020611,Gna13,F,0,445,0.182153090462546,1.08194546503657
HR-GGM,2444,1872,ENSMUSG00000035545,Leng8,F,0,445,0.182078559738134,1.08150277049277
HR-GGM,2445,1873,ENSMUSG00000028655,Mfsd2a,F,0,445,0.18200408997955,1.0810604380713
HR-GGM,2446,1875,ENSMUSG00000063870,Chd4,T,0,446,0.182338511856092,1.08304682343438
HR-GGM,2447,1880,ENSMUSG00000022812,Gsk3b,F,0,446,0.182263996730691,1.08260422154495
HR-GGM,2448,1881,ENSMUSG00000024661,Fth1,F,0,446,0.18218954248366,1.08216198125837
HR-GGM,2449,1885,ENSMUSG00000064341,mt-Nd1,F,0,446,0.182115149040425,1.08172010213168
HR-GGM,2450,1889,ENSMUSG00000006740,Kif5b,F,0,446,0.182040816326531,1.08127858372265
HR-GGM,2451,1890,ENSMUSG00000022112,Gpc5,F,0,446,0.181966544267646,1.08083742558975
HR-GGM,2452,1892,ENSMUSG00000022816,Fstl1,F,0,446,0.18189233278956,1.0803966272922
HR-GGM,2453,1893,ENSMUSG00000055026,Gabrg3,F,0,446,0.181818181818182,1.07995618838992
HR-GGM,2454,1895,ENSMUSG00000021796,Bmpr1a,F,0,446,0.181744091279544,1.07951610844355
HR-GGM,2455,1897,ENSMUSG00000019873,Reep3,T,0,447,0.182077393075356,1.081495840797
HR-GGM,2456,1904,ENSMUSG00000031596,Slc7a2,F,0,447,0.18200325732899,1.08105549232762
HR-GGM,2457,1907,ENSMUSG00000005683,Cs,F,0,447,0.181929181929182,1.08061550230225
HR-GGM,2458,1909,ENSMUSG00000022255,Mtdh,F,0,447,0.181855166802278,1.08017587028341
HR-GGM,2459,1912,ENSMUSG00000025059,Gk,F,0,447,0.181781211874746,1.07973659583433
HR-GGM,2460,1913,ENSMUSG00000002985,Apoe,F,0,447,0.181707317073171,1.07929767851895
HR-GGM,2461,1916,ENSMUSG00000038332,Sesn1,F,0,447,0.181633482324258,1.07885911790192
HR-GGM,2462,1918,ENSMUSG00000030447,Cyfip1,F,0,447,0.181559707554833,1.07842091354859
HR-GGM,2463,1919,ENSMUSG00000018501,Ncor1,F,0,447,0.181485992691839,1.07798306502502
HR-GGM,2464,1920,ENSMUSG00000027303,Ptpra,T,0,448,0.181818181818182,1.07995618838992
HR-GGM,2465,1925,ENSMUSG00000020044,Timp3,F,0,448,0.181744421906694,1.07951807228916
HR-GGM,2466,1927,ENSMUSG00000001441,Npepps,F,0,448,0.181670721816707,1.07908031151369
HR-GGM,2467,1928,ENSMUSG00000026864,Hspa5,F,0,448,0.181597081475476,1.07864290563144
HR-GGM,2468,1929,ENSMUSG00000024431,Nr3c1,T,0,449,0.18192868719611,1.08061256370702
HR-GGM,2469,1935,ENSMUSG00000034574,Daam1,F,0,449,0.181855002025111,1.08017489154675
HR-GGM,2470,1937,ENSMUSG00000032186,Tmod2,F,0,449,0.181781376518219,1.07973757377689
HR-GGM,2471,1940,ENSMUSG00000000420,Galnt1,F,0,449,0.181707810602995,1.07930060996719
HR-GGM,2472,1945,ENSMUSG00000001260,Gabrg1,F,0,449,0.18163430420712,1.07886399968807
HR-GGM,2473,1952,ENSMUSG00000032010,Usp2,F,0,449,0.181560857258391,1.07842774251068
HR-GGM,2474,1957,ENSMUSG00000052632,Asap2,T,0,450,0.181891673403395,1.08039271069728
HR-GGM,2475,1958,ENSMUSG00000040225,Prrc2c,F,0,450,0.181818181818182,1.07995618838992
HR-GGM,2476,1962,ENSMUSG00000027803,Wwtr1,F,0,450,0.181744749596123,1.0795200186854
HR-GGM,2477,1964,ENSMUSG00000021130,Galnt16,F,0,450,0.181671376665321,1.07908420115667
HR-GGM,2478,1969,ENSMUSG00000024039,Cbs,F,0,450,0.181598062953995,1.07864873537734
HR-GGM,2479,1974,ENSMUSG00000015709,Arnt2,F,0,450,0.18152480839048,1.07821362092177
HR-GGM,2480,1979,ENSMUSG00000055782,Abcd2,F,0,450,0.181451612903226,1.07777885736494
HR-GGM,2481,1980,ENSMUSG00000022194,Pabpn1,F,0,450,0.181378476420798,1.07734444428257
HR-GGM,2482,1982,ENSMUSG00000022048,Dpysl2,F,0,450,0.181305398871878,1.07691038125103
HR-GGM,2483,1987,ENSMUSG00000029461,Fam168a,F,0,450,0.18123238018526,1.07647666784739
HR-GGM,2484,1988,ENSMUSG00000021843,Ktn1,F,0,450,0.181159420289855,1.07604330364938
HR-GGM,2485,1990,ENSMUSG00000028173,Wls,F,0,450,0.181086519114688,1.07561028823544
HR-GGM,2486,1993,ENSMUSG00000031592,Pcm1,F,0,450,0.181013676588898,1.07517762118466
HR-GGM,2487,1994,ENSMUSG00000000202,Btbd17,F,0,450,0.180940892641737,1.07474530207682
HR-GGM,2488,1995,ENSMUSG00000020048,Hsp90b1,F,0,450,0.180868167202572,1.07431333049239
HR-GGM,2489,1996,ENSMUSG00000022629,Kif21a,F,0,450,0.180795500200884,1.07388170601248
HR-GGM,2490,1999,ENSMUSG00000019916,P4ha1,F,0,450,0.180722891566265,1.0734504282189
HR-GGM,2491,2000,ENSMUSG00000026185,Igfbp5,F,0,450,0.180650341228422,1.07301949669412
HR-GGM,2492,2006,ENSMUSG00000046312,AI464131,F,0,450,0.180577849117175,1.07258891102129
HR-GGM,2493,2014,ENSMUSG00000015575,Atp6v0e,T,0,451,0.18090653830726,1.07454124560818
HR-GGM,2494,2016,ENSMUSG00000064368,mt-Nd6,F,0,451,0.180834001603849,1.07411039506865
HR-GGM,2495,2021,ENSMUSG00000026600,Soat1,F,0,451,0.180761523046092,1.07367988990028
HR-GGM,2496,2026,ENSMUSG00000062202,Btbd9,F,0,451,0.180689102564103,1.07324972968798
HR-GGM,2497,2028,ENSMUSG00000036560,Lgi4,F,0,451,0.180616740088106,1.0728199140173
HR-GGM,2498,2030,ENSMUSG00000013275,Slc41a1,F,0,451,0.180544435548439,1.07239044247446
HR-GGM,2499,2034,ENSMUSG00000070544,Top1,F,0,451,0.18047218887555,1.07196131464634
HR-GGM,2500,2038,ENSMUSG00000026923,Notch1,T,0,452,0.1808,1.07390843373494
HR-GGM,2501,2041,ENSMUSG00000061740,Cyp2d22,F,0,452,0.180727708916433,1.07347904211809
HR-GGM,2502,2043,ENSMUSG00000023845,Lnpep,F,0,452,0.180655475619504,1.07304999373995
HR-GGM,2503,2044,ENSMUSG00000032216,Nedd4,F,0,452,0.180583300039952,1.07262128818911
HR-GGM,2504,2046,ENSMUSG00000043991,Pura,F,0,452,0.180511182108626,1.07219292505485
HR-GGM,2505,2050,ENSMUSG00000026626,Ppp2r5a,F,0,452,0.180439121756487,1.07176490392709
HR-GGM,2506,2051,ENSMUSG00000024576,Csnk1a1,F,0,452,0.180367118914605,1.07133722439639
HR-GGM,2507,2053,ENSMUSG00000033629,Hacd3,F,0,452,0.18029517351416,1.07090988605399
HR-GGM,2508,2055,ENSMUSG00000022201,Zfr,F,0,452,0.180223285486443,1.07048288849177
HR-GGM,2509,2056,ENSMUSG00000021134,Srsf5,F,0,452,0.180151454762854,1.07005623130225
HR-GGM,2510,2057,ENSMUSG00000024654,Asrgl1,F,0,452,0.1800796812749,1.06962991407863
HR-GGM,2511,2059,ENSMUSG00000009575,Cbx5,F,0,452,0.180007964954202,1.06920393641472
HR-GGM,2512,2063,ENSMUSG00000001472,Tcf25,T,0,453,0.180334394904459,1.07114285166142
HR-GGM,2513,2064,ENSMUSG00000054920,Klhl5,F,0,453,0.180262634301632,1.07071661097234
HR-GGM,2514,2067,ENSMUSG00000022389,Tef,F,0,453,0.180190930787589,1.07029070937689
HR-GGM,2515,2068,ENSMUSG00000002028,Kmt2a,T,0,454,0.18051689860835,1.07222687968574
HR-GGM,2516,2073,ENSMUSG00000034377,Tulp4,F,0,454,0.180445151033386,1.07180071637903
HR-GGM,2517,2074,ENSMUSG00000020390,Ube2b,F,0,454,0.180373460468812,1.07137489170029
HR-GGM,2518,2078,ENSMUSG00000055538,Zcchc24,F,0,454,0.180301826846704,1.07094940524608
HR-GGM,2519,2082,ENSMUSG00000040481,Bptf,F,0,454,0.180230250099246,1.07052425661359
HR-GGM,2520,2083,ENSMUSG00000020745,Pafah1b1,F,0,454,0.18015873015873,1.07009944540065
HR-GGM,2521,2086,ENSMUSG00000016534,Lamp2,F,0,454,0.180087266957557,1.06967497120573
HR-GGM,2522,2087,ENSMUSG00000060261,Gtf2i,F,0,454,0.180015860428232,1.06925083362793
HR-GGM,2523,2088,ENSMUSG00000049800,Sertad2,F,0,454,0.179944510503369,1.068827032267
HR-GGM,2524,2089,ENSMUSG00000017291,Taok1,F,0,454,0.179873217115689,1.06840356672331
HR-GGM,2525,2090,ENSMUSG00000047187,Rab2a,T,0,455,0.18019801980198,1.07033281641417
HR-GGM,2526,2094,ENSMUSG00000044477,Zfand3,F,0,455,0.180126682501979,1.06990909004188
HR-GGM,2527,2095,ENSMUSG00000027488,Snta1,F,0,455,0.18005540166205,1.0694856990288
HR-GGM,2528,2096,ENSMUSG00000022463,Srebf2,F,0,455,0.17998417721519,1.06906264297697
HR-GGM,2529,2098,ENSMUSG00000027993,Trim2,F,0,455,0.179913009094504,1.06863992148904
HR-GGM,2530,2103,ENSMUSG00000095139,Pou3f2,F,0,455,0.179841897233202,1.06821753416829
HR-GGM,2531,2105,ENSMUSG00000033379,Atp6v0b,T,0,456,0.18016594231529,1.07014228387275
HR-GGM,2532,2107,ENSMUSG00000013033,Adgrl1,T,0,457,0.180489731437599,1.07206551323779
HR-GGM,2533,2110,ENSMUSG00000027333,Smox,F,0,457,0.180418476115278,1.07164227379316
HR-GGM,2534,2112,ENSMUSG00000002265,Peg3,F,0,457,0.18034727703236,1.07121936839703
HR-GGM,2535,2116,ENSMUSG00000033065,Pfkm,F,0,457,0.180276134122288,1.07079679665407
HR-GGM,2536,2119,ENSMUSG00000021156,Zmynd11,F,0,457,0.180205047318612,1.07037455816959
HR-GGM,2537,2121,ENSMUSG00000025326,Ube3a,F,0,457,0.180134016554986,1.0699526525495
HR-GGM,2538,2124,ENSMUSG00000026466,Tor1aip1,F,0,457,0.180063041765169,1.06953107940034
HR-GGM,2539,2125,ENSMUSG00000039218,Srrm2,F,0,457,0.179992122883025,1.06910983832929
HR-GGM,2540,2133,ENSMUSG00000039630,Hnrnpu,F,0,457,0.17992125984252,1.06868892894412
HR-GGM,2541,2134,ENSMUSG00000037234,Hook3,F,0,457,0.179850452577725,1.06826835085324
HR-GGM,2542,2135,ENSMUSG00000027605,Acss2,F,0,457,0.179779701022817,1.06784810366565
HR-GGM,2543,2142,ENSMUSG00000030795,Fus,F,0,457,0.179709005112072,1.06742818699098
HR-GGM,2544,2144,ENSMUSG00000063406,Tmed5,F,0,457,0.179638364779874,1.06700860043949
HR-GGM,2545,2146,ENSMUSG00000030660,Pik3c2a,F,0,457,0.179567779960707,1.06658934362203
HR-GGM,2546,2147,ENSMUSG00000043323,Fbrsl1,F,0,457,0.179497250589159,1.06617041615007
HR-GGM,2547,2148,ENSMUSG00000025246,Tbl1x,F,0,457,0.179426776599921,1.06575181763568
HR-GGM,2548,2154,ENSMUSG00000029705,Cux1,F,0,457,0.179356357927787,1.06533354769155
HR-GGM,2549,2155,ENSMUSG00000060227,Casc4,F,0,457,0.17928599450765,1.06491560593098
HR-GGM,2550,2160,ENSMUSG00000039477,Tnrc18,F,0,457,0.17921568627451,1.06449799196787
HR-GGM,2551,2161,ENSMUSG00000022114,Spry2,F,0,457,0.179145433163465,1.06408070541673
HR-GGM,2552,2162,ENSMUSG00000065954,Tacc1,F,0,457,0.179075235109718,1.06366374589266
HR-GGM,2553,2163,ENSMUSG00000031760,Mt3,F,0,457,0.17900509204857,1.06324711301139
HR-GGM,2554,2164,ENSMUSG00000026021,Sumo1,F,0,457,0.178935003915427,1.06283080638922
HR-GGM,2555,2165,ENSMUSG00000064302,Clasp1,F,0,457,0.178864970645793,1.06241482564308
HR-GGM,2556,2168,ENSMUSG00000020458,Rtn4,F,0,457,0.178794992175274,1.06199917039048
HR-GGM,2557,2169,ENSMUSG00000001768,Rin2,F,0,457,0.178725068439578,1.06158384024954
HR-GGM,2558,2171,ENSMUSG00000020541,Tom1l1,F,0,457,0.178655199374511,1.06116883483896
HR-GGM,2559,2175,ENSMUSG00000046138,9930021J03Rik,F,0,457,0.178585384915983,1.06075415377807
HR-GGM,2560,2176,ENSMUSG00000026748,Plxdc2,F,0,457,0.178515625,1.06033979668675
HR-GGM,2561,2177,ENSMUSG00000045038,Prkce,T,0,458,0.178836392034362,1.06224507557759
HR-GGM,2562,2179,ENSMUSG00000033059,Pygb,F,0,458,0.178766588602654,1.06183046001336
HR-GGM,2563,2180,ENSMUSG00000036278,Macrod1,F,0,458,0.178696839641046,1.06141616798838
HR-GGM,2564,2187,ENSMUSG00000033597,Caskin1,F,0,458,0.178627145085803,1.06100219912411
HR-GGM,2565,2190,ENSMUSG00000031700,Gpt2,F,0,458,0.178557504873294,1.06058855304258
HR-GGM,2566,2193,ENSMUSG00000026510,Trp53bp2,F,0,458,0.178487918939984,1.06017522936641
HR-GGM,2567,2194,ENSMUSG00000024780,Cdc37l1,F,0,458,0.178418387222439,1.05976222771882
HR-GGM,2568,2196,ENSMUSG00000032212,Sltm,F,0,458,0.178348909657321,1.0593495477236
HR-GGM,2569,2197,ENSMUSG00000025931,Paqr8,F,0,458,0.178279486181394,1.05893718900514
HR-GGM,2570,2199,ENSMUSG00000035623,Rsf1,F,0,458,0.178210116731518,1.05852515118841
HR-GGM,2571,2200,ENSMUSG00000037656,Slc20a2,F,0,458,0.178140801244652,1.05811343389896
HR-GGM,2572,2208,ENSMUSG00000022307,Oxr1,F,0,458,0.178071539657854,1.05770203676291
HR-GGM,2573,2210,ENSMUSG00000067336,Bmpr2,F,0,458,0.178002331908278,1.057290959407
HR-GGM,2574,2212,ENSMUSG00000057522,Spop,F,0,458,0.177933177933178,1.05688020145851
HR-GGM,2575,2213,ENSMUSG00000042323,Pbrm1,F,0,458,0.177864077669903,1.05646976254533
HR-GGM,2576,2216,ENSMUSG00000004270,Lpcat3,F,0,458,0.177795031055901,1.05605964229589
HR-GGM,2577,2223,ENSMUSG00000021087,Rtn1,F,0,458,0.177726038028716,1.05564984033924
HR-GGM,2578,2224,ENSMUSG00000063524,Eno1,F,0,458,0.177657098525989,1.05524035630497
HR-GGM,2579,2225,ENSMUSG00000047368,Abhd17b,F,0,458,0.177588212485459,1.05483118982327
HR-GGM,2580,2229,ENSMUSG00000055436,Srsf11,F,0,458,0.177519379844961,1.05442234052489
HR-GGM,2581,2234,ENSMUSG00000037475,Thoc2,F,0,458,0.177450600542425,1.05401380804115
HR-GGM,2582,2235,ENSMUSG00000025911,Adhfe1,F,0,458,0.177381874515879,1.05360559200396
HR-GGM,2583,2236,ENSMUSG00000055137,Sugct,F,0,458,0.177313201703446,1.05319769204577
HR-GGM,2584,2237,ENSMUSG00000021910,Nisch,F,0,458,0.177244582043344,1.05279010779962
HR-GGM,2585,2238,ENSMUSG00000054556,Gm4876,F,0,458,0.177176015473888,1.05238283889912
HR-GGM,2586,2240,ENSMUSG00000025035,Arl3,F,0,458,0.177107501933488,1.05197588497843
HR-GGM,2587,2241,ENSMUSG00000020422,Tns3,F,0,458,0.177039041360649,1.05156924567229
HR-GGM,2588,2243,ENSMUSG00000043940,Wdfy3,F,0,458,0.176970633693972,1.051162920616
HR-GGM,2589,2246,ENSMUSG00000005506,Celf1,F,0,458,0.176902278872151,1.05075690944543
HR-GGM,2590,2248,ENSMUSG00000024294,Mib1,F,0,458,0.176833976833977,1.05035121179699
HR-GGM,2591,2249,ENSMUSG00000035992,Fnip1,F,0,458,0.176765727518333,1.04994582730769
HR-GGM,2592,2251,ENSMUSG00000021764,Ndufs4,F,0,458,0.176697530864198,1.04954075561505
HR-GGM,2593,2265,ENSMUSG00000042109,Csdc2,F,0,458,0.176629386810644,1.0491359963572
HR-GGM,2594,2268,ENSMUSG00000039607,Rbms3,F,0,458,0.176561295296839,1.04873154917279
HR-GGM,2595,2271,ENSMUSG00000021846,Peli2,F,0,458,0.176493256262042,1.04832741370105
HR-GGM,2596,2272,ENSMUSG00000040964,Arhgef10l,F,0,458,0.176425269645609,1.04792358958175
HR-GGM,2597,2274,ENSMUSG00000025404,R3hdm2,F,0,458,0.176357335386985,1.04752007645522
HR-GGM,2598,2275,ENSMUSG00000040415,Dtx3,F,0,458,0.176289453425712,1.04711687396236
HR-GGM,2599,2277,ENSMUSG00000087143,A830082K12Rik,F,0,458,0.176221623701424,1.0467139817446
HR-GGM,2600,2278,ENSMUSG00000040147,Maob,F,0,458,0.176153846153846,1.04631139944393
HR-GGM,2601,2280,ENSMUSG00000023026,Dip2b,F,0,458,0.176086120722799,1.04590912670289
HR-GGM,2602,2281,ENSMUSG00000056486,Chn1,F,0,458,0.176018447348194,1.04550716316457
HR-GGM,2603,2282,ENSMUSG00000021720,Rnf180,F,0,458,0.175950825970035,1.04510550847262
HR-GGM,2604,2284,ENSMUSG00000013089,Etv5,F,0,458,0.175883256528418,1.0447041622712
HR-GGM,2605,2293,ENSMUSG00000040151,Hs2st1,F,0,458,0.175815738963532,1.04430312420507
HR-GGM,2606,2294,ENSMUSG00000024603,Dctn4,F,0,458,0.175748273215656,1.0439023939195
HR-GGM,2607,2297,ENSMUSG00000022136,Dnajc3,F,0,458,0.175680859225163,1.04350197106031
HR-GGM,2608,2301,ENSMUSG00000024810,Il33,F,0,458,0.175613496932515,1.04310185527386
HR-GGM,2609,2302,ENSMUSG00000043384,Gprasp1,F,0,458,0.175546186278268,1.04270204620706
HR-GGM,2610,2305,ENSMUSG00000030451,Herc2,F,0,458,0.175478927203065,1.04230254350736
HR-GGM,2611,2307,ENSMUSG00000004591,Pkn2,F,0,458,0.175411719647645,1.04190334682276
HR-GGM,2612,2308,ENSMUSG00000028207,Asph,T,0,459,0.17572741194487,1.04377848299784
HR-GGM,2613,2309,ENSMUSG00000006205,Htra1,F,0,459,0.175660160734788,1.04337902701506
HR-GGM,2614,2311,ENSMUSG00000019302,Atp6v0a1,T,0,460,0.175975516449885,1.04525216397341
HR-GGM,2615,2316,ENSMUSG00000070733,Fryl,F,0,460,0.175908221797323,1.04485244995277
HR-GGM,2616,2320,ENSMUSG00000032740,Ccdc88a,F,0,460,0.175840978593272,1.04445304152389
HR-GGM,2617,2324,ENSMUSG00000034252,Senp6,F,0,460,0.175773786778754,1.04405393833646
HR-GGM,2618,2327,ENSMUSG00000003316,Glg1,F,0,460,0.175706646294882,1.04365514004068
HR-GGM,2619,2329,ENSMUSG00000007880,Arid1a,F,0,460,0.175639557082856,1.04325664628733
HR-GGM,2620,2337,ENSMUSG00000024283,Wac,F,0,460,0.175572519083969,1.04285845672767
HR-GGM,2621,2338,ENSMUSG00000027763,Mbnl1,F,0,460,0.175505532239603,1.04246057101355
HR-GGM,2622,2341,ENSMUSG00000029655,N4bp2l2,F,0,460,0.175438596491228,1.04206298879729
HR-GGM,2623,2343,ENSMUSG00000032336,Nptn,F,0,460,0.175371711780404,1.0416657097318
HR-GGM,2624,2344,ENSMUSG00000059005,Hnrnpa3,F,0,460,0.17530487804878,1.04126873347047
HR-GGM,2625,2346,ENSMUSG00000041958,Pigs,F,0,460,0.175238095238095,1.04087205966724
HR-GGM,2626,2348,ENSMUSG00000037857,Nufip2,F,0,460,0.175171363290175,1.04047568797658
HR-GGM,2627,2349,ENSMUSG00000036790,Slitrk2,F,0,460,0.175104682146936,1.04007961805349
HR-GGM,2628,2350,ENSMUSG00000019986,Ahi1,F,0,460,0.175038051750381,1.03968384955346
HR-GGM,2629,2355,ENSMUSG00000029422,Rsrc2,F,0,460,0.174971472042602,1.03928838213256
HR-GGM,2630,2356,ENSMUSG00000055053,Nfic,F,0,460,0.174904942965779,1.03889321544734
HR-GGM,2631,2358,ENSMUSG00000034640,Tiparp,F,0,460,0.174838464462182,1.03849834915489
HR-GGM,2632,2359,ENSMUSG00000047193,Dync2h1,F,0,460,0.174772036474164,1.03810378291281
HR-GGM,2633,2360,ENSMUSG00000048249,Crebrf,T,0,461,0.175085453854918,1.03996540663223
HR-GGM,2634,2362,ENSMUSG00000033577,Myo6,F,0,461,0.175018982536067,1.03957058301543
HR-GGM,2635,2363,ENSMUSG00000042133,Ppig,F,0,461,0.174952561669829,1.03917605907501
HR-GGM,2636,2365,ENSMUSG00000068742,Cry2,F,0,461,0.174886191198786,1.0387818344699
HR-GGM,2637,2367,ENSMUSG00000006005,Tpr,F,0,461,0.174819871065605,1.03838790885956
HR-GGM,2638,2373,ENSMUSG00000038916,Soga3,F,0,461,0.17475360121304,1.03799428190396
HR-GGM,2639,2374,ENSMUSG00000026509,Capn2,T,0,462,0.175066312997347,1.03985171455051
HR-GGM,2640,2375,ENSMUSG00000005371,Fbxo11,F,0,462,0.175,1.0394578313253
HR-GGM,2641,2377,ENSMUSG00000049470,Aff4,F,0,462,0.17493373722075,1.03906424638349
HR-GGM,2642,2378,ENSMUSG00000010095,Slc3a2,F,0,462,0.174867524602574,1.03867095938637
HR-GGM,2643,2382,ENSMUSG00000034120,Srsf2,F,0,462,0.174801362088536,1.03827796999576
HR-GGM,2644,2384,ENSMUSG00000030275,Etnk1,F,0,462,0.174735249621785,1.03788527787398
HR-GGM,2645,2385,ENSMUSG00000030779,Rbbp6,F,0,462,0.174669187145558,1.03749288268385
HR-GGM,2646,2387,ENSMUSG00000022508,Bcl6,F,0,462,0.174603174603175,1.03710078408874
HR-GGM,2647,2388,ENSMUSG00000027878,Notch2,T,0,463,0.174914998111069,1.03895294058743
HR-GGM,2648,2392,ENSMUSG00000030629,Zfand6,F,0,463,0.174848942598187,1.03856058675791
HR-GGM,2649,2394,ENSMUSG00000031393,Mecp2,F,0,463,0.174782936957342,1.03816852915626
HR-GGM,2650,2395,ENSMUSG00000026179,Pnkd,F,0,463,0.174716981132075,1.03777676744715
HR-GGM,2651,2396,ENSMUSG00000019943,Atp2b1,T,0,464,0.175028291210864,1.03962587430067
HR-GGM,2652,2398,ENSMUSG00000054256,Msi1,F,0,464,0.174962292609351,1.03923385851097
HR-GGM,2653,2400,ENSMUSG00000024219,Anks1,F,0,464,0.174896343761779,1.03884213824768
HR-GGM,2654,2401,ENSMUSG00000047085,Lrrc4b,T,0,465,0.175207234363225,1.04068875350687
HR-GGM,2655,2402,ENSMUSG00000029291,Rufy3,F,0,465,0.175141242937853,1.04029678034171
HR-GGM,2656,2403,ENSMUSG00000048118,Arid4a,F,0,465,0.175075301204819,1.03990510233706
HR-GGM,2657,2404,ENSMUSG00000027312,Atrn,F,0,465,0.175009409108017,1.03951371915966
HR-GGM,2658,2406,ENSMUSG00000026781,Acbd5,F,0,465,0.174943566591422,1.03912263047676
HR-GGM,2659,2411,ENSMUSG00000031523,Dlc1,F,0,465,0.174877773599097,1.03873183595608
HR-GGM,2660,2418,ENSMUSG00000020376,Rnf130,F,0,465,0.174812030075188,1.03834133526588
HR-GGM,2661,2420,ENSMUSG00000038145,Snrk,F,0,465,0.174746335963923,1.03795112807487
HR-GGM,2662,2423,ENSMUSG00000034312,Iqsec1,F,0,465,0.174680691209617,1.0375612140523
HR-GGM,2663,2424,ENSMUSG00000027630,Tbl1xr1,F,0,465,0.174615095756665,1.0371715928679
HR-GGM,2664,2426,ENSMUSG00000016541,Atxn10,F,0,465,0.17454954954955,1.0367822641919
HR-GGM,2665,2427,ENSMUSG00000037331,Larp1,F,0,465,0.174484052532833,1.03639322769502
HR-GGM,2666,2428,ENSMUSG00000042207,Kdm5b,T,0,466,0.174793698424606,1.03823244967868
HR-GGM,2667,2431,ENSMUSG00000028809,Srrm1,F,0,466,0.174728158980127,1.03784316117112
HR-GGM,2668,2432,ENSMUSG00000025656,Arhgef9,F,0,466,0.174662668665667,1.03745416448402
HR-GGM,2669,2433,ENSMUSG00000027770,Dhx36,F,0,466,0.174597227426002,1.03706545928939
HR-GGM,2670,2434,ENSMUSG00000023977,Ubr2,F,0,466,0.174531835205992,1.03667704525969
HR-GGM,2671,2436,ENSMUSG00000045983,Eif4g1,F,0,466,0.17446649195058,1.0362889220679
HR-GGM,2672,2437,ENSMUSG00000024812,Tjp2,F,0,466,0.17440119760479,1.03590108938749
HR-GGM,2673,2440,ENSMUSG00000021957,Tkt,F,0,466,0.17433595211373,1.0355135468924
HR-GGM,2674,2441,ENSMUSG00000019437,Tlcd1,F,0,466,0.174270755422588,1.03512629425706
HR-GGM,2675,2443,ENSMUSG00000030663,1110004F10Rik,F,0,466,0.174205607476636,1.0347393311564
HR-GGM,2676,2444,ENSMUSG00000020333,Acsl6,F,0,466,0.174140508221226,1.03435265726583
HR-GGM,2677,2445,ENSMUSG00000044252,Osbpl1a,T,0,467,0.174449010085917,1.0361850840043
HR-GGM,2678,2446,ENSMUSG00000022528,Hes1,F,0,467,0.174383868558626,1.03579815902895
HR-GGM,2679,2447,ENSMUSG00000115337,AC134414.1,F,0,467,0.174318775662561,1.03541152291135
HR-GGM,2680,2448,ENSMUSG00000028530,Jak1,F,0,467,0.174253731343284,1.03502517532818
HR-GGM,2681,2451,ENSMUSG00000021978,Extl3,F,0,467,0.174188735546438,1.03463911595655
HR-GGM,2682,2452,ENSMUSG00000010277,2610507B11Rik,F,0,467,0.174123788217748,1.03425334447409
HR-GGM,2683,2453,ENSMUSG00000024805,Pcgf5,F,0,467,0.174058889303019,1.0338678605589
HR-GGM,2684,2464,ENSMUSG00000046442,Ppm1e,F,0,467,0.173994038748137,1.03348266388954
HR-GGM,2685,2465,ENSMUSG00000032503,Arpp21,F,0,467,0.173929236499069,1.03309775414507
HR-GGM,2686,2467,ENSMUSG00000020719,Ddx5,F,0,467,0.173864482501862,1.03271313100503
HR-GGM,2687,2468,ENSMUSG00000032741,Tpcn1,T,0,468,0.174171938965389,1.03453934831249
HR-GGM,2688,2470,ENSMUSG00000031703,Itfg1,F,0,468,0.174107142857143,1.03415447504303
HR-GGM,2689,2471,ENSMUSG00000022253,Nadk2,F,0,468,0.174042394942358,1.03376988803111
HR-GGM,2690,2473,ENSMUSG00000001127,Araf,F,0,468,0.173977695167286,1.0333855869575
HR-GGM,2691,2475,ENSMUSG00000032547,Ryk,F,0,468,0.173913043478261,1.0330015715034
HR-GGM,2692,2476,ENSMUSG00000028580,Pum1,F,0,468,0.173848439821694,1.03261784135054
HR-GGM,2693,2478,ENSMUSG00000027634,Ndrg3,F,0,468,0.173783884144077,1.03223439618109
HR-GGM,2694,2481,ENSMUSG00000055116,Arntl,F,0,468,0.173719376391982,1.03185123567768
HR-GGM,2695,2482,ENSMUSG00000034544,Rsrc1,F,0,468,0.173654916512059,1.03146835952344
HR-GGM,2696,2485,ENSMUSG00000048747,E130114P18Rik,F,0,468,0.173590504451039,1.03108576740195
HR-GGM,2697,2486,ENSMUSG00000028078,Dclk2,F,0,468,0.173526140155729,1.03070345899728
HR-GGM,2698,2488,ENSMUSG00000016194,Hsd11b1,F,0,468,0.173461823573017,1.03032143399394
HR-GGM,2699,2489,ENSMUSG00000055239,Kcmf1,F,0,468,0.17339755464987,1.02993969207694
HR-GGM,2700,2490,ENSMUSG00000025544,Tm9sf2,F,0,468,0.173333333333333,1.02955823293173
HR-GGM,2701,2491,ENSMUSG00000073725,Lmbrd1,F,0,468,0.173269159570529,1.02917705624423
HR-GGM,2702,2494,ENSMUSG00000032437,Stt3b,F,0,468,0.17320503330866,1.02879616170084
HR-GGM,2703,2497,ENSMUSG00000028439,Fam219a,F,0,468,0.173140954495006,1.02841554898841
HR-GGM,2704,2499,ENSMUSG00000027012,Dync1i2,F,0,468,0.173076923076923,1.02803521779425
HR-GGM,2705,2500,ENSMUSG00000038095,Sbno1,F,0,468,0.173012939001848,1.02765516780616
HR-GGM,2706,2501,ENSMUSG00000027962,Vcam1,F,0,468,0.172949002217295,1.02727539871237
HR-GGM,2707,2502,ENSMUSG00000036503,Rnf13,F,0,468,0.172885112670853,1.02689591020157
HR-GGM,2708,2504,ENSMUSG00000015755,Tab2,F,0,468,0.172821270310192,1.02651670196295
HR-GGM,2709,2505,ENSMUSG00000037270,4932438A13Rik,F,0,468,0.172757475083056,1.02613777368611
HR-GGM,2710,2506,ENSMUSG00000036667,Tcaf1,F,0,468,0.172693726937269,1.02575912506113
HR-GGM,2711,2508,ENSMUSG00000060073,Psma3,F,0,468,0.17263002582073,1.02538075577856
HR-GGM,2712,2509,ENSMUSG00000000326,Comt,F,0,468,0.172566371681416,1.02500266552937
HR-GGM,2713,2512,ENSMUSG00000025982,Sf3b1,F,0,468,0.172502764467379,1.02462485400504
HR-GGM,2714,2514,ENSMUSG00000028127,Abcd3,F,0,468,0.17243920412675,1.02424732089744
HR-GGM,2715,2516,ENSMUSG00000024811,Tnks2,F,0,468,0.172375690607735,1.02387006589895
HR-GGM,2716,2517,ENSMUSG00000058793,Cds2,F,0,468,0.172312223858616,1.02349308870238
HR-GGM,2717,2521,ENSMUSG00000015087,Rabl6,T,0,469,0.172616856827383,1.02530253513132
HR-GGM,2718,2522,ENSMUSG00000022817,Itgb5,F,0,469,0.172553348050037,1.02492530829721
HR-GGM,2719,2525,ENSMUSG00000031708,Tecr,F,0,469,0.172489885987495,1.02454835893777
HR-GGM,2720,2527,ENSMUSG00000024083,Pja2,F,0,469,0.172426470588235,1.02417168674699
HR-GGM,2721,2529,ENSMUSG00000026867,Gapvd1,F,0,469,0.172363101800809,1.02379529141926
HR-GGM,2722,2530,ENSMUSG00000027397,Slc20a1,F,0,469,0.172299779573843,1.02341917264945
HR-GGM,2723,2531,ENSMUSG00000039100,March6,F,0,469,0.172236503856041,1.02304333013287
HR-GGM,2724,2535,ENSMUSG00000034187,Nsf,F,0,469,0.172173274596182,1.02266776356527
HR-GGM,2725,2536,ENSMUSG00000020074,Ccar1,F,0,469,0.172110091743119,1.02229247264286
HR-GGM,2726,2538,ENSMUSG00000049184,Purg,F,0,469,0.172046955245781,1.02191745706229
HR-GGM,2727,2541,ENSMUSG00000025369,Smarcc2,T,0,470,0.172350568390172,1.02372084598018
HR-GGM,2728,2543,ENSMUSG00000031808,Slc27a1,F,0,470,0.172287390029326,1.02334558174045
HR-GGM,2729,2546,ENSMUSG00000017843,Ppp2r5c,F,0,470,0.172224257969952,1.02297059252032
HR-GGM,2730,2547,ENSMUSG00000034297,Med13,F,0,470,0.172161172161172,1.02259587801756
HR-GGM,2731,2548,ENSMUSG00000032046,Abhd12,F,0,470,0.172098132552179,1.02222143793041
HR-GGM,2732,2550,ENSMUSG00000040022,Rab11fip2,T,0,471,0.172401171303075,1.02402141508935
HR-GGM,2733,2553,ENSMUSG00000004071,Cdip1,F,0,471,0.172338090010977,1.0236467274146
HR-GGM,2734,2554,ENSMUSG00000028034,Fubp1,F,0,471,0.172275054864667,1.02327231383471
HR-GGM,2735,2555,ENSMUSG00000030002,Dusp11,F,0,471,0.172212065813528,1.02289817404903
HR-GGM,2736,2557,ENSMUSG00000063810,Alms1,F,0,471,0.172149122807018,1.02252430775735
HR-GGM,2737,2560,ENSMUSG00000020271,Fbxw11,F,0,471,0.172086225794666,1.02215071465988
HR-GGM,2738,2562,ENSMUSG00000029686,Cul1,F,0,471,0.172023374726077,1.0217773944573
HR-GGM,2739,2563,ENSMUSG00000030704,Rab6a,T,0,472,0.17232566630157,1.02357293357439
HR-GGM,2740,2564,ENSMUSG00000047866,Lonp2,F,0,472,0.172262773722628,1.02319936681031
HR-GGM,2741,2566,ENSMUSG00000030022,Adamts9,F,0,472,0.172199927033929,1.02282607262322
HR-GGM,2742,2567,ENSMUSG00000004798,Ulk2,F,0,472,0.172137126185266,1.02245305071489
HR-GGM,2743,2568,ENSMUSG00000026353,Ubxn4,F,0,472,0.172074371126504,1.02208030078755
HR-GGM,2744,2569,ENSMUSG00000061755,Bod1l,F,0,472,0.17201166180758,1.02170782254382
HR-GGM,2745,2570,ENSMUSG00000079659,Tmem243,T,0,473,0.172313296903461,1.02349946233019
HR-GGM,2746,2572,ENSMUSG00000032281,Acsbg1,F,0,473,0.17225054624909,1.02312673856387
HR-GGM,2747,2577,ENSMUSG00000020564,Atxn7l1,F,0,473,0.172187841281398,1.02275428616541
HR-GGM,2748,2579,ENSMUSG00000008575,Nfib,F,0,473,0.172125181950509,1.02238210483857
HR-GGM,2749,2582,ENSMUSG00000046329,Slc25a23,F,0,473,0.172062568206621,1.02201019428752
HR-GGM,2750,2584,ENSMUSG00000007850,Hnrnph1,F,0,473,0.172,1.02163855421687
HR-GGM,2751,2586,ENSMUSG00000030539,Sema4b,F,0,473,0.171937477280989,1.02126718433166
HR-GGM,2752,2588,ENSMUSG00000028514,Usp24,F,0,473,0.171875,1.02089608433735
HR-GGM,2753,2589,ENSMUSG00000025860,Xiap,F,0,473,0.171812568107519,1.02052525393984
HR-GGM,2754,2590,ENSMUSG00000036257,Pnpla8,F,0,473,0.171750181554103,1.02015469284546
HR-GGM,2755,2591,ENSMUSG00000042390,Gatad2b,F,0,473,0.171687840290381,1.01978440076094
HR-GGM,2756,2596,ENSMUSG00000000416,Cttnbp2,F,0,473,0.171625544267054,1.01941437739346
HR-GGM,2757,2600,ENSMUSG00000031563,Wwc2,F,0,473,0.171563293434893,1.01904462245063
HR-GGM,2758,2605,ENSMUSG00000021552,Gkap1,F,0,473,0.171501087744743,1.01867513564046
HR-GGM,2759,2606,ENSMUSG00000028180,Zranb2,F,0,473,0.171438927147517,1.0183059166714
HR-GGM,2760,2607,ENSMUSG00000038696,Mapkap1,T,0,474,0.171739130434783,1.02008905185961
HR-GGM,2761,2609,ENSMUSG00000031453,Rasa3,F,0,474,0.17167692864904,1.01971958824068
HR-GGM,2762,2610,ENSMUSG00000044164,Rnf182,F,0,474,0.171614771904417,1.01935039215515
HR-GGM,2763,2612,ENSMUSG00000038733,Wdr26,F,0,474,0.171552660152009,1.01898146331253
HR-GGM,2764,2616,ENSMUSG00000031010,Usp9x,F,0,474,0.171490593342981,1.01861280142277
HR-GGM,2765,2617,ENSMUSG00000021709,Erbin,F,0,474,0.171428571428571,1.01824440619621
HR-GGM,2766,2618,ENSMUSG00000079557,March2,F,0,474,0.171366594360087,1.01787627734365
HR-GGM,2767,2622,ENSMUSG00000032050,Rdx,F,0,474,0.171304662088905,1.01750841457627
HR-GGM,2768,2624,ENSMUSG00000028820,Sfpq,F,0,474,0.171242774566474,1.01714081760568
HR-GGM,2769,2625,ENSMUSG00000038967,Pdk2,F,0,474,0.171180931744312,1.01677348614393
HR-GGM,2770,2626,ENSMUSG00000062901,Klhl24,F,0,474,0.171119133574007,1.01640641990344
HR-GGM,2771,2628,ENSMUSG00000020069,Hnrnph3,F,0,474,0.171057380007218,1.01603961859709
HR-GGM,2772,2629,ENSMUSG00000029203,Ube2k,F,0,474,0.170995670995671,1.01567308193814
HR-GGM,2773,2631,ENSMUSG00000013663,Pten,F,0,474,0.170934006491165,1.01530680964029
HR-GGM,2774,2633,ENSMUSG00000028149,Rap1gds1,F,0,474,0.170872386445566,1.01494080141764
HR-GGM,2775,2634,ENSMUSG00000028522,Mier1,F,0,474,0.170810810810811,1.0145750569847
HR-GGM,2776,2640,ENSMUSG00000029776,Hibadh,F,0,474,0.170749279538905,1.01420957605639
HR-GGM,2777,2641,ENSMUSG00000036241,Ube2r2,F,0,474,0.170687792581923,1.01384435834805
HR-GGM,2778,2642,ENSMUSG00000033295,Ptprf,T,0,475,0.170986321094312,1.01561754577706
HR-GGM,2779,2644,ENSMUSG00000025862,Stag2,F,0,475,0.17092479309104,1.01525208426365
HR-GGM,2780,2646,ENSMUSG00000034602,Mon2,F,0,475,0.170863309352518,1.01488688567219
HR-GGM,2781,2650,ENSMUSG00000001627,Ifrd1,F,0,475,0.170801869830996,1.01452194971905
HR-GGM,2782,2651,ENSMUSG00000017485,Top2b,F,0,475,0.170740474478792,1.01415727612102
HR-GGM,2783,2653,ENSMUSG00000018379,Srsf1,F,0,475,0.170679123248293,1.01379286459528
HR-GGM,2784,2658,ENSMUSG00000018707,Dync1h1,F,0,475,0.170617816091954,1.01342871485944
HR-GGM,2785,2659,ENSMUSG00000032097,Ddx6,F,0,475,0.170556552962298,1.01306482663148
HR-GGM,2786,2661,ENSMUSG00000035851,Ythdc1,F,0,475,0.170495333811917,1.01270119962982
HR-GGM,2787,2662,ENSMUSG00000042670,Immp1l,F,0,475,0.17043415859347,1.01233783357326
HR-GGM,2788,2663,ENSMUSG00000037287,Tbcel,F,0,475,0.170373027259684,1.01197472818102
HR-GGM,2789,2669,ENSMUSG00000059208,Hnrnpm,F,0,475,0.170311939763356,1.01161188317271
HR-GGM,2790,2670,ENSMUSG00000020530,Ggnbp2,F,0,475,0.170250896057348,1.01124929826834
HR-GGM,2791,2672,ENSMUSG00000074698,Csnk2a1,F,0,475,0.17018989609459,1.01088697318835
HR-GGM,2792,2674,ENSMUSG00000049606,Zfp644,T,0,476,0.170487106017192,1.01265232851175
HR-GGM,2793,2675,ENSMUSG00000009470,Tnpo1,F,0,476,0.170426065162907,1.01228976054594
HR-GGM,2794,2676,ENSMUSG00000020456,Ogdh,F,0,476,0.170365068002863,1.01192745211339
HR-GGM,2795,2677,ENSMUSG00000022781,Pak2,F,0,476,0.170304114490161,1.01156540293553
HR-GGM,2796,2679,ENSMUSG00000027782,Kpna4,F,0,476,0.170243204577969,1.0112036127342
HR-GGM,2797,2680,ENSMUSG00000061136,Prpf40a,F,0,476,0.170182338219521,1.01084208123161
HR-GGM,2798,2685,ENSMUSG00000027893,Ahcyl1,F,0,476,0.17012151536812,1.0104808081504
HR-GGM,2799,2688,ENSMUSG00000029439,Sfswap,F,0,476,0.170060735977135,1.01011979321358
HR-GGM,2800,2689,ENSMUSG00000022000,Zc3h13,F,0,476,0.17,1.00975903614458
HR-GGM,2801,2691,ENSMUSG00000026839,Upp2,F,0,476,0.169939307390218,1.0093985366672
HR-GGM,2802,2694,ENSMUSG00000002808,Epdr1,F,0,476,0.169878658101356,1.00903829450565
HR-GGM,2803,2696,ENSMUSG00000057649,Brd9,F,0,476,0.16981805208705,1.00867830938452
HR-GGM,2804,2697,ENSMUSG00000020964,Sel1l,F,0,476,0.169757489300999,1.00831858102882
HR-GGM,2805,2698,ENSMUSG00000026083,Eif5b,F,0,476,0.16969696969697,1.00795910916393
HR-GGM,2806,2699,ENSMUSG00000044573,Acp1,F,0,476,0.169636493228795,1.00759989351562
HR-GGM,2807,2700,ENSMUSG00000027104,Atf2,F,0,476,0.169576059850374,1.00724093381005
HR-GGM,2808,2701,ENSMUSG00000058230,Arhgap35,F,0,476,0.16951566951567,1.0068822297738
HR-GGM,2809,2703,ENSMUSG00000057738,Sptan1,F,0,476,0.169455322178711,1.00652378113379
HR-GGM,2810,2704,ENSMUSG00000033423,Eri3,F,0,476,0.169395017793594,1.00616558761737
HR-GGM,2811,2705,ENSMUSG00000028759,Hp1bp3,F,0,476,0.169334756314479,1.00580764895227
HR-GGM,2812,2706,ENSMUSG00000066037,Hnrnpr,F,0,476,0.16927453769559,1.00544996486658
HR-GGM,2813,2707,ENSMUSG00000020546,Stxbp4,F,0,476,0.169214361891219,1.00509253508881
HR-GGM,2814,2708,ENSMUSG00000020721,Helz,F,0,476,0.169154228855721,1.00473535934784
HR-GGM,2815,2709,ENSMUSG00000020591,Ntsr2,F,0,476,0.169094138543517,1.00437843737294
HR-GGM,2816,2710,ENSMUSG00000022884,Eif4a2,F,0,476,0.169034090909091,1.00402176889376
HR-GGM,2817,2711,ENSMUSG00000009739,Pou6f1,F,0,476,0.168974085906993,1.00366535364033
HR-GGM,2818,2713,ENSMUSG00000085793,Lin52,F,0,476,0.168914123491838,1.00330919134309
HR-GGM,2819,2716,ENSMUSG00000002064,Sdf2,F,0,476,0.168854203618304,1.00295328173282
HR-GGM,2820,2717,ENSMUSG00000060373,Hnrnpc,F,0,476,0.168794326241135,1.00259762454072
HR-GGM,2821,2718,ENSMUSG00000029455,Aldh2,F,0,476,0.168734491315136,1.00224221949834
HR-GGM,2822,2721,ENSMUSG00000020107,Anapc16,F,0,476,0.168674698795181,1.00188706633764
HR-GGM,2823,2723,ENSMUSG00000030087,Klf15,T,0,477,0.168969181721573,1.00363622396067
HR-GGM,2824,2724,ENSMUSG00000000787,Ddx3x,F,0,477,0.168909348441926,1.00328082869723
HR-GGM,2825,2725,ENSMUSG00000027248,Pdia3,T,0,478,0.169203539823009,1.00502825461137
HR-GGM,2826,2727,ENSMUSG00000026554,Dcaf8,F,0,478,0.169143665958953,1.00467261828631
HR-GGM,2827,2728,ENSMUSG00000031788,Kifc3,F,0,478,0.169083834453484,1.00431723356106
HR-GGM,2828,2731,ENSMUSG00000068823,Csde1,F,0,478,0.169024045261669,1.00396210016871
HR-GGM,2829,2735,ENSMUSG00000015165,Hnrnpl,F,0,478,0.168964298338636,1.00360721784274
HR-GGM,2830,2739,ENSMUSG00000020580,Rock2,F,0,478,0.168904593639576,1.003252586317
HR-GGM,2831,2740,ENSMUSG00000021111,Papola,F,0,478,0.168844931119746,1.00289820532572
HR-GGM,2832,2745,ENSMUSG00000097649,Gm10561,F,0,478,0.168785310734463,1.0025440746035
HR-GGM,2833,2748,ENSMUSG00000032407,U2surp,F,0,478,0.16872573243911,1.00219019388532
HR-GGM,2834,2749,ENSMUSG00000025375,Aatk,F,0,478,0.168666196189132,1.00183656290653
HR-GGM,2835,2750,ENSMUSG00000015149,Sirt2,F,0,478,0.168606701940035,1.00148318140286
HR-GGM,2836,2751,ENSMUSG00000025898,Cwf19l2,F,0,478,0.168547249647391,1.0011300491104
HR-GGM,2837,2753,ENSMUSG00000028797,Tmem234,T,0,479,0.168840324286218,1.00287084184464
HR-GGM,2838,2754,ENSMUSG00000032386,Trip4,F,0,479,0.168780831571529,1.00251746945499
HR-GGM,2839,2755,ENSMUSG00000020134,Peli1,F,0,479,0.168721380767876,1.00216434600678
HR-GGM,2840,2757,ENSMUSG00000020076,Ddx50,F,0,479,0.168661971830986,1.00181147123706
HR-GGM,2841,2758,ENSMUSG00000078202,Nrarp,T,0,480,0.16895459345301,1.00354957316065
HR-GGM,2842,2761,ENSMUSG00000029328,Hnrnpdl,F,0,480,0.168895144264602,1.00319645930661
HR-GGM,2843,2764,ENSMUSG00000026229,Psmd1,F,0,480,0.168835736897643,1.00284359386191
HR-GGM,2844,2765,ENSMUSG00000032656,March3,F,0,480,0.168776371308017,1.00249097656449
HR-GGM,2845,2767,ENSMUSG00000028919,Arhgef19,F,0,480,0.16871704745167,1.00213860715269
HR-GGM,2846,2768,ENSMUSG00000035247,Hectd1,F,0,480,0.16865776528461,1.00178648536521
HR-GGM,2847,2770,ENSMUSG00000027457,Snph,F,0,480,0.168598524762908,1.00143461094113
HR-GGM,2848,2771,ENSMUSG00000035901,Dennd5a,F,0,480,0.168539325842697,1.00108298361987
HR-GGM,2849,2773,ENSMUSG00000036644,Tbc1d9b,F,0,480,0.168480168480168,1.00073160314124
HR-GGM,2850,2774,ENSMUSG00000039968,Rsbn1l,F,0,480,0.168421052631579,1.0003804692454
HR-GGM,2851,2778,ENSMUSG00000026393,Nek7,F,0,480,0.168361978253244,1.00002958167289
HR-GGM,2852,2780,ENSMUSG00000022892,App,T,0,481,0.168653576437588,1.00176160462326
HR-GGM,2853,2781,ENSMUSG00000003865,Gys1,F,0,481,0.168594461969856,1.00141047892939
HR-GGM,2854,2784,ENSMUSG00000024423,Impact,F,0,481,0.168535388927821,1.00105959929416
HR-GGM,2855,2788,ENSMUSG00000037111,Setd7,F,0,481,0.168476357267951,1.00070896545903
HR-GGM,2856,2791,ENSMUSG00000024096,Ralbp1,F,0,481,0.168417366946779,1.00035857716581
HR-GGM,2857,2792,ENSMUSG00000024899,Papss2,F,0,481,0.168358417920896,1.00000843415665
HR-GGM,2858,2799,ENSMUSG00000107815,Gm44257,F,0,481,0.168299510146956,0.999658536174087
HR-GGM,2859,2800,ENSMUSG00000038324,Trpc4ap,T,0,482,0.168590416229451,1.00138644820626
HR-GGM,2860,2803,ENSMUSG00000026585,Kifap3,F,0,482,0.168531468531469,1.00103631308451
HR-GGM,2861,2806,ENSMUSG00000013622,Atraid,F,0,482,0.168472562041244,1.00068642272691
HR-GGM,2862,2807,ENSMUSG00000038116,Phf20,T,0,483,0.168763102725367,1.00241216438079
HR-GGM,2863,2809,ENSMUSG00000039967,Zfp292,T,0,484,0.169053440447083,1.00413670048689
HR-GGM,2864,2811,ENSMUSG00000024991,Eif3a,F,0,484,0.168994413407821,1.00378609409706
HR-GGM,2865,2812,ENSMUSG00000035133,Arhgap5,F,0,484,0.168935427574171,1.00343573245863
HR-GGM,2866,2815,ENSMUSG00000033720,Sfxn5,F,0,484,0.168876482903001,1.00308561531541
HR-GGM,2867,2817,ENSMUSG00000018076,Med13l,F,0,484,0.168817579351238,1.00273574241157
HR-GGM,2868,2818,ENSMUSG00000014195,Dnajc7,F,0,484,0.168758716875872,1.00238611349162
HR-GGM,2869,2819,ENSMUSG00000007659,Bcl2l1,T,0,485,0.169048448936912,1.00410705211925
HR-GGM,2870,2821,ENSMUSG00000064363,mt-Nd4,F,0,485,0.168989547038328,1.00375718903489
HR-GGM,2871,2822,ENSMUSG00000030315,Vgll4,F,0,485,0.168930686172065,1.00340756967263
HR-GGM,2872,2823,ENSMUSG00000027189,Trim44,F,0,485,0.168871866295265,1.0030581937779
HR-GGM,2873,2824,ENSMUSG00000025277,Abhd6,F,0,485,0.168813087365124,1.00270906109646
HR-GGM,2874,2826,ENSMUSG00000020889,Nr1d1,T,0,486,0.169102296450939,1.00442689337727
HR-GGM,2875,2828,ENSMUSG00000026349,Ccnt2,F,0,486,0.16904347826087,1.00407752750131
HR-GGM,2876,2829,ENSMUSG00000026361,Cdc73,F,0,486,0.168984700973574,1.00372840457798
HR-GGM,2877,2832,ENSMUSG00000028221,Tmem55a,T,0,487,0.169273548835593,1.00544409127647
HR-GGM,2878,2833,ENSMUSG00000054252,Fgfr3,T,0,488,0.169562195969423,1.0071585856979
HR-GGM,2879,2836,ENSMUSG00000060657,Marf1,F,0,488,0.16950329975686,1.00680875638713
HR-GGM,2880,2837,ENSMUSG00000015291,Gdi1,F,0,488,0.169444444444444,1.00645917001339
HR-GGM,2881,2838,ENSMUSG00000033335,Dnm2,F,0,488,0.169385629989587,1.00610982632369
HR-GGM,2882,2840,ENSMUSG00000017677,Wsb1,F,0,488,0.169326856349757,1.00576072506542
HR-GGM,2883,2841,ENSMUSG00000042520,Ubap2l,F,0,488,0.169268123482484,1.00541186598632
HR-GGM,2884,2844,ENSMUSG00000018363,Smurf2,F,0,488,0.169209431345354,1.00506324883445
HR-GGM,2885,2847,ENSMUSG00000042870,Tom1,F,0,488,0.169150779896014,1.00471487335825
HR-GGM,2886,2851,ENSMUSG00000040423,Rc3h1,F,0,488,0.169092169092169,1.0043667393065
HR-GGM,2887,2852,ENSMUSG00000063358,Mapk1,T,0,489,0.16937997921718,1.00607626209723
HR-GGM,2888,2853,ENSMUSG00000025220,Mgea5,F,0,489,0.169321329639889,1.00572789774055
HR-GGM,2889,2855,ENSMUSG00000020385,Clk4,F,0,489,0.16926272066459,1.00537977454991
HR-GGM,2890,2857,ENSMUSG00000000149,Gna12,F,0,489,0.169204152249135,1.00503189227498
HR-GGM,2891,2860,ENSMUSG00000026155,Smap1,F,0,489,0.169145624351435,1.00468425066576
HR-GGM,2892,2861,ENSMUSG00000048546,Tob2,F,0,489,0.169087136929461,1.00433684947258
HR-GGM,2893,2862,ENSMUSG00000068040,Tm9sf4,F,0,489,0.169028689941237,1.00398968844615
HR-GGM,2894,2863,ENSMUSG00000002748,Baz1b,F,0,489,0.168970283344851,1.00364276733749
HR-GGM,2895,2865,ENSMUSG00000031540,Kat6a,T,0,490,0.169257340241796,1.00534781613501
HR-GGM,2896,2866,ENSMUSG00000039262,Prrc2b,F,0,490,0.169198895027624,1.00500066564601
HR-GGM,2897,2868,ENSMUSG00000017548,Suz12,F,0,490,0.169140490162237,1.00465375481907
HR-GGM,2898,2869,ENSMUSG00000066306,Numa1,F,0,490,0.169082125603865,1.00430708340609
HR-GGM,2899,2870,ENSMUSG00000022858,Tra2b,F,0,490,0.169023801310797,1.00396065115931
HR-GGM,2900,2874,ENSMUSG00000003378,Grik5,T,0,491,0.169310344827586,1.00566265060241
HR-GGM,2901,2876,ENSMUSG00000055296,Tmem245,T,0,492,0.169596690796277,1.00736347665741
HR-GGM,2902,2878,ENSMUSG00000078578,Ube2d3,F,0,492,0.169538249483115,1.00701634933947
HR-GGM,2903,2879,ENSMUSG00000020590,Snx13,T,0,493,0.169824319669308,1.00871553731288
HR-GGM,2904,2881,ENSMUSG00000037815,Ctnna1,F,0,493,0.169765840220386,1.00836818347771
HR-GGM,2905,2882,ENSMUSG00000045294,Insig1,F,0,493,0.169707401032702,1.0080210687846
HR-GGM,2906,2883,ENSMUSG00000067851,Arfgef1,F,0,493,0.169649002064694,1.00767419298667
HR-GGM,2907,2884,ENSMUSG00000027288,Zfp106,T,0,494,0.169934640522876,1.00937081659973
HR-GGM,2908,2885,ENSMUSG00000028134,Ptbp2,F,0,494,0.169876203576341,1.00902371521851
HR-GGM,2909,2890,ENSMUSG00000032594,Ip6k1,F,0,494,0.169817806806463,1.00867685247694
HR-GGM,2910,2891,ENSMUSG00000024750,Zfand5,F,0,494,0.169759450171821,1.00833022812901
HR-GGM,2911,2892,ENSMUSG00000037058,Paip2,F,0,494,0.169701133631055,1.00798384192904
HR-GGM,2912,2894,ENSMUSG00000004535,Tax1bp1,F,0,494,0.169642857142857,1.00763769363167
HR-GGM,2913,2897,ENSMUSG00000021000,Mia2,F,0,494,0.16958462066598,1.00729178299191
HR-GGM,2914,2898,ENSMUSG00000025757,Hspa4l,F,0,494,0.169526424159231,1.00694610976507
HR-GGM,2915,2900,ENSMUSG00000020827,Mink1,F,0,494,0.169468267581475,1.00660067370683
HR-GGM,2916,2901,ENSMUSG00000035401,Emsy,F,0,494,0.169410150891632,1.00625547457319
HR-GGM,2917,2903,ENSMUSG00000040865,Ino80d,F,0,494,0.16935207404868,1.00591051212047
HR-GGM,2918,2908,ENSMUSG00000005514,Por,F,0,494,0.169294037011652,1.00556578610535
HR-GGM,2919,2911,ENSMUSG00000044197,Gpr146,F,0,494,0.169236039739637,1.00522129628483
HR-GGM,2920,2913,ENSMUSG00000004364,Cul3,F,0,494,0.169178082191781,1.00487704241624
HR-GGM,2921,2918,ENSMUSG00000038372,Gmds,F,0,494,0.169120164327285,1.00453302425725
HR-GGM,2922,2919,ENSMUSG00000063087,Gm10125,F,0,494,0.169062286105407,1.00418924156585
HR-GGM,2923,2920,ENSMUSG00000041225,Arhgap12,F,0,494,0.16900444748546,1.00384569410038
HR-GGM,2924,2922,ENSMUSG00000030861,Acadsb,F,0,494,0.168946648426813,1.0035023816195
HR-GGM,2925,2924,ENSMUSG00000001036,Epn2,F,0,494,0.168888888888889,1.0031593038822
HR-GGM,2926,2925,ENSMUSG00000086859,Snhg20,F,0,494,0.168831168831169,1.00281646064779
HR-GGM,2927,2926,ENSMUSG00000052889,Prkcb,T,0,495,0.169115134950461,1.00450315097081
HR-GGM,2928,2927,ENSMUSG00000028064,Sema4a,F,0,495,0.16905737704918,1.00416008295477
HR-GGM,2929,2930,ENSMUSG00000019883,Echdc1,F,0,495,0.168999658586548,1.0038172491948
HR-GGM,2930,2931,ENSMUSG00000047036,Zfp445,T,0,496,0.169283276450512,1.00550187096509
HR-GGM,2931,2933,ENSMUSG00000027665,Pik3ca,F,0,496,0.169225520300239,1.00515881334961
HR-GGM,2932,2934,ENSMUSG00000032383,Ppib,F,0,496,0.169167803547067,1.00481598974342
HR-GGM,2933,2935,ENSMUSG00000031639,Tlr3,F,0,496,0.169110126150699,1.00447339990716
HR-GGM,2934,2936,ENSMUSG00000031246,Sh3bgrl,F,0,496,0.169052488070893,1.00413104360181
HR-GGM,2935,2937,ENSMUSG00000020594,Pum2,F,0,496,0.168994889267462,1.00378892058866
HR-GGM,2936,2941,ENSMUSG00000055531,Cpsf6,F,0,496,0.168937329700272,1.00344703062933
HR-GGM,2937,2944,ENSMUSG00000026150,Mff,F,0,496,0.168879809329248,1.00310537348577
HR-GGM,2938,2949,ENSMUSG00000020883,Fbxl20,F,0,496,0.168822328114364,1.00276394892026
HR-GGM,2939,2950,ENSMUSG00000025103,Btbd1,F,0,496,0.168764886015652,1.00242275669538
HR-GGM,2940,2953,ENSMUSG00000054693,Adam10,F,0,496,0.168707482993197,1.00208179657405
HR-GGM,2941,2955,ENSMUSG00000033499,Larp4b,F,0,496,0.16865011900714,1.00174106831952
HR-GGM,2942,2957,ENSMUSG00000024176,Sox8,T,0,497,0.168932698844324,1.00341952446086
HR-GGM,2943,2962,ENSMUSG00000021824,Ap3m1,F,0,497,0.168875297315664,1.00307857321232
HR-GGM,2944,2966,ENSMUSG00000034801,Sos2,F,0,497,0.168817934782609,1.00273785358827
HR-GGM,2945,2969,ENSMUSG00000037822,Smim14,F,0,497,0.168760611205433,1.00239736535275
HR-GGM,2946,2971,ENSMUSG00000085438,1700020I14Rik,F,0,497,0.168703326544467,1.00205710827015
HR-GGM,2947,2974,ENSMUSG00000056999,Ide,F,0,497,0.168646080760095,1.00171708210514
HR-GGM,2948,2975,ENSMUSG00000040896,Kcnd3,F,0,497,0.168588873812754,1.00137728662275
HR-GGM,2949,2977,ENSMUSG00000033228,Scaf11,F,0,497,0.168531705662937,1.00103772158829
HR-GGM,2950,2978,ENSMUSG00000021288,Klc1,F,0,497,0.168474576271186,1.00069838676741
HR-GGM,2951,2981,ENSMUSG00000029684,Wasl,F,0,497,0.168417485598102,1.00035928192608
HR-GGM,2952,2983,ENSMUSG00000064061,Dzip3,F,0,497,0.168360433604336,1.00002040683057
HR-GGM,2953,2989,ENSMUSG00000035152,Ap2b1,F,0,497,0.168303420250593,0.999681761247496
HR-GGM,2954,2992,ENSMUSG00000020463,Ppp4r3b,F,0,497,0.16824644549763,0.999343344943756
HR-GGM,2955,2995,ENSMUSG00000036698,Ago2,F,0,497,0.168189509306261,0.999005157686584
HR-GGM,2956,2996,ENSMUSG00000048756,Foxo3,T,0,498,0.168470906630582,1.00067658998647
HR-GGM,2957,2997,ENSMUSG00000032249,Anp32a,F,0,498,0.168413933040243,1.00033818058843
HR-GGM,2958,3000,ENSMUSG00000024054,Smchd,F,0,498,0.168356997971602,1
LV-GGM,1,742,ENSMUSG00000063297,Luzp2,F,0.207916125725427,0,0,0
LV-GGM,2,1732,ENSMUSG00000027447,Cst3,F,0.207815345043514,0,0,0
LV-GGM,3,803,ENSMUSG00000053279,Aldh1a1,F,0.207028202356254,0,0,0
LV-GGM,4,502,ENSMUSG00000030605,Mfge8,F,0.197947442298304,0,0,0
LV-GGM,5,755,ENSMUSG00000018593,Sparc,F,0.158715971152344,0,0,0
LV-GGM,6,629,ENSMUSG00000056258,Kcnq3,F,0.14835322973063,0,0,0
LV-GGM,7,1232,ENSMUSG00000025203,Scd2,F,0.141251375981614,0,0,0
LV-GGM,8,532,ENSMUSG00000029838,Ptn,F,0.135398847313242,0,0,0
LV-GGM,9,1906,ENSMUSG00000031765,Mt1,F,0.127196423385622,0,0,0
LV-GGM,10,59,ENSMUSG00000023868,Pde10a,T,0.121537560714495,1,0.1,0.593975903614458
LV-GGM,11,450,ENSMUSG00000003974,Grm3,T,0.120231611257644,2,0.181818181818182,1.07995618838992
LV-GGM,12,1231,ENSMUSG00000030307,Slc6a11,F,0.116259353633282,2,0.166666666666667,0.98995983935743
LV-GGM,13,1328,ENSMUSG00000048915,Efna5,F,0.116211277047519,2,0.153846153846154,0.913809082483781
LV-GGM,14,2163,ENSMUSG00000031760,Mt3,F,0.112463717200971,2,0.142857142857143,0.848537005163511
LV-GGM,15,1240,ENSMUSG00000029309,Sparcl1,F,0.108405744667533,2,0.133333333333333,0.791967871485944
LV-GGM,16,715,ENSMUSG00000034780,B3galt1,F,0.0923448093678145,2,0.125,0.742469879518072
LV-GGM,17,1234,ENSMUSG00000004558,Ndrg2,F,0.0902894100538334,2,0.117647058823529,0.698795180722891
LV-GGM,18,1890,ENSMUSG00000022112,Gpc5,F,0.0888553469867626,2,0.111111111111111,0.659973226238286
LV-GGM,19,389,ENSMUSG00000027797,Dclk1,F,0.0880938915908555,2,0.105263157894737,0.625237793278377
LV-GGM,20,814,ENSMUSG00000067242,Lgi1,F,0.0836485260424694,2,0.1,0.593975903614458
LV-GGM,21,809,ENSMUSG00000039809,Gabbr2,T,0.0830482550790065,3,0.142857142857143,0.848537005163511
LV-GGM,22,743,ENSMUSG00000053477,Tcf4,T,0.0823856982465486,4,0.181818181818182,1.07995618838992
LV-GGM,23,745,ENSMUSG00000022708,Zbtb20,F,0.0810668184950719,4,0.173913043478261,1.0330015715034
LV-GGM,24,1445,ENSMUSG00000026385,Dbi,F,0.079041398258508,4,0.166666666666667,0.98995983935743
LV-GGM,25,732,ENSMUSG00000031517,Gpm6a,F,0.0787351553864084,4,0.16,0.950361445783133
LV-GGM,26,1236,ENSMUSG00000001270,Ckb,F,0.0780976724994171,4,0.153846153846154,0.913809082483781
LV-GGM,27,750,ENSMUSG00000020524,Gria1,T,0.0778624667044878,5,0.185185185185185,1.09995537706381
LV-GGM,28,1881,ENSMUSG00000024661,Fth1,F,0.0776783033145537,5,0.178571428571429,1.06067125645439
LV-GGM,29,2488,ENSMUSG00000016194,Hsd11b1,F,0.0774840068482218,5,0.172413793103448,1.02409638554217
LV-GGM,30,117,ENSMUSG00000060924,Csmd1,F,0.0755917963926189,5,0.166666666666667,0.98995983935743
LV-GGM,31,45,ENSMUSG00000039037,St6galnac5,F,0.0748937481923679,5,0.161290322580645,0.958025650991061
LV-GGM,32,944,ENSMUSG00000023169,Slc38a1,F,0.0741774518406127,5,0.15625,0.92808734939759
LV-GGM,33,796,ENSMUSG00000031425,Plp1,F,0.0727076683014798,5,0.151515151515152,0.899963490324936
LV-GGM,34,2309,ENSMUSG00000006205,Htra1,F,0.0727052911856319,5,0.147058823529412,0.873493975903614
LV-GGM,35,2197,ENSMUSG00000025931,Paqr8,F,0.0719300676678801,5,0.142857142857143,0.848537005163511
LV-GGM,36,1633,ENSMUSG00000017009,Sdc4,F,0.0716527735906716,5,0.138888888888889,0.824966532797858
LV-GGM,37,1448,ENSMUSG00000048001,Hes5,F,0.0715405587939922,5,0.135135135135135,0.802670140019538
LV-GGM,38,1233,ENSMUSG00000051177,Plcb1,T,0.0712255297072843,6,0.157894736842105,0.937856689917565
LV-GGM,39,287,ENSMUSG00000112117,RF01962,F,0.0707442649977975,6,0.153846153846154,0.913809082483781
LV-GGM,40,749,ENSMUSG00000097623,B230323A14Rik,F,0.0685432320979868,6,0.15,0.890963855421687
LV-GGM,41,981,ENSMUSG00000041771,Slc24a4,T,0.0665666192914905,7,0.170731707317073,1.01410520129298
LV-GGM,42,2511,ENSMUSG00000098178,Gm42418,F,0.066318865066289,7,0.166666666666667,0.98995983935743
LV-GGM,43,1220,ENSMUSG00000053702,Nebl,T,0.0657348203297066,8,0.186046511627907,1.10507144858504
LV-GGM,44,800,ENSMUSG00000025743,Sdc3,F,0.0651536387758108,8,0.181818181818182,1.07995618838992
LV-GGM,45,1500,ENSMUSG00000035805,Mlc1,F,0.0648353845622466,8,0.177777777777778,1.05595716198126
LV-GGM,46,900,ENSMUSG00000037071,Scd1,F,0.0647332028839661,8,0.173913043478261,1.0330015715034
LV-GGM,47,156,ENSMUSG00000058571,Gpc6,F,0.0642505506570544,8,0.170212765957447,1.01102281466291
LV-GGM,48,885,ENSMUSG00000048332,Lhfp,F,0.0640002776990883,8,0.166666666666667,0.98995983935743
LV-GGM,49,1124,ENSMUSG00000029381,Shroom3,F,0.0633869303576072,8,0.163265306122449,0.969756577329727
LV-GGM,50,753,ENSMUSG00000038156,Spon1,F,0.0625171874774364,8,0.16,0.950361445783133
LV-GGM,51,802,ENSMUSG00000022494,Shisa9,F,0.0624773675863769,8,0.156862745098039,0.931726907630522
LV-GGM,52,830,ENSMUSG00000029821,Gsdme,F,0.0618878421294504,8,0.153846153846154,0.913809082483781
LV-GGM,53,805,ENSMUSG00000030276,Ttll3,F,0.0613771140673222,8,0.150943396226415,0.8965674016822
LV-GGM,54,1438,ENSMUSG00000069670,Nkain2,F,0.0612586607288761,8,0.148148148148148,0.879964301651049
LV-GGM,55,775,ENSMUSG00000032006,Pdgfd,F,0.0611585920644167,8,0.145454545454545,0.863964950711939
LV-GGM,56,1484,ENSMUSG00000039145,Camk1d,T,0.0592651266973631,9,0.160714285714286,0.95460413080895
LV-GGM,57,1222,ENSMUSG00000050587,Lrrc4c,T,0.0592574980541112,10,0.175438596491228,1.04206298879729
LV-GGM,58,747,ENSMUSG00000028542,Slc6a9,F,0.0591181151469768,10,0.172413793103448,1.02409638554217
LV-GGM,59,521,ENSMUSG00000050708,Ftl1,F,0.0575071517805356,10,0.169491525423729,1.00673881968552
LV-GGM,60,1408,ENSMUSG00000019990,Pde7b,T,0.0568508848914104,11,0.183333333333333,1.08895582329317
LV-GGM,61,988,ENSMUSG00000048078,Tenm4,F,0.0563061115020585,11,0.180327868852459,1.07110408848509
LV-GGM,62,1901,ENSMUSG00000035885,Cox8a,F,0.0562880524034456,11,0.17741935483871,1.05382821609017
LV-GGM,63,746,ENSMUSG00000031980,Agt,F,0.0559513031141142,11,0.174603174603175,1.03710078408874
LV-GGM,64,776,ENSMUSG00000021662,Arhgef28,F,0.0544250058629266,11,0.171875,1.02089608433735
LV-GGM,65,948,ENSMUSG00000030701,Plekhb1,F,0.0541467408662448,11,0.169230769230769,1.00518999073216
LV-GGM,66,214,ENSMUSG00000024421,Lama3,F,0.0540599824046694,11,0.166666666666667,0.98995983935743
LV-GGM,67,1535,ENSMUSG00000112437,Gm35188,F,0.0538485164682477,11,0.164179104477612,0.97518431936702
LV-GGM,68,148,ENSMUSG00000055639,Dach1,F,0.0537857783100384,11,0.161764705882353,0.960843373493976
LV-GGM,69,1549,ENSMUSG00000066687,Zbtb16,F,0.0534293468018984,11,0.159420289855072,0.946918107211454
LV-GGM,70,744,ENSMUSG00000031342,Gpm6b,F,0.0531560622250138,11,0.157142857142857,0.933390705679862
LV-GGM,71,784,ENSMUSG00000042751,Nmnat2,F,0.0530831459723952,11,0.154929577464789,0.92024435771254
LV-GGM,72,213,ENSMUSG00000032846,Zswim6,F,0.0530578807981098,11,0.152777777777778,0.907463186077644
LV-GGM,73,868,ENSMUSG00000041607,Mbp,F,0.0530391143041243,11,0.150684931506849,0.895032183528635
LV-GGM,74,1432,ENSMUSG00000020644,Id2,F,0.0525684035953094,11,0.148648648648649,0.882937154021491
LV-GGM,75,955,ENSMUSG00000025314,Ptprj,T,0.0523894154824976,12,0.16,0.950361445783133
LV-GGM,76,782,ENSMUSG00000106379,Lhfpl3,F,0.0519439162523811,12,0.157894736842105,0.937856689917565
LV-GGM,77,1904,ENSMUSG00000031596,Slc7a2,F,0.0514283590573342,12,0.155844155844156,0.925676732905648
LV-GGM,78,609,ENSMUSG00000036111,Lmo1,F,0.0512401365939055,12,0.153846153846154,0.913809082483781
LV-GGM,79,1200,ENSMUSG00000026442,Nfasc,F,0.0507049212435636,12,0.151898734177215,0.902241878908037
LV-GGM,80,120,ENSMUSG00000033174,Mgll,F,0.0505870443097973,12,0.15,0.890963855421687
LV-GGM,81,1843,ENSMUSG00000004207,Psap,F,0.0505533577078039,12,0.148148148148148,0.879964301651049
LV-GGM,82,1511,ENSMUSG00000069171,Nr2f1,T,0.0501893915694168,13,0.158536585365854,0.941669115486336
LV-GGM,83,1417,ENSMUSG00000031431,Tsc22d3,T,0.0501342608252066,14,0.168674698795181,1.00188706633764
LV-GGM,84,1468,ENSMUSG00000039701,Usp53,F,0.0494597714681759,14,0.166666666666667,0.98995983935743
LV-GGM,85,1423,ENSMUSG00000050840,Cdh20,T,0.0491732579456623,15,0.176470588235294,1.04819277108434
LV-GGM,86,1033,ENSMUSG00000025321,Itgb8,F,0.0491114484980039,15,0.174418604651163,1.03600448304847
LV-GGM,87,106,ENSMUSG00000027210,Meis2,F,0.048995254043744,15,0.172413793103448,1.02409638554217
LV-GGM,88,395,ENSMUSG00000016386,Mpped2,F,0.0487091205561329,15,0.170454545454545,1.01245892661555
LV-GGM,89,771,ENSMUSG00000038855,Itpkb,T,0.0485482108359208,16,0.179775280898876,1.06782184919453
LV-GGM,90,626,ENSMUSG00000010461,Eya4,F,0.0483296717486043,16,0.177777777777778,1.05595716198126
LV-GGM,91,95,ENSMUSG00000000560,Gabra2,T,0.0479271543631322,17,0.186813186813187,1.10962531444459
LV-GGM,92,1554,ENSMUSG00000035376,Hacd2,F,0.0478130191255353,17,0.184782608695652,1.09756416972237
LV-GGM,93,2959,ENSMUSG00000064357,mt-Atp6,F,0.0471633818828057,17,0.182795698924731,1.08576240445654
LV-GGM,94,2559,ENSMUSG00000034912,Mdga2,F,0.0471170619919526,17,0.180851063829787,1.07421174057934
LV-GGM,95,937,ENSMUSG00000039904,Gpr37,F,0.0469048995789589,17,0.178947368421053,1.06290424857324
LV-GGM,96,2709,ENSMUSG00000020591,Ntsr2,F,0.0468038872149786,17,0.177083333333333,1.05183232931727
LV-GGM,97,1914,ENSMUSG00000023010,Tmbim6,T,0.0466433619876867,18,0.185567010309278,1.10222332629487
LV-GGM,98,1459,ENSMUSG00000057329,Bcl2,T,0.0462918153022945,19,0.193877551020408,1.15158593557905
LV-GGM,99,751,ENSMUSG00000022376,Adcy8,T,0.0460943192722222,20,0.202020202020202,1.19995132043325
LV-GGM,100,633,ENSMUSG00000032076,Cadm1,F,0.0452956908100886,20,0.2,1.18795180722892
LV-GGM,101,44,ENSMUSG00000043259,Fam13c,F,0.0450510519682596,20,0.198019801980198,1.17618990814744
LV-GGM,102,1940,ENSMUSG00000000420,Galnt1,F,0.0449447812149555,20,0.196078431372549,1.16465863453815
LV-GGM,103,410,ENSMUSG00000039375,Wdr17,F,0.0446458297362134,20,0.194174757281553,1.15335126915429
LV-GGM,104,180,ENSMUSG00000026614,Slc30a10,F,0.0446229501916712,20,0.192307692307692,1.14226135310473
LV-GGM,105,62,ENSMUSG00000030235,Slco1c1,F,0.0443399388518931,20,0.19047619047619,1.13138267355135
LV-GGM,106,2566,ENSMUSG00000030022,Adamts9,F,0.0438222444169838,20,0.188679245283019,1.12070925210275
LV-GGM,107,1460,ENSMUSG00000033721,Vav3,F,0.0435687597882142,20,0.186915887850467,1.1102353338588
LV-GGM,108,387,ENSMUSG00000092274,Neat1,F,0.0428755824665648,20,0.185185185185185,1.09995537706381
LV-GGM,109,879,ENSMUSG00000056602,Fry,F,0.0427361198206433,20,0.18348623853211,1.08986404332928
LV-GGM,110,1520,ENSMUSG00000063600,Egfem1,F,0.0426120272123725,20,0.181818181818182,1.07995618838992
LV-GGM,111,1575,ENSMUSG00000068523,Gng5,T,0.0423272734384076,21,0.189189189189189,1.12373819602735
LV-GGM,112,77,ENSMUSG00000021097,Clmn,F,0.0422388406255252,21,0.1875,1.11370481927711
LV-GGM,113,2685,ENSMUSG00000027893,Ahcyl1,F,0.0420183942779442,21,0.185840707964602,1.10384902441625
LV-GGM,114,1216,ENSMUSG00000085245,Gm11713,F,0.0415327093044133,21,0.184210526315789,1.09416613823716
LV-GGM,115,835,ENSMUSG00000025892,Gria4,T,0.041484431257115,22,0.191304347826087,1.13630172865375
LV-GGM,116,1690,ENSMUSG00000021196,Pfkp,F,0.0414534808692815,22,0.189655172413793,1.12650602409639
LV-GGM,117,80,ENSMUSG00000025932,Eya1,F,0.0413059013990155,22,0.188034188034188,1.11687776748018
LV-GGM,118,212,ENSMUSG00000026527,Rgs7,F,0.0412883925296545,22,0.186440677966102,1.10741270165407
LV-GGM,119,65,ENSMUSG00000007682,Dio2,F,0.041072990370427,22,0.184873949579832,1.09810671256454
LV-GGM,120,1478,ENSMUSG00000093497,Gm20713,F,0.0409575943165645,22,0.183333333333333,1.08895582329317
LV-GGM,121,1592,ENSMUSG00000032320,Rcn2,T,0.0409186967622196,23,0.190082644628099,1.12904510604401
LV-GGM,122,1622,ENSMUSG00000024985,Tcf7l2,T,0.0408433441785364,24,0.19672131147541,1.16847718743828
LV-GGM,123,116,ENSMUSG00000075012,Fjx1,F,0.0408170482945241,24,0.195121951219512,1.15897737290626
LV-GGM,124,79,ENSMUSG00000025089,Gfra1,F,0.0407063103524841,24,0.193548387096774,1.14963078118927
LV-GGM,125,1715,ENSMUSG00000024347,Psd2,F,0.0406582854567541,24,0.192,1.14043373493976
LV-GGM,126,627,ENSMUSG00000054423,Cadps,T,0.0404528342238292,25,0.198412698412698,1.17852361828265
LV-GGM,127,1419,ENSMUSG00000032036,Kirrel3,T,0.0404465164601402,26,0.204724409448819,1.21601366094298
LV-GGM,128,301,ENSMUSG00000093930,Hmgcs1,F,0.0395458931835535,26,0.203125,1.20651355421687
LV-GGM,129,1424,ENSMUSG00000038872,Zfhx3,F,0.0394270474264069,26,0.201550387596899,1.19716073596712
LV-GGM,130,554,ENSMUSG00000024330,Col11a2,F,0.0393885844371018,26,0.2,1.18795180722892
LV-GGM,131,1090,ENSMUSG00000038400,Pmepa1,F,0.0391034613802425,26,0.198473282442748,1.17888347282259
LV-GGM,132,260,ENSMUSG00000085133,B930095G15Rik,F,0.0390876191225183,26,0.196969696969697,1.16995253742242
LV-GGM,133,1726,ENSMUSG00000035530,Eif1,F,0.0388815158512886,26,0.195488721804511,1.1611559018027
LV-GGM,134,1558,ENSMUSG00000040260,Daam2,F,0.0388234660869694,26,0.194029850746269,1.15249055925193
LV-GGM,135,1790,ENSMUSG00000001911,Nfix,F,0.0387153305082705,26,0.192592592592593,1.14395359214636
LV-GGM,136,2943,ENSMUSG00000025555,Farp1,F,0.038619338630744,26,0.191176470588235,1.1355421686747
LV-GGM,137,922,ENSMUSG00000024143,Rhoq,T,0.0386145621751609,27,0.197080291970803,1.17060944507959
LV-GGM,138,108,ENSMUSG00000031283,Chrdl1,F,0.0385470911397167,27,0.195652173913043,1.16212676794133
LV-GGM,139,2093,ENSMUSG00000016559,H3f3b,F,0.0385041409715921,27,0.194244604316547,1.15376614371154
LV-GGM,140,748,ENSMUSG00000062209,Erbb4,F,0.0384597589701722,27,0.192857142857143,1.14552495697074
LV-GGM,141,134,ENSMUSG00000020811,Wscd1,F,0.0383687260955455,27,0.191489361702128,1.13740066649577
LV-GGM,142,233,ENSMUSG00000033998,Kcnk1,F,0.0383220822772813,27,0.190140845070423,1.12939080264721
LV-GGM,143,1876,ENSMUSG00000035242,Oaz1,F,0.038315412605277,27,0.188811188811189,1.12149296486646
LV-GGM,144,1122,ENSMUSG00000030495,Slc7a10,F,0.0383094198109652,27,0.1875,1.11370481927711
LV-GGM,145,1873,ENSMUSG00000028655,Mfsd2a,F,0.0379643340783886,27,0.186206896551724,1.10602409638554
LV-GGM,146,741,ENSMUSG00000026657,Frmd4a,F,0.0379345524528562,27,0.184931506849315,1.09844858887605
LV-GGM,147,795,ENSMUSG00000040653,Ppp1r14c,F,0.037909463936395,27,0.183673469387755,1.09097614949594
LV-GGM,148,989,ENSMUSG00000049313,Sorl1,F,0.0378811449594019,27,0.182432432432432,1.08360468902638
LV-GGM,149,1407,ENSMUSG00000049252,Lrp1b,F,0.0378738231848858,27,0.181208053691275,1.07633217433492
LV-GGM,150,1494,ENSMUSG00000024500,Ppp2r2b,F,0.0375982567903548,27,0.18,1.06915662650602
LV-GGM,151,767,ENSMUSG00000029084,Cd38,T,0.0375452906003902,28,0.185430463576159,1.10141227160297
LV-GGM,152,2821,ENSMUSG00000064363,mt-Nd4,F,0.0374585142564666,28,0.184210526315789,1.09416613823716
LV-GGM,153,1237,ENSMUSG00000041329,Atp1b2,F,0.0374101278626249,28,0.183006535947712,1.08701472556894
LV-GGM,154,490,ENSMUSG00000033981,Gria2,T,0.0373479929497278,29,0.188311688311688,1.11852605226099
LV-GGM,155,1127,ENSMUSG00000026827,Gpd2,F,0.0372898062313404,29,0.187096774193548,1.11130975514963
LV-GGM,156,2447,ENSMUSG00000115337,AC134414.1,F,0.0371340451553676,29,0.185897435897436,1.1041859746679
LV-GGM,157,194,ENSMUSG00000035357,Pdzrn3,F,0.0370737590889926,29,0.184713375796178,1.09715294298212
LV-GGM,158,1226,ENSMUSG00000064356,mt-Atp8,F,0.0370724020972187,29,0.183544303797468,1.09020893701388
LV-GGM,159,69,ENSMUSG00000054720,Lrrc8c,T,0.0370237333320774,30,0.188679245283019,1.12070925210275
LV-GGM,160,1144,ENSMUSG00000048022,Tmem229a,T,0.0370228924430617,31,0.19375,1.15082831325301
LV-GGM,161,209,ENSMUSG00000031748,Gnao1,F,0.0368530671148603,31,0.192546583850932,1.14368031130734
LV-GGM,162,832,ENSMUSG00000042453,Reln,F,0.0368147951105859,31,0.191358024691358,1.13662055629927
LV-GGM,163,884,ENSMUSG00000027574,Nkain4,F,0.0367281299242224,31,0.190184049079755,1.12964742405204
LV-GGM,164,1305,ENSMUSG00000028756,Pink1,T,0.0367005719787583,32,0.195121951219512,1.15897737290626
LV-GGM,165,820,ENSMUSG00000063296,Tmem117,T,0.0366992895843411,33,0.2,1.18795180722892
LV-GGM,166,189,ENSMUSG00000028373,Astn2,F,0.0365488883101786,33,0.198795180722892,1.18079547104079
LV-GGM,167,712,ENSMUSG00000024222,Fkbp5,F,0.0362695846510094,33,0.197604790419162,1.17372483947767
LV-GGM,168,1225,ENSMUSG00000052387,Trpm3,T,0.0361519618003291,34,0.202380952380952,1.20209409064831
LV-GGM,169,959,ENSMUSG00000020646,Mboat2,F,0.0358529104647251,34,0.201183431952663,1.19498110786341
LV-GGM,170,1456,ENSMUSG00000026077,Npas2,T,0.0358480243258367,35,0.205882352941176,1.22289156626506
LV-GGM,171,535,ENSMUSG00000041272,Tox,F,0.0357895137961586,35,0.204678362573099,1.21574015359684
LV-GGM,172,343,ENSMUSG00000021750,Fam107a,F,0.0356616667612723,35,0.203488372093023,1.20867189688989
LV-GGM,173,453,ENSMUSG00000028364,Tnc,F,0.035588150140761,35,0.202312138728324,1.2016853541333
LV-GGM,174,847,ENSMUSG00000032648,Pygm,F,0.0355718402827255,35,0.201149425287356,1.19477911646586
LV-GGM,175,1087,ENSMUSG00000051497,Kcnj16,F,0.0355003129926426,35,0.2,1.18795180722892
LV-GGM,176,1709,ENSMUSG00000022132,Cldn10,F,0.0354812402610089,35,0.198863636363636,1.18120208105148
LV-GGM,177,280,ENSMUSG00000032181,Scg3,F,0.0354228436020963,35,0.19774011299435,1.17452862296644
LV-GGM,178,254,ENSMUSG00000039323,Igfbp2,F,0.0353650282426892,35,0.196629213483146,1.16793014755652
LV-GGM,179,848,ENSMUSG00000038388,Mpp6,F,0.0353478151558331,35,0.195530726256983,1.16140539812883
LV-GGM,180,1196,ENSMUSG00000064373,Selenop,F,0.0351525336819733,35,0.194444444444444,1.154953145917
LV-GGM,181,308,ENSMUSG00000021318,Gli3,T,0.0349913333094879,36,0.198895027624309,1.18138853757572
LV-GGM,182,162,ENSMUSG00000015879,Fam184b,F,0.0348072434505952,36,0.197802197802198,1.17489739176486
LV-GGM,183,1537,ENSMUSG00000093674,Rpl41,F,0.0347642824266868,36,0.19672131147541,1.16847718743828
LV-GGM,184,374,ENSMUSG00000034158,Lrrc58,T,0.0347323339405098,37,0.201086956521739,1.19440806705081
LV-GGM,185,1565,ENSMUSG00000021719,Rgs7bp,F,0.0347002484817832,37,0.2,1.18795180722892
LV-GGM,186,974,ENSMUSG00000047935,Sox1ot,T,0.0346269328288263,38,0.204301075268817,1.21349915792201
LV-GGM,187,1229,ENSMUSG00000023913,Pla2g7,F,0.0345126294613101,38,0.203208556149733,1.20700985761227
LV-GGM,188,1199,ENSMUSG00000026249,Serpine2,F,0.0344555300523118,38,0.202127659574468,1.2005895924122
LV-GGM,189,2084,ENSMUSG00000032294,Pkm,F,0.0344094910152744,38,0.201058201058201,1.19423726652642
LV-GGM,190,1684,ENSMUSG00000024665,Fads2,F,0.0343720598865234,38,0.2,1.18795180722892
LV-GGM,191,1638,ENSMUSG00000062825,Actg1,T,0.0343655296419158,39,0.204188481675393,1.21283037910806
LV-GGM,192,47,ENSMUSG00000097520,4930488L21Rik,F,0.034353087763586,39,0.203125,1.20651355421687
LV-GGM,193,1512,ENSMUSG00000046709,Mapk10,T,0.0342055393161837,40,0.207253886010363,1.23103814220613
LV-GGM,194,1955,ENSMUSG00000024140,Epas1,F,0.0341988098035585,40,0.206185567010309,1.22469258477208
LV-GGM,195,1604,ENSMUSG00000010064,Slc38a3,F,0.0341464816355299,40,0.205128205128205,1.21841210997837
LV-GGM,196,506,ENSMUSG00000091542,Gm17167,F,0.0341226219604917,40,0.204081632653061,1.21219572166216
LV-GGM,197,730,ENSMUSG00000058254,Tspan7,T,0.0339808544183201,41,0.208121827411168,1.2361935049844
LV-GGM,198,407,ENSMUSG00000029086,Prom1,F,0.0339783228865016,41,0.207070707070707,1.22995010344408
LV-GGM,199,559,ENSMUSG00000030516,Tjp1,F,0.0339747153462019,41,0.206030150753769,1.22376944965793
LV-GGM,200,1406,ENSMUSG00000027737,Slc7a11,F,0.0339663719448648,41,0.205,1.21765060240964
LV-GGM,201,358,ENSMUSG00000115289,AC131029.2,F,0.0339203325876368,41,0.203980099502488,1.21159263921357
LV-GGM,202,2479,ENSMUSG00000017631,Abr,F,0.0335835050265291,41,0.202970297029703,1.20559465585113
LV-GGM,203,806,ENSMUSG00000028838,Extl1,F,0.0335401857443694,41,0.201970443349754,1.19965576592083
LV-GGM,204,1583,ENSMUSG00000086600,C030005K06Rik,F,0.0333017575728245,41,0.200980392156863,1.19377510040161
LV-GGM,205,869,ENSMUSG00000059187,Fam19a1,F,0.0332916970084559,41,0.2,1.18795180722892
LV-GGM,206,1213,ENSMUSG00000054364,Rhob,T,0.0331754559016185,42,0.203883495145631,1.211018832612
LV-GGM,207,1506,ENSMUSG00000052512,Nav2,F,0.0331514866695201,42,0.202898550724638,1.20516850008731
LV-GGM,208,1957,ENSMUSG00000052632,Asap2,T,0.0331184874622589,43,0.206730769230769,1.22793095458758
LV-GGM,209,1964,ENSMUSG00000021130,Galnt16,F,0.0330712965077264,43,0.205741626794258,1.22205568686228
LV-GGM,210,150,ENSMUSG00000031561,Tenm3,F,0.0330363311881997,43,0.204761904761905,1.2162363740677
LV-GGM,211,1425,ENSMUSG00000063142,Kcnma1,T,0.0328726867653448,44,0.208530805687204,1.23862273739508
LV-GGM,212,1493,ENSMUSG00000053819,Camk2d,T,0.0328600176460423,45,0.212264150943396,1.26079790861559
LV-GGM,213,206,ENSMUSG00000060477,Irak2,F,0.0328189490951366,45,0.211267605633803,1.25487866960801
LV-GGM,214,1189,ENSMUSG00000060002,Chpt1,F,0.0322857080163889,45,0.210280373831776,1.24901475059115
LV-GGM,215,1725,ENSMUSG00000022186,Oxct1,F,0.0320533475518734,45,0.209302325581395,1.24320537965817
LV-GGM,216,834,ENSMUSG00000055022,Cntn1,F,0.0318074537955805,45,0.208333333333333,1.23744979919679
LV-GGM,217,1439,ENSMUSG00000054477,Kcnn2,T,0.0317604364167197,46,0.211981566820276,1.25911942701682
LV-GGM,218,1696,ENSMUSG00000042613,Pbxip1,F,0.0317521402562596,46,0.211009174311927,1.25334364982867
LV-GGM,219,1961,ENSMUSG00000110080,Gm6145,F,0.0317484091594942,46,0.210045662100457,1.24762061946416
LV-GGM,220,178,ENSMUSG00000040659,Efhd2,T,0.031594086020318,47,0.213636363636364,1.26894852135816
LV-GGM,221,359,ENSMUSG00000074457,S100a16,T,0.0314580365043085,48,0.217194570135747,1.29008341056534
LV-GGM,222,1893,ENSMUSG00000055026,Gabrg3,F,0.0313906144708834,48,0.216216216216216,1.28427222403126
LV-GGM,223,382,ENSMUSG00000030647,Ndufc2,F,0.0313569572351509,48,0.2152466367713,1.27851315576206
LV-GGM,224,1002,ENSMUSG00000060802,B2m,F,0.0313304540922883,48,0.214285714285714,1.27280550774527
LV-GGM,225,104,ENSMUSG00000073424,Cyp4f15,F,0.0312156974970772,48,0.213333333333333,1.26714859437751
LV-GGM,226,1277,ENSMUSG00000061718,Ppp1r1b,F,0.0312033397608199,48,0.212389380530973,1.26154174219
LV-GGM,227,813,ENSMUSG00000053166,Cdh22,T,0.0311190737615058,49,0.215859030837004,1.28215062894751
LV-GGM,228,1508,ENSMUSG00000034055,Phka1,F,0.031096090268487,49,0.214912280701754,1.27652716127669
LV-GGM,229,1238,ENSMUSG00000040430,Pitpnc1,T,0.0310397582851432,50,0.218340611353712,1.29689061924554
LV-GGM,230,1564,ENSMUSG00000030302,Atp2b2,T,0.0310343297365711,51,0.221739130434783,1.31707700366684
LV-GGM,231,164,ENSMUSG00000037624,Kcnk2,F,0.030989650905284,51,0.220779220779221,1.31137537161634
LV-GGM,232,926,ENSMUSG00000052372,Il1rapl1,F,0.03096124785832,51,0.219827586206897,1.30572289156626
LV-GGM,233,833,ENSMUSG00000067786,Nnat,F,0.0309451772239641,51,0.218884120171674,1.30011893065826
LV-GGM,234,1673,ENSMUSG00000017778,Cox7c,F,0.0309330995379585,51,0.217948717948718,1.29456286685202
LV-GGM,235,240,ENSMUSG00000001025,S100a6,T,0.0309054128793901,52,0.221276595744681,1.31432965906178
LV-GGM,236,1664,ENSMUSG00000034853,Acot11,F,0.030846649426075,52,0.220338983050847,1.30876046559118
LV-GGM,237,1629,ENSMUSG00000079470,Utp14b,F,0.0306793423052954,52,0.219409282700422,1.30323826953383
LV-GGM,238,1505,ENSMUSG00000021779,Thrb,T,0.0306772095427633,53,0.222689075630252,1.32271944922547
LV-GGM,239,967,ENSMUSG00000026773,Pfkfb3,F,0.0305817121320869,53,0.221757322175732,1.31718505822453
LV-GGM,240,927,ENSMUSG00000025791,Pgm2,F,0.0305796961860878,53,0.220833333333333,1.31169678714859
LV-GGM,241,2572,ENSMUSG00000032281,Acsbg1,F,0.0305706708437706,53,0.219917012448133,1.30625406189072
LV-GGM,242,1660,ENSMUSG00000028444,Cntfr,F,0.0305541435645522,53,0.21900826446281,1.30085631783332
LV-GGM,243,2193,ENSMUSG00000026510,Trp53bp2,F,0.0304572616434321,53,0.218106995884774,1.29550299965293
LV-GGM,244,936,ENSMUSG00000044716,Dok7,F,0.0304300314056129,53,0.217213114754098,1.29019356112976
LV-GGM,245,188,ENSMUSG00000041577,Prelp,F,0.0303552908291164,53,0.216326530612245,1.28492746496189
LV-GGM,246,903,ENSMUSG00000032356,Rasgrf1,F,0.0302224789311917,53,0.215447154471545,1.27970418258399
LV-GGM,247,1235,ENSMUSG00000030310,Slc6a1,F,0.0301286455220891,53,0.214574898785425,1.27452319399054
LV-GGM,248,878,ENSMUSG00000035131,Brinp3,F,0.0300407603906073,53,0.213709677419355,1.26938398756316
LV-GGM,249,1458,ENSMUSG00000021268,Meg3,F,0.0299491063703766,53,0.21285140562249,1.26428605990226
LV-GGM,250,1514,ENSMUSG00000005533,Igf1r,T,0.0299225552576031,54,0.216,1.28298795180723
LV-GGM,251,1457,ENSMUSG00000071424,Grid2,T,0.0299218383453159,55,0.219123505976096,1.30154082465319
LV-GGM,252,1182,ENSMUSG00000075284,Wipf1,F,0.0297018503804606,55,0.218253968253968,1.29637598011092
LV-GGM,253,1028,ENSMUSG00000022449,Adamts20,F,0.0296981786774756,55,0.217391304347826,1.29125196437926
LV-GGM,254,1679,ENSMUSG00000029632,Ndufa4,F,0.0296785397642629,55,0.216535433070866,1.28616829522816
LV-GGM,255,2239,ENSMUSG00000020738,Sumo2,F,0.0295635606007231,55,0.215686274509804,1.28112449799197
LV-GGM,256,886,ENSMUSG00000116760,Gm1604a,F,0.0295279195861809,55,0.21484375,1.27612010542169
LV-GGM,257,1504,ENSMUSG00000022108,Itm2b,F,0.0295105284914933,55,0.214007782101167,1.27115465754067
LV-GGM,258,1771,ENSMUSG00000040055,Gjb6,F,0.0294993585508775,55,0.213178294573643,1.26622770150369
LV-GGM,259,1824,ENSMUSG00000019505,Ubb,F,0.0294534379900234,55,0.212355212355212,1.26133879145927
LV-GGM,260,1788,ENSMUSG00000010663,Fads1,F,0.0294272692664546,55,0.211538461538462,1.2564874884152
LV-GGM,261,2960,ENSMUSG00000059447,Hadhb,F,0.0293903727452951,55,0.210727969348659,1.2516733601071
LV-GGM,262,1480,ENSMUSG00000025283,Sat1,F,0.0293431365392892,55,0.209923664122137,1.24689598087004
LV-GGM,263,778,ENSMUSG00000044447,Dock5,T,0.0293392381951236,56,0.212927756653992,1.26473956663155
LV-GGM,264,413,ENSMUSG00000042312,S100a13,T,0.0293315719515731,57,0.215909090909091,1.28244797371303
LV-GGM,265,1681,ENSMUSG00000022469,Rapgef3,F,0.0293017960301198,57,0.215094339622642,1.27760854739714
LV-GGM,266,799,ENSMUSG00000063428,Ddo,F,0.0293011483577046,57,0.214285714285714,1.27280550774527
LV-GGM,267,2058,ENSMUSG00000054091,1810037I17Rik,F,0.0292699234898077,57,0.213483146067416,1.26803844591851
LV-GGM,268,1429,ENSMUSG00000049775,Tmsb4x,F,0.0292573334006532,57,0.212686567164179,1.26330695918
LV-GGM,269,1156,ENSMUSG00000028677,Rnf220,F,0.029174003705029,57,0.211895910780669,1.25861065078156
LV-GGM,270,2982,ENSMUSG00000029426,Scarb2,F,0.0291249786369884,57,0.211111111111111,1.25394912985274
LV-GGM,271,46,ENSMUSG00000033350,Chst2,F,0.0291226073291719,57,0.210332103321033,1.2493220112924
LV-GGM,272,53,ENSMUSG00000050447,Lypd6,F,0.0291119367608253,57,0.209558823529412,1.24472891566265
LV-GGM,273,773,ENSMUSG00000030077,Chl1,F,0.0290908476735075,57,0.208791208791209,1.24016946908513
LV-GGM,274,1416,ENSMUSG00000033510,Otud7a,F,0.0290672991082538,57,0.208029197080292,1.23564330313957
LV-GGM,275,956,ENSMUSG00000022309,Angpt1,F,0.028893228128691,57,0.207272727272727,1.23115005476451
LV-GGM,276,946,ENSMUSG00000039579,Grin3a,T,0.0288222801853945,58,0.210144927536232,1.24821023223328
LV-GGM,277,1542,ENSMUSG00000041417,Pik3r1,F,0.0287869331880295,58,0.209386281588448,1.24370405810969
LV-GGM,278,1532,ENSMUSG00000035877,Zhx3,T,0.0287193628715595,59,0.212230215827338,1.26059634220335
LV-GGM,279,1450,ENSMUSG00000019856,Fam184a,F,0.0286813133563707,59,0.211469534050179,1.25607807574384
LV-GGM,280,78,ENSMUSG00000110843,Gm35552,F,0.0286245278996581,59,0.210714285714286,1.25159208261618
LV-GGM,281,1556,ENSMUSG00000027111,Itga6,F,0.0286233259166167,59,0.209964412811388,1.24713801826523
LV-GGM,282,2180,ENSMUSG00000036278,Macrod1,F,0.0285309338735181,59,0.209219858156028,1.24271554302316
LV-GGM,283,841,ENSMUSG00000026834,Acvr1c,F,0.0284656437608305,59,0.208480565371025,1.23832432202307
LV-GGM,284,82,ENSMUSG00000042256,Ptchd4,F,0.0283599410730448,59,0.207746478873239,1.23396402511454
LV-GGM,285,1358,ENSMUSG00000053930,Shisa6,F,0.0283558535720679,59,0.207017543859649,1.22963432678081
LV-GGM,286,932,ENSMUSG00000021699,Pde4d,T,0.0283483185925403,60,0.20979020979021,1.24610329429607
LV-GGM,287,89,ENSMUSG00000052516,Robo2,F,0.0283318325441995,60,0.209059233449477,1.24176147097099
LV-GGM,288,754,ENSMUSG00000113186,A330076C08Rik,F,0.0282971765229302,60,0.208333333333333,1.23744979919679
LV-GGM,289,758,ENSMUSG00000056158,Car10,F,0.0282589855581255,60,0.207612456747405,1.23316796598157
LV-GGM,290,1206,ENSMUSG00000039717,Ralyl,F,0.0282195912096871,60,0.206896551724138,1.2289156626506
LV-GGM,291,1657,ENSMUSG00000022957,Itsn1,F,0.0281761199292319,60,0.206185567010309,1.22469258477208
LV-GGM,292,2782,ENSMUSG00000064354,mt-Co2,F,0.0278889741214693,60,0.205479452054795,1.2204984320845
LV-GGM,293,1462,ENSMUSG00000020614,Fam20a,F,0.0278760013590544,60,0.204778156996587,1.21633290842551
LV-GGM,294,1461,ENSMUSG00000047361,Gm973,F,0.027845419590234,60,0.204081632653061,1.21219572166216
LV-GGM,295,1317,ENSMUSG00000023019,Gpd1,F,0.027826606683928,60,0.203389830508475,1.20808658362263
LV-GGM,296,1652,ENSMUSG00000044349,Snhg11,F,0.0278228823678269,60,0.202702702702703,1.20400521002931
LV-GGM,297,951,ENSMUSG00000059336,Slc14a1,F,0.0278113375919625,60,0.202020202020202,1.19995132043325
LV-GGM,298,1097,ENSMUSG00000055430,Nap1l5,F,0.0277848332112616,60,0.201342281879195,1.19592463814991
LV-GGM,299,2254,ENSMUSG00000041881,Ndufa7,F,0.0277203087994505,60,0.20066889632107,1.19192489019624
LV-GGM,300,1084,ENSMUSG00000033985,Tesk2,F,0.0277157552685905,60,0.2,1.18795180722892
LV-GGM,301,1568,ENSMUSG00000097428,AW047730,F,0.0276585900646442,60,0.199335548172757,1.18400512348397
LV-GGM,302,1567,ENSMUSG00000031447,Lamp1,F,0.0276544652675688,60,0.198675496688742,1.18008457671747
LV-GGM,303,1686,ENSMUSG00000033713,Foxn3,T,0.0276468317740878,61,0.201320132013201,1.19579307328323
LV-GGM,304,1937,ENSMUSG00000032186,Tmod2,F,0.0276199572296614,61,0.200657894736842,1.19185954343691
LV-GGM,305,2530,ENSMUSG00000027397,Slc20a1,F,0.0275932595619636,61,0.2,1.18795180722892
LV-GGM,306,2938,ENSMUSG00000056612,Ppp1r14b,F,0.0275694796108871,61,0.199346405228758,1.18406961178046
LV-GGM,307,921,ENSMUSG00000050965,Prkca,T,0.0275667207014109,62,0.201954397394137,1.19956045681096
LV-GGM,308,2191,ENSMUSG00000052534,Pbx1,F,0.0275493327537912,62,0.201298701298701,1.19566578000313
LV-GGM,309,2472,ENSMUSG00000034994,Eef2,F,0.0275354263294566,62,0.200647249190939,1.19179631145943
LV-GGM,310,1863,ENSMUSG00000020368,Canx,T,0.0274484926051579,63,0.203225806451613,1.20711232024874
LV-GGM,311,1176,ENSMUSG00000078234,Klhdc7a,F,0.0274308496460799,63,0.202572347266881,1.20323093015147
LV-GGM,312,98,ENSMUSG00000000305,Cdh4,T,0.0273458887993849,64,0.205128205128205,1.21841210997837
LV-GGM,313,1534,ENSMUSG00000037509,Arhgef4,F,0.0273271664923168,64,0.204472843450479,1.21451941953116
LV-GGM,314,186,ENSMUSG00000031610,Scrg1,F,0.0272941553742997,64,0.203821656050955,1.21065152329061
LV-GGM,315,1403,ENSMUSG00000039539,Sgcz,F,0.0272440351103387,64,0.203174603174603,1.20680818512144
LV-GGM,316,204,ENSMUSG00000034813,Grip1,F,0.0271758346418327,64,0.20253164556962,1.20298917187738
LV-GGM,317,130,ENSMUSG00000039047,Pigk,F,0.0271636122741853,64,0.201892744479495,1.19919425335411
LV-GGM,318,129,ENSMUSG00000024617,Camk2a,T,0.0271246500828542,65,0.20440251572327,1.21410168977798
LV-GGM,319,1797,ENSMUSG00000027351,Spred1,F,0.0268309226367519,65,0.203761755485893,1.21029572836802
LV-GGM,320,201,ENSMUSG00000036225,Kctd1,F,0.0268174999155938,65,0.203125,1.20651355421687
LV-GGM,321,1781,ENSMUSG00000037235,Mxd4,F,0.0268162832385507,65,0.202492211838006,1.2027549450137
LV-GGM,322,2132,ENSMUSG00000053646,Plxnb1,F,0.026733343505314,65,0.201863354037267,1.19901968120931
LV-GGM,323,1545,ENSMUSG00000028399,Ptprd,T,0.0266713304046353,66,0.204334365325077,1.2136968928345
LV-GGM,324,110,ENSMUSG00000049086,Bmyc,F,0.0266243265171394,66,0.203703703703704,1.20995091477019
LV-GGM,325,819,ENSMUSG00000066392,Nrxn3,T,0.0265912784337545,67,0.206153846153846,1.22450417052827
LV-GGM,326,132,ENSMUSG00000021379,Id4,F,0.0265581183597166,67,0.205521472392638,1.22074802276591
LV-GGM,327,1765,ENSMUSG00000060743,H3f3a,F,0.0264784049685761,67,0.204892966360856,1.21701484838436
LV-GGM,328,2012,ENSMUSG00000040459,Arglu1,F,0.0264291882780597,67,0.204268292682927,1.21330443726124
LV-GGM,329,202,ENSMUSG00000022523,Fgf12,T,0.0262854677898713,68,0.206686930091185,1.2276705606621
LV-GGM,330,1437,ENSMUSG00000029088,Kcnip4,F,0.0261796012480993,68,0.206060606060606,1.22395034684191
LV-GGM,331,1440,ENSMUSG00000020658,Efr3b,F,0.0260668090575322,68,0.205438066465257,1.22025261165508
LV-GGM,332,1342,ENSMUSG00000030342,Cd9,F,0.0259812239914939,68,0.204819277108434,1.21657715198142
LV-GGM,333,1042,ENSMUSG00000060371,Caln1,T,0.0259578942405492,69,0.207207207207207,1.23076088136329
LV-GGM,334,839,ENSMUSG00000021109,Hif1a,T,0.0259010130463549,70,0.209580838323353,1.24485967823389
LV-GGM,335,469,ENSMUSG00000034269,Setd5,F,0.0258861155875058,70,0.208955223880597,1.24114367919439
LV-GGM,336,281,ENSMUSG00000032667,Pon2,F,0.0258443075325545,70,0.208333333333333,1.23744979919679
LV-GGM,337,2699,ENSMUSG00000044573,Acp1,F,0.0258169387752966,70,0.207715133531157,1.23377784133567
LV-GGM,338,2657,ENSMUSG00000084786,Ubl5,F,0.0257600578102952,70,0.207100591715976,1.23012761103586
LV-GGM,339,1928,ENSMUSG00000026864,Hspa5,F,0.0255412018003475,70,0.206489675516224,1.22649891601805
LV-GGM,340,791,ENSMUSG00000034714,Ttyh2,F,0.0253979261660931,70,0.205882352941176,1.22289156626506
LV-GGM,341,1496,ENSMUSG00000058135,Gstm1,F,0.0253462082023342,70,0.205278592375367,1.21930537398862
LV-GGM,342,783,ENSMUSG00000030029,Lrig1,F,0.0253285921125824,70,0.204678362573099,1.21574015359684
LV-GGM,343,1806,ENSMUSG00000022890,Atp5j,F,0.0253141289673234,70,0.204081632653061,1.21219572166216
LV-GGM,344,1772,ENSMUSG00000036199,Ndufa13,F,0.025309239946347,70,0.203488372093023,1.20867189688989
LV-GGM,345,1224,ENSMUSG00000021756,Il6st,F,0.0253055170829187,70,0.202898550724638,1.20516850008731
LV-GGM,346,1005,ENSMUSG00000026482,Rgl1,F,0.0253052764394868,70,0.202312138728324,1.2016853541333
LV-GGM,347,50,ENSMUSG00000021613,Hapln1,F,0.0252628180045269,70,0.201729106628242,1.19822228394847
LV-GGM,348,1109,ENSMUSG00000007989,Fzd3,F,0.0252585254453397,70,0.201149425287356,1.19477911646586
LV-GGM,349,2015,ENSMUSG00000038056,Kmt2c,T,0.0252380351192301,71,0.203438395415473,1.20837504746781
LV-GGM,350,306,ENSMUSG00000034361,Cpne2,T,0.0252097488722011,72,0.205714285714286,1.22189328743546
LV-GGM,351,2169,ENSMUSG00000001768,Rin2,F,0.0251997419481278,72,0.205128205128205,1.21841210997837
LV-GGM,352,1102,ENSMUSG00000052544,St6galnac3,F,0.0251801132790452,72,0.204545454545455,1.21495071193866
LV-GGM,353,827,ENSMUSG00000022438,Parvb,F,0.0251588082292635,72,0.203966005665722,1.21150892521929
LV-GGM,354,169,ENSMUSG00000064043,Trerf1,F,0.0251384467541729,72,0.203389830508475,1.20808658362263
LV-GGM,355,1623,ENSMUSG00000033863,Klf9,T,0.0251022264059199,73,0.205633802816901,1.22141523841846
LV-GGM,356,1653,ENSMUSG00000036585,Fgf1,T,0.0250705390854977,74,0.207865168539326,1.23466901313118
LV-GGM,357,2173,ENSMUSG00000026932,Nacc2,F,0.0250257297551512,74,0.207282913165266,1.23121055651176
LV-GGM,358,1454,ENSMUSG00000022037,Clu,F,0.0248574863629271,74,0.206703910614525,1.22777142087905
LV-GGM,359,216,ENSMUSG00000002341,Ncan,F,0.0247764799430143,74,0.206128133704735,1.22435144477632
LV-GGM,360,2335,ENSMUSG00000062683,Atp5g2,F,0.024770155396257,74,0.205555555555556,1.22095046854083
LV-GGM,361,1632,ENSMUSG00000015656,Hspa8,F,0.0247172103288944,74,0.204986149584488,1.21756833427894
LV-GGM,362,2461,ENSMUSG00000037710,Cisd1,F,0.024715929334208,74,0.204419889502762,1.21420488584171
LV-GGM,363,2603,ENSMUSG00000031059,Ndufb11,F,0.0247138618759599,74,0.203856749311295,1.21085996880082
LV-GGM,364,2198,ENSMUSG00000055839,Elob,F,0.0247118801359572,74,0.203296703296703,1.207533430425
LV-GGM,365,1642,ENSMUSG00000070493,Chchd2,F,0.0246569755218066,74,0.202739726027397,1.20422511965671
LV-GGM,366,933,ENSMUSG00000020723,Cacng4,T,0.0246475630777678,75,0.204918032786885,1.21716373691487
LV-GGM,367,1649,ENSMUSG00000024104,Washc2,F,0.0245956010643088,75,0.204359673024523,1.21384721447096
LV-GGM,368,1785,ENSMUSG00000029636,Wasf3,F,0.0245648913371362,75,0.203804347826087,1.21054871660555
LV-GGM,369,656,ENSMUSG00000047419,Cmya5,F,0.024551264142098,75,0.203252032520325,1.20726809677735
LV-GGM,370,1605,ENSMUSG00000029093,Sorcs2,F,0.0245234726121234,75,0.202702702702703,1.20400521002931
LV-GGM,371,1866,ENSMUSG00000020611,Gna13,F,0.0244912752745013,75,0.202156334231806,1.20075991296723
LV-GGM,372,330,ENSMUSG00000038831,Ralgps1,F,0.0244432822650091,75,0.201612903225806,1.19753206373883
LV-GGM,373,2107,ENSMUSG00000013033,Adgrl1,T,0.0244202490342023,76,0.203753351206434,1.21024580897316
LV-GGM,374,91,ENSMUSG00000046314,Stxbp6,T,0.0243834429108495,77,0.205882352941176,1.22289156626506
LV-GGM,375,2540,ENSMUSG00000073676,Hspe1,F,0.0243698758849603,77,0.205333333333333,1.21963052208835
LV-GGM,376,865,ENSMUSG00000022377,Asap1,T,0.0243623639361429,78,0.207446808510638,1.23218405537042
LV-GGM,377,1223,ENSMUSG00000040249,Lrp1,F,0.0243265976964691,78,0.206896551724138,1.2289156626506
LV-GGM,378,2105,ENSMUSG00000033379,Atp6v0b,T,0.0242565905402202,79,0.208994708994709,1.24137821125773
LV-GGM,379,2308,ENSMUSG00000028207,Asph,T,0.0242462543698989,80,0.211081794195251,1.25377499443685
LV-GGM,380,2078,ENSMUSG00000055538,Zcchc24,F,0.0241957937290923,80,0.210526315789474,1.25047558655675
LV-GGM,381,1969,ENSMUSG00000024039,Cbs,F,0.0241947552799659,80,0.20997375328084,1.24719349840306
LV-GGM,382,1846,ENSMUSG00000025393,Atp5b,F,0.024114314894177,80,0.209424083769634,1.24392859395698
LV-GGM,383,1823,ENSMUSG00000051910,Sox6,T,0.0240972574249564,81,0.211488250652742,1.25618924785303
LV-GGM,384,1572,ENSMUSG00000068923,Syt11,T,0.0240482598944031,82,0.213541666666667,1.26838604417671
LV-GGM,385,873,ENSMUSG00000073565,Prr16,F,0.0240469026847894,82,0.212987012987013,1.26509153497105
LV-GGM,386,1769,ENSMUSG00000033400,Agl,F,0.0240393137537125,82,0.212435233160622,1.26181409576128
LV-GGM,387,1717,ENSMUSG00000044080,S100a1,T,0.0238479190411344,83,0.214470284237726,1.27390180878553
LV-GGM,388,522,ENSMUSG00000114407,Gm48765,F,0.0238248063861385,83,0.213917525773196,1.27061855670103
LV-GGM,389,2925,ENSMUSG00000086859,Snhg20,F,0.0237307867012208,83,0.213367609254499,1.26735218508997
LV-GGM,390,888,ENSMUSG00000032517,Mobp,F,0.0236976208293172,83,0.212820512820513,1.26410256410256
LV-GGM,391,1170,ENSMUSG00000072235,Tuba1a,T,0.0236718532125784,84,0.214833759590793,1.27606076479832
LV-GGM,392,1434,ENSMUSG00000097971,Gm26917,F,0.023664323815289,84,0.214285714285714,1.27280550774527
LV-GGM,393,1818,ENSMUSG00000027668,Mfn1,T,0.0235419925557304,85,0.216284987277354,1.28468070756308
LV-GGM,394,2592,ENSMUSG00000024646,Cyb5a,F,0.0235393824199764,85,0.215736040609137,1.28142009663018
LV-GGM,395,1689,ENSMUSG00000030317,Timp4,F,0.0235128692241117,85,0.215189873417722,1.27817599511972
LV-GGM,396,1704,ENSMUSG00000048402,Gli2,T,0.0234460827960819,86,0.217171717171717,1.28994766946574
LV-GGM,397,1889,ENSMUSG00000006740,Kif5b,F,0.0234240724007241,86,0.216624685138539,1.28669843100361
LV-GGM,398,100,ENSMUSG00000066456,Hmgn3,T,0.0233718575155302,87,0.218592964824121,1.2983895380517
LV-GGM,399,266,ENSMUSG00000055447,Cd47,F,0.0232549993895753,87,0.218045112781955,1.29513542893378
LV-GGM,400,852,ENSMUSG00000047414,Flrt2,F,0.0232182396502054,87,0.2175,1.29189759036145
LV-GGM,401,853,ENSMUSG00000026930,Gpsm1,F,0.0231743129312371,87,0.216957605985037,1.28867590060992
LV-GGM,402,1529,ENSMUSG00000039959,Hip1,F,0.023136968616447,87,0.216417910447761,1.28547023916562
LV-GGM,403,1979,ENSMUSG00000055782,Abcd2,F,0.0231173912338713,87,0.215880893300248,1.28228048671111
LV-GGM,404,1015,ENSMUSG00000060429,Sntb1,F,0.0231091357486905,87,0.215346534653465,1.27910652511034
LV-GGM,405,828,ENSMUSG00000109097,Gm29683,F,0.0230488084345218,87,0.214814814814815,1.27594823739402
LV-GGM,406,2116,ENSMUSG00000033065,Pfkm,F,0.0230441628181506,87,0.214285714285714,1.27280550774527
LV-GGM,407,2255,ENSMUSG00000042444,Mindy2,F,0.0230268518729064,87,0.213759213759214,1.26967822148545
LV-GGM,408,1621,ENSMUSG00000000740,Rpl13,F,0.0228649991358915,87,0.213235294117647,1.26656626506024
LV-GGM,409,2313,ENSMUSG00000059495,Arhgef12,F,0.0228020748032628,87,0.212713936430318,1.26346952602586
LV-GGM,410,1552,ENSMUSG00000038481,Cdk19,F,0.022758044445609,87,0.21219512195122,1.26038789303556
LV-GGM,411,1257,ENSMUSG00000051048,P4ha3,F,0.0227522792114212,87,0.211678832116788,1.25732125582622
LV-GGM,412,1612,ENSMUSG00000071866,Ppia,F,0.0226760623545384,87,0.211165048543689,1.25426950520529
LV-GGM,413,1698,ENSMUSG00000036452,Arhgap26,F,0.0226224153629094,87,0.210653753026634,1.25123253303772
LV-GGM,414,1430,ENSMUSG00000023951,Vegfa,F,0.0225973773274144,87,0.210144927536232,1.24821023223328
LV-GGM,415,766,ENSMUSG00000041423,Paqr6,F,0.0225807819107623,87,0.209638554216867,1.24520249673392
LV-GGM,416,579,ENSMUSG00000042228,Lyn,F,0.0225640238783253,87,0.209134615384615,1.24220922150139
LV-GGM,417,797,ENSMUSG00000041660,Bbox1,F,0.0225489144271777,87,0.20863309352518,1.23923030250498
LV-GGM,418,542,ENSMUSG00000053414,Hunk,F,0.0225462402182892,87,0.208133971291866,1.23626563670952
LV-GGM,419,2135,ENSMUSG00000027605,Acss2,F,0.0224965662065888,87,0.20763723150358,1.23331512206343
LV-GGM,420,2834,ENSMUSG00000026568,Mpc2,F,0.0224939408164132,87,0.207142857142857,1.23037865748709
LV-GGM,421,892,ENSMUSG00000022270,Fam134b,F,0.0224937412134097,87,0.206650831353919,1.22745614286123
LV-GGM,422,1138,ENSMUSG00000037386,Rims2,T,0.0224659095033002,88,0.208530805687204,1.23862273739508
LV-GGM,423,1203,ENSMUSG00000070509,Rgma,F,0.0224655020510685,88,0.208037825059102,1.23569455125466
LV-GGM,424,291,ENSMUSG00000004360,9330159F19Rik,F,0.0224519977953814,88,0.207547169811321,1.23278017731303
LV-GGM,425,984,ENSMUSG00000026594,Ralgps2,F,0.0224425575683272,88,0.207058823529412,1.22987951807229
LV-GGM,426,2362,ENSMUSG00000033577,Myo6,F,0.0224221672099545,88,0.206572769953052,1.22699247695005
LV-GGM,427,1990,ENSMUSG00000028173,Wls,F,0.0223735549478169,88,0.206088992974239,1.22411895826867
LV-GGM,428,1930,ENSMUSG00000037072,Selenof,F,0.0223533931184884,88,0.205607476635514,1.22125886724468
LV-GGM,429,762,ENSMUSG00000031111,Igsf1,F,0.0223430030058366,88,0.205128205128205,1.21841210997837
LV-GGM,430,1321,ENSMUSG00000090129,Olfr287,F,0.0223270078457103,88,0.204651162790698,1.21557859344354
LV-GGM,431,1013,ENSMUSG00000054793,Cadm4,F,0.0222584180424496,88,0.204176334106729,1.21275822547732
LV-GGM,432,1463,ENSMUSG00000030209,Grin2b,T,0.0222504563951441,89,0.206018518518519,1.22370035698349
LV-GGM,433,1412,ENSMUSG00000022762,Ncam2,F,0.0222354147490784,89,0.20554272517321,1.22087425916136
LV-GGM,434,1963,ENSMUSG00000031996,Aplp2,T,0.0222297785787349,90,0.207373271889401,1.23174726555994
LV-GGM,435,49,ENSMUSG00000052397,Ezr,F,0.022219823737048,90,0.206896551724138,1.2289156626506
LV-GGM,436,972,ENSMUSG00000054619,Mettl7a1,F,0.0222147297966886,90,0.206422018348624,1.22609704874544
LV-GGM,437,798,ENSMUSG00000020334,Slc22a4,F,0.0222139863253206,90,0.205949656750572,1.22329133467508
LV-GGM,438,2458,ENSMUSG00000021916,Glt8d1,F,0.0221975083153511,90,0.205479452054795,1.2204984320845
LV-GGM,439,902,ENSMUSG00000042116,Vwa1,F,0.0221678599390815,90,0.20501138952164,1.21771825342372
LV-GGM,440,1507,ENSMUSG00000002688,Prkd1,F,0.0221498985858848,90,0.204545454545455,1.21495071193866
LV-GGM,441,1651,ENSMUSG00000024462,Gabbr1,T,0.0221024987092339,91,0.206349206349206,1.22566456301396
LV-GGM,442,174,ENSMUSG00000041544,Disp3,F,0.0220581938560656,91,0.205882352941176,1.22289156626506
LV-GGM,443,1078,ENSMUSG00000037706,Cd81,F,0.0220380757497574,91,0.205417607223476,1.22013108868884
LV-GGM,444,1625,ENSMUSG00000024921,Smarca2,T,0.0220252210070617,92,0.207207207207207,1.23076088136329
LV-GGM,445,88,ENSMUSG00000054728,Phactr1,F,0.0220249851840322,92,0.206741573033708,1.22799512657371
LV-GGM,446,1471,ENSMUSG00000036833,Pnpla7,F,0.0220095710628067,92,0.20627802690583,1.22524177427198
LV-GGM,447,1070,ENSMUSG00000023909,Paqr4,F,0.0219571105402205,92,0.205816554809843,1.22250074121991
LV-GGM,448,2947,ENSMUSG00000037894,H2afz,T,0.021913853980268,93,0.207589285714286,1.23303033562823
LV-GGM,449,309,ENSMUSG00000050315,Synpo2,T,0.0218881428793016,94,0.209354120267261,1.24351302761156
LV-GGM,450,1593,ENSMUSG00000074637,Sox2,T,0.0218394353073469,95,0.211111111111111,1.25394912985274
LV-GGM,451,365,ENSMUSG00000058258,Idi1,F,0.0218275218097359,95,0.210643015521064,1.25116875484198
LV-GGM,452,836,ENSMUSG00000070337,Gpr179,F,0.0217855930447424,95,0.210176991150442,1.24840068237552
LV-GGM,453,146,ENSMUSG00000022899,Slc15a2,F,0.0216736905239491,95,0.209713024282561,1.24564483097955
LV-GGM,454,934,ENSMUSG00000020100,Slc29a3,F,0.0216717341168131,95,0.209251101321586,1.24290111989809
LV-GGM,455,1143,ENSMUSG00000070532,Ccdc190,F,0.0216411334222838,95,0.208791208791209,1.24016946908513
LV-GGM,456,1946,ENSMUSG00000022452,Smdt1,T,0.0216323089094288,96,0.210526315789474,1.25047558655675
LV-GGM,457,2729,ENSMUSG00000021520,Uqcrb,F,0.0216265621355852,96,0.210065645514223,1.24773931612665
LV-GGM,458,1470,ENSMUSG00000086155,9430041J12Rik,F,0.0215142914899774,96,0.209606986899563,1.24501499447572
LV-GGM,459,2261,ENSMUSG00000015305,Sash1,F,0.0213854270813639,96,0.209150326797386,1.24230254350736
LV-GGM,460,118,ENSMUSG00000024975,Pdcd4,F,0.0213665581013643,96,0.208695652173913,1.23960188580409
LV-GGM,461,328,ENSMUSG00000046402,Rbp1,F,0.0213566058205854,96,0.20824295010846,1.23691294462013
LV-GGM,462,1420,ENSMUSG00000032878,Ccdc85a,F,0.0213229260518349,96,0.207792207792208,1.2342356438742
LV-GGM,463,2214,ENSMUSG00000012405,Rpl15,F,0.0213082876886254,96,0.207343412526998,1.23156990814229
LV-GGM,464,2259,ENSMUSG00000048148,Nwd1,F,0.0212082802988474,96,0.206896551724138,1.2289156626506
LV-GGM,465,416,ENSMUSG00000020315,Sptbn1,F,0.021146187993314,96,0.206451612903226,1.22627283326856
LV-GGM,466,2284,ENSMUSG00000013089,Etv5,F,0.0211151819574368,96,0.206008583690987,1.22364134650189
LV-GGM,467,2190,ENSMUSG00000031700,Gpt2,F,0.0211007323702745,96,0.205567451820128,1.22102112948582
LV-GGM,468,1587,ENSMUSG00000027452,Acss1,F,0.021074550346568,96,0.205128205128205,1.21841210997837
LV-GGM,469,2444,ENSMUSG00000020333,Acsl6,F,0.0210730493572483,96,0.204690831556503,1.21581421635369
LV-GGM,470,1956,ENSMUSG00000038690,Atp5j2,F,0.0210566384287298,96,0.204255319148936,1.21322737759549
LV-GGM,471,2485,ENSMUSG00000048747,E130114P18Rik,F,0.0210208584163327,96,0.203821656050955,1.21065152329061
LV-GGM,472,2459,ENSMUSG00000021782,Dlg5,T,0.0209873635109822,97,0.205508474576271,1.22067081886869
LV-GGM,473,2843,ENSMUSG00000075700,Selenot,T,0.0209584402406491,98,0.207188160676533,1.23064774956061
LV-GGM,474,138,ENSMUSG00000110559,Gm26843,F,0.0209403942530101,98,0.206751054852321,1.2280514462915
LV-GGM,475,305,ENSMUSG00000025026,Add3,F,0.0209149512486232,98,0.206315789473684,1.22546607482562
LV-GGM,476,2073,ENSMUSG00000034377,Tulp4,F,0.0208475443348981,98,0.205882352941176,1.22289156626506
LV-GGM,477,2420,ENSMUSG00000038145,Snrk,F,0.0207498129576823,98,0.205450733752621,1.22032785228966
LV-GGM,478,2120,ENSMUSG00000009013,Dynll1,F,0.0207495421138851,98,0.205020920502092,1.21777486515098
LV-GGM,479,74,ENSMUSG00000029413,Naaa,F,0.0207480821047169,98,0.204592901878914,1.21523253766632
LV-GGM,480,1384,ENSMUSG00000118380,Gm36037,F,0.0207097075160517,98,0.204166666666667,1.21270080321285
LV-GGM,481,765,ENSMUSG00000036046,5031439G07Rik,F,0.0206987665540131,98,0.203742203742204,1.21017959572176
LV-GGM,482,2637,ENSMUSG00000027620,Rbm39,F,0.0206981363362012,98,0.203319502074689,1.20766884967255
LV-GGM,483,670,ENSMUSG00000027956,Tmem144,T,0.0206945156631668,99,0.204968944099379,1.2174661378433
LV-GGM,484,1398,ENSMUSG00000039057,Myo16,F,0.0206890776739947,99,0.204545454545455,1.21495071193866
LV-GGM,485,2745,ENSMUSG00000097649,Gm10561,F,0.0206730139894531,99,0.204123711340206,1.21244565892436
LV-GGM,486,2364,ENSMUSG00000102869,2900097C17Rik,F,0.0206719968249863,99,0.203703703703704,1.20995091477019
LV-GGM,487,770,ENSMUSG00000024076,Vit,F,0.0205890135416695,99,0.203285420944559,1.2074664159719
LV-GGM,488,93,ENSMUSG00000036155,Mgat5,F,0.0205725521441183,99,0.202868852459016,1.20499209954572
LV-GGM,489,234,ENSMUSG00000050103,Agmo,F,0.0205135875102818,99,0.202453987730061,1.20252790302314
LV-GGM,490,1499,ENSMUSG00000022883,Robo1,F,0.0205126159418152,99,0.202040816326531,1.20007376444554
LV-GGM,491,904,ENSMUSG00000001663,Gstt1,F,0.0204997222948452,99,0.20162932790224,1.19762962235909
LV-GGM,492,1995,ENSMUSG00000020048,Hsp90b1,F,0.0204502367010478,99,0.201219512195122,1.19519541580958
LV-GGM,493,1941,ENSMUSG00000036591,Arhgap21,F,0.0204291082207878,99,0.200811359026369,1.19277108433735
LV-GGM,494,2414,ENSMUSG00000000088,Cox5a,F,0.0204034250887432,99,0.200404858299595,1.19035656797229
LV-GGM,495,1051,ENSMUSG00000001763,Tspan33,T,0.0203761429529062,100,0.202020202020202,1.19995132043325
LV-GGM,496,2730,ENSMUSG00000064105,Cnnm2,F,0.0203579395973831,100,0.201612903225806,1.19753206373883
LV-GGM,497,2129,ENSMUSG00000030654,Arl6ip1,F,0.0203560994953738,100,0.201207243460765,1.19512254248382
LV-GGM,498,986,ENSMUSG00000032702,Kank1,F,0.0203458250041623,100,0.200803212851406,1.192722698021
LV-GGM,499,987,ENSMUSG00000001173,Ocrl,F,0.0203345077656123,100,0.200400801603206,1.19033247217326
LV-GGM,500,2415,ENSMUSG00000070394,Tmem256,T,0.0203285260218521,101,0.202,1.1998313253012
LV-GGM,501,1061,ENSMUSG00000002055,Spag5,F,0.0203156645676046,101,0.201596806387226,1.19743645239641
LV-GGM,502,1465,ENSMUSG00000022306,Zfpm2,T,0.0201163966787639,102,0.203187250996016,1.20688331013296
LV-GGM,503,1968,ENSMUSG00000025428,Atp5a1,F,0.0200882545351551,102,0.202783300198807,1.20448393973508
LV-GGM,504,2014,ENSMUSG00000015575,Atp6v0e,T,0.0200562143895402,103,0.204365079365079,1.21387932683113
LV-GGM,505,157,ENSMUSG00000028194,Ddah1,F,0.020052479228576,103,0.203960396039604,1.21147560539186
LV-GGM,506,1036,ENSMUSG00000028176,Lrrc7,T,0.0200107330754817,104,0.205533596837945,1.22082003904948
LV-GGM,507,1293,ENSMUSG00000071604,Fam189a2,F,0.0199747205787568,104,0.205128205128205,1.21841210997837
LV-GGM,508,831,ENSMUSG00000046160,Olig1,F,0.0199684823412679,104,0.204724409448819,1.21601366094298
LV-GGM,509,2389,ENSMUSG00000020777,Acox1,F,0.0198689110019303,104,0.204322200392927,1.21362463606883
LV-GGM,510,1082,ENSMUSG00000061232,H2-K1,F,0.0198608941218093,104,0.203921568627451,1.21124497991968
LV-GGM,511,2580,ENSMUSG00000006941,Eif1b,F,0.0198151523049569,104,0.203522504892368,1.20887463749322
LV-GGM,512,2137,ENSMUSG00000029723,Tsc22d4,T,0.0197696628593392,105,0.205078125,1.21811464608434
LV-GGM,513,449,ENSMUSG00000037458,Azin1,F,0.0197653533411521,105,0.204678362573099,1.21574015359684
LV-GGM,514,979,ENSMUSG00000000594,Gm2a,F,0.0197404935950783,105,0.204280155642023,1.21337490037973
LV-GGM,515,142,ENSMUSG00000039934,Gsap,F,0.0197249541847396,105,0.203883495145631,1.211018832612
LV-GGM,516,1697,ENSMUSG00000003526,Prodh,F,0.0197155677848433,105,0.203488372093023,1.20867189688989
LV-GGM,517,1842,ENSMUSG00000022477,Aco2,F,0.0197094710616252,105,0.203094777562863,1.20633404022279
LV-GGM,518,2164,ENSMUSG00000026021,Sumo1,F,0.0196218424764827,105,0.202702702702703,1.20400521002931
LV-GGM,519,596,ENSMUSG00000054733,Msra,F,0.0196013147437472,105,0.202312138728324,1.2016853541333
LV-GGM,520,179,ENSMUSG00000035686,Thrsp,F,0.0195824614780367,105,0.201923076923077,1.19937442075996
LV-GGM,521,1443,ENSMUSG00000027200,Sema6d,F,0.019535449778873,105,0.201535508637236,1.19707235853202
LV-GGM,522,1731,ENSMUSG00000020585,Laptm4a,F,0.0195192653374618,105,0.201149425287356,1.19477911646586
LV-GGM,523,2491,ENSMUSG00000073725,Lmbrd1,F,0.0194691896095352,105,0.200764818355641,1.19249464396784
LV-GGM,524,1661,ENSMUSG00000020163,Uqcr11,F,0.0194344909407339,105,0.200381679389313,1.1902188908305
LV-GGM,525,71,ENSMUSG00000032014,Oaf,F,0.0194043378348881,105,0.2,1.18795180722892
LV-GGM,526,187,ENSMUSG00000035245,Eogt,F,0.0193682504123517,105,0.199619771863118,1.18569334371707
LV-GGM,527,1228,ENSMUSG00000052572,Dlg2,T,0.0193429678943181,106,0.201138519924099,1.19471434123591
LV-GGM,528,435,ENSMUSG00000029999,Tgfa,F,0.0193291267260805,106,0.200757575757576,1.19245162468054
LV-GGM,529,409,ENSMUSG00000031349,Nsdhl,T,0.0193270985911549,107,0.20226843100189,1.20142574077026
LV-GGM,530,1449,ENSMUSG00000071856,Mcc,F,0.019319877433063,107,0.20188679245283,1.19915889974994
LV-GGM,531,2749,ENSMUSG00000025375,Aatk,F,0.0192947030973239,107,0.2015065913371,1.19690059673723
LV-GGM,532,2896,ENSMUSG00000093904,Tomm20,F,0.0192027995826312,107,0.201127819548872,1.19465078358547
LV-GGM,533,84,ENSMUSG00000019803,Nr2e1,T,0.0191757352172733,108,0.202626641651032,1.20355342571035
LV-GGM,534,1589,ENSMUSG00000020037,Rfx4,F,0.0191563447016798,108,0.202247191011236,1.20129958034385
LV-GGM,535,1630,ENSMUSG00000032324,Tspan3,T,0.0191500407569988,109,0.203738317757009,1.21015651390609
LV-GGM,536,940,ENSMUSG00000021477,Ctsl,F,0.0191430833668699,109,0.203358208955224,1.20789875921597
LV-GGM,537,1710,ENSMUSG00000026490,Cdc42bpa,F,0.0190219280992835,109,0.202979515828678,1.20564941329564
LV-GGM,538,1643,ENSMUSG00000059534,Uqcr10,F,0.0189850635303153,109,0.202602230483271,1.20340842925606
LV-GGM,539,2452,ENSMUSG00000010277,2610507B11Rik,F,0.0189404308564853,109,0.202226345083488,1.20117576055614
LV-GGM,540,2301,ENSMUSG00000024810,Il33,F,0.0189356957631928,109,0.201851851851852,1.19895136099955
LV-GGM,541,487,ENSMUSG00000007908,Hmgcll1,F,0.0189286260297491,109,0.201478743068392,1.19673518473153
LV-GGM,542,261,ENSMUSG00000074925,Ptar1,F,0.0189275403580993,109,0.201107011070111,1.19452718623572
LV-GGM,543,850,ENSMUSG00000032766,Gng11,T,0.018897674249503,110,0.202578268876611,1.20326610308638
LV-GGM,544,1069,ENSMUSG00000075590,Nrbp2,T,0.0188964507861395,111,0.204044117647059,1.21197289156626
LV-GGM,545,1886,ENSMUSG00000024533,Spire1,F,0.01885852293519,111,0.203669724770642,1.2097490880955
LV-GGM,546,859,ENSMUSG00000042429,Adora1,F,0.0188401658054768,111,0.203296703296703,1.207533430425
LV-GGM,547,2486,ENSMUSG00000028078,Dclk2,F,0.018836673101719,111,0.202925045703839,1.20532587387943
LV-GGM,548,171,ENSMUSG00000053141,Ptprt,T,0.018804810353436,112,0.204379562043796,1.21396535045291
LV-GGM,549,1853,ENSMUSG00000032330,Cox7a2,F,0.018801894368418,112,0.204007285974499,1.21175412030636
LV-GGM,550,862,ENSMUSG00000039782,Cpeb2,F,0.0187899159672024,112,0.203636363636364,1.20955093099671
LV-GGM,551,2072,ENSMUSG00000071528,Usmg5,F,0.0187744299149185,112,0.203266787658802,1.20735573874445
LV-GGM,552,1735,ENSMUSG00000022564,Grina,T,0.0187708235572937,113,0.204710144927536,1.2159289331238
LV-GGM,553,425,ENSMUSG00000049690,Nckap5,F,0.0187698125827434,113,0.204339963833635,1.21373014662629
LV-GGM,554,1265,ENSMUSG00000029189,Sel1l3,F,0.0187691347080326,113,0.203971119133574,1.21153929798617
LV-GGM,555,957,ENSMUSG00000027422,Rrbp1,F,0.0187406163625903,113,0.203603603603604,1.2093563442961
LV-GGM,556,51,ENSMUSG00000059325,Hopx,T,0.0187397431791297,114,0.205035971223022,1.21786426280662
LV-GGM,557,2241,ENSMUSG00000020422,Tns3,F,0.0187323592607636,114,0.204667863554758,1.21567779195778
LV-GGM,558,1692,ENSMUSG00000074884,Serf2,F,0.0187228320534937,114,0.204301075268817,1.21349915792201
LV-GGM,559,1722,ENSMUSG00000022748,Cmss1,F,0.0187013785979496,114,0.203935599284436,1.21132831864129
LV-GGM,560,2331,ENSMUSG00000056608,Chd9,T,0.018671669420811,115,0.205357142857143,1.21977194492255
LV-GGM,561,1578,ENSMUSG00000036570,Fxyd1,F,0.0186549863224529,115,0.204991087344029,1.2175976633808
LV-GGM,562,1590,ENSMUSG00000003992,Ssbp2,F,0.0186265723624336,115,0.204626334519573,1.21543111949578
LV-GGM,563,113,ENSMUSG00000062151,Unc13c,T,0.0186193670968739,116,0.206039076376554,1.22382246570652
LV-GGM,564,1847,ENSMUSG00000027087,Itgav,F,0.0185315542956135,116,0.205673758865248,1.22165256771768
LV-GGM,565,1150,ENSMUSG00000022687,Boc,F,0.018529397607932,116,0.205309734513274,1.21949035078367
LV-GGM,566,1570,ENSMUSG00000038274,Fau,F,0.0185177275334936,116,0.204946996466431,1.21733577419218
LV-GGM,567,1917,ENSMUSG00000031231,Cox7b,F,0.018516813986094,116,0.204585537918871,1.21518879751811
LV-GGM,568,158,ENSMUSG00000024548,Setbp1,F,0.0185017107167621,116,0.204225352112676,1.21304938062108
LV-GGM,569,2001,ENSMUSG00000003814,Calr,T,0.0184952431113331,117,0.205623901581722,1.22135642746734
LV-GGM,570,1518,ENSMUSG00000052713,Zfp608,T,0.018466786357386,118,0.207017543859649,1.22963432678081
LV-GGM,571,1107,ENSMUSG00000032418,Me1,F,0.0184572706161103,118,0.206654991243433,1.22748085160256
LV-GGM,572,1959,ENSMUSG00000040711,Sh3pxd2b,F,0.0183918368284861,118,0.206293706293706,1.2253349060578
LV-GGM,573,2683,ENSMUSG00000041126,H2afv,T,0.0183751910786513,119,0.207678883071553,1.23356252234067
LV-GGM,574,1627,ENSMUSG00000041571,Selenow,F,0.0183418075150706,119,0.207317073170732,1.2314134587129
LV-GGM,575,945,ENSMUSG00000017670,Elmo2,F,0.0183148654775542,119,0.20695652173913,1.22927187008905
LV-GGM,576,1037,ENSMUSG00000034648,Lrrn1,F,0.0182994970855664,119,0.206597222222222,1.22713771753681
LV-GGM,577,2028,ENSMUSG00000036560,Lgi4,F,0.0182922173418185,119,0.206239168110919,1.22501096239377
LV-GGM,578,2984,ENSMUSG00000041688,Amot,F,0.0182914654518077,119,0.205882352941176,1.22289156626506
LV-GGM,579,1436,ENSMUSG00000034892,Rps29,F,0.0182783760446521,119,0.20552677029361,1.22077949102108
LV-GGM,580,131,ENSMUSG00000060548,Tnfrsf19,F,0.0182673150275572,119,0.205172413793103,1.21867469879518
LV-GGM,581,2287,ENSMUSG00000021290,2010107E04Rik,F,0.0182505159888476,119,0.204819277108434,1.21657715198142
LV-GGM,582,1527,ENSMUSG00000049422,Chchd10,F,0.0182475055242417,119,0.20446735395189,1.21448681323231
LV-GGM,583,1045,ENSMUSG00000057880,Abat,F,0.0182405851135589,119,0.204116638078902,1.21240364545661
LV-GGM,584,1076,ENSMUSG00000046876,Atxn1,F,0.0182240888942603,119,0.203767123287671,1.21032761181713
LV-GGM,585,898,ENSMUSG00000025407,Gli1,T,0.0181964521121276,120,0.205128205128205,1.21841210997837
LV-GGM,586,1976,ENSMUSG00000015222,Map2,T,0.0181934181438805,121,0.206484641638225,1.22646901599572
LV-GGM,587,540,ENSMUSG00000038738,Shank1,T,0.0181911959742167,122,0.207836456558773,1.23449847088524
LV-GGM,588,472,ENSMUSG00000007872,Id3,F,0.0181875178799474,122,0.207482993197279,1.23239898368986
LV-GGM,589,815,ENSMUSG00000020902,Ntn1,F,0.0181717494959821,122,0.207130730050934,1.23030662548326
LV-GGM,590,2993,ENSMUSG00000020219,Timm13,F,0.0181457849643885,122,0.206779661016949,1.22822136001634
LV-GGM,591,2975,ENSMUSG00000040896,Kcnd3,F,0.01813438395244,122,0.206429780033841,1.22614315128534
LV-GGM,592,785,ENSMUSG00000112054,Gm33680,F,0.0181220569686192,122,0.206081081081081,1.22407196352979
LV-GGM,593,1083,ENSMUSG00000034614,Pik3ip1,F,0.0181029915947803,122,0.205733558178752,1.22200776123042
LV-GGM,594,786,ENSMUSG00000041309,Nkx6-2,F,0.0180936774019263,122,0.205387205387205,1.21995050910714
LV-GGM,595,322,ENSMUSG00000021986,Amer2,F,0.0180870644254049,122,0.205042016806723,1.21790017211704
LV-GGM,596,2323,ENSMUSG00000030199,Etv6,F,0.0180447765921406,122,0.204697986577181,1.21585671545241
LV-GGM,597,1574,ENSMUSG00000079641,Rpl39,F,0.0180316172697031,122,0.204355108877722,1.21382010453876
LV-GGM,598,381,ENSMUSG00000022388,Ttll8,F,0.0179595353335918,122,0.204013377926421,1.21179030503284
LV-GGM,599,2153,ENSMUSG00000031627,Irf2,F,0.0179517195596804,122,0.203672787979967,1.20976728282077
LV-GGM,600,1530,ENSMUSG00000034751,Mast4,T,0.017905922844656,123,0.205,1.21765060240964
LV-GGM,601,2626,ENSMUSG00000062901,Klhl24,F,0.0178942860073358,123,0.204658901830283,1.21562456147385
LV-GGM,602,2149,ENSMUSG00000034573,Ptpn13,F,0.0178841532462853,123,0.204318936877076,1.21360525157107
LV-GGM,603,2223,ENSMUSG00000021087,Rtn1,F,0.0178798043448728,123,0.203980099502488,1.21159263921357
LV-GGM,604,2043,ENSMUSG00000023845,Lnpep,F,0.0178308658101631,123,0.20364238410596,1.2095866911354
LV-GGM,605,2092,ENSMUSG00000044894,Uqcrq,F,0.0178218136060381,123,0.203305785123967,1.20758737429055
LV-GGM,606,2839,ENSMUSG00000042541,Sem1,F,0.0177939343815778,123,0.202970297029703,1.20559465585113
LV-GGM,607,2965,ENSMUSG00000020267,Hint1,F,0.0177743413501924,123,0.202635914332784,1.20360850320557
LV-GGM,608,1245,ENSMUSG00000089774,Slc5a3,F,0.0177570569178608,123,0.202302631578947,1.20162888395688
LV-GGM,609,1218,ENSMUSG00000024558,Mapk4,T,0.017756728484807,124,0.203612479474548,1.20940906483075
LV-GGM,610,1892,ENSMUSG00000022816,Fstl1,F,0.0177382247971318,124,0.20327868852459,1.20742642701955
LV-GGM,611,1776,ENSMUSG00000030527,Crtc3,T,0.0177051418919224,125,0.204582651391162,1.21517165223907
LV-GGM,612,1555,ENSMUSG00000044033,Ccdc141,F,0.0177019334863125,125,0.204248366013072,1.21318607764391
LV-GGM,613,2666,ENSMUSG00000049612,Omg,F,0.017691515837782,125,0.203915171288744,1.21120698126929
LV-GGM,614,761,ENSMUSG00000079484,Phyhd1,F,0.0176736202959029,125,0.203583061889251,1.20923433146266
LV-GGM,615,1421,ENSMUSG00000055737,Ghr,T,0.0176661949956586,126,0.204878048780488,1.21692624155157
LV-GGM,616,2054,ENSMUSG00000022354,Ndufb9,F,0.0176503414605649,126,0.204545454545455,1.21495071193866
LV-GGM,617,1650,ENSMUSG00000062006,Rpl34,F,0.0176071663967533,126,0.204213938411669,1.21298158598739
LV-GGM,618,2681,ENSMUSG00000021270,Hsp90aa1,F,0.0176068073951306,126,0.203883495145631,1.211018832612
LV-GGM,619,576,ENSMUSG00000046447,Camk2n1,T,0.0175949266261161,127,0.205169628432956,1.21865815442708
LV-GGM,620,230,ENSMUSG00000004698,Hdac9,T,0.0175907605401399,128,0.206451612903226,1.22627283326856
LV-GGM,621,1117,ENSMUSG00000022265,Ank,F,0.0175770146513381,128,0.206119162640902,1.22429815881885
LV-GGM,622,2671,ENSMUSG00000039533,Mmd2,F,0.0175106869038922,128,0.205787781350482,1.22232983380467
LV-GGM,623,651,ENSMUSG00000045312,Lhfpl2,F,0.0174752688463701,128,0.20545746388443,1.22036782765089
LV-GGM,624,1009,ENSMUSG00000070565,Rasal2,F,0.017384262676315,128,0.205128205128205,1.21841210997837
LV-GGM,625,1971,ENSMUSG00000033392,Clasp2,F,0.0173817108500962,128,0.2048,1.21646265060241
LV-GGM,626,294,ENSMUSG00000057604,Lmcd1,F,0.0173458303677367,128,0.204472843450479,1.21451941953116
LV-GGM,627,1152,ENSMUSG00000085247,4930545L23Rik,F,0.0173253859173265,128,0.20414673046252,1.21258238696412
LV-GGM,628,861,ENSMUSG00000039270,Megf9,F,0.0173234728790929,128,0.203821656050955,1.21065152329061
LV-GGM,629,1292,ENSMUSG00000021913,Ogdhl,F,0.0173020677085829,128,0.203497615262321,1.20872679908824
LV-GGM,630,788,ENSMUSG00000022311,Csmd3,F,0.0172905038945113,128,0.203174603174603,1.20680818512144
LV-GGM,631,1178,ENSMUSG00000040363,Bcor,F,0.0172361924001996,128,0.202852614896989,1.20489565233995
LV-GGM,632,105,ENSMUSG00000057766,Ankrd29,F,0.0171678957677341,128,0.20253164556962,1.20298917187738
LV-GGM,633,2098,ENSMUSG00000027993,Trim2,F,0.0171530345391013,128,0.202211690363349,1.20108871504977
LV-GGM,634,2858,ENSMUSG00000029478,Ncor2,F,0.0171033869265301,128,0.201892744479495,1.19919425335411
LV-GGM,635,2011,ENSMUSG00000001211,Agpat3,F,0.0170871653217225,128,0.201574803149606,1.19730575846694
LV-GGM,636,2722,ENSMUSG00000014956,Ppp1cb,F,0.0170727165741352,128,0.20125786163522,1.19542320224293
LV-GGM,637,170,ENSMUSG00000059921,Unc5c,F,0.0170356022703073,128,0.20094191522763,1.19354655671351
LV-GGM,638,914,ENSMUSG00000025810,Nrp1,T,0.0170284579603576,129,0.202194357366771,1.20098576122672
LV-GGM,639,481,ENSMUSG00000031605,Klhl2,F,0.016998367546131,129,0.2018779342723,1.1991062842921
LV-GGM,640,126,ENSMUSG00000001870,Ltbp1,F,0.0169518768487427,129,0.2015625,1.19723268072289
LV-GGM,641,1551,ENSMUSG00000030657,Xylt1,F,0.0169218919342248,129,0.201248049921997,1.19536492303066
LV-GGM,642,1688,ENSMUSG00000057863,Rpl36,F,0.0168720853511324,129,0.200934579439252,1.19350298389821
LV-GGM,643,2623,ENSMUSG00000045671,Spred2,F,0.0168507302745849,129,0.200622083981337,1.19164683617831
LV-GGM,644,1626,ENSMUSG00000024593,Megf10,F,0.0168199057258546,129,0.200310559006211,1.18979645289231
LV-GGM,645,1949,ENSMUSG00000044533,Rps2,F,0.0168154448865425,129,0.2,1.18795180722892
LV-GGM,646,239,ENSMUSG00000019978,Epb41l2,F,0.0168131451241749,129,0.19969040247678,1.1861128725428
LV-GGM,647,1091,ENSMUSG00000026042,Col5a2,F,0.0168052271086841,129,0.199381761978362,1.1842796223534
LV-GGM,648,2833,ENSMUSG00000054252,Fgfr3,T,0.0168045713353565,130,0.200617283950617,1.19161832515246
LV-GGM,649,1030,ENSMUSG00000022425,Enpp2,F,0.0168000934220154,130,0.200308166409861,1.18978224144653
LV-GGM,650,2167,ENSMUSG00000015968,Cacna1d,T,0.0167480508539803,131,0.201538461538462,1.19708989805375
LV-GGM,651,2322,ENSMUSG00000021577,Sdha,F,0.0167264681049599,131,0.201228878648233,1.19525105028409
LV-GGM,652,352,ENSMUSG00000034235,Usp54,F,0.016694598724424,131,0.200920245398773,1.19341784315175
LV-GGM,653,1187,ENSMUSG00000026463,Atp2b4,T,0.0166945631463687,132,0.202143950995406,1.20068635952693
LV-GGM,654,196,ENSMUSG00000097881,Celrr,F,0.0166658077021753,132,0.201834862385321,1.19885044766221
LV-GGM,655,590,ENSMUSG00000019194,Scn1b,F,0.0166585221414845,132,0.201526717557252,1.19702014163524
LV-GGM,656,443,ENSMUSG00000022947,Cbr3,F,0.0166439592375499,132,0.201219512195122,1.19519541580958
LV-GGM,657,1760,ENSMUSG00000023944,Hsp90ab1,F,0.0166152575890143,132,0.200913242009132,1.19337624470485
LV-GGM,658,1040,ENSMUSG00000001666,Ddt,F,0.0166135990516467,132,0.200607902735562,1.19156260299557
LV-GGM,659,310,ENSMUSG00000041556,Fbxo2,F,0.016571383723424,132,0.200303490136571,1.18975446550999
LV-GGM,660,1288,ENSMUSG00000061298,Agbl4,F,0.0165551250818941,132,0.2,1.18795180722892
LV-GGM,661,1155,ENSMUSG00000021820,Camk2g,T,0.0165401907305751,133,0.201210287443268,1.1951406230064
LV-GGM,662,1977,ENSMUSG00000049076,Acap2,F,0.0165264086036107,133,0.200906344410876,1.19333527463328
LV-GGM,663,2422,ENSMUSG00000001687,Ubl3,F,0.0165107259260563,133,0.200603318250377,1.19153537225826
LV-GGM,664,2914,ENSMUSG00000029918,Mrps33,F,0.016502902073888,133,0.200301204819277,1.18974089127595
LV-GGM,665,1916,ENSMUSG00000038332,Sesn1,F,0.0164581217993727,133,0.2,1.18795180722892
LV-GGM,666,807,ENSMUSG00000033308,Dpyd,F,0.0164306493113452,133,0.1996996996997,1.18616809580665
LV-GGM,667,1092,ENSMUSG00000020059,Sycp3,F,0.0164265536972146,133,0.199400299850075,1.18438973284442
LV-GGM,668,1310,ENSMUSG00000037720,Tmem33,T,0.0163914901675218,134,0.20059880239521,1.19150854916673
LV-GGM,669,2369,ENSMUSG00000037697,Ddhd1,F,0.0163620516686281,134,0.200298953662182,1.18972751994525
LV-GGM,670,161,ENSMUSG00000085069,Gm13111,F,0.0163614565580255,134,0.2,1.18795180722892
LV-GGM,671,537,ENSMUSG00000041708,Mpped1,F,0.0163489811464999,134,0.199701937406855,1.18618138724795
LV-GGM,672,1820,ENSMUSG00000037852,Cpe,F,0.0163449120356245,134,0.199404761904762,1.18441623637407
LV-GGM,673,259,ENSMUSG00000017466,Timp2,F,0.0162834495395954,134,0.199108469539376,1.18265633111943
LV-GGM,674,2030,ENSMUSG00000013275,Slc41a1,F,0.0162674864495577,134,0.198813056379822,1.18090164813557
LV-GGM,675,1298,ENSMUSG00000040010,Slc7a5,F,0.0162367858969928,134,0.198518518518519,1.1791521642124
LV-GGM,676,2174,ENSMUSG00000004980,Hnrnpa2b1,F,0.0162265442244483,134,0.198224852071006,1.17740785627718
LV-GGM,677,924,ENSMUSG00000020023,Tmcc3,F,0.0162106029104231,134,0.197932053175775,1.17566870139346
LV-GGM,678,1413,ENSMUSG00000020704,Asic2,T,0.0162102114348253,135,0.199115044247788,1.18269538330312
LV-GGM,679,1699,ENSMUSG00000028445,Enho,F,0.0162057616469304,135,0.198821796759941,1.18095356388736
LV-GGM,680,1584,ENSMUSG00000047215,Rpl9,F,0.016181133030385,135,0.198529411764706,1.17921686746988
LV-GGM,681,1671,ENSMUSG00000026915,Strbp,F,0.016154213842475,135,0.198237885462555,1.17748527148241
LV-GGM,682,2122,ENSMUSG00000035954,Dock4,T,0.016141013311633,136,0.19941348973607,1.18446807758895
LV-GGM,683,369,ENSMUSG00000000794,Kcnn3,T,0.0161256659949774,137,0.200585651537335,1.19143043623983
LV-GGM,684,756,ENSMUSG00000006522,Itih3,F,0.0161175416192066,137,0.200292397660819,1.18968857887691
LV-GGM,685,829,ENSMUSG00000032374,Plod2,F,0.0161093972910872,137,0.2,1.18795180722892
LV-GGM,686,527,ENSMUSG00000030849,Fgfr2,T,0.0160898322742248,138,0.201166180758017,1.19487863992413
LV-GGM,687,1719,ENSMUSG00000028121,Bcar3,F,0.0160864864794166,138,0.200873362445415,1.1931393697059
LV-GGM,688,863,ENSMUSG00000038608,Dock10,T,0.0160688093292291,139,0.20203488372093,1.20003852619781
LV-GGM,689,2856,ENSMUSG00000047454,Gphn,T,0.0160659377507928,140,0.203193033381713,1.20691765611065
LV-GGM,690,1105,ENSMUSG00000054863,Fam19a5,F,0.0160638890255106,140,0.202898550724638,1.20516850008731
LV-GGM,691,2581,ENSMUSG00000036427,Gpi1,F,0.0160606832610502,140,0.20260492040521,1.2034244067442
LV-GGM,692,2986,ENSMUSG00000046727,Cystm1,F,0.0160520092407588,140,0.202312138728324,1.2016853541333
LV-GGM,693,2480,ENSMUSG00000018567,Gabarap,T,0.0160406732339708,141,0.203463203463203,1.20852240129349
LV-GGM,694,685,ENSMUSG00000026824,Kcnj3,F,0.0160099763100769,141,0.203170028818444,1.20678101454811
LV-GGM,695,1678,ENSMUSG00000064360,mt-Nd3,F,0.0160074935691707,141,0.202877697841727,1.20504463898761
LV-GGM,696,83,ENSMUSG00000060424,Pantr1,F,0.015974445840221,141,0.202586206896552,1.20331325301205
LV-GGM,697,858,ENSMUSG00000031209,Heph,F,0.0159651240251733,141,0.202295552367288,1.20158683514546
LV-GGM,698,1767,ENSMUSG00000036885,Arhgef26,F,0.0159605778432096,141,0.202005730659026,1.19986536403494
LV-GGM,699,1804,ENSMUSG00000040407,Akap9,T,0.0159446582723181,142,0.203147353361946,1.20664632780047
LV-GGM,700,1531,ENSMUSG00000060126,Tpt1,F,0.0159350578734964,142,0.202857142857143,1.20492254733219
LV-GGM,701,2087,ENSMUSG00000060261,Gtf2i,F,0.0159263417964561,142,0.202567760342368,1.20320368492515
LV-GGM,702,1983,ENSMUSG00000069729,Arid1b,F,0.0159103557399192,142,0.202279202279202,1.20148971956201
LV-GGM,703,2136,ENSMUSG00000094483,Purb,F,0.0159088062749228,142,0.20199146514936,1.19978063034499
LV-GGM,704,351,ENSMUSG00000024620,Pdgfrb,F,0.0159039771501479,142,0.201704545454545,1.19807639649507
LV-GGM,705,1491,ENSMUSG00000007892,Rplp1,F,0.0159019203609864,142,0.201418439716312,1.19637699735111
LV-GGM,706,1672,ENSMUSG00000017404,Rpl19,F,0.0158978838978487,142,0.201133144475921,1.19468241236902
LV-GGM,707,764,ENSMUSG00000061576,Dpp6,F,0.0158949759596668,142,0.200848656294201,1.19299262112098
LV-GGM,708,2100,ENSMUSG00000037152,Ndufc1,F,0.0158840344110164,142,0.200564971751412,1.19130760329453
LV-GGM,709,386,ENSMUSG00000024227,Pdzph1,F,0.0158827036593274,142,0.200282087447109,1.18962733869186
LV-GGM,710,644,ENSMUSG00000038893,Fam117a,F,0.0158480450382433,142,0.2,1.18795180722892
LV-GGM,711,2345,ENSMUSG00000021838,Samd4,F,0.0158444853512276,142,0.19971870604782,1.18628098893464
LV-GGM,712,1066,ENSMUSG00000097587,4930578M01Rik,F,0.0158358339837541,142,0.199438202247191,1.18461486395018
LV-GGM,713,2563,ENSMUSG00000030704,Rab6a,T,0.0158337623038328,143,0.200561009817672,1.1912840703628
LV-GGM,714,1619,ENSMUSG00000014313,Cox6c,F,0.0158269264153602,143,0.200280112044818,1.18961560527826
LV-GGM,715,1472,ENSMUSG00000039001,Rps21,F,0.0158043766187555,143,0.2,1.18795180722892
LV-GGM,716,1749,ENSMUSG00000000085,Scmh1,T,0.0158032342696942,144,0.201117318435754,1.19458840950394
LV-GGM,717,889,ENSMUSG00000028645,Slc2a1,F,0.0157955681743905,144,0.200836820083682,1.19292231688259
LV-GGM,718,1106,ENSMUSG00000016319,Slc25a5,F,0.0157805292019947,144,0.200557103064067,1.19126086518777
LV-GGM,719,2510,ENSMUSG00000005873,Reep5,T,0.0157801142857233,145,0.201668984700974,1.19786517418771
LV-GGM,720,2290,ENSMUSG00000036751,Cox6b1,F,0.0157695484975575,145,0.201388888888889,1.19620147255689
LV-GGM,721,1773,ENSMUSG00000022139,Mbnl2,F,0.0157479924313073,145,0.201109570041609,1.1945423859098
LV-GGM,722,1996,ENSMUSG00000022629,Kif21a,F,0.0157442114036698,145,0.200831024930748,1.19288789507059
LV-GGM,723,2996,ENSMUSG00000048756,Foxo3,T,0.0157386220496307,146,0.201936376210235,1.19945341532104
LV-GGM,724,1745,ENSMUSG00000057230,Aak1,F,0.0157306654165128,146,0.201657458563536,1.19779671170871
LV-GGM,725,2109,ENSMUSG00000028648,Ndufs5,F,0.0157292114303048,146,0.201379310344828,1.19614457831325
LV-GGM,726,2061,ENSMUSG00000026421,Csrp1,F,0.0156929750962765,146,0.201101928374656,1.19449699624946
LV-GGM,727,574,ENSMUSG00000035640,Cbarp,F,0.0156904130731559,146,0.200825309491059,1.19285394673605
LV-GGM,728,871,ENSMUSG00000041592,Sdk2,F,0.0156876975206644,146,0.200549450549451,1.19121541109493
LV-GGM,729,2053,ENSMUSG00000033629,Hacd3,F,0.0156634286584958,146,0.200274348422497,1.18958137075049
LV-GGM,730,2882,ENSMUSG00000045294,Insig1,F,0.015625874462734,146,0.2,1.18795180722892
LV-GGM,731,1399,ENSMUSG00000049036,Tmem121,T,0.0156240286386755,147,0.20109439124487,1.19445222751471
LV-GGM,732,1840,ENSMUSG00000024121,Atp6v0c,T,0.0156134007621845,148,0.202185792349727,1.20093488708934
LV-GGM,733,918,ENSMUSG00000024074,Crim1,F,0.0156118940980167,148,0.201909959072306,1.19929650388731
LV-GGM,734,2409,ENSMUSG00000073616,Cops9,F,0.0155817494520892,148,0.201634877384196,1.19766258494468
LV-GGM,735,122,ENSMUSG00000032482,Cspg5,F,0.0155656260129278,148,0.201360544217687,1.19603311204
LV-GGM,736,485,ENSMUSG00000047617,Paxx,F,0.0155544262286384,148,0.201086956521739,1.19440806705081
LV-GGM,737,2396,ENSMUSG00000019943,Atp2b1,T,0.0155456330246834,149,0.202170963364993,1.20084680649327
LV-GGM,738,2811,ENSMUSG00000024991,Eif3a,F,0.0155213036551085,149,0.20189701897019,1.19921964279884
LV-GGM,739,2663,ENSMUSG00000037287,Tbcel,F,0.0155050699451889,149,0.201623815967524,1.19759688279505
LV-GGM,740,2269,ENSMUSG00000027522,Stx16,F,0.0154948588145424,149,0.201351351351351,1.19597850862911
LV-GGM,741,295,ENSMUSG00000030621,Me3,F,0.015487398482592,149,0.201079622132254,1.19436450254459
LV-GGM,742,1492,ENSMUSG00000057322,Rpl38,F,0.0154859710670892,149,0.200808625336927,1.19275484688078
LV-GGM,743,1716,ENSMUSG00000098274,Rpl24,F,0.0154759341457959,149,0.200538358008075,1.19114952407206
LV-GGM,744,257,ENSMUSG00000047238,Mageh1,F,0.0154521990263369,149,0.200268817204301,1.18954851664723
LV-GGM,745,2802,ENSMUSG00000011752,Pgam1,F,0.015415199588183,149,0.2,1.18795180722892
LV-GGM,746,1075,ENSMUSG00000029765,Plxna4,F,0.0154068062404856,149,0.199731903485255,1.1863593785329
LV-GGM,747,2408,ENSMUSG00000075701,Selenos,F,0.0153835069075206,149,0.19946452476573,1.18477121336753
LV-GGM,748,1183,ENSMUSG00000034401,Spata6,F,0.0153675570162515,149,0.199197860962567,1.18318729463308
LV-GGM,749,1616,ENSMUSG00000046364,Rpl27a,F,0.0153592610337752,149,0.198931909212283,1.18160760532115
LV-GGM,750,2256,ENSMUSG00000059070,Rpl18,F,0.0153590371515837,149,0.198666666666667,1.18003212851406
LV-GGM,751,1640,ENSMUSG00000025508,Rplp2,F,0.0153437871976955,149,0.198402130492676,1.17846084738421
LV-GGM,752,2017,ENSMUSG00000018102,Hist1h2bc,T,0.0153424595901059,150,0.199468085106383,1.18479236093309
LV-GGM,753,2124,ENSMUSG00000026466,Tor1aip1,F,0.0153251355009277,150,0.199203187250996,1.1832189315029
LV-GGM,754,760,ENSMUSG00000059146,Ntrk3,T,0.0153163379243806,151,0.20026525198939,1.18952734012975
LV-GGM,755,2573,ENSMUSG00000032328,Tmem30a,T,0.0152732269656362,152,0.201324503311258,1.19581903774037
LV-GGM,756,2268,ENSMUSG00000039607,Rbms3,F,0.0152586204258018,152,0.201058201058201,1.19423726652642
LV-GGM,757,394,ENSMUSG00000026227,2810459M11Rik,F,0.0152558288086502,152,0.200792602377807,1.19265967436457
LV-GGM,758,1160,ENSMUSG00000036019,Tmtc2,F,0.0152506606314863,152,0.200527704485488,1.19108624471501
LV-GGM,759,2718,ENSMUSG00000029455,Aldh2,F,0.015245249354666,152,0.200263504611331,1.18951696112513
LV-GGM,760,492,ENSMUSG00000028698,Pik3r3,F,0.0152374642937717,152,0.2,1.18795180722892
LV-GGM,761,404,ENSMUSG00000031214,Ophn1,F,0.0152348481433408,152,0.199737187910644,1.18639076674635
LV-GGM,762,1954,ENSMUSG00000037736,Limch1,F,0.0152059944166261,152,0.199475065616798,1.18483382348291
LV-GGM,763,66,ENSMUSG00000015484,Fam163a,F,0.0152040873869619,152,0.199213630406291,1.18328096132893
LV-GGM,764,2849,ENSMUSG00000020589,Fam49a,F,0.0151886547873185,152,0.198952879581152,1.18173216425913
LV-GGM,765,545,ENSMUSG00000026764,Kif5c,F,0.0151801343946497,152,0.198692810457516,1.18018741633199
LV-GGM,766,2089,ENSMUSG00000017291,Taok1,F,0.0151705760675969,152,0.198433420365535,1.17864670168926
LV-GGM,767,245,ENSMUSG00000021273,Fdft1,F,0.0151629799753329,152,0.198174706649283,1.17711000455538
LV-GGM,768,286,ENSMUSG00000004032,Gstm5,F,0.015160491294802,152,0.197916666666667,1.17557730923695
LV-GGM,769,1401,ENSMUSG00000073418,C4b,F,0.015150976013554,152,0.197659297789337,1.17404860012221
LV-GGM,770,942,ENSMUSG00000034656,Cacna1a,T,0.0151255347056959,153,0.198701298701299,1.1802378344547
LV-GGM,771,1912,ENSMUSG00000025059,Gk,F,0.0151172802416694,153,0.198443579766537,1.17870704608317
LV-GGM,772,1523,ENSMUSG00000021792,Fam213a,F,0.0150673834521062,153,0.198186528497409,1.17718022348461
LV-GGM,773,431,ENSMUSG00000048058,Ldlrad3,F,0.0150212346669333,153,0.197930142302717,1.17565735126794
LV-GGM,774,1041,ENSMUSG00000022791,Tnk2,F,0.01500857954987,153,0.197674418604651,1.1741384141216
LV-GGM,775,2771,ENSMUSG00000035901,Dennd5a,F,0.0150077360193405,153,0.19741935483871,1.17262339681306
LV-GGM,776,962,ENSMUSG00000087259,2610035D17Rik,F,0.015001194784386,153,0.197164948453608,1.1711122841883
LV-GGM,777,210,ENSMUSG00000028020,Glrb,F,0.0149965268315698,153,0.196911196911197,1.16960506117133
LV-GGM,778,1606,ENSMUSG00000003949,Hlf,F,0.0149914473213944,153,0.196658097686375,1.16810171276365
LV-GGM,779,476,ENSMUSG00000040138,Ndp,F,0.0149707868960886,153,0.196405648267009,1.1666022240438
LV-GGM,780,2605,ENSMUSG00000021552,Gkap1,F,0.0149604105077452,153,0.196153846153846,1.16510658016682
LV-GGM,781,2291,ENSMUSG00000042682,Selenok,F,0.0149397127387943,153,0.195902688860435,1.16361476636379
LV-GGM,782,1805,ENSMUSG00000055373,Fut9,F,0.0149344617917433,153,0.195652173913043,1.16212676794133
LV-GGM,783,2724,ENSMUSG00000000787,Ddx3x,F,0.014930966998189,153,0.195402298850575,1.16064257028112
LV-GGM,784,1967,ENSMUSG00000059811,Atl2,F,0.0149233920598158,153,0.19515306122449,1.15916215883944
LV-GGM,785,2275,ENSMUSG00000040415,Dtx3,F,0.0149072116026271,153,0.194904458598726,1.15768551914665
LV-GGM,786,2570,ENSMUSG00000079659,Tmem243,T,0.0149036836574835,154,0.195928753180662,1.16376958214538
LV-GGM,787,1524,ENSMUSG00000024238,Zeb1,T,0.0148925088022194,155,0.196950444726811,1.16983818373877
LV-GGM,788,1004,ENSMUSG00000026737,Pip4k2a,F,0.01488045596425,155,0.196700507614213,1.16835361751575
LV-GGM,789,1175,ENSMUSG00000050989,Selenon,F,0.0148792385013245,155,0.196451204055767,1.16687281445172
LV-GGM,790,1154,ENSMUSG00000062210,Tnfaip8,F,0.0148586245713662,155,0.19620253164557,1.16539576025621
LV-GGM,791,1728,ENSMUSG00000057841,Rpl32,F,0.0148584299615545,155,0.195954487989886,1.16392244071101
LV-GGM,792,2016,ENSMUSG00000064368,mt-Nd6,F,0.0148409670908447,155,0.195707070707071,1.16245284166971
LV-GGM,793,2334,ENSMUSG00000039428,Tmem135,T,0.0148396541265006,156,0.19672131147541,1.16847718743828
LV-GGM,794,276,ENSMUSG00000044167,Foxo1,T,0.0148265767145771,157,0.197732997481108,1.17448635853237
LV-GGM,795,2649,ENSMUSG00000039278,Pcsk1n,F,0.0148255381181739,157,0.19748427672956,1.17300901720088
LV-GGM,796,2619,ENSMUSG00000022400,Rbx1,F,0.0148194459394833,157,0.197236180904523,1.17153538778228
LV-GGM,797,1932,ENSMUSG00000019843,Fyn,F,0.0148137439666882,157,0.196988707653701,1.17006545630452
LV-GGM,798,916,ENSMUSG00000024544,Ldlrad4,F,0.0148000533274785,157,0.196741854636591,1.16859920886554
LV-GGM,799,1645,ENSMUSG00000016252,Atp5e,F,0.0147993836866102,157,0.196495619524406,1.16713663163291
LV-GGM,800,1411,ENSMUSG00000047216,Cdh19,T,0.0147630122748685,158,0.1975,1.17310240963855
LV-GGM,801,2702,ENSMUSG00000039221,Rpl22l1,F,0.0147548217261106,158,0.197253433208489,1.17163786231067
LV-GGM,802,915,ENSMUSG00000021133,Susd6,F,0.0147509016756182,158,0.197007481296758,1.1701769672205
LV-GGM,803,2886,ENSMUSG00000028603,Scp2,F,0.0147483795332262,158,0.196762141967621,1.16871971072334
LV-GGM,804,731,ENSMUSG00000097039,Pvt1,F,0.014733026005121,158,0.196517412935323,1.16726607924234
LV-GGM,805,1538,ENSMUSG00000090733,Rps27,F,0.0147269785204493,158,0.196273291925466,1.16581605926813
LV-GGM,806,2625,ENSMUSG00000038967,Pdk2,F,0.0147045103610699,158,0.196029776674938,1.16436963735837
LV-GGM,807,2210,ENSMUSG00000067336,Bmpr2,F,0.0146669955286268,158,0.195786864931846,1.16292680013735
LV-GGM,808,2371,ENSMUSG00000031822,Gse1,F,0.0146564466117121,158,0.195544554455446,1.1614875342956
LV-GGM,809,1016,ENSMUSG00000071679,Rtl4,F,0.0146480992168954,158,0.195302843016069,1.16005182658942
LV-GGM,810,1793,ENSMUSG00000034243,Golgb1,F,0.0146432742411415,158,0.195061728395062,1.15861966384055
LV-GGM,811,1829,ENSMUSG00000020671,Rab10,T,0.0146322895280428,159,0.196054254007398,1.16451502681503
LV-GGM,812,560,ENSMUSG00000049791,Fzd4,F,0.0146143422431039,159,0.195812807881773,1.16308089500861
LV-GGM,813,2957,ENSMUSG00000024176,Sox8,T,0.0146141231981152,160,0.19680196801968,1.16895626787593
LV-GGM,814,2277,ENSMUSG00000087143,A830082K12Rik,F,0.0146064862666783,160,0.196560196560197,1.16752020366478
LV-GGM,815,1836,ENSMUSG00000090862,Rps13,F,0.0145879934747507,160,0.196319018404908,1.16608766353759
LV-GGM,816,2815,ENSMUSG00000033720,Sfxn5,F,0.0145874316442976,160,0.196078431372549,1.16465863453815
LV-GGM,817,822,ENSMUSG00000033717,Adra2a,F,0.014568519354726,160,0.195838433292534,1.16323310377372
LV-GGM,818,1215,ENSMUSG00000020821,Kif1c,F,0.0145527984751817,160,0.19559902200489,1.16181105841459
LV-GGM,819,1907,ENSMUSG00000005683,Cs,F,0.0145383937224328,160,0.195360195360195,1.16039248569369
LV-GGM,820,680,ENSMUSG00000042213,Zfand4,F,0.0145201655399468,160,0.195121951219512,1.15897737290626
LV-GGM,821,2907,ENSMUSG00000035674,Ndufa3,F,0.0145041600956461,160,0.194884287454324,1.15756570740942
LV-GGM,822,1481,ENSMUSG00000020354,Sgcd,F,0.0144973287993216,160,0.194647201946472,1.15615747662182
LV-GGM,823,1663,ENSMUSG00000021413,Prpf4b,F,0.0144709258789545,160,0.194410692588092,1.15475266802325
LV-GGM,824,2478,ENSMUSG00000027634,Ndrg3,F,0.014466066820426,160,0.194174757281553,1.15335126915429
LV-GGM,825,1219,ENSMUSG00000039298,Cdk5rap2,F,0.0144573679502187,160,0.193939393939394,1.15195326761592
LV-GGM,826,2077,ENSMUSG00000041444,Arhgap32,F,0.0144457850647722,160,0.193704600484261,1.15055865106917
LV-GGM,827,1405,ENSMUSG00000025551,Fgf14,T,0.0144077406476174,161,0.194679564691657,1.15634970352996
LV-GGM,828,101,ENSMUSG00000050199,Lgr4,F,0.0144056894883817,161,0.194444444444444,1.154953145917
LV-GGM,829,2647,ENSMUSG00000051515,Fam181b,F,0.0144002329365841,161,0.194209891435464,1.15355995756246
LV-GGM,830,733,ENSMUSG00000038143,Stox2,F,0.014386168424688,161,0.193975903614458,1.15217012628829
LV-GGM,831,1713,ENSMUSG00000041453,Rpl21,F,0.0143769079527855,161,0.193742478941035,1.15078363997506
LV-GGM,832,371,ENSMUSG00000052957,Gas1,F,0.0143750962684445,161,0.193509615384615,1.14940048656163
LV-GGM,833,777,ENSMUSG00000086020,Gm12239,F,0.0143483125393247,161,0.19327731092437,1.14802065404475
LV-GGM,834,2146,ENSMUSG00000030660,Pik3c2a,F,0.0143454835852464,161,0.193045563549161,1.14664413047875
LV-GGM,835,2812,ENSMUSG00000035133,Arhgap5,F,0.0143374671027996,161,0.192814371257485,1.14527090397518
LV-GGM,836,738,ENSMUSG00000048960,Prex2,F,0.0142695615111203,161,0.192583732057416,1.14390096270248
LV-GGM,837,1162,ENSMUSG00000036641,Ccdc148,F,0.0142639441816021,161,0.192353643966547,1.14253429488564
LV-GGM,838,899,ENSMUSG00000019359,Gdpd2,F,0.0142353142743917,161,0.192124105011933,1.14117088880582
LV-GGM,839,1563,ENSMUSG00000071415,Rpl23,F,0.0142297410234059,161,0.191895113230036,1.13981073280009
LV-GGM,840,1249,ENSMUSG00000025425,St8sia5,F,0.0142161869311819,161,0.191666666666667,1.13845381526104
LV-GGM,841,2624,ENSMUSG00000028820,Sfpq,F,0.0142088344893348,161,0.191438763376932,1.13710012463648
LV-GGM,842,1740,ENSMUSG00000008683,Rps15a,F,0.0142003369269555,161,0.191211401425178,1.13574964942907
LV-GGM,843,1441,ENSMUSG00000031762,Mt2,F,0.0141910608141466,161,0.190984578884935,1.13440237819606
LV-GGM,844,556,ENSMUSG00000061533,Cep128,T,0.0141585761628799,162,0.191943127962085,1.14009592873865
LV-GGM,845,2792,ENSMUSG00000024899,Papss2,F,0.0141583215453258,162,0.191715976331361,1.13874670278748
LV-GGM,846,366,ENSMUSG00000005583,Mef2c,T,0.014155741697333,163,0.192671394799054,1.14442165826426
LV-GGM,847,2443,ENSMUSG00000030663,1110004F10Rik,F,0.0141470284626837,163,0.192443919716647,1.14307051108804
LV-GGM,848,2636,ENSMUSG00000113902,AC121965.1,F,0.0141319681772528,163,0.192216981132075,1.14172255057968
LV-GGM,849,124,ENSMUSG00000028028,Alpk1,F,0.0141157918992588,163,0.191990577149588,1.14037776547888
LV-GGM,850,1221,ENSMUSG00000039835,Nhsl1,F,0.0141121219214786,163,0.191764705882353,1.13903614457831
LV-GGM,851,1025,ENSMUSG00000096014,Sox1,T,0.0141037516329386,164,0.192714453584019,1.14467741707134
LV-GGM,852,2796,ENSMUSG00000025016,Tm9sf3,F,0.0141023840526089,164,0.192488262910798,1.14333389897619
LV-GGM,853,1816,ENSMUSG00000095041,AC149090.1,F,0.0140842114547472,164,0.192262602579132,1.14199353098208
LV-GGM,854,1540,ENSMUSG00000046330,Rpl37a,F,0.0140767272735658,164,0.192037470725995,1.14065630202308
LV-GGM,855,1193,ENSMUSG00000023809,Rps6ka2,F,0.0140738360176711,164,0.191812865497076,1.13932220108504
LV-GGM,856,2265,ENSMUSG00000042109,Csdc2,F,0.0140256285716967,164,0.191588785046729,1.13799121720527
LV-GGM,857,1314,ENSMUSG00000025854,Fam20c,F,0.0140226180696259,164,0.191365227537923,1.13666333947224
LV-GGM,858,318,ENSMUSG00000043687,1190005I06Rik,F,0.0140214931155639,164,0.191142191142191,1.1353385570253
LV-GGM,859,1978,ENSMUSG00000024758,Rtn3,F,0.0140041251819755,164,0.190919674039581,1.13401685905438
LV-GGM,860,2114,ENSMUSG00000063316,Rpl27,F,0.0139975075323971,164,0.190697674418605,1.13269823479966
LV-GGM,861,894,ENSMUSG00000050666,Vstm4,F,0.0139930864957868,164,0.19047619047619,1.13138267355135
LV-GGM,862,1693,ENSMUSG00000030432,Rpl28,F,0.0139698288062897,164,0.190255220417633,1.13007016464932
LV-GGM,863,2304,ENSMUSG00000000346,Dazap2,F,0.0139694911163731,164,0.190034762456547,1.12876069748286
LV-GGM,864,811,ENSMUSG00000059182,Skap2,F,0.0139589269914389,164,0.189814814814815,1.12745426149041
LV-GGM,865,1043,ENSMUSG00000030522,Mtmr10,F,0.0139565946513879,164,0.189595375722543,1.1261508461592
LV-GGM,866,2545,ENSMUSG00000038679,Trps1,T,0.0139533890904304,165,0.190531177829099,1.13170928517766
LV-GGM,867,2008,ENSMUSG00000014294,Ndufa2,F,0.0139348022925015,165,0.190311418685121,1.13040396881644
LV-GGM,868,1624,ENSMUSG00000052146,Rps10,F,0.0139341844384954,165,0.190092165898618,1.12910166009661
LV-GGM,869,2934,ENSMUSG00000032383,Ppib,F,0.0138486810339772,165,0.189873417721519,1.12780234863505
LV-GGM,870,2758,ENSMUSG00000078202,Nrarp,T,0.0138433310513256,166,0.190804597701149,1.13333333333333
LV-GGM,871,457,ENSMUSG00000021508,Cxcl14,F,0.0138176370935643,166,0.190585533869116,1.13203214695752
LV-GGM,872,109,ENSMUSG00000036478,Btg1,F,0.0138078859107118,166,0.190366972477064,1.13073394495413
LV-GGM,873,1762,ENSMUSG00000030744,Rps3,F,0.0138067305894274,166,0.190148911798396,1.12943871706758
LV-GGM,874,112,ENSMUSG00000000184,Ccnd2,F,0.0138029127568464,166,0.189931350114416,1.12814645308924
LV-GGM,875,326,ENSMUSG00000022332,Khdrbs3,F,0.0137877326265731,166,0.189714285714286,1.12685714285714
LV-GGM,876,1835,ENSMUSG00000030122,Ptms,F,0.0137831257182032,166,0.189497716894977,1.12557077625571
LV-GGM,877,2115,ENSMUSG00000029313,Aff1,F,0.0137602499376075,166,0.189281641961231,1.12428734321551
LV-GGM,878,2185,ENSMUSG00000039716,Dock3,T,0.0137570290816935,167,0.190205011389522,1.12977193512089
LV-GGM,879,384,ENSMUSG00000001700,Gramd3,F,0.013751528482215,167,0.189988623435722,1.128486642817
LV-GGM,880,217,ENSMUSG00000022285,Ywhaz,F,0.0137049017069118,167,0.189772727272727,1.12720427163198
LV-GGM,881,75,ENSMUSG00000048424,Ranbp3l,F,0.0136934827313759,167,0.18955732122588,1.12592481161878
LV-GGM,882,1560,ENSMUSG00000072294,Klf12,T,0.0136871415307742,168,0.19047619047619,1.13138267355135
LV-GGM,883,2900,ENSMUSG00000020827,Mink1,F,0.0136443141120878,168,0.190260475651189,1.13010137947032
LV-GGM,884,2327,ENSMUSG00000003316,Glg1,F,0.0136365547423343,168,0.190045248868778,1.12882298424467
LV-GGM,885,2817,ENSMUSG00000018076,Med13l,F,0.0136189474441308,168,0.189830508474576,1.12754747804778
LV-GGM,886,1385,ENSMUSG00000015829,Tnr,F,0.0136094584769285,168,0.18961625282167,1.12627485109739
LV-GGM,887,686,ENSMUSG00000025584,Pde8a,T,0.0135934744247482,169,0.190529875986471,1.13170155254615
LV-GGM,888,255,ENSMUSG00000038059,Smim3,F,0.0135873863628866,169,0.190315315315315,1.13042711386085
LV-GGM,889,2825,ENSMUSG00000074607,Tox2,F,0.0135740484791845,169,0.190101237345332,1.1291555423042
LV-GGM,890,2205,ENSMUSG00000029571,Tmem106b,T,0.0135690110772279,170,0.191011235955056,1.13456071476919
LV-GGM,891,380,ENSMUSG00000018217,Pmp22,F,0.0135596000328114,170,0.190796857463524,1.13328735818696
LV-GGM,892,2508,ENSMUSG00000060073,Psma3,F,0.0135553349616708,170,0.190582959641256,1.13201685666433
LV-GGM,893,1927,ENSMUSG00000001441,Npepps,F,0.0135121755506211,170,0.19036954087346,1.13074920060983
LV-GGM,894,779,ENSMUSG00000058740,Kcnt1,F,0.0134913292504735,170,0.190156599552573,1.12948438047492
LV-GGM,895,2777,ENSMUSG00000006057,Atp5g1,F,0.0134907760159574,170,0.189944134078212,1.12822238675372
LV-GGM,896,1814,ENSMUSG00000024639,Gnaq,T,0.01348689672685,171,0.190848214285714,1.13359240533563
LV-GGM,897,980,ENSMUSG00000037306,Man1c1,F,0.0134854773184213,171,0.190635451505017,1.13232864568642
LV-GGM,898,1935,ENSMUSG00000034574,Daam1,F,0.0134743880087335,171,0.190423162583519,1.13106770064668
LV-GGM,899,2816,ENSMUSG00000048758,Rpl29,F,0.0134729639162731,171,0.190211345939933,1.12980956082394
LV-GGM,900,2388,ENSMUSG00000027878,Notch2,T,0.0134692738343704,172,0.191111111111111,1.13515394912985
LV-GGM,901,982,ENSMUSG00000029570,Lfng,F,0.0134667361567881,172,0.190899001109878,1.13389406683337
LV-GGM,902,860,ENSMUSG00000026610,Esrrg,F,0.0134634412602826,172,0.190687361419069,1.13263697806748
LV-GGM,903,2621,ENSMUSG00000032575,Manf,F,0.013460796728573,172,0.19047619047619,1.13138267355135
LV-GGM,904,475,ENSMUSG00000037813,D630003M21Rik,F,0.0134574508489624,172,0.190265486725664,1.13013114404521
LV-GGM,905,244,ENSMUSG00000001891,Ugp2,F,0.0134518216389724,172,0.190055248618785,1.12888238035013
LV-GGM,906,2628,ENSMUSG00000020069,Hnrnph3,F,0.0134354745703117,172,0.189845474613687,1.1276363733078
LV-GGM,907,1931,ENSMUSG00000023861,Mpc1,F,0.0134259433120335,172,0.189636163175303,1.12639311380029
LV-GGM,908,1834,ENSMUSG00000033763,Mtss1l,F,0.0133717761272667,172,0.18942731277533,1.12515259274985
LV-GGM,909,300,ENSMUSG00000032649,Colgalt2,F,0.0133433560895303,172,0.189218921892189,1.12391480111867
LV-GGM,910,1685,ENSMUSG00000032562,Gnai2,F,0.0133404161197804,172,0.189010989010989,1.12267972990865
LV-GGM,911,1239,ENSMUSG00000060961,Slc4a4,F,0.013321016073196,172,0.188803512623491,1.12144737016122
LV-GGM,912,1341,ENSMUSG00000039976,Tbc1d16,F,0.0133187683896825,172,0.18859649122807,1.12021771295709
LV-GGM,913,2798,ENSMUSG00000020321,Mdh1,F,0.0133107069116412,172,0.188389923329682,1.11899074941607
LV-GGM,914,2721,ENSMUSG00000020107,Anapc16,F,0.0133039320344609,172,0.188183807439825,1.11776647069679
LV-GGM,915,2791,ENSMUSG00000024096,Ralbp1,F,0.0133029541766392,172,0.187978142076503,1.11654486799658
LV-GGM,916,1350,ENSMUSG00000015806,Qdpr,F,0.0132903487652061,172,0.187772925764192,1.11532593255117
LV-GGM,917,792,ENSMUSG00000030067,Foxp1,T,0.0132890265312176,173,0.1886586695747,1.12058703735334
LV-GGM,918,998,ENSMUSG00000074505,Fat3,T,0.0132811865424175,174,0.189542483660131,1.12583668005355
LV-GGM,919,1838,ENSMUSG00000071757,Zhx2,T,0.013277327316851,175,0.190424374319913,1.13107489806888
LV-GGM,920,1748,ENSMUSG00000030246,Ldhb,F,0.0132724140139788,175,0.190217391304348,1.12984546883185
LV-GGM,921,344,ENSMUSG00000022770,Dlg1,T,0.0132648374568678,176,0.191096634093377,1.13506795913295
LV-GGM,922,1123,ENSMUSG00000019055,Plod1,F,0.0132640799956613,176,0.190889370932755,1.13383686590179
LV-GGM,923,2736,ENSMUSG00000029840,Mtpn,F,0.0132401442450085,176,0.19068255687974,1.13260844026159
LV-GGM,924,1918,ENSMUSG00000030447,Cyfip1,F,0.0132177502403763,176,0.19047619047619,1.13138267355135
LV-GGM,925,621,ENSMUSG00000074466,Gm15417,F,0.0132088333861277,176,0.19027027027027,1.13015955714751
LV-GGM,926,2963,ENSMUSG00000035237,Lcat,F,0.0132067261483612,176,0.190064794816415,1.12893908246376
LV-GGM,927,874,ENSMUSG00000028152,Tspan5,T,0.0131984451111689,177,0.190938511326861,1.13412874800172
LV-GGM,928,1300,ENSMUSG00000001506,Col1a1,F,0.0131754029840687,177,0.19073275862069,1.13290662650602
LV-GGM,929,1839,ENSMUSG00000020716,Nf1,F,0.0131741787548285,177,0.190527448869752,1.13168713605769
LV-GGM,930,692,ENSMUSG00000097379,Gm26873,F,0.0131674183166176,177,0.190322580645161,1.13047026816945
LV-GGM,931,880,ENSMUSG00000040913,Fbxw4,F,0.0131485077895925,177,0.190118152524168,1.12925601439054
LV-GGM,932,2616,ENSMUSG00000031010,Usp9x,F,0.0131195503507079,177,0.189914163090129,1.12804436630643
LV-GGM,933,1519,ENSMUSG00000052430,Bmpr1b,F,0.0131147370121866,177,0.189710610932476,1.12683531553868
LV-GGM,934,1557,ENSMUSG00000039652,Cpeb3,F,0.0130798359008442,177,0.189507494646681,1.12562885374474
LV-GGM,935,432,ENSMUSG00000029408,Abcb9,F,0.01307024480839,177,0.189304812834225,1.12442497261774
LV-GGM,936,660,ENSMUSG00000009418,Nav1,F,0.0130683269803632,177,0.189102564102564,1.12322366388631
LV-GGM,937,1962,ENSMUSG00000027803,Wwtr1,F,0.0130594669401703,177,0.188900747065101,1.1220249193144
LV-GGM,938,182,ENSMUSG00000058013,Sept11,F,0.0130561310057901,177,0.188699360341151,1.12082873070106
LV-GGM,939,1543,ENSMUSG00000049517,Rps23,F,0.0130529250023037,177,0.188498402555911,1.11963508988029
LV-GGM,940,2806,ENSMUSG00000013622,Atraid,F,0.0130474185733345,177,0.188297872340426,1.11844398872084
LV-GGM,941,1942,ENSMUSG00000038717,Atp5l,F,0.013031448225573,177,0.188097768331562,1.11725541912603
LV-GGM,942,2731,ENSMUSG00000068823,Csde1,F,0.0130138941698135,177,0.187898089171975,1.11606937303354
LV-GGM,943,1998,ENSMUSG00000014602,Kif1a,F,0.0130029525570464,177,0.187698833510074,1.11488584241526
LV-GGM,944,1714,ENSMUSG00000037563,Rps16,F,0.0129922099227521,177,0.1875,1.11370481927711
LV-GGM,945,1607,ENSMUSG00000027799,Nbea,T,0.012990736712149,178,0.188359788359788,1.11881175495633
LV-GGM,946,375,ENSMUSG00000104117,Gm20743,F,0.0129737674297042,178,0.18816067653277,1.11762907868259
LV-GGM,947,121,ENSMUSG00000022885,St6gal1,F,0.012971487546866,178,0.187961985216473,1.11644890014122
LV-GGM,948,497,ENSMUSG00000037712,Fermt2,F,0.0129542597213828,178,0.187763713080169,1.11527121142799
LV-GGM,949,1427,ENSMUSG00000065947,mt-Nd4l,F,0.0129487753935302,178,0.187565858798736,1.11409600467201
LV-GGM,950,963,ENSMUSG00000020101,Vsir,F,0.0129454096821373,178,0.187368421052632,1.11292327203551
LV-GGM,951,388,ENSMUSG00000034135,Sik3,F,0.0129400367796003,178,0.187171398527865,1.11175300571371
LV-GGM,952,983,ENSMUSG00000040957,Cables1,F,0.0128927303600364,178,0.186974789915966,1.1105851979346
LV-GGM,953,2979,ENSMUSG00000038456,Dennd2a,F,0.0128534174944861,178,0.186778593913956,1.1094198409588
LV-GGM,954,538,ENSMUSG00000043557,Mdga1,F,0.0128461646843015,178,0.186582809224319,1.10825692707939
LV-GGM,955,1487,ENSMUSG00000041841,Rpl37,F,0.0128398870503168,178,0.186387434554974,1.10709644862171
LV-GGM,956,246,ENSMUSG00000024565,Sall3,F,0.0128077968648755,178,0.186192468619247,1.10593839794324
LV-GGM,957,789,ENSMUSG00000022096,Hr,F,0.0128016073438216,178,0.185997910135841,1.10478276743337
LV-GGM,958,2176,ENSMUSG00000026748,Plxdc2,F,0.0127967619854466,178,0.18580375782881,1.10362954951329
LV-GGM,959,1139,ENSMUSG00000037747,Phyhipl,F,0.0127786962758977,178,0.185610010427529,1.1024787366358
LV-GGM,960,2346,ENSMUSG00000041958,Pigs,F,0.0127764973746151,178,0.185416666666667,1.10133032128514
LV-GGM,961,288,ENSMUSG00000100252,Mir124-2hg,F,0.0127717127008589,178,0.18522372528616,1.10018429597683
LV-GGM,962,995,ENSMUSG00000024658,Gm9750,F,0.0127705492469661,178,0.185031185031185,1.09904065325752
LV-GGM,963,2328,ENSMUSG00000028229,Rmdn1,F,0.0127554946711875,178,0.184839044652129,1.09789938570481
LV-GGM,964,2267,ENSMUSG00000025362,Rps26,F,0.0127305050217238,178,0.184647302904564,1.09676048592711
LV-GGM,965,430,ENSMUSG00000022340,Sybu,F,0.0126945268500761,178,0.184455958549223,1.09562394656346
LV-GGM,966,1018,ENSMUSG00000017639,Rab11fip4,T,0.0126901498430852,179,0.185300207039337,1.10063857916137
LV-GGM,967,353,ENSMUSG00000037196,Pacrg,F,0.012689443301688,179,0.185108583247156,1.09950038001022
LV-GGM,968,1158,ENSMUSG00000078451,Ppil6,F,0.0126787815968883,179,0.184917355371901,1.09836453251021
LV-GGM,969,1603,ENSMUSG00000053907,Mat2a,F,0.0126588380536819,179,0.184726522187822,1.09723102938068
LV-GGM,970,2019,ENSMUSG00000002274,Metrn,F,0.0126526464779882,179,0.184536082474227,1.09609986337101
LV-GGM,971,1826,ENSMUSG00000029817,Tra2a,F,0.0126428600359948,179,0.184346035015448,1.09497102726043
LV-GGM,972,334,ENSMUSG00000056201,Cfl1,T,0.0126173676223933,180,0.185185185185185,1.09995537706381
LV-GGM,973,2248,ENSMUSG00000024294,Mib1,F,0.0126163803848029,180,0.184994861253854,1.09882489877289
LV-GGM,974,2659,ENSMUSG00000032097,Ddx6,F,0.0126019384079343,180,0.184804928131417,1.09769674179263
LV-GGM,975,1039,ENSMUSG00000020272,Stk10,F,0.0125883539332824,180,0.184615384615385,1.09657089898054
LV-GGM,976,1397,ENSMUSG00000002289,Angptl4,F,0.0125868050760295,180,0.184426229508197,1.09544736322339
LV-GGM,977,2741,ENSMUSG00000039089,L3mbtl3,F,0.0125795763620413,180,0.184237461617196,1.09432612743708
LV-GGM,978,2937,ENSMUSG00000020594,Pum2,F,0.0125786978309218,180,0.184049079754601,1.09320718456649
LV-GGM,979,123,ENSMUSG00000029245,Epha5,T,0.0125715784759735,181,0.18488253319714,1.09815769718301
LV-GGM,980,1984,ENSMUSG00000040506,Ambra1,F,0.0125636951594804,181,0.18469387755102,1.09703712810425
LV-GGM,981,2514,ENSMUSG00000028127,Abcd3,F,0.012562621366258,181,0.184505606523955,1.09591884357
LV-GGM,982,708,ENSMUSG00000041548,Hspb8,F,0.0125201394243611,181,0.184317718940937,1.09480283660099
LV-GGM,983,144,ENSMUSG00000099696,2900052N01Rik,F,0.0125113042437574,181,0.18413021363174,1.09368910024636
LV-GGM,984,401,ENSMUSG00000036565,Ttyh3,F,0.0125077111256256,181,0.183943089430894,1.0925776275835
LV-GGM,985,875,ENSMUSG00000023079,Gtf2ird1,F,0.0125047889669098,181,0.183756345177665,1.09146841171794
LV-GGM,986,1072,ENSMUSG00000029095,Ablim2,T,0.0124969653678782,182,0.184584178498986,1.09638554216867
LV-GGM,987,1596,ENSMUSG00000042331,Specc1,F,0.012487047205557,182,0.184397163120567,1.09527471588482
LV-GGM,988,2676,ENSMUSG00000020456,Ogdh,F,0.0124807941065939,182,0.184210526315789,1.09416613823716
LV-GGM,989,1194,ENSMUSG00000042073,Abhd14b,F,0.0124691713960353,182,0.184024266936299,1.09305980240477
LV-GGM,990,1497,ENSMUSG00000036053,Fmnl2,T,0.0124688499293247,183,0.184848484848485,1.09795545819642
LV-GGM,991,787,ENSMUSG00000039706,Ldb2,F,0.0124234806036804,183,0.184661957618567,1.09684753139703
LV-GGM,992,1701,ENSMUSG00000059291,Rpl11,F,0.0123889549670337,183,0.184475806451613,1.09574183832103
LV-GGM,993,1576,ENSMUSG00000049100,Pcdh10,T,0.0123798027326944,184,0.185297079556898,1.10062000266929
LV-GGM,994,523,ENSMUSG00000021614,Vcan,F,0.0123712614753049,184,0.185110663983903,1.09951273908511
LV-GGM,995,929,ENSMUSG00000053861,Gm9925,F,0.0123499905966383,184,0.184924623115578,1.09840770115638
LV-GGM,996,1477,ENSMUSG00000058056,Palld,F,0.0123462921427971,184,0.184738955823293,1.09730488217932
LV-GGM,997,2007,ENSMUSG00000025571,Tnrc6c,F,0.0123335818099335,184,0.184553660982949,1.09620427547703
LV-GGM,998,293,ENSMUSG00000040724,Kcna2,F,0.0123286050720209,184,0.18436873747495,1.0951058743994
LV-GGM,999,2067,ENSMUSG00000022389,Tef,F,0.0123190477104298,184,0.184184184184184,1.09400967232293
LV-GGM,1000,1339,ENSMUSG00000019810,Fuca2,F,0.0123021298428055,184,0.184,1.0929156626506
LV-GGM,1001,159,ENSMUSG00000028132,Tmem56,T,0.0123014065390131,185,0.184815184815185,1.09775766402272
LV-GGM,1002,2373,ENSMUSG00000038916,Soga3,F,0.0122842793227147,185,0.184630738522954,1.09666209749176
LV-GGM,1003,1608,ENSMUSG00000034647,Ankrd12,F,0.0122683949585082,185,0.18444666001994,1.09556871554013
LV-GGM,1004,2178,ENSMUSG00000040759,Cmtm5,F,0.012268211522764,185,0.184262948207171,1.09447751164019
LV-GGM,1005,2728,ENSMUSG00000031788,Kifc3,F,0.0122611738439813,185,0.18407960199005,1.0933884792903
LV-GGM,1006,1435,ENSMUSG00000023826,Park2,F,0.0122611560440702,185,0.18389662027833,1.09230161201466
LV-GGM,1007,2716,ENSMUSG00000002064,Sdf2,F,0.0122595718328946,185,0.183714001986097,1.0912169033632
LV-GGM,1008,338,ENSMUSG00000028634,Hivep3,F,0.0122187328405761,185,0.183531746031746,1.09013434691146
LV-GGM,1009,2956,ENSMUSG00000079477,Rab7,T,0.0122152590611477,186,0.184340931615461,1.09494071429424
LV-GGM,1010,2622,ENSMUSG00000032050,Rdx,F,0.0121809621728879,186,0.184158415841584,1.09385661457712
LV-GGM,1011,1987,ENSMUSG00000029461,Fam168a,F,0.0121604276902854,186,0.183976261127596,1.09277465946874
LV-GGM,1012,2662,ENSMUSG00000042670,Immp1l,F,0.0121523471256263,186,0.183794466403162,1.09169484261155
LV-GGM,1013,925,ENSMUSG00000025350,Rdh5,F,0.0121519937431456,186,0.183613030602172,1.09061715767314
LV-GGM,1014,1243,ENSMUSG00000028082,Sh3d19,F,0.0121510154678165,186,0.183431952662722,1.08954159834605
LV-GGM,1015,2395,ENSMUSG00000026179,Pnkd,F,0.0121209250208337,186,0.183251231527094,1.08846815834768
LV-GGM,1016,1147,ENSMUSG00000002897,Il17ra,F,0.0121048478201369,186,0.183070866141732,1.08739683142017
LV-GGM,1017,1780,ENSMUSG00000031467,Agpat5,F,0.0120972886546631,186,0.182890855457227,1.08632761133028
LV-GGM,1018,1809,ENSMUSG00000020849,Ywhae,F,0.0120642621468862,186,0.182711198428291,1.08526049186925
LV-GGM,1019,907,ENSMUSG00000023067,Cdkn1a,F,0.0120513395691346,186,0.182531894013739,1.08419546685269
LV-GGM,1020,184,ENSMUSG00000024640,Psat1,F,0.0120316753626316,186,0.182352941176471,1.08313253012048
LV-GGM,1021,327,ENSMUSG00000031216,Stard8,F,0.0120303445609775,186,0.182174338883448,1.08207167553662
LV-GGM,1022,1198,ENSMUSG00000001995,Sipa1l2,F,0.0120283328858178,186,0.181996086105675,1.08101289698913
LV-GGM,1023,619,ENSMUSG00000063450,Syne2,T,0.012026133026125,187,0.182795698924731,1.08576240445654
LV-GGM,1024,1791,ENSMUSG00000061436,Hipk2,F,0.0120207044482963,187,0.1826171875,1.08470208960843
LV-GGM,1025,313,ENSMUSG00000021221,Dpf3,F,0.0120171601045888,187,0.182439024390244,1.08364384366735
LV-GGM,1026,780,ENSMUSG00000019888,Mgat4c,F,0.01201005519863,187,0.182261208576998,1.08258766058386
LV-GGM,1027,2151,ENSMUSG00000001847,Rac1,T,0.0120096102278225,188,0.183057448880234,1.08731713611994
LV-GGM,1028,2297,ENSMUSG00000022136,Dnajc3,F,0.0119907495809231,188,0.182879377431907,1.08625943462566
LV-GGM,1029,823,ENSMUSG00000017453,Pipox,F,0.0119907304531282,188,0.182701652089407,1.0852037889166
LV-GGM,1030,2040,ENSMUSG00000013698,Pea15a,T,0.0119644901612454,189,0.183495145631068,1.0899169493508
LV-GGM,1031,2868,ENSMUSG00000017548,Suz12,F,0.0119384415851757,189,0.183317167798254,1.08885980391011
LV-GGM,1032,611,ENSMUSG00000114401,Gm38604,F,0.0119313307152667,189,0.183139534883721,1.0878047072009
LV-GGM,1033,552,ENSMUSG00000063931,Pepd,F,0.0119295095881789,189,0.18296224588577,1.08675165327331
LV-GGM,1034,1050,ENSMUSG00000001773,Folh1,F,0.0119241673039631,189,0.182785299806576,1.08570063620051
LV-GGM,1035,2778,ENSMUSG00000026393,Nek7,F,0.0119115935712833,189,0.182608695652174,1.08465165007858
LV-GGM,1036,2338,ENSMUSG00000027763,Mbnl1,F,0.0119091129712996,189,0.182432432432432,1.08360468902638
LV-GGM,1037,2022,ENSMUSG00000028354,Fmn2,T,0.011893021899389,190,0.183220829315333,1.08828757653565
LV-GGM,1038,990,ENSMUSG00000054263,Lifr,F,0.0118710104709889,190,0.183044315992293,1.08723912993012
LV-GGM,1039,446,ENSMUSG00000063558,Aox1,F,0.0118626863939569,190,0.182868142444658,1.08619270150863
LV-GGM,1040,2224,ENSMUSG00000063524,Eno1,F,0.0118554266681226,190,0.182692307692308,1.08514828544949
LV-GGM,1041,340,ENSMUSG00000029229,Chic2,F,0.0118402970435649,190,0.182516810758886,1.08410587595338
LV-GGM,1042,2762,ENSMUSG00000026426,Arl8a,F,0.0118363994850789,190,0.182341650671785,1.08306546724325
LV-GGM,1043,2118,ENSMUSG00000006191,Cdkal1,F,0.0118310629410103,190,0.182166826462128,1.08202705356421
LV-GGM,1044,2048,ENSMUSG00000022119,Rbm26,F,0.0118299753835017,190,0.181992337164751,1.0809906291834
LV-GGM,1045,851,ENSMUSG00000036943,Rab8b,T,0.0118253656948461,191,0.182775119617225,1.08564016832882
LV-GGM,1046,1751,ENSMUSG00000003279,Dlgap1,T,0.0118217541265429,192,0.183556405353728,1.09028081734203
LV-GGM,1047,882,ENSMUSG00000033849,B3galt2,F,0.0118196178719041,192,0.183381088825215,1.0892394794076
LV-GGM,1048,549,ENSMUSG00000116903,Gm19522,F,0.0118143028764221,192,0.183206106870229,1.08820012875931
LV-GGM,1049,2860,ENSMUSG00000026155,Smap1,F,0.0118083708936317,192,0.183031458531935,1.08716275971378
LV-GGM,1050,2382,ENSMUSG00000034120,Srsf2,F,0.011797238806391,192,0.182857142857143,1.08612736660929
LV-GGM,1051,145,ENSMUSG00000039410,Prdm16,F,0.0117934938718517,192,0.182683158896289,1.08509394380567
LV-GGM,1052,808,ENSMUSG00000032625,Thsd7a,F,0.0117748025437737,192,0.182509505703422,1.08406248568418
LV-GGM,1053,913,ENSMUSG00000000296,Tpd52l1,F,0.0117648745431066,192,0.182336182336182,1.08303298664744
LV-GGM,1054,1533,ENSMUSG00000067288,Rps28,F,0.0117569936134671,192,0.182163187855787,1.08200544111932
LV-GGM,1055,908,ENSMUSG00000056553,Ptprn2,T,0.0117464212319597,193,0.182938388625592,1.08660994689659
LV-GGM,1056,2292,ENSMUSG00000061518,Cox5b,F,0.0117295719850566,193,0.182765151515152,1.08558096020445
LV-GGM,1057,693,ENSMUSG00000086308,G630016G05Rik,F,0.0117206863663704,193,0.182592242194891,1.084553920507
LV-GGM,1058,2000,ENSMUSG00000026185,Igfbp5,F,0.0117162062144672,193,0.18241965973535,1.08352882228346
LV-GGM,1059,1586,ENSMUSG00000030519,Apba2,F,0.0117127423957252,193,0.182247403210576,1.0825056600339
LV-GGM,1060,247,ENSMUSG00000027508,Pag1,F,0.011709760013446,193,0.182075471698113,1.08148442827915
LV-GGM,1061,1721,ENSMUSG00000022261,Sdc2,F,0.0117076180527518,193,0.181903864278982,1.0804651215607
LV-GGM,1062,241,ENSMUSG00000038302,Afg1l,F,0.0116853632370471,193,0.181732580037665,1.07944773444059
LV-GGM,1063,2280,ENSMUSG00000023026,Dip2b,F,0.0116638380642694,193,0.181561618062088,1.07843226150132
LV-GGM,1064,536,ENSMUSG00000028456,Unc13b,T,0.0116366364538524,194,0.182330827067669,1.0830011776429
LV-GGM,1065,2471,ENSMUSG00000022253,Nadk2,F,0.0116337918608997,194,0.182159624413146,1.08198427512868
LV-GGM,1066,325,ENSMUSG00000025025,Mxi1,F,0.0116260312955696,194,0.181988742964353,1.08096928049911
LV-GGM,1067,1270,ENSMUSG00000021048,Mthfd1,F,0.0116203888920481,194,0.181818181818182,1.07995618838992
LV-GGM,1068,2576,ENSMUSG00000063887,Nlgn1,T,0.0116028255349203,195,0.182584269662921,1.0845065655882
LV-GGM,1069,1851,ENSMUSG00000027523,Gnas,T,0.0116001376774631,196,0.183348924228251,1.08904842945214
LV-GGM,1070,2669,ENSMUSG00000059208,Hnrnpm,F,0.0115707833465283,196,0.183177570093458,1.08803062718162
LV-GGM,1071,628,ENSMUSG00000037126,Psd,F,0.0115624695374416,196,0.183006535947712,1.08701472556894
LV-GGM,1072,1877,ENSMUSG00000028552,Eps15,F,0.0115460003641353,196,0.182835820895522,1.08600071929509
LV-GGM,1073,1864,ENSMUSG00000030020,Prickle2,F,0.0115386104175122,196,0.182665424044734,1.08498860306089
LV-GGM,1074,1201,ENSMUSG00000039474,Wfs1,F,0.0115311028438941,196,0.182495344506518,1.08397837158691
LV-GGM,1075,2041,ENSMUSG00000061740,Cyp2d22,F,0.0115297428344715,196,0.182325581395349,1.08297001961334
LV-GGM,1076,1354,ENSMUSG00000001942,Siae,F,0.0115220506669221,196,0.182156133828996,1.08196354189994
LV-GGM,1077,193,ENSMUSG00000028266,Lmo4,F,0.01151733524366,196,0.181987000928505,1.08095893322594
LV-GGM,1078,2360,ENSMUSG00000048249,Crebrf,T,0.0115010335265283,197,0.182745825602968,1.08546616894293
LV-GGM,1079,664,ENSMUSG00000022462,Slc38a2,F,0.0114974079579223,197,0.182576459684893,1.08446017620063
LV-GGM,1080,1068,ENSMUSG00000053062,Jam2,F,0.0114939153036279,197,0.182407407407407,1.08345604640785
LV-GGM,1081,895,ENSMUSG00000031683,Lsm6,F,0.0114800575082919,197,0.182238667900092,1.08245377439453
LV-GGM,1082,347,ENSMUSG00000029669,Tspan12,T,0.0114610216974053,198,0.182994454713494,1.08694296594882
LV-GGM,1083,917,ENSMUSG00000105265,Sox2ot,T,0.0114523873005626,199,0.183748845798707,1.09142386721401
LV-GGM,1084,575,ENSMUSG00000089940,Gm4117,F,0.0114461540395436,199,0.183579335793358,1.09041701862802
LV-GGM,1085,81,ENSMUSG00000053310,Nrgn,T,0.0114440323105832,200,0.184331797235023,1.0948864582755
LV-GGM,1086,460,ENSMUSG00000059003,Grin2a,T,0.0114423773594615,201,0.185082872928177,1.09934766691074
LV-GGM,1087,971,ENSMUSG00000021466,Ptch1,F,0.0114350703836537,201,0.18491260349586,1.09833630751155
LV-GGM,1088,2125,ENSMUSG00000039218,Srrm2,F,0.0114191818252474,201,0.184742647058824,1.09732680722892
LV-GGM,1089,2550,ENSMUSG00000040022,Rab11fip2,T,0.0114137392167168,202,0.185491276400367,1.10177348512507
LV-GGM,1090,2808,ENSMUSG00000020612,Prkar1a,F,0.0114134013007195,202,0.185321100917431,1.10076268376257
LV-GGM,1091,2104,ENSMUSG00000034390,Cmip,F,0.0113888181807526,202,0.185151237396884,1.09975373538149
LV-GGM,1092,262,ENSMUSG00000056124,B4galt6,F,0.0113866374325526,202,0.184981684981685,1.09874663489121
LV-GGM,1093,2407,ENSMUSG00000031684,Slc10a7,F,0.0113710387380252,202,0.184812442817932,1.09774137721977
LV-GGM,1094,544,ENSMUSG00000015745,Plekho1,F,0.0113676095656229,202,0.184643510054845,1.09673795731372
LV-GGM,1095,1400,ENSMUSG00000049555,Tmie,F,0.0113180771772254,202,0.184474885844749,1.09573637013809
LV-GGM,1096,1602,ENSMUSG00000020817,Rabep1,T,0.011296245067146,203,0.18521897810219,1.10015609884795
LV-GGM,1097,2609,ENSMUSG00000031453,Rasa3,F,0.0112723316767945,203,0.185050136736554,1.09915322182074
LV-GGM,1098,2316,ENSMUSG00000070733,Fryl,F,0.0112657547274964,203,0.18488160291439,1.09815217152764
LV-GGM,1099,643,ENSMUSG00000063659,Zbtb18,F,0.0112427162981812,203,0.184713375796178,1.09715294298212
LV-GGM,1100,1008,ENSMUSG00000021338,Carmil1,T,0.0112309195244148,204,0.185454545454545,1.10155531215772
LV-GGM,1101,2560,ENSMUSG00000020271,Fbxw11,F,0.0112225382164784,204,0.185286103542234,1.10055480778701
LV-GGM,1102,2889,ENSMUSG00000079834,Tmlhe,F,0.0112111766280657,204,0.185117967332123,1.0995561192137
LV-GGM,1103,2895,ENSMUSG00000091537,Tma7,F,0.0112051248020787,204,0.184950135992747,1.09855924149909
LV-GGM,1104,183,ENSMUSG00000022040,Ephx2,T,0.0111989327066855,205,0.185688405797101,1.10294438624061
LV-GGM,1105,153,ENSMUSG00000020734,Grin2c,T,0.0111897400985989,206,0.186425339366516,1.10732159406858
LV-GGM,1106,349,ENSMUSG00000022537,Tmem44,T,0.0111711021303889,207,0.187160940325497,1.11169088651169
LV-GGM,1107,1113,ENSMUSG00000099964,Gm29514,F,0.0111645274756707,207,0.186991869918699,1.11068664903517
LV-GGM,1108,1831,ENSMUSG00000032479,Map4,T,0.0111610124093228,208,0.187725631768953,1.11504501761559
LV-GGM,1109,2166,ENSMUSG00000032897,Nfyc,F,0.0111565231445198,208,0.187556357078449,1.11403956674308
LV-GGM,1110,896,ENSMUSG00000033420,Antxr1,F,0.0111415079963212,208,0.187387387387387,1.11303592749376
LV-GGM,1111,441,ENSMUSG00000017734,Dbndd2,F,0.0111202207278142,208,0.187218721872187,1.11203409497576
LV-GGM,1112,1822,ENSMUSG00000057716,Tmem178b,T,0.0111106620103874,209,0.18794964028777,1.1163755742394
LV-GGM,1113,1253,ENSMUSG00000026566,Mpzl1,F,0.0111013822425639,209,0.187780772686433,1.11537254137845
LV-GGM,1114,2165,ENSMUSG00000064302,Clasp1,F,0.0111000603749798,209,0.187612208258528,1.11437130929463
LV-GGM,1115,1190,ENSMUSG00000085715,Tsix,F,0.0110869526858314,209,0.187443946188341,1.1133718731428
LV-GGM,1116,1895,ENSMUSG00000021796,Bmpr1a,F,0.0110496260095289,209,0.187275985663082,1.11237422809518
LV-GGM,1117,2824,ENSMUSG00000025277,Abhd6,F,0.0110485562969714,209,0.187108325872874,1.11137836934129
LV-GGM,1118,2543,ENSMUSG00000031808,Slc27a1,F,0.011043987020325,209,0.186940966010733,1.11038429208785
LV-GGM,1119,225,ENSMUSG00000068747,Sort1,F,0.0110407497486106,209,0.186773905272565,1.10939199155873
LV-GGM,1120,1972,ENSMUSG00000038371,Sbf2,F,0.0110393575725844,209,0.186607142857143,1.10840146299484
LV-GGM,1121,2097,ENSMUSG00000038664,Herc1,F,0.0110383133552069,209,0.186440677966102,1.10741270165407
LV-GGM,1122,1304,ENSMUSG00000042684,Npl,F,0.0110163103810299,209,0.186274509803922,1.10642570281124
LV-GGM,1123,2945,ENSMUSG00000043535,Setx,F,0.0109990135456566,209,0.186108637577916,1.10544046175798
LV-GGM,1124,533,ENSMUSG00000022091,Sorbs3,F,0.0109989600952663,209,0.185943060498221,1.10445697380268
LV-GGM,1125,1550,ENSMUSG00000050288,Fzd2,F,0.0109906707947425,209,0.185777777777778,1.10347523427041
LV-GGM,1126,2441,ENSMUSG00000019437,Tlcd1,F,0.0109862917880825,209,0.185612788632327,1.10249523850286
LV-GGM,1127,1191,ENSMUSG00000044674,Fzd1,F,0.0109850666789648,209,0.18544809228039,1.10151698185822
LV-GGM,1128,2312,ENSMUSG00000034610,Zcchc11,F,0.0109825020966707,209,0.185283687943262,1.10054045971119
LV-GGM,1129,64,ENSMUSG00000026576,Atp1b1,F,0.0109809646618945,209,0.185119574844996,1.0995656674528
LV-GGM,1130,1742,ENSMUSG00000056870,Gulp1,F,0.0109401436479046,209,0.184955752212389,1.09859260049046
LV-GGM,1131,503,ENSMUSG00000070366,Plpp4,F,0.0109348117286827,209,0.184792219274978,1.09762125424776
LV-GGM,1132,1262,ENSMUSG00000038233,Fam198a,F,0.0109336935852426,209,0.184628975265018,1.0966516241645
LV-GGM,1133,1377,ENSMUSG00000040189,Ccdc114,F,0.0109314312733973,209,0.184466019417476,1.09568370569657
LV-GGM,1134,1766,ENSMUSG00000024978,Gpam,F,0.0109187300300642,209,0.184303350970018,1.09471749431589
LV-GGM,1135,2038,ENSMUSG00000026923,Notch1,T,0.0109110747932854,210,0.185022026431718,1.09898625338358
LV-GGM,1136,1021,ENSMUSG00000085631,9630028H03Rik,F,0.0109035546344181,210,0.184859154929577,1.09801883590701
LV-GGM,1137,2725,ENSMUSG00000027248,Pdia3,T,0.0108650694777228,211,0.185576077396658,1.10227718260906
LV-GGM,1138,2126,ENSMUSG00000022474,Pmm1,F,0.010853404309154,211,0.185413005272408,1.10130857348551
LV-GGM,1139,688,ENSMUSG00000059363,Fxn,F,0.0108470225234935,211,0.185250219490781,1.10034166516814
LV-GGM,1140,1151,ENSMUSG00000051469,Zfp24,T,0.0108366016541163,212,0.185964912280702,1.10458676812513
LV-GGM,1141,2487,ENSMUSG00000020647,Ncoa1,T,0.0108158997593223,213,0.186678352322524,1.10882443006029
LV-GGM,1142,2717,ENSMUSG00000060373,Hnrnpc,F,0.0108133031310037,213,0.186514886164623,1.1078534804718
LV-GGM,1143,1522,ENSMUSG00000025666,Tmem47,T,0.0108132872304809,214,0.187226596675416,1.1120808694094
LV-GGM,1144,268,ENSMUSG00000049807,Arhgap23,F,0.0108107993296001,214,0.187062937062937,1.11110877074732
LV-GGM,1145,2412,ENSMUSG00000021327,Zkscan3,F,0.0108028437012005,214,0.186899563318777,1.11013837007418
LV-GGM,1146,735,ENSMUSG00000048978,Nrsn1,T,0.0107949295363288,215,0.18760907504363,1.11435269875313
LV-GGM,1147,1687,ENSMUSG00000022788,Fgd4,F,0.0107851892130178,215,0.187445510026155,1.11338116196258
LV-GGM,1148,1980,ENSMUSG00000022194,Pabpn1,F,0.0107709239738391,215,0.187282229965157,1.11241131774485
LV-GGM,1149,379,ENSMUSG00000024530,Prelid3a,F,0.0107661002888232,215,0.187119234116623,1.11144316168067
LV-GGM,1150,713,ENSMUSG00000097634,Gm26827,F,0.0107528474451672,215,0.18695652173913,1.11047668936616
LV-GGM,1151,1098,ENSMUSG00000021453,Gadd45g,F,0.0107409193967515,215,0.186794092093831,1.10951189641276
LV-GGM,1152,1910,ENSMUSG00000060036,Rpl3,F,0.0107381192296856,215,0.186631944444444,1.10854877844712
LV-GGM,1153,2303,ENSMUSG00000018770,Atp5g3,F,0.010734767183359,215,0.186470078057242,1.10758733111109
LV-GGM,1154,1495,ENSMUSG00000041078,Grid1,T,0.0107345040640941,216,0.187175043327556,1.11177465494561
LV-GGM,1155,2652,ENSMUSG00000032118,Fez1,F,0.010699691466605,216,0.187012987012987,1.11081207948678
LV-GGM,1156,2350,ENSMUSG00000019986,Ahi1,F,0.0106785871860534,216,0.186851211072664,1.10985116938342
LV-GGM,1157,2244,ENSMUSG00000053470,Kdm3a,T,0.0106727623208914,217,0.187554019014693,1.11402567920776
LV-GGM,1158,1856,ENSMUSG00000014592,Camta1,F,0.0106716527614487,217,0.187392055267703,1.11306365357804
LV-GGM,1159,86,ENSMUSG00000064052,Gm5089,F,0.0106698730416303,217,0.187230371009491,1.11210328804433
LV-GGM,1160,2746,ENSMUSG00000019362,D8Ertd738e,F,0.0106572022552303,217,0.187068965517241,1.11114457831325
LV-GGM,1161,1547,ENSMUSG00000040929,Rfx3,F,0.0106546900277784,217,0.186907838070629,1.11018752010626
LV-GGM,1162,55,ENSMUSG00000087095,Emx2os,T,0.0106380316756577,218,0.187607573149742,1.11434377786533
LV-GGM,1163,2759,ENSMUSG00000052428,Tmco1,F,0.010629989694703,218,0.187446259673259,1.11338561468574
LV-GGM,1164,1802,ENSMUSG00000038244,Mical2,T,0.0106244590621875,219,0.188144329896907,1.11753198360452
LV-GGM,1165,2865,ENSMUSG00000031540,Kat6a,T,0.0106129381663998,220,0.188841201716738,1.1216712342934
LV-GGM,1166,283,ENSMUSG00000019804,Snx3,T,0.0105951066919739,221,0.189536878216123,1.12580338506685
LV-GGM,1167,691,ENSMUSG00000051335,Gfod1,F,0.0105898564854428,221,0.189374464438732,1.124838686365
LV-GGM,1168,1800,ENSMUSG00000037348,Paqr7,F,0.0105868462191571,221,0.189212328767123,1.12387563954448
LV-GGM,1169,292,ENSMUSG00000040118,Cacna2d1,T,0.0105865708572197,222,0.189905902480753,1.12799530027724
LV-GGM,1170,2533,ENSMUSG00000056476,Med12l,F,0.0105650709684754,222,0.18974358974359,1.12703120173
LV-GGM,1171,1112,ENSMUSG00000058328,Xlr5a,F,0.0105564431332307,222,0.189581554227156,1.12606874980708
LV-GGM,1172,2477,ENSMUSG00000024695,Zfp91,T,0.0105499058281272,223,0.190273037542662,1.1301759940787
LV-GGM,1173,1952,ENSMUSG00000032010,Usp2,F,0.0105497960759679,223,0.190110826939471,1.12921250218264
LV-GGM,1174,335,ENSMUSG00000028864,Hgf,F,0.010538477471685,223,0.189948892674617,1.12825065166971
LV-GGM,1175,1789,ENSMUSG00000050856,Atp5k,F,0.0105219122222218,223,0.189787234042553,1.12729043834914
LV-GGM,1176,1184,ENSMUSG00000056204,Pgpep1,F,0.0105199634866281,223,0.189625850340136,1.12633185804442
LV-GGM,1177,911,ENSMUSG00000048040,Arxes2,T,0.0105075457470728,224,0.190314358538658,1.13042143083805
LV-GGM,1178,1850,ENSMUSG00000075706,Gpx4,F,0.0104971186882804,224,0.190152801358234,1.12946182011578
LV-GGM,1179,2974,ENSMUSG00000056999,Ide,F,0.0104720141740963,224,0.189991518235793,1.12850383723188
LV-GGM,1180,840,ENSMUSG00000034730,Adgrb1,T,0.0104420462904849,225,0.190677966101695,1.13258117214621
LV-GGM,1181,139,ENSMUSG00000038280,Ostm1,F,0.0104346256910259,225,0.190516511430991,1.13162217030697
LV-GGM,1182,2240,ENSMUSG00000025035,Arl3,F,0.0103951809174133,225,0.190355329949239,1.13066479114427
LV-GGM,1183,1561,ENSMUSG00000058600,Rpl30,F,0.0103760967363833,225,0.190194420963652,1.12970903054314
LV-GGM,1184,2547,ENSMUSG00000034297,Med13,F,0.010369658984208,225,0.190033783783784,1.12875488440247
LV-GGM,1185,2590,ENSMUSG00000036257,Pnpla8,F,0.0103666708128182,225,0.189873417721519,1.12780234863505
LV-GGM,1186,2867,ENSMUSG00000045092,S1pr1,F,0.0103662145710319,225,0.189713322091062,1.12685141916739
LV-GGM,1187,1383,ENSMUSG00000009281,Rarres2,F,0.0103625999115293,225,0.18955349620893,1.12590209193979
LV-GGM,1188,2260,ENSMUSG00000034566,Atp5h,F,0.0103600553523719,225,0.189393939393939,1.12495436290617
LV-GGM,1189,1536,ENSMUSG00000044471,Lncpint,F,0.0103491506423058,225,0.189234650967199,1.12400822803409
LV-GGM,1190,1833,ENSMUSG00000005610,Eif4g2,F,0.0103409814013017,225,0.189075630252101,1.12306368330465
LV-GGM,1191,1974,ENSMUSG00000015709,Arnt2,F,0.0103342751772914,225,0.188916876574307,1.12212072471245
LV-GGM,1192,1422,ENSMUSG00000034755,Pcdh11x,T,0.0103117204653076,226,0.189597315436242,1.12616236759117
LV-GGM,1193,2250,ENSMUSG00000029635,Cdk8,F,0.0102966567219266,226,0.189438390611903,1.12521839242974
LV-GGM,1194,1145,ENSMUSG00000026821,Ralgds,F,0.0102588261527177,226,0.1892797319933,1.12427599846623
LV-GGM,1195,2928,ENSMUSG00000025204,Ndufb8,F,0.0102588242494365,226,0.189121338912134,1.12333518173111
LV-GGM,1196,1108,ENSMUSG00000037393,Nmur2,F,0.010234130390434,226,0.188963210702341,1.12239593826812
LV-GGM,1197,2757,ENSMUSG00000020076,Ddx50,F,0.0102182966627302,226,0.188805346700084,1.12145826413423
LV-GGM,1198,2723,ENSMUSG00000030087,Klf15,T,0.0102144629892873,227,0.189482470784641,1.12548021803407
LV-GGM,1199,2516,ENSMUSG00000024811,Tnks2,F,0.0102038858809258,227,0.189324437030859,1.12454153561703
LV-GGM,1200,2789,ENSMUSG00000064345,mt-Nd2,F,0.0102027344802938,227,0.189166666666667,1.12360441767068
LV-GGM,1201,2018,ENSMUSG00000034160,Ogt,F,0.0102007554758967,227,0.189009159034138,1.12266886028711
LV-GGM,1202,1346,ENSMUSG00000026819,Slc25a25,F,0.0101828209187347,227,0.188851913477537,1.1217348595714
LV-GGM,1203,2797,ENSMUSG00000029207,Apbb2,F,0.0101750363692628,227,0.188694929343308,1.12080241164158
LV-GGM,1204,2435,ENSMUSG00000008682,Rpl10,F,0.0101502790250835,227,0.188538205980066,1.11987151262859
LV-GGM,1205,2932,ENSMUSG00000038495,Otud7b,F,0.0101328149063514,227,0.188381742738589,1.1189421586762
LV-GGM,1206,1402,ENSMUSG00000027674,Pex5l,F,0.0101021786564016,227,0.188225538971808,1.11801434594098
LV-GGM,1207,697,ENSMUSG00000019775,Rgs17,F,0.0100889879343445,227,0.188069594034797,1.11708807059223
LV-GGM,1208,2703,ENSMUSG00000057738,Sptan1,F,0.0100832505037811,227,0.187913907284768,1.11616332881194
LV-GGM,1209,272,ENSMUSG00000030691,Fchsd2,F,0.0100761215291935,227,0.187758478081059,1.11524011679472
LV-GGM,1210,969,ENSMUSG00000049521,Cdc42ep1,F,0.0100760453818362,227,0.187603305785124,1.11431843074778
LV-GGM,1211,2774,ENSMUSG00000039968,Rsbn1l,F,0.0100718959057057,227,0.187448389760528,1.11339826689085
LV-GGM,1212,2106,ENSMUSG00000032349,Elovl5,F,0.0100603992645881,227,0.187293729372937,1.11247962145612
LV-GGM,1213,2445,ENSMUSG00000044252,Osbpl1a,T,0.0100571916659616,228,0.187963726298434,1.11645924174853
LV-GGM,1214,423,ENSMUSG00000027160,Ccdc34,F,0.0100428278904159,228,0.187808896210873,1.11553958833687
LV-GGM,1215,1617,ENSMUSG00000039960,Rhou,T,0.0100242441337256,229,0.188477366255144,1.11951013932272
LV-GGM,1216,1003,ENSMUSG00000032348,Gsta4,F,0.00999900276444055,229,0.188322368421053,1.1185894895371
LV-GGM,1217,625,ENSMUSG00000056004,9330182L06Rik,F,0.00999685508233954,229,0.188167625308135,1.11767035273386
LV-GGM,1218,1944,ENSMUSG00000040111,Gramd1b,F,0.00998615172783414,229,0.188013136288998,1.11675272518646
LV-GGM,1219,2036,ENSMUSG00000055204,Ankrd17,F,0.00997416676385921,229,0.18785890073831,1.11583660318056
LV-GGM,1220,1654,ENSMUSG00000026384,Ptpn4,F,0.00997061238029771,229,0.187704918032787,1.11492198301402
LV-GGM,1221,1562,ENSMUSG00000020460,Rps27a,F,0.0099699503752606,229,0.187551187551188,1.11400886099681
LV-GGM,1222,1062,ENSMUSG00000037972,Snn,F,0.0099685343423171,229,0.187397708674304,1.11309723345099
LV-GGM,1223,1269,ENSMUSG00000074782,4833422C13Rik,F,0.00996644190611246,229,0.187244480784955,1.11218709671064
LV-GGM,1224,2579,ENSMUSG00000008575,Nfib,F,0.00996443263603816,229,0.187091503267974,1.11127844712182
LV-GGM,1225,1141,ENSMUSG00000032942,Ucp3,F,0.00996347562143657,229,0.186938775510204,1.11037128104254
LV-GGM,1226,2733,ENSMUSG00000028452,Vcp,F,0.00993740660185527,229,0.186786296900489,1.10946559484267
LV-GGM,1227,2391,ENSMUSG00000039801,2410089E03Rik,F,0.00992735901338631,229,0.186634066829666,1.10856138490392
LV-GGM,1228,970,ENSMUSG00000025909,Sntg1,F,0.00991758181628823,229,0.186482084690554,1.1076586476198
LV-GGM,1229,2695,ENSMUSG00000007815,Rhoa,T,0.00991160314970685,230,0.187144019528072,1.11159038105228
LV-GGM,1230,2763,ENSMUSG00000024242,Map4k3,T,0.00990252937762853,231,0.18780487804878,1.11551572142227
LV-GGM,1231,2600,ENSMUSG00000031563,Wwc2,F,0.00989712921469246,231,0.187652315190902,1.11460953480861
LV-GGM,1232,2995,ENSMUSG00000036698,Ago2,F,0.00989286624192127,231,0.1875,1.11370481927711
LV-GGM,1233,1418,ENSMUSG00000054226,Tprkb,F,0.00987372890431007,231,0.187347931873479,1.1128015712485
LV-GGM,1234,1655,ENSMUSG00000004383,Large1,F,0.00985537083634431,231,0.187196110210697,1.1118997871551
LV-GGM,1235,1611,ENSMUSG00000087380,2210408F21Rik,F,0.0098442815845269,231,0.187044534412955,1.11099946344081
LV-GGM,1236,1415,ENSMUSG00000101609,Kcnq1ot1,F,0.00984226241787759,231,0.186893203883495,1.110100596561
LV-GGM,1237,587,ENSMUSG00000022419,Deptor,F,0.00983937035964338,231,0.186742118027486,1.10920318298254
LV-GGM,1238,2020,ENSMUSG00000073147,5031425E22Rik,F,0.00983375060472989,231,0.186591276252019,1.10830721918368
LV-GGM,1239,1281,ENSMUSG00000032902,Slc16a1,F,0.00983237448164465,231,0.186440677966102,1.10741270165407
LV-GGM,1240,1878,ENSMUSG00000058835,Abi1,F,0.00980781611092286,231,0.186290322580645,1.10651962689468
LV-GGM,1241,855,ENSMUSG00000033685,Ucp2,T,0.00979706851387857,232,0.186946011281225,1.11041425977884
LV-GGM,1242,2615,ENSMUSG00000059824,Dbp,F,0.00977600388733049,232,0.186795491143317,1.10952020642958
LV-GGM,1243,1060,ENSMUSG00000058153,Sez6l,F,0.00977132256335348,232,0.186645213193886,1.10862759162151
LV-GGM,1244,1094,ENSMUSG00000044365,Cxxc4,F,0.00976170669494129,232,0.186495176848875,1.10773641188548
LV-GGM,1245,1227,ENSMUSG00000043496,Tril,F,0.00974400647840549,232,0.186345381526104,1.10684666376349
LV-GGM,1246,1100,ENSMUSG00000013523,Bcas1,F,0.00973780955870285,232,0.186195826645265,1.10595834380862
LV-GGM,1247,1921,ENSMUSG00000003429,Rps11,F,0.00973665135538468,232,0.186046511627907,1.10507144858504
LV-GGM,1248,2912,ENSMUSG00000046516,Cox17,F,0.00973318143465213,232,0.185897435897436,1.1041859746679
LV-GGM,1249,1140,ENSMUSG00000042616,Oscp1,F,0.00973258448465174,232,0.185748598879103,1.10330191864335
LV-GGM,1250,2712,ENSMUSG00000023089,Ndufa5,F,0.00973127797175873,232,0.1856,1.10241927710843
LV-GGM,1251,208,ENSMUSG00000030774,Pak1,F,0.00972510007555958,232,0.185451638689049,1.1015380466711
LV-GGM,1252,721,ENSMUSG00000018740,Slc25a35,F,0.00972362745161542,232,0.185303514376997,1.10065822395011
LV-GGM,1253,677,ENSMUSG00000033377,Palmd,F,0.00971790470099479,232,0.185155626496409,1.09977980557505
LV-GGM,1254,668,ENSMUSG00000037996,Slc24a2,T,0.00971481108505702,233,0.185805422647528,1.10363943813532
LV-GGM,1255,1230,ENSMUSG00000036949,Slc39a12,F,0.00970667353490998,233,0.185657370517928,1.10276004416071
LV-GGM,1256,477,ENSMUSG00000062753,AI413582,F,0.00970315971271509,233,0.185509554140127,1.10188205049497
LV-GGM,1257,488,ENSMUSG00000038349,Plcl1,T,0.00969947690164047,234,0.186157517899761,1.10573079909135
LV-GGM,1258,2060,ENSMUSG00000008668,Rps18,F,0.00965921654492769,234,0.186009538950715,1.1048518397916
LV-GGM,1259,2617,ENSMUSG00000021709,Erbin,F,0.00965821318320159,234,0.185861795075457,1.1039742767735
LV-GGM,1260,2819,ENSMUSG00000007659,Bcl2l1,T,0.0096419344021175,235,0.186507936507937,1.1078122011857
LV-GGM,1261,263,ENSMUSG00000040270,Bach2,T,0.00963063117863212,236,0.187153053132435,1.11164403848542
LV-GGM,1262,2519,ENSMUSG00000036371,Serbp1,F,0.00961328930284275,236,0.187004754358162,1.11076317950089
LV-GGM,1263,1637,ENSMUSG00000113029,Gm40578,F,0.00960317515818108,236,0.186856690419636,1.1098837153841
LV-GGM,1264,1373,ENSMUSG00000090247,Bloc1s1,F,0.00960254687084609,236,0.186708860759494,1.10900564282446
LV-GGM,1265,2383,ENSMUSG00000031012,Cask,F,0.00960212807053085,236,0.186561264822134,1.10812895852183
LV-GGM,1266,872,ENSMUSG00000008540,Mgst1,F,0.00959325297260498,236,0.186413902053712,1.10725365918651
LV-GGM,1267,2679,ENSMUSG00000027782,Kpna4,F,0.00958581302555405,236,0.186266771902131,1.10637974153916
LV-GGM,1268,85,ENSMUSG00000027253,Lrp4,F,0.0095844446221609,236,0.186119873817035,1.10550720231082
LV-GGM,1269,1948,ENSMUSG00000018909,Arrb1,F,0.00956958046317887,236,0.185973207249803,1.10463603824281
LV-GGM,1270,1046,ENSMUSG00000027199,Gatm,F,0.00956639418660819,236,0.185826771653543,1.10376624608671
LV-GGM,1271,966,ENSMUSG00000045333,Zfp423,T,0.00955615637654613,237,0.186467348544453,1.10757111846284
LV-GGM,1272,1451,ENSMUSG00000047045,Tmem164,T,0.00954482904881625,238,0.187106918238994,1.11137000833523
LV-GGM,1273,2503,ENSMUSG00000038518,Jarid2,F,0.00954264149523905,238,0.186959937156324,1.1104969761213
LV-GGM,1274,2531,ENSMUSG00000039100,March6,F,0.00952664711003933,238,0.186813186813187,1.10962531444459
LV-GGM,1275,1610,ENSMUSG00000028234,Rps20,F,0.00951664859767977,238,0.186666666666667,1.10875502008032
LV-GGM,1276,622,ENSMUSG00000046688,Tifa,F,0.00950868333331609,238,0.186520376175549,1.1078860898138
LV-GGM,1277,1827,ENSMUSG00000064036,Mro,F,0.00950424497918615,238,0.186374314800313,1.10701852044041
LV-GGM,1278,1544,ENSMUSG00000024608,Rps14,F,0.00947550588761558,238,0.18622848200313,1.10615230876558
LV-GGM,1279,1680,ENSMUSG00000028081,Rps3a1,F,0.00947521232501626,238,0.18608287724785,1.1052874516047
LV-GGM,1280,2442,ENSMUSG00000033565,Rbfox2,F,0.00946183344514103,238,0.1859375,1.10442394578313
LV-GGM,1281,589,ENSMUSG00000067889,Sptbn2,F,0.00946094731979472,238,0.185792349726776,1.10356178813615
LV-GGM,1282,2927,ENSMUSG00000028064,Sema4a,F,0.0094355679342903,238,0.185647425897036,1.1027009755089
LV-GGM,1283,440,ENSMUSG00000028760,Eif4g3,F,0.00941766898757807,238,0.185502727981294,1.10184150475636
LV-GGM,1284,1683,ENSMUSG00000032228,Tcf12,T,0.00941764330383386,239,0.18613707165109,1.10560935330105
LV-GGM,1285,1691,ENSMUSG00000017561,Crlf3,F,0.00941581209203173,239,0.185992217898833,1.10474895691716
LV-GGM,1286,1796,ENSMUSG00000053332,Gas5,F,0.0094061316204825,239,0.185847589424572,1.10388989863029
LV-GGM,1287,1197,ENSMUSG00000038594,Cep85l,T,0.0093870787545528,240,0.186480186480186,1.10764737270761
LV-GGM,1288,1872,ENSMUSG00000035545,Leng8,F,0.00938657940305324,240,0.186335403726708,1.10678739803936
LV-GGM,1289,1011,ENSMUSG00000045555,Mettl24,F,0.00938116658521763,240,0.186190845616757,1.10592875769953
LV-GGM,1290,1467,ENSMUSG00000021823,Vcl,F,0.00935325434074429,240,0.186046511627907,1.10507144858504
LV-GGM,1291,2936,ENSMUSG00000031246,Sh3bgrl,F,0.00933922716800736,240,0.185902401239349,1.1042154676024
LV-GGM,1292,1382,ENSMUSG00000097280,AI849053,F,0.00933863921323839,240,0.185758513931889,1.10336081166772
LV-GGM,1293,1734,ENSMUSG00000002475,Abhd3,F,0.00931950818658592,240,0.185614849187935,1.10250747770665
LV-GGM,1294,2773,ENSMUSG00000036644,Tbc1d9b,F,0.00930990631442066,240,0.185471406491499,1.10165546265433
LV-GGM,1295,1101,ENSMUSG00000030336,Cd27,F,0.00929804342382702,240,0.185328185328185,1.10080476345537
LV-GGM,1296,1146,ENSMUSG00000046985,Tapt1,F,0.00929496755673509,240,0.185185185185185,1.09995537706381
LV-GGM,1297,2873,ENSMUSG00000020483,Dynll2,F,0.00929424001886917,240,0.185042405551272,1.0991073004431
LV-GGM,1298,452,ENSMUSG00000017314,Mpp2,F,0.00928218278102436,240,0.184899845916795,1.09826053056602
LV-GGM,1299,1810,ENSMUSG00000041889,Shisa4,F,0.0092613728522784,240,0.184757505773672,1.0974150644147
LV-GGM,1300,2766,ENSMUSG00000084957,Bbip1,F,0.00924198556570008,240,0.184615384615385,1.09657089898054
LV-GGM,1301,307,ENSMUSG00000022946,Dopey2,F,0.00922731849198188,240,0.184473481936972,1.09572803126418
LV-GGM,1302,319,ENSMUSG00000046573,Lyrm4,F,0.00921327431710179,240,0.184331797235023,1.0948864582755
LV-GGM,1303,1755,ENSMUSG00000053768,Chchd3,F,0.00921186907125346,240,0.184190330007675,1.09404617703354
LV-GGM,1304,1334,ENSMUSG00000025289,Prdx4,F,0.00919781837065418,240,0.184049079754601,1.09320718456649
LV-GGM,1305,2492,ENSMUSG00000020859,Spag9,F,0.00919535434378939,240,0.183908045977011,1.09236947791165
LV-GGM,1306,1801,ENSMUSG00000007891,Ctsd,F,0.00919345725774029,240,0.183767228177642,1.09153305411539
LV-GGM,1307,534,ENSMUSG00000020893,Per1,F,0.00918206494985526,240,0.18362662586075,1.09069791023313
LV-GGM,1308,2434,ENSMUSG00000023977,Ubr2,F,0.00917495579026781,240,0.18348623853211,1.08986404332928
LV-GGM,1309,1792,ENSMUSG00000062328,Rpl17,F,0.00917221619022376,240,0.183346065699007,1.08903145047723
LV-GGM,1310,528,ENSMUSG00000052125,F730043M19Rik,F,0.0091292177490553,240,0.183206106870229,1.08820012875931
LV-GGM,1311,825,ENSMUSG00000041920,Slc16a6,F,0.00911221384911159,240,0.183066361556064,1.08737007526674
LV-GGM,1312,1142,ENSMUSG00000020424,Gatsl3,F,0.00911180377967218,240,0.182926829268293,1.08654128709962
LV-GGM,1313,2910,ENSMUSG00000040048,Ndufb10,F,0.00910352003174397,240,0.182787509520183,1.08571376136687
LV-GGM,1314,1167,ENSMUSG00000071103,1700029J07Rik,F,0.00909625741845074,240,0.182648401826484,1.08488749518622
LV-GGM,1315,615,ENSMUSG00000051098,Mblac2,F,0.0090821326610458,240,0.182509505703422,1.08406248568418
LV-GGM,1316,2899,ENSMUSG00000063694,Cycs,F,0.00906980592818023,240,0.182370820668693,1.08323872999597
LV-GGM,1317,978,ENSMUSG00000071176,Arhgef10,F,0.00905968788808477,240,0.182232346241458,1.08241622526553
LV-GGM,1318,2620,ENSMUSG00000035158,Mitf,F,0.00905574870080183,240,0.182094081942337,1.08159496864545
LV-GGM,1319,2204,ENSMUSG00000029614,Rpl6,F,0.00905482663946602,240,0.181956027293404,1.08077495729697
LV-GGM,1320,2179,ENSMUSG00000033059,Pygb,F,0.00903816780337787,240,0.181818181818182,1.07995618838992
LV-GGM,1321,2368,ENSMUSG00000020022,Ndufa12,F,0.0090314351320925,240,0.181680545041635,1.07913865910272
LV-GGM,1322,2988,ENSMUSG00000079065,BC005561,F,0.00901724607486871,240,0.181543116490166,1.07832236662231
LV-GGM,1323,2386,ENSMUSG00000021238,Aldh6a1,F,0.00901142461421716,240,0.18140589569161,1.07750730814414
LV-GGM,1324,1244,ENSMUSG00000067787,Blcap,F,0.00900765657605513,240,0.181268882175227,1.07669348087213
LV-GGM,1325,1469,ENSMUSG00000034165,Ccnd3,F,0.00900421083646265,240,0.181132075471698,1.07588088201864
LV-GGM,1326,1081,ENSMUSG00000039911,Spsb1,F,0.00900030024397707,240,0.180995475113122,1.07506950880445
LV-GGM,1327,1741,ENSMUSG00000020142,Slc1a4,F,0.00899132884088396,240,0.180859080633007,1.0742593584587
LV-GGM,1328,2862,ENSMUSG00000068040,Tm9sf4,F,0.00898902618944774,240,0.180722891566265,1.0734504282189
LV-GGM,1329,1756,ENSMUSG00000021939,Ctsb,F,0.00898902273437441,240,0.18058690744921,1.07264271533085
LV-GGM,1330,2553,ENSMUSG00000004071,Cdip1,F,0.00898220755699549,240,0.180451127819549,1.07183621704865
LV-GGM,1331,2694,ENSMUSG00000002808,Epdr1,F,0.00898105120923178,240,0.180315552216379,1.07103093063463
LV-GGM,1332,1588,ENSMUSG00000026004,Kansl1l,T,0.00897163867153723,241,0.180930930930931,1.07468613191505
LV-GGM,1333,1582,ENSMUSG00000030126,Tmcc1,F,0.0089713480143374,241,0.1807951987997,1.07387991576207
LV-GGM,1334,223,ENSMUSG00000022105,Rb1,F,0.00896734983466081,241,0.180659670164918,1.07307490832897
LV-GGM,1335,439,ENSMUSG00000047793,Sned1,F,0.00895608305388716,241,0.180524344569288,1.07227110689951
LV-GGM,1336,227,ENSMUSG00000070570,Slc17a7,F,0.00894849176825261,241,0.180389221556886,1.0714685087656
LV-GGM,1337,1837,ENSMUSG00000022272,Myo10,F,0.00893872180144203,241,0.180254300673149,1.07066711122726
LV-GGM,1338,1475,ENSMUSG00000060923,Acyp2,F,0.00893460210349056,241,0.180119581464873,1.06986691159256
LV-GGM,1339,2047,ENSMUSG00000051285,Pcmtd1,F,0.00890926869237371,241,0.179985063480209,1.06906790717763
LV-GGM,1340,471,ENSMUSG00000021943,Gdf10,F,0.00888706010756594,241,0.179850746268657,1.0682700953066
LV-GGM,1341,1559,ENSMUSG00000050334,C130071C03Rik,F,0.00888265770236416,241,0.179716629381059,1.06747347331159
LV-GGM,1342,1845,ENSMUSG00000032470,Mras,F,0.00887993050940265,241,0.179582712369598,1.06667803853267
LV-GGM,1343,2507,ENSMUSG00000024908,Ppp6r3,F,0.00887719976010742,241,0.179448994787789,1.06588378831783
LV-GGM,1344,2378,ENSMUSG00000010095,Slc3a2,F,0.0088748897828979,241,0.179315476190476,1.06509072002295
LV-GGM,1345,2245,ENSMUSG00000041720,Pi4ka,F,0.00886988392358826,241,0.179182156133829,1.06429883101178
LV-GGM,1346,1476,ENSMUSG00000064367,mt-Nd5,F,0.00884919199381333,241,0.179049034175334,1.0635081186559
LV-GGM,1347,1386,ENSMUSG00000018809,Smyd4,F,0.00884608874159754,241,0.178916109873794,1.0627185803347
LV-GGM,1348,1180,ENSMUSG00000015090,Ptgds,F,0.00884339912477287,241,0.178783382789318,1.06193021343534
LV-GGM,1349,563,ENSMUSG00000008206,Cers4,F,0.00881185706860418,241,0.178650852483321,1.06114301535274
LV-GGM,1350,1095,ENSMUSG00000045752,Tssc4,F,0.00879858828364361,241,0.178518518518519,1.06035698348951
LV-GGM,1351,1164,ENSMUSG00000098557,Kctd12,F,0.00879729299926819,241,0.178386380458919,1.05957211525599
LV-GGM,1352,509,ENSMUSG00000038665,Dgki,F,0.00879525142969351,241,0.178254437869822,1.05878840807015
LV-GGM,1353,1284,ENSMUSG00000038776,Ephx1,T,0.00876703576375445,242,0.178861788617886,1.06239592516407
LV-GGM,1354,510,ENSMUSG00000022964,Tmem50b,T,0.00875918476472804,243,0.179468242245199,1.06599811357691
LV-GGM,1355,2233,ENSMUSG00000031532,Saraf,T,0.00875199931400406,244,0.180073800738007,1.06959498510648
LV-GGM,1356,167,ENSMUSG00000035299,Mid1,F,0.00875166385035104,244,0.179941002949853,1.0688061982443
LV-GGM,1357,324,ENSMUSG00000069763,Tmem100,T,0.00874116410311289,245,0.180545320560059,1.07239569923023
LV-GGM,1358,2465,ENSMUSG00000032503,Arpp21,F,0.00871047896115783,245,0.180412371134021,1.07160601167557
LV-GGM,1359,385,ENSMUSG00000032966,Fkbp1a,F,0.00869725357505209,245,0.18027961736571,1.07081748628066
LV-GGM,1360,2577,ENSMUSG00000020564,Atxn7l1,F,0.00868110451534008,245,0.180147058823529,1.07003012048193
LV-GGM,1361,252,ENSMUSG00000026335,Pam,F,0.00867628854514117,245,0.180014695077149,1.06924391172331
LV-GGM,1362,2005,ENSMUSG00000066551,Hmgb1,F,0.00867533158116447,245,0.179882525697504,1.06845885745626
LV-GGM,1363,2933,ENSMUSG00000027665,Pik3ca,F,0.00864836581454501,245,0.179750550256786,1.06767495513971
LV-GGM,1364,2597,ENSMUSG00000022016,Akap11,T,0.00864434101890683,246,0.180351906158358,1.07124686429
LV-GGM,1365,128,ENSMUSG00000117896,AA387883,F,0.00863740141277617,246,0.18021978021978,1.07046206805243
LV-GGM,1366,1375,ENSMUSG00000046079,Lrrc8d,T,0.0086336450687622,247,0.180819912152269,1.07402670712131
LV-GGM,1367,290,ENSMUSG00000032413,Rasa2,F,0.00862919692076758,247,0.180687637161668,1.07324102555063
LV-GGM,1368,473,ENSMUSG00000041923,Nol4,F,0.00862609556371299,247,0.180555555555556,1.07245649263722
LV-GGM,1369,1887,ENSMUSG00000022521,Crebbp,T,0.0086253864117086,248,0.181154127100073,1.07601186337754
LV-GGM,1370,2490,ENSMUSG00000025544,Tm9sf2,F,0.00862446896978052,248,0.181021897810219,1.07522645325829
LV-GGM,1371,302,ENSMUSG00000037503,Fam168b,F,0.00862166504522674,248,0.180889861415026,1.07444218888684
LV-GGM,1372,598,ENSMUSG00000063146,Clip2,F,0.00861561113008639,248,0.180758017492711,1.07365906775791
LV-GGM,1373,398,ENSMUSG00000039621,Prex1,F,0.00860595516784136,248,0.180626365622724,1.07287708737353
LV-GGM,1374,2242,ENSMUSG00000021546,Hnrnpk,F,0.00859964808828281,248,0.180494905385735,1.07209624524298
LV-GGM,1375,1017,ENSMUSG00000079157,Fam155a,F,0.00859788116254422,248,0.180363636363636,1.0713165388828
LV-GGM,1376,2215,ENSMUSG00000031673,Cdh11,T,0.00858996395842079,249,0.180959302325581,1.07485465116279
LV-GGM,1377,1706,ENSMUSG00000033209,Ttc28,F,0.00858581041303502,249,0.18082788671024,1.07407407407407
LV-GGM,1378,1597,ENSMUSG00000047675,Rps8,F,0.00857695525381599,249,0.180696661828737,1.0732946298984
LV-GGM,1379,1900,ENSMUSG00000075415,Fnbp1,F,0.0085647827236927,249,0.180565627266135,1.07251631617114
LV-GGM,1380,2696,ENSMUSG00000057649,Brd9,F,0.00856000564713163,249,0.180434782608696,1.07173913043478
LV-GGM,1381,539,ENSMUSG00000031963,Bmper,F,0.00855988325067798,249,0.180304127443881,1.07096307023896
LV-GGM,1382,2520,ENSMUSG00000022897,Dyrk1a,F,0.00852793079285669,249,0.180173661360347,1.07018813314038
LV-GGM,1383,1217,ENSMUSG00000029467,Atp2a2,T,0.00851969840989062,250,0.180766449746927,1.07370915331608
LV-GGM,1384,2917,ENSMUSG00000020349,Ppp2ca,F,0.00851607263862446,250,0.180635838150289,1.07293335190473
LV-GGM,1385,2071,ENSMUSG00000074415,2610203C20Rik,F,0.00850020021473098,250,0.180505415162455,1.07215867078422
LV-GGM,1386,314,ENSMUSG00000061751,Kalrn,F,0.00849421732002394,250,0.18037518037518,1.07138510752969
LV-GGM,1387,1783,ENSMUSG00000026173,Plcd4,T,0.00849019573606296,251,0.180966113914924,1.07489511036214
LV-GGM,1388,1185,ENSMUSG00000008734,Gprc5b,F,0.00848846977706936,251,0.180835734870317,1.07412069025381
LV-GGM,1389,2881,ENSMUSG00000037815,Ctnna1,F,0.00848802056518297,251,0.180705543556515,1.07334738522123
LV-GGM,1390,1750,ENSMUSG00000045817,Zfp36l2,T,0.00848610811516854,252,0.181294964028777,1.07684840079743
LV-GGM,1391,2861,ENSMUSG00000048546,Tob2,F,0.00848461947365008,252,0.181164629762761,1.07607424666314
LV-GGM,1392,2220,ENSMUSG00000056851,Pcbp2,F,0.00848394012012098,252,0.181034482758621,1.07530120481928
LV-GGM,1393,2453,ENSMUSG00000024805,Pcgf5,F,0.00848173403060135,252,0.180904522613065,1.07452927287038
LV-GGM,1394,92,ENSMUSG00000021451,Sema4d,F,0.00847658209457985,252,0.18077474892396,1.07375844842786
LV-GGM,1395,2693,ENSMUSG00000040943,Tet2,F,0.00847378656665733,252,0.180645161290323,1.07298872910999
LV-GGM,1396,2320,ENSMUSG00000032740,Ccdc88a,F,0.00847258491101565,252,0.180515759312321,1.07222011254186
LV-GGM,1397,1291,ENSMUSG00000019842,Traf3ip2,F,0.00847106062145008,252,0.180386542591267,1.07145259635536
LV-GGM,1398,812,ENSMUSG00000021219,Rgs6,F,0.0084627565174407,252,0.180257510729614,1.07068617818915
LV-GGM,1399,2417,ENSMUSG00000030120,Mlf2,F,0.00846232707185715,252,0.180128663330951,1.06992085568866
LV-GGM,1400,1966,ENSMUSG00000026586,Prrx1,F,0.00844399681785397,252,0.18,1.06915662650602
LV-GGM,1401,1077,ENSMUSG00000026991,Pkp4,F,0.00844242150455144,252,0.179871520342612,1.0683934883001
LV-GGM,1402,1662,ENSMUSG00000053580,Tanc2,F,0.00842751001583397,252,0.179743223965763,1.0676314387364
LV-GGM,1403,2206,ENSMUSG00000043716,Rpl7,F,0.00841887172977603,252,0.179615110477548,1.06687047548712
LV-GGM,1404,256,ENSMUSG00000071369,Map3k5,T,0.00840036036525474,253,0.18019943019943,1.07034119383517
LV-GGM,1405,1675,ENSMUSG00000037286,Stag1,F,0.00839043983009657,253,0.180071174377224,1.06957938515628
LV-GGM,1406,520,ENSMUSG00000036158,Prickle1,F,0.00836457375026156,253,0.179943100995733,1.06881866013128
LV-GGM,1407,1343,ENSMUSG00000043556,Fbxl7,F,0.00835548997216986,253,0.179815209665956,1.06805901644959
LV-GGM,1408,1012,ENSMUSG00000087700,Gm15283,F,0.0083491626877843,253,0.1796875,1.06730045180723
LV-GGM,1409,1169,ENSMUSG00000097911,Gm26691,F,0.00834568862006235,253,0.179559971611072,1.06654296390673
LV-GGM,1410,2971,ENSMUSG00000085438,1700020I14Rik,F,0.008342454221954,253,0.179432624113475,1.06578655045715
LV-GGM,1411,2448,ENSMUSG00000028530,Jak1,F,0.00833773676230649,253,0.179305457122608,1.06503120917405
LV-GGM,1412,442,ENSMUSG00000029446,Psph,F,0.00832587484003774,253,0.179178470254958,1.06427693777945
LV-GGM,1413,2211,ENSMUSG00000022199,Slc22a17,F,0.00830104650083198,253,0.179051663128096,1.06352373400182
LV-GGM,1414,484,ENSMUSG00000018196,Glrx2,F,0.00829328884383842,253,0.178925035360679,1.06277159557608
LV-GGM,1415,740,ENSMUSG00000036095,Dgkb,F,0.00828288175396298,253,0.178798586572438,1.06202052024352
LV-GGM,1416,909,ENSMUSG00000036006,Ripor2,F,0.00827468378703241,253,0.178672316384181,1.06127050575182
LV-GGM,1417,251,ENSMUSG00000022656,Nectin3,F,0.00826996320830119,253,0.178546224417784,1.06052154985503
LV-GGM,1418,2697,ENSMUSG00000020964,Sel1l,F,0.00826286473787377,253,0.178420310296192,1.05977365031352
LV-GGM,1419,463,ENSMUSG00000075702,Selenom,F,0.00825700660486624,253,0.178294573643411,1.05902680489399
LV-GGM,1420,530,ENSMUSG00000007950,Abhd8,F,0.00825670657623176,253,0.178169014084507,1.05828101136942
LV-GGM,1421,876,ENSMUSG00000031626,Sorbs2,F,0.00825653814526488,253,0.178043631245602,1.05753626751906
LV-GGM,1422,722,ENSMUSG00000013367,Iglon5,F,0.00825604115937813,253,0.177918424753868,1.0567925711284
LV-GGM,1423,70,ENSMUSG00000048388,Fam171b,F,0.00825122010130122,253,0.177793394237526,1.05604991998916
LV-GGM,1424,772,ENSMUSG00000022150,Dab2,F,0.00823971585115425,253,0.177668539325843,1.05530831189928
LV-GGM,1425,555,ENSMUSG00000024502,Jakmip2,F,0.00823291268787238,253,0.177543859649123,1.05456774466286
LV-GGM,1426,2348,ENSMUSG00000037857,Nufip2,F,0.00823242184401166,253,0.17741935483871,1.05382821609017
LV-GGM,1427,1923,ENSMUSG00000022763,Aifm3,F,0.00821881279053118,253,0.17729502452698,1.0530897239976
LV-GGM,1428,224,ENSMUSG00000061517,Sox21,T,0.00819811557131004,254,0.177871148459384,1.05651176133104
LV-GGM,1429,2033,ENSMUSG00000027346,Gpcpd1,F,0.00816587233127367,254,0.177746675997201,1.05577242489904
LV-GGM,1430,1479,ENSMUSG00000045658,Pid1,F,0.00816544094098206,254,0.177622377622378,1.055034122504
LV-GGM,1431,1736,ENSMUSG00000037266,Rsrp1,F,0.00816244759860196,254,0.177498252969951,1.05429685197814
LV-GGM,1432,906,ENSMUSG00000020451,Limk2,F,0.00815643122738251,254,0.177374301675978,1.05356061115972
LV-GGM,1433,1553,ENSMUSG00000060938,Rpl26,F,0.00814678725007757,254,0.17725052337753,1.05282539789304
LV-GGM,1434,737,ENSMUSG00000029673,Auts2,F,0.00814405355403451,254,0.177126917712692,1.0520912100284
LV-GGM,1435,1982,ENSMUSG00000022048,Dpysl2,F,0.00813939803096895,254,0.177003484320557,1.05135804542211
LV-GGM,1436,1666,ENSMUSG00000026987,Baz2b,F,0.00813611332796313,254,0.176880222841226,1.05062590193644
LV-GGM,1437,655,ENSMUSG00000085148,Mir22hg,F,0.00813212918870401,254,0.176757132915797,1.04989477743961
LV-GGM,1438,2236,ENSMUSG00000055137,Sugct,F,0.00813030539651144,254,0.17663421418637,1.04916466980579
LV-GGM,1439,1023,ENSMUSG00000042246,Tmc7,F,0.00813013357675571,254,0.176511466296039,1.04843557691503
LV-GGM,1440,671,ENSMUSG00000030411,Nova2,F,0.00813000028070251,254,0.176388888888889,1.04770749665328
LV-GGM,1441,1795,ENSMUSG00000039197,Adk,F,0.00812166775299568,254,0.176266481609993,1.04698042691237
LV-GGM,1442,2571,ENSMUSG00000029775,Klhdc10,F,0.00811330648314423,254,0.176144244105409,1.04625436558996
LV-GGM,1443,2286,ENSMUSG00000022811,Zfp148,T,0.00811317339409627,255,0.176715176715177,1.04964556771786
LV-GGM,1444,1516,ENSMUSG00000109394,A230057D06Rik,F,0.00810962488512792,255,0.176592797783934,1.04891866635517
LV-GGM,1445,1274,ENSMUSG00000023004,Tuba1b,T,0.00808885854509553,256,0.177162629757785,1.05230333097094
LV-GGM,1446,94,ENSMUSG00000022018,Rgcc,F,0.00808772091951672,256,0.177040110650069,1.05157559699378
LV-GGM,1447,2612,ENSMUSG00000038733,Wdr26,F,0.00808726405298179,256,0.176917760884589,1.0508488688687
LV-GGM,1448,992,ENSMUSG00000017754,Pltp,F,0.00806822262673216,256,0.176795580110497,1.05012314451175
LV-GGM,1449,1444,ENSMUSG00000028525,Pde4b,T,0.00806746746166883,257,0.17736369910283,1.05349763443006
LV-GGM,1450,1157,ENSMUSG00000031511,Arhgef7,F,0.00806010835052618,257,0.177241379310345,1.05277108433735
LV-GGM,1451,2400,ENSMUSG00000024219,Anks1,F,0.00806010614835194,257,0.177119228118539,1.05204553569204
LV-GGM,1452,547,ENSMUSG00000001552,Jup,F,0.00805191904679099,257,0.176997245179063,1.05132098642504
LV-GGM,1453,2670,ENSMUSG00000020530,Ggnbp2,F,0.00804457479273045,257,0.176875430144529,1.05059743447292
LV-GGM,1454,2042,ENSMUSG00000047921,Trappc9,F,0.00804398289112283,257,0.176753782668501,1.04987487777796
LV-GGM,1455,1817,ENSMUSG00000037487,Ubr5,F,0.00802295256135099,257,0.176632302405498,1.04915331428808
LV-GGM,1456,2753,ENSMUSG00000028797,Tmem234,T,0.00802231124391282,258,0.177197802197802,1.05251224678936
LV-GGM,1457,2973,ENSMUSG00000037426,Depdc5,F,0.00802160923573219,258,0.177076183939602,1.05178986364125
LV-GGM,1458,1868,ENSMUSG00000045962,Wnk1,F,0.00800223996468967,258,0.176954732510288,1.05106847141653
LV-GGM,1459,459,ENSMUSG00000039239,Tgfb2,F,0.00799632347932723,258,0.176833447566827,1.05034806807766
LV-GGM,1460,583,ENSMUSG00000023087,Noct,F,0.00797808999750946,258,0.176712328767123,1.04962865159267
LV-GGM,1461,479,ENSMUSG00000028785,Hpca,T,0.0079717235359789,259,0.177275838466804,1.0529757634233
LV-GGM,1462,2863,ENSMUSG00000002748,Baz1b,F,0.0079673838359362,259,0.177154582763338,1.05225553376296
LV-GGM,1463,607,ENSMUSG00000034675,Dbn1,F,0.00794885571843447,259,0.177033492822967,1.05153628869545
LV-GGM,1464,659,ENSMUSG00000098720,Gm27239,F,0.0079332686247075,259,0.176912568306011,1.05081802620317
LV-GGM,1465,2595,ENSMUSG00000040451,Sgms1,F,0.00792359150596541,259,0.17679180887372,1.05010074427402
LV-GGM,1466,499,ENSMUSG00000024486,Hbegf,F,0.00792104454598355,259,0.176671214188267,1.0493844409014
LV-GGM,1467,296,ENSMUSG00000020656,Grhl1,F,0.00791032839085526,259,0.176550783912747,1.04866911408415
LV-GGM,1468,468,ENSMUSG00000029695,Aass,F,0.00789005429608728,259,0.176430517711172,1.0479547618266
LV-GGM,1469,1325,ENSMUSG00000064202,4430402I18Rik,F,0.00788048261596888,259,0.176310415248468,1.04724138213849
LV-GGM,1470,941,ENSMUSG00000040649,Rimklb,F,0.00787836205379142,259,0.176190476190476,1.046528973035
LV-GGM,1471,752,ENSMUSG00000020121,Srgap1,F,0.00787533053446589,259,0.176070700203943,1.04581753253667
LV-GGM,1472,1059,ENSMUSG00000035637,Grhpr,F,0.00787130957436744,259,0.175951086956522,1.04510705866946
LV-GGM,1473,1286,ENSMUSG00000031758,Cdyl2,F,0.00786537808344418,259,0.175831636116768,1.04439754946466
LV-GGM,1474,1925,ENSMUSG00000020044,Timp3,F,0.00785972729092528,259,0.175712347354138,1.04368900295892
LV-GGM,1475,1813,ENSMUSG00000003970,Rpl8,F,0.00783851868184061,259,0.175593220338983,1.0429814171942
LV-GGM,1476,378,ENSMUSG00000022475,Hdac7,T,0.0078378860852215,260,0.176151761517615,1.04629901720704
LV-GGM,1477,297,ENSMUSG00000026833,Olfm1,F,0.00783674186575294,260,0.17603249830738,1.04559062247636
LV-GGM,1478,2532,ENSMUSG00000039286,Fndc3b,F,0.00782808862516927,260,0.175913396481732,1.04488318633125
LV-GGM,1479,1020,ENSMUSG00000020774,Aspa,F,0.00781821703756465,260,0.17579445571332,1.04417670682731
LV-GGM,1480,2142,ENSMUSG00000030795,Fus,F,0.00781715577271872,260,0.175675675675676,1.0434711820254
LV-GGM,1481,605,ENSMUSG00000038860,Garnl3,F,0.00781475593941642,260,0.175557056043214,1.04276660999162
LV-GGM,1482,1027,ENSMUSG00000021190,Lgmn,F,0.00781013909426982,260,0.175438596491228,1.04206298879729
LV-GGM,1483,2446,ENSMUSG00000022528,Hes1,F,0.00779666932041345,260,0.175320296695887,1.04136031651894
LV-GGM,1484,1936,ENSMUSG00000036333,Kidins220,F,0.0077925958376903,260,0.175202156334232,1.04065859123827
LV-GGM,1485,993,ENSMUSG00000034762,Glis1,T,0.00778922614484066,261,0.175757575757576,1.04395764877693
LV-GGM,1486,768,ENSMUSG00000029516,Cit,F,0.00778594461417897,261,0.17563930013459,1.04325512007654
LV-GGM,1487,1676,ENSMUSG00000061601,Pclo,F,0.00777630367469639,261,0.175521183591123,1.04255353627016
LV-GGM,1488,1205,ENSMUSG00000116305,AC162302.2,F,0.00777575403854572,261,0.175403225806452,1.04185289545278
LV-GGM,1489,2664,ENSMUSG00000031751,Amfr,F,0.00777378750753402,261,0.175285426460712,1.04115319572447
LV-GGM,1490,1071,ENSMUSG00000021559,Dapk1,F,0.00777361169423307,261,0.175167785234899,1.04045443519043
LV-GGM,1491,2785,ENSMUSG00000062997,Rpl35,F,0.00776430134311084,261,0.175050301810865,1.03975661196092
LV-GGM,1492,2433,ENSMUSG00000027770,Dhx36,F,0.0077607455058109,261,0.174932975871314,1.0390597241513
LV-GGM,1493,2057,ENSMUSG00000024654,Asrgl1,F,0.00775205561703208,261,0.174815807099799,1.03836376988194
LV-GGM,1494,399,ENSMUSG00000062257,Opcml,F,0.00772928312158704,261,0.174698795180723,1.03766874727827
LV-GGM,1495,1038,ENSMUSG00000085912,Trp53cor1,F,0.00772015275073516,261,0.174581939799331,1.03697465447073
LV-GGM,1496,2379,ENSMUSG00000030894,Tpp1,F,0.00771805510841448,261,0.174465240641711,1.03628148959474
LV-GGM,1497,175,ENSMUSG00000022378,Fam49b,F,0.00771653254242184,261,0.17434869739479,1.03558925079074
LV-GGM,1498,1052,ENSMUSG00000037762,Slc16a9,F,0.00770919708258729,261,0.174232309746328,1.0348979362041
LV-GGM,1499,1256,ENSMUSG00000038305,Spats2l,F,0.00769810526955679,261,0.174116077384923,1.03420754398515
LV-GGM,1500,2713,ENSMUSG00000085793,Lin52,F,0.00768986515102083,261,0.174,1.03351807228916
LV-GGM,1501,1808,ENSMUSG00000028957,Per3,F,0.00768684135308356,261,0.173884077281812,1.03282951927631
LV-GGM,1502,2894,ENSMUSG00000004535,Tax1bp1,F,0.0076766602381658,261,0.173768308921438,1.03214188311167
LV-GGM,1503,1825,ENSMUSG00000026074,Map4k4,T,0.00767232892123478,262,0.174318030605456,1.03540709745168
LV-GGM,1504,695,ENSMUSG00000024924,Vldlr,F,0.00766410608093464,262,0.174202127659574,1.03471866188157
LV-GGM,1505,1019,ENSMUSG00000060206,Zfp462,T,0.00766190167167688,263,0.174750830564784,1.03797782492095
LV-GGM,1506,1482,ENSMUSG00000031618,Nr3c2,T,0.00764729248041087,264,0.175298804780877,1.04123265972256
LV-GGM,1507,346,ENSMUSG00000008090,Fgfrl1,T,0.00764144285604736,265,0.175846051758461,1.04448317490266
LV-GGM,1508,1970,ENSMUSG00000029629,Phf14,T,0.00763910608697547,266,0.176392572944297,1.04772937905468
LV-GGM,1509,172,ENSMUSG00000062991,Nrg1,T,0.00763707460600719,267,0.176938369781312,1.05097128074924
LV-GGM,1510,810,ENSMUSG00000020160,Meis1,F,0.00763384426075072,267,0.17682119205298,1.05027527327854
LV-GGM,1511,68,ENSMUSG00000034463,Scara3,F,0.0076253204245165,267,0.176704169424222,1.04958018706195
LV-GGM,1512,856,ENSMUSG00000001334,Fndc5,F,0.00762221361149959,267,0.176587301587302,1.04888602027156
LV-GGM,1513,781,ENSMUSG00000020520,Galnt10,F,0.00761453804603321,267,0.176470588235294,1.04819277108434
LV-GGM,1514,1132,ENSMUSG00000027276,Jag1,F,0.00760900790782061,267,0.176354029062087,1.04750043768204
LV-GGM,1515,2353,ENSMUSG00000000563,Atp5f1,F,0.00760659460386038,267,0.176237623762376,1.04680901825122
LV-GGM,1516,2997,ENSMUSG00000032249,Anp32a,F,0.0076033129599058,267,0.176121372031662,1.04611851098325
LV-GGM,1517,1926,ENSMUSG00000058325,Dock1,T,0.00759846963351359,268,0.176664469347396,1.04934437817188
LV-GGM,1518,2437,ENSMUSG00000024812,Tjp2,F,0.00759366111125828,268,0.176548089591568,1.04865311046558
LV-GGM,1519,1049,ENSMUSG00000035472,Slc25a21,F,0.0075870560068848,268,0.176431863067808,1.04796275292083
LV-GGM,1520,2410,ENSMUSG00000047126,Cltc,F,0.00757853746532636,268,0.176315789473684,1.04727330374128
LV-GGM,1521,1241,ENSMUSG00000027895,Kcnc4,F,0.00755808529306915,268,0.176199868507561,1.04658476113527
LV-GGM,1522,1129,ENSMUSG00000087231,E230016M11Rik,F,0.00755654993830624,268,0.176084099868594,1.04589712331587
LV-GGM,1523,2090,ENSMUSG00000047187,Rab2a,T,0.00754969907677209,269,0.176625082074852,1.04911042726388
LV-GGM,1524,1599,ENSMUSG00000059439,Bcas3,F,0.007547590075985,269,0.176509186351706,1.04842203459507
LV-GGM,1525,2405,ENSMUSG00000052738,Suclg1,F,0.00754123220296682,269,0.176393442622951,1.04773454473632
LV-GGM,1526,2342,ENSMUSG00000047888,Tnrc6b,F,0.00754101154582674,269,0.176277850589777,1.04704795591277
LV-GGM,1527,2750,ENSMUSG00000015149,Sirt2,F,0.00753476706777587,269,0.176162409954158,1.04636226635422
LV-GGM,1528,2807,ENSMUSG00000038116,Phf20,T,0.00753015214070045,270,0.176701570680628,1.0495647511512
LV-GGM,1529,1656,ENSMUSG00000042249,Grk3,T,0.00752989064795432,271,0.177240026160889,1.05276304695564
LV-GGM,1530,2534,ENSMUSG00000048000,Gigyf2,F,0.00752217115113995,271,0.177124183006536,1.0520749665328
LV-GGM,1531,1747,ENSMUSG00000042348,Arl15,F,0.00750822924944804,271,0.177008491182234,1.05138778497399
LV-GGM,1532,1433,ENSMUSG00000058317,Ube2e2,F,0.0075063885782947,271,0.176892950391645,1.05070150051905
LV-GGM,1533,1148,ENSMUSG00000009073,Nf2,F,0.00750623299165554,271,0.176777560339204,1.05001611141238
LV-GGM,1534,56,ENSMUSG00000052539,Magi3,T,0.0075046064357564,272,0.177314211212516,1.05320368828639
LV-GGM,1535,2307,ENSMUSG00000004591,Pkn2,F,0.00748351494723337,272,0.177198697068404,1.0525175621051
LV-GGM,1536,667,ENSMUSG00000022456,Sept3,F,0.00747416647183941,272,0.177083333333333,1.05183232931727
LV-GGM,1537,393,ENSMUSG00000001833,Sept7,F,0.00747251780610774,272,0.176968119713728,1.05114798817913
LV-GGM,1538,2216,ENSMUSG00000004270,Lpcat3,F,0.00746336712673832,272,0.176853055916775,1.05046453695145
LV-GGM,1539,197,ENSMUSG00000033768,Nrxn2,T,0.00745473113048185,273,0.177387914230019,1.0536414664506
LV-GGM,1540,133,ENSMUSG00000003623,Crot,F,0.007453514716826,273,0.177272727272727,1.05295728368018
LV-GGM,1541,2468,ENSMUSG00000032741,Tpcn1,T,0.00745327808155116,274,0.17780661907852,1.05612847235796
LV-GGM,1542,1367,ENSMUSG00000091586,Cyp4f17,F,0.00744356981079282,274,0.17769130998703,1.05544356413983
LV-GGM,1543,681,ENSMUSG00000030545,Pex11a,F,0.00742736731378483,274,0.177576150356448,1.05475954368348
LV-GGM,1544,72,ENSMUSG00000031647,Mfap3l,F,0.00740057574701609,274,0.177461139896373,1.054076409264
LV-GGM,1545,2650,ENSMUSG00000001627,Ifrd1,F,0.00738267639947638,274,0.177346278317152,1.05339415916092
LV-GGM,1546,1541,ENSMUSG00000039852,Rere,F,0.00738195663703767,274,0.177231565329884,1.05271279165822
LV-GGM,1547,910,ENSMUSG00000021280,Exoc3l4,T,0.00737662771198104,275,0.177763413057531,1.05587183900437
LV-GGM,1548,2828,ENSMUSG00000026349,Ccnt2,F,0.00737170246064699,275,0.17764857881137,1.05518975125307
LV-GGM,1549,1993,ENSMUSG00000031592,Pcm1,F,0.0073716759582297,275,0.177533892834087,1.05450854418319
LV-GGM,1550,2714,ENSMUSG00000028538,St3gal3,F,0.00736403472302312,275,0.17741935483871,1.05382821609017
LV-GGM,1551,1848,ENSMUSG00000061477,Rps7,F,0.00736262556583562,275,0.177304964539007,1.05314876527386
LV-GGM,1552,448,ENSMUSG00000021259,Cyp46a1,F,0.00735510198885294,275,0.177190721649485,1.0524701900385
LV-GGM,1553,155,ENSMUSG00000031565,Fgfr1,T,0.0073495509110032,276,0.177720540888603,1.05561718865158
LV-GGM,1554,2339,ENSMUSG00000038024,Dennd4c,F,0.00734834304077157,276,0.177606177606178,1.05493789831139
LV-GGM,1555,508,ENSMUSG00000060240,Cend1,F,0.00734334174528746,276,0.177491961414791,1.05425948165653
LV-GGM,1556,543,ENSMUSG00000062480,Acat3,F,0.00733894566272098,276,0.177377892030848,1.05358193700251
LV-GGM,1557,2228,ENSMUSG00000055067,Smyd3,F,0.0073389238763136,276,0.177263969171484,1.05290526266917
LV-GGM,1558,258,ENSMUSG00000035275,Raver2,F,0.00733692132462975,276,0.177150192554557,1.05222945698068
LV-GGM,1559,2692,ENSMUSG00000033943,Mga,F,0.00733391554838197,276,0.177036561898653,1.05155451826549
LV-GGM,1560,696,ENSMUSG00000038453,Srcin1,F,0.00732940784169715,276,0.176923076923077,1.05088044485635
LV-GGM,1561,2374,ENSMUSG00000026509,Capn2,T,0.00731471646234862,277,0.177450352338245,1.05401233376813
LV-GGM,1562,1874,ENSMUSG00000040952,Rps19,F,0.00728876908326683,277,0.177336747759283,1.05333754994369
LV-GGM,1563,1096,ENSMUSG00000020486,Sept4,F,0.0072809457666278,277,0.177223288547665,1.05266362956625
LV-GGM,1564,1287,ENSMUSG00000023960,Enpp5,F,0.00727948832748826,277,0.177109974424552,1.05199057097957
LV-GGM,1565,566,ENSMUSG00000087620,5330434G04Rik,F,0.00726680064778589,277,0.176996805111821,1.05131837253166
LV-GGM,1566,2294,ENSMUSG00000024603,Dctn4,F,0.00725870265557641,277,0.176883780332056,1.05064703257474
LV-GGM,1567,2326,ENSMUSG00000021458,2010111I01Rik,F,0.00724837358102415,277,0.176770899808551,1.04997654946525
LV-GGM,1568,2282,ENSMUSG00000021720,Rnf180,F,0.00724333324764153,277,0.176658163265306,1.04930692156381
LV-GGM,1569,2009,ENSMUSG00000039087,Rreb1,T,0.00724212706790069,278,0.177182919056724,1.05242384451765
LV-GGM,1570,1085,ENSMUSG00000063646,Jakmip1,F,0.00724150825376345,278,0.177070063694268,1.05175351085872
LV-GGM,1571,1746,ENSMUSG00000029763,Exoc4,T,0.00723896662625812,279,0.177593889242521,1.05486490839232
LV-GGM,1572,1410,ENSMUSG00000004637,Wwox,F,0.00723491754626521,279,0.177480916030534,1.05419387473558
LV-GGM,1573,2505,ENSMUSG00000037270,4932438A13Rik,F,0.00723370269768416,279,0.177368086458996,1.05352369426849
LV-GGM,1574,2644,ENSMUSG00000025862,Stag2,F,0.00723355175294264,279,0.17725540025413,1.05285436536489
LV-GGM,1575,578,ENSMUSG00000046961,Gpr156,F,0.00723157413646563,279,0.177142857142857,1.05218588640275
LV-GGM,1576,2404,ENSMUSG00000027312,Atrn,F,0.00722988160962109,279,0.177030456852792,1.05151825576417
LV-GGM,1577,1501,ENSMUSG00000025290,Rps24,F,0.00722965585339488,279,0.176918199112238,1.05085147183534
LV-GGM,1578,2440,ENSMUSG00000021957,Tkt,F,0.00722569107351338,279,0.17680608365019,1.05018553300655
LV-GGM,1579,505,ENSMUSG00000042978,Sbk1,F,0.00722514585601824,279,0.176694110196327,1.04952043767216
LV-GGM,1580,531,ENSMUSG00000037754,Ppp1r16b,F,0.00721902704815929,279,0.176582278481013,1.04885618423059
LV-GGM,1581,2820,ENSMUSG00000021725,Parp8,F,0.00720836479471514,279,0.176470588235294,1.04819277108434
LV-GGM,1582,2654,ENSMUSG00000071226,Cecr2,F,0.00720581924400773,279,0.176359039190898,1.04753019663991
LV-GGM,1583,2181,ENSMUSG00000087413,Gm11266,F,0.00719971260063937,279,0.176247631080227,1.04686845930786
LV-GGM,1584,561,ENSMUSG00000024268,Celf4,F,0.00719598080853375,279,0.176136363636364,1.04620755750274
LV-GGM,1585,1988,ENSMUSG00000021843,Ktn1,F,0.00718294649539132,279,0.17602523659306,1.04554748964311
LV-GGM,1586,185,ENSMUSG00000021420,Fars2,F,0.00716578611916209,279,0.175914249684741,1.04488825415154
LV-GGM,1587,2866,ENSMUSG00000039262,Prrc2b,F,0.00714850784133318,279,0.175803402646503,1.04422984945453
LV-GGM,1588,2306,ENSMUSG00000058558,Rpl5,F,0.00714716150402119,279,0.175692695214106,1.04357227398258
LV-GGM,1589,1371,ENSMUSG00000021591,Glrx,F,0.00713835589374401,279,0.175582127123977,1.04291552617013
LV-GGM,1590,1320,ENSMUSG00000041633,Kctd12b,F,0.00712895032809976,279,0.175471698113208,1.04225960445556
LV-GGM,1591,2810,ENSMUSG00000021242,Npc2,F,0.00712382151214869,279,0.175361407919547,1.04160450728117
LV-GGM,1592,2483,ENSMUSG00000067274,Rplp0,F,0.0071071303464014,279,0.175251256281407,1.04095023309318
LV-GGM,1593,1195,ENSMUSG00000018377,Vezf1,F,0.00710610298486541,279,0.175141242937853,1.04029678034171
LV-GGM,1594,1165,ENSMUSG00000046352,Gjb2,F,0.00709888376059899,279,0.175031367628607,1.03964414748076
LV-GGM,1595,2906,ENSMUSG00000043962,Thrap3,F,0.00709431087936236,279,0.174921630094044,1.03899233296824
LV-GGM,1596,2133,ENSMUSG00000039630,Hnrnpu,F,0.00708787805107874,279,0.174812030075188,1.03834133526588
LV-GGM,1597,2496,ENSMUSG00000028917,Plekhm2,F,0.00708088297856824,279,0.174702567313713,1.03769115283928
LV-GGM,1598,2278,ENSMUSG00000040147,Maob,F,0.00707888940926709,279,0.17459324155194,1.03704178415791
LV-GGM,1599,887,ENSMUSG00000027434,Nkx2-2,F,0.00707867531823328,279,0.174484052532833,1.03639322769502
LV-GGM,1600,2357,ENSMUSG00000002625,Akap8l,T,0.00707567496869447,280,0.175,1.0394578313253
LV-GGM,1601,1943,ENSMUSG00000003452,Bicd1,F,0.00705359570324803,280,0.174890693316677,1.03880857596532
LV-GGM,1602,2436,ENSMUSG00000045983,Eif4g1,F,0.00705098904761653,280,0.17478152309613,1.03816013116135
LV-GGM,1603,724,ENSMUSG00000055540,Epha6,T,0.00705066978303701,281,0.175296319401123,1.04121789716571
LV-GGM,1604,2591,ENSMUSG00000042390,Gatad2b,F,0.00704673145509525,281,0.175187032418953,1.04056875882583
LV-GGM,1605,2951,ENSMUSG00000020459,Mtif2,F,0.00703593120929521,281,0.175077881619938,1.03992042938108
LV-GGM,1606,551,ENSMUSG00000086429,Gt(ROSA)26Sor,F,0.00703040362885108,281,0.174968866749689,1.03927290732044
LV-GGM,1607,2045,ENSMUSG00000020640,Itsn2,F,0.00702958716714652,281,0.174859987554449,1.03862619113667
LV-GGM,1608,1364,ENSMUSG00000056458,Mok,F,0.00702808732331663,281,0.174751243781095,1.03798027932626
LV-GGM,1609,1858,ENSMUSG00000022995,Enah,F,0.00701798977070371,281,0.174642635177129,1.03733517038945
LV-GGM,1610,1135,ENSMUSG00000047907,Tshz2,F,0.00701628879074348,281,0.174534161490683,1.0366908628302
LV-GGM,1611,1329,ENSMUSG00000030847,Bag3,F,0.00700660589913595,281,0.174425822470515,1.03604735515619
LV-GGM,1612,2604,ENSMUSG00000038240,Pdss2,F,0.00698868217134054,281,0.174317617866005,1.0354046458788
LV-GGM,1613,350,ENSMUSG00000086968,4933431E20Rik,F,0.00698737596162053,281,0.174209547427154,1.0347627335131
LV-GGM,1614,2075,ENSMUSG00000023456,Tpi1,F,0.00698522499868309,281,0.174101610904585,1.03412161657784
LV-GGM,1615,420,ENSMUSG00000073514,Dok6,F,0.00698233053897669,281,0.173993808049536,1.03348129359543
LV-GGM,1616,2315,ENSMUSG00000026790,Odf2,F,0.00698232625893981,281,0.173886138613861,1.03284176309197
LV-GGM,1617,2029,ENSMUSG00000058756,Thra,F,0.00698046708955845,281,0.173778602350031,1.03220302359717
LV-GGM,1618,1639,ENSMUSG00000020961,Ston2,F,0.00697406771343485,281,0.173671199011125,1.03156507364439
LV-GGM,1619,2229,ENSMUSG00000055436,Srsf11,F,0.00696875192925664,281,0.173563928350834,1.03092791177062
LV-GGM,1620,824,ENSMUSG00000032017,Grik4,T,0.00696755678609594,282,0.174074074074074,1.03395805443998
LV-GGM,1621,642,ENSMUSG00000026207,Speg,F,0.0069665556496452,282,0.173966687230105,1.03332020246315
LV-GGM,1622,2177,ENSMUSG00000045038,Prkce,T,0.00696330339980395,283,0.174475955610358,1.03634513392658
LV-GGM,1623,2108,ENSMUSG00000042439,Zfp532,T,0.00696160992290681,284,0.174984596426371,1.03936633780965
LV-GGM,1624,2691,ENSMUSG00000026839,Upp2,F,0.00695726175769918,284,0.17487684729064,1.03872633390706
LV-GGM,1625,2909,ENSMUSG00000036104,Rab3gap1,T,0.00695255012051191,285,0.175384615384615,1.04174235403151
LV-GGM,1626,1128,ENSMUSG00000029406,Pitpnm2,T,0.00692844552336551,286,0.175891758917589,1.04475466441411
LV-GGM,1627,612,ENSMUSG00000033964,Zbtb41,F,0.00692801650281445,286,0.175783650891211,1.04411252878755
LV-GGM,1628,48,ENSMUSG00000024827,Gldc,F,0.00692573110466945,286,0.175675675675676,1.0434711820254
LV-GGM,1629,2872,ENSMUSG00000020149,Rab1,T,0.00691490857409065,287,0.176181706568447,1.0464768835933
LV-GGM,1630,391,ENSMUSG00000030759,Far1,F,0.00691152543703923,287,0.176073619631902,1.04583487323527
LV-GGM,1631,634,ENSMUSG00000070476,Fam217b,F,0.00689945320491608,287,0.175965665236052,1.04519365013703
LV-GGM,1632,2056,ENSMUSG00000021134,Srsf5,F,0.00689117509964127,287,0.175857843137255,1.04455321285141
LV-GGM,1633,2266,ENSMUSG00000026219,Trip12,F,0.00687648570418798,287,0.175750153092468,1.04391355993478
LV-GGM,1634,1782,ENSMUSG00000063882,Uqcrh,F,0.00686385150506287,287,0.175642594859241,1.04327468994706
LV-GGM,1635,336,ENSMUSG00000005917,Otx1,F,0.00685348451228871,287,0.175535168195719,1.04263660145168
LV-GGM,1636,229,ENSMUSG00000024589,Nedd4l,F,0.00683044561591488,287,0.175427872860636,1.04199929301558
LV-GGM,1637,2518,ENSMUSG00000040681,Hmgn1,T,0.00683031705053738,288,0.175931582162492,1.04499120489288
LV-GGM,1638,274,ENSMUSG00000049119,Fam110b,F,0.00682656697472349,288,0.175824175824176,1.04435323712432
LV-GGM,1639,854,ENSMUSG00000025475,Adgra1,T,0.00681602021189907,289,0.176327028676022,1.04734006189493
LV-GGM,1640,2238,ENSMUSG00000054556,Gm4876,F,0.00681501496408368,289,0.176219512195122,1.04670143990597
LV-GGM,1641,1503,ENSMUSG00000091803,Cox16,F,0.00681339134488109,289,0.176112126751981,1.04606359624972
LV-GGM,1642,1104,ENSMUSG00000026080,Chst10,F,0.00680732807983063,289,0.176004872107186,1.04542652950413
LV-GGM,1643,2779,ENSMUSG00000021244,Ylpm1,F,0.00680636504647624,289,0.175897748021911,1.04479023825063
LV-GGM,1644,1869,ENSMUSG00000000631,Myo18a,F,0.00680035804545968,289,0.175790754257908,1.04415472107408
LV-GGM,1645,687,ENSMUSG00000036611,Eepd1,F,0.00678954013404462,289,0.175683890577508,1.04351997656279
LV-GGM,1646,618,ENSMUSG00000026014,Raph1,F,0.00676634906247567,289,0.175577156743621,1.0428860033085
LV-GGM,1647,2103,ENSMUSG00000095139,Pou3f2,F,0.00676096659570752,289,0.175470552519733,1.04225279990636
LV-GGM,1648,881,ENSMUSG00000000253,Gmpr,F,0.00675553538994636,289,0.175364077669903,1.04162036495497
LV-GGM,1649,1700,ENSMUSG00000045608,Dbx2,F,0.00675407368894189,289,0.175257731958763,1.04098869705627
LV-GGM,1650,321,ENSMUSG00000025867,Cplx2,T,0.00675242505127281,290,0.175757575757576,1.04395764877693
LV-GGM,1651,2640,ENSMUSG00000029776,Hibadh,F,0.00674294736762769,290,0.17565112053301,1.04332533039487
LV-GGM,1652,52,ENSMUSG00000025964,Adam23,F,0.00674273338775633,290,0.175544794188862,1.04269377753143
LV-GGM,1653,2517,ENSMUSG00000058793,Cds2,F,0.00673080392414748,290,0.175438596491228,1.04206298879729
LV-GGM,1654,1502,ENSMUSG00000035615,Frmpd1,T,0.00672871095869203,291,0.175937122128174,1.04502411095409
LV-GGM,1655,1126,ENSMUSG00000110156,Gm42067,F,0.00672054629405159,291,0.17583081570997,1.04439267644597
LV-GGM,1656,1173,ENSMUSG00000027695,Pld1,F,0.00671555275350737,291,0.175724637681159,1.0437620045399
LV-GGM,1657,2184,ENSMUSG00000001089,Luzp1,F,0.00670974649860089,291,0.175618587809294,1.0431320938552
LV-GGM,1658,462,ENSMUSG00000046093,Hpcal4,T,0.00670677829896276,292,0.176115802171291,1.04608542735477
LV-GGM,1659,1991,ENSMUSG00000055932,Fto,F,0.00670436384300903,292,0.176009644364075,1.04545487556011
LV-GGM,1660,2585,ENSMUSG00000018326,Ywhab,F,0.00669697435955023,292,0.175903614457831,1.0448250834664
LV-GGM,1661,1324,ENSMUSG00000063564,Col23a1,F,0.00669466587225611,292,0.175797712221553,1.04419604970152
LV-GGM,1662,228,ENSMUSG00000036564,Ndrg4,F,0.00668149018015509,292,0.175691937424789,1.04356777289664
LV-GGM,1663,218,ENSMUSG00000030172,Erc1,F,0.00667710504057512,292,0.175586289837643,1.04294025168624
LV-GGM,1664,2715,ENSMUSG00000044986,Tst,F,0.00661763731474097,292,0.175480769230769,1.04231348470806
LV-GGM,1665,1086,ENSMUSG00000019820,Utrn,T,0.00661355112428593,293,0.175975975975976,1.04525489344766
LV-GGM,1666,638,ENSMUSG00000029482,Aacs,F,0.00659524612335389,293,0.175870348139256,1.04462748955004
LV-GGM,1667,953,ENSMUSG00000097462,9530026P05Rik,F,0.00658783852945356,293,0.175764847030594,1.04400083838654
LV-GGM,1668,465,ENSMUSG00000035184,Fam124a,F,0.0065813499341327,293,0.175659472422062,1.04337493860333
LV-GGM,1669,1754,ENSMUSG00000037876,Jmjd1c,T,0.00657864994463148,294,0.176153385260635,1.04630866184931
LV-GGM,1670,270,ENSMUSG00000006356,Crip2,F,0.00656726480898762,294,0.176047904191617,1.04568212971647
LV-GGM,1671,1022,ENSMUSG00000024187,Fam234a,F,0.0065672432011663,294,0.175942549371634,1.04505634747248
LV-GGM,1672,1000,ENSMUSG00000027860,Vangl1,F,0.00656422653971955,294,0.175837320574163,1.04443131377183
LV-GGM,1673,2509,ENSMUSG00000000326,Comt,F,0.0065587036613678,294,0.175732217573222,1.04380702727227
LV-GGM,1674,2904,ENSMUSG00000005501,Usp40,F,0.00655677087512068,294,0.175627240143369,1.04318348663471
LV-GGM,1675,2854,ENSMUSG00000041624,Gucy1a2,F,0.00654682271021317,294,0.175522388059701,1.04256069052329
LV-GGM,1676,672,ENSMUSG00000031778,Cx3cl1,F,0.00653183662851207,294,0.175417661097852,1.04193863760531
LV-GGM,1677,1712,ENSMUSG00000024277,Mapre2,T,0.00652639414533179,295,0.175909361955874,1.04485922221983
LV-GGM,1678,360,ENSMUSG00000041220,Elovl6,F,0.00652596986218098,295,0.17580452920143,1.04423654091934
LV-GGM,1679,2848,ENSMUSG00000058672,Tubb2a,T,0.00652470855429842,296,0.176295413936867,1.04715227796236
LV-GGM,1680,173,ENSMUSG00000038267,Slc22a23,F,0.00651051419299596,296,0.176190476190476,1.046528973035
LV-GGM,1681,1318,ENSMUSG00000037960,Card19,F,0.00650704966843684,296,0.176085663295657,1.04590640969589
LV-GGM,1682,2836,ENSMUSG00000060657,Marf1,F,0.00649450171917701,296,0.175980975029727,1.04528458662235
LV-GGM,1683,1958,ENSMUSG00000040225,Prrc2c,F,0.00647892452359159,296,0.175876411170529,1.04466350249483
LV-GGM,1684,2840,ENSMUSG00000017677,Wsb1,F,0.00647228128650311,296,0.175771971496437,1.04404315599691
LV-GGM,1685,383,ENSMUSG00000032193,Ldlr,F,0.00646139722570497,296,0.17566765578635,1.04342354581531
LV-GGM,1686,844,ENSMUSG00000038146,Notch3,T,0.00645383310184203,297,0.176156583629893,1.04632765939202
LV-GGM,1687,1283,ENSMUSG00000038393,Txnip,F,0.00644840579700329,297,0.176052163604031,1.04570742959985
LV-GGM,1688,1888,ENSMUSG00000070056,Mfhas1,F,0.00644274295116627,297,0.175947867298578,1.0450879346771
LV-GGM,1689,759,ENSMUSG00000024998,Plce1,T,0.00643603959346493,298,0.17643576080521,1.04798590454179
LV-GGM,1690,2955,ENSMUSG00000033499,Larp4b,F,0.00643282931015151,298,0.176331360946746,1.0473657945391
LV-GGM,1691,2853,ENSMUSG00000025220,Mgea5,F,0.00641685250022073,298,0.176227084565346,1.04674641796043
LV-GGM,1692,701,ENSMUSG00000033355,Rtp4,F,0.00641656048745366,298,0.17612293144208,1.04612777350537
LV-GGM,1693,2428,ENSMUSG00000042207,Kdm5b,T,0.00641237124944329,299,0.176609568812758,1.04901828222518
LV-GGM,1694,2271,ENSMUSG00000021846,Peli2,F,0.00640432735675909,299,0.176505312868949,1.04839902704087
LV-GGM,1695,2376,ENSMUSG00000010517,Faf1,F,0.00640226703358889,299,0.176401179941003,1.04778050254114
LV-GGM,1696,991,ENSMUSG00000041119,Pde9a,T,0.00639984137519304,300,0.17688679245283,1.05066492384633
LV-GGM,1697,1641,ENSMUSG00000036792,Mbd5,T,0.00639894487641824,301,0.177371832645846,1.05354594571569
LV-GGM,1698,1340,ENSMUSG00000038729,Akap2,T,0.0063966299398372,302,0.177856301531213,1.05642357415528
LV-GGM,1699,2884,ENSMUSG00000027288,Zfp106,T,0.00639609603340585,303,0.178340200117716,1.05929781515704
LV-GGM,1700,1056,ENSMUSG00000039830,Olig2,F,0.00639569608887214,303,0.178235294117647,1.05867469879518
LV-GGM,1701,1934,ENSMUSG00000027332,Ivd,F,0.00639301607333105,303,0.178130511463845,1.05805231508043
LV-GGM,1702,311,ENSMUSG00000059248,Sept9,F,0.00637504596361099,303,0.178025851938895,1.05743066272139
LV-GGM,1703,2034,ENSMUSG00000070544,Top1,F,0.00636670285866521,303,0.177921315325895,1.05680974042972
LV-GGM,1704,548,ENSMUSG00000021536,Adcy2,T,0.00635431079024987,304,0.178403755868545,1.05967532100232
LV-GGM,1705,662,ENSMUSG00000014245,Pigl,F,0.00634863362176627,304,0.178299120234604,1.05905381055012
LV-GGM,1706,1466,ENSMUSG00000027533,Fabp5,F,0.00634170848165413,304,0.178194607268464,1.05843302871509
LV-GGM,1707,2035,ENSMUSG00000021248,Tmed10,F,0.00632394004514003,304,0.17809021675454,1.05781297421673
LV-GGM,1708,1490,ENSMUSG00000015501,Hivep2,F,0.00632050574407516,304,0.177985948477752,1.05719364577749
LV-GGM,1709,2698,ENSMUSG00000026083,Eif5b,F,0.00631454542723038,304,0.177881802223523,1.05657504212285
LV-GGM,1710,2473,ENSMUSG00000001127,Araf,F,0.00630680438855018,304,0.177777777777778,1.05595716198126
LV-GGM,1711,2596,ENSMUSG00000000416,Cttnbp2,F,0.0063039341288975,304,0.177673874926943,1.05534000408413
LV-GGM,1712,279,ENSMUSG00000025545,Clybl,F,0.00628499699854563,304,0.177570093457944,1.05472356716586
LV-GGM,1713,570,ENSMUSG00000022353,Mtss1,F,0.00627670291050585,304,0.177466433158202,1.05410784996378
LV-GGM,1714,90,ENSMUSG00000039601,Rcan2,T,0.00626848375527506,305,0.177946324387398,1.05695828822876
LV-GGM,1715,2504,ENSMUSG00000015755,Tab2,F,0.00626779437241509,305,0.177842565597668,1.05634198601988
LV-GGM,1716,2668,ENSMUSG00000028936,Rpl22,F,0.00626698936990756,305,0.177738927738928,1.05572640211194
LV-GGM,1717,513,ENSMUSG00000044707,Ccnjl,F,0.00626472853432766,305,0.177635410599884,1.05511153524991
LV-GGM,1718,2023,ENSMUSG00000005871,Apc,F,0.00625680622520186,305,0.177532013969732,1.05449738418166
LV-GGM,1719,237,ENSMUSG00000118257,9630014M24Rik,F,0.00625177999009491,305,0.177428737638162,1.053883947658
LV-GGM,1720,2305,ENSMUSG00000030451,Herc2,F,0.00625109339029003,305,0.177325581395349,1.05327122443261
LV-GGM,1721,2387,ENSMUSG00000022508,Bcl6,F,0.00622513604342747,305,0.177222545031958,1.05265921326211
LV-GGM,1722,613,ENSMUSG00000026675,Hsd17b7,F,0.00622096692418927,305,0.177119628339141,1.05204791290598
LV-GGM,1723,1915,ENSMUSG00000022141,Nipbl,F,0.00621343468402779,305,0.177016831108532,1.05143732212658
LV-GGM,1724,1035,ENSMUSG00000048355,Arxes1,T,0.00620878654622564,306,0.177494199535963,1.05427277555698
LV-GGM,1725,2915,ENSMUSG00000028410,Dnaja1,F,0.00620479636629472,306,0.177391304347826,1.05366160293347
LV-GGM,1726,1211,ENSMUSG00000015243,Abca1,F,0.00620478510355433,306,0.17728852838934,1.05305113850535
LV-GGM,1727,665,ENSMUSG00000028843,Sh3bgrl3,F,0.00620166615799967,306,0.177185871453387,1.05244138104241
LV-GGM,1728,2613,ENSMUSG00000061315,Naca,F,0.00619833499491218,306,0.177083333333333,1.05183232931727
LV-GGM,1729,232,ENSMUSG00000032816,Igdcc4,F,0.00619204020081093,306,0.176980913823019,1.0512239821054
LV-GGM,1730,1703,ENSMUSG00000055320,Tead1,F,0.00619143940890414,306,0.176878612716763,1.05061633818511
LV-GGM,1731,1768,ENSMUSG00000020954,Strn3,F,0.00618256797826827,306,0.176776429809359,1.05000939633752
LV-GGM,1732,1753,ENSMUSG00000020532,Acaca,F,0.00617482377865469,306,0.176674364896074,1.04940315534656
LV-GGM,1733,2968,ENSMUSG00000058761,Rnf169,F,0.00616710285837156,306,0.176572417772649,1.04879761399898
LV-GGM,1734,103,ENSMUSG00000026575,Nme7,F,0.006138718958646,306,0.176470588235294,1.04819277108434
LV-GGM,1735,524,ENSMUSG00000032849,Abcc4,F,0.00612901953022956,306,0.176368876080692,1.04758862539495
LV-GGM,1736,1395,ENSMUSG00000028967,Errfi1,F,0.00612592057741291,306,0.176267281105991,1.04698517572595
LV-GGM,1737,1548,ENSMUSG00000015766,Eps8,F,0.00610957315387078,306,0.176165803108808,1.04638242087521
LV-GGM,1738,624,ENSMUSG00000026389,Steap3,F,0.00610134136249809,306,0.176064441887227,1.04578035964341
LV-GGM,1739,2761,ENSMUSG00000029328,Hnrnpdl,F,0.00609760797538574,306,0.175963197239793,1.04517899083395
LV-GGM,1740,769,ENSMUSG00000037242,Clic4,F,0.00609376572879471,306,0.175862068965517,1.04457831325301
LV-GGM,1741,525,ENSMUSG00000087579,Hectd2os,F,0.00609142309601889,306,0.175761056863871,1.0439783257095
LV-GGM,1742,2476,ENSMUSG00000028580,Pum1,F,0.00608553291535049,306,0.175660160734788,1.04337902701506
LV-GGM,1743,2887,ENSMUSG00000054843,Atrnl1,F,0.00607245940154864,306,0.175559380378657,1.04278041598407
LV-GGM,1744,2037,ENSMUSG00000038290,Smg6,F,0.00607152607204757,306,0.17545871559633,1.04218249143362
LV-GGM,1745,821,ENSMUSG00000028488,Sh3gl2,F,0.00606227864265298,306,0.175358166189112,1.04158525218352
LV-GGM,1746,1708,ENSMUSG00000038538,Ubn2,F,0.00606156618268354,306,0.175257731958763,1.04098869705627
LV-GGM,1747,250,ENSMUSG00000038602,Slc35f1,F,0.0060563196243086,306,0.175157412707499,1.04039282487707
LV-GGM,1748,2418,ENSMUSG00000020376,Rnf130,F,0.0060545352713376,306,0.175057208237986,1.03979763447382
LV-GGM,1749,845,ENSMUSG00000021340,Gpld1,F,0.00604792173066426,306,0.174957118353345,1.0392031246771
LV-GGM,1750,1614,ENSMUSG00000021065,Fut8,F,0.00602793405563663,306,0.174857142857143,1.03860929432014
LV-GGM,1751,2883,ENSMUSG00000067851,Arfgef1,F,0.00601873249219012,306,0.174757281553398,1.03801614223886
LV-GGM,1752,1903,ENSMUSG00000019877,Serinc1,F,0.00601443022739571,306,0.174657534246575,1.03742366727183
LV-GGM,1753,1010,ENSMUSG00000040564,Apoc1,F,0.00601369221777608,306,0.174557900741586,1.03683186826026
LV-GGM,1754,2352,ENSMUSG00000053838,Nudcd3,F,0.00601119427899437,306,0.174458380843786,1.03624074404803
LV-GGM,1755,2922,ENSMUSG00000030861,Acadsb,F,0.00600436868687642,306,0.174358974358974,1.03565029348162
LV-GGM,1756,1695,ENSMUSG00000078671,Chd2,T,0.00600389920304929,307,0.174829157175399,1.03844306611411
LV-GGM,1757,2466,ENSMUSG00000032263,Bckdhb,F,0.00600045310791193,307,0.174729652817302,1.03785203420398
LV-GGM,1758,2913,ENSMUSG00000004364,Cul3,F,0.00599432069530933,307,0.174630261660978,1.03726167468509
LV-GGM,1759,1474,ENSMUSG00000097023,Mir9-3hg,F,0.00598643012890694,307,0.17453098351336,1.03667198641068
LV-GGM,1760,2939,ENSMUSG00000022974,Paxbp1,F,0.00597759570248444,307,0.174431818181818,1.03608296823658
LV-GGM,1761,2743,ENSMUSG00000029104,Htt,F,0.00596904595210771,307,0.174332765474162,1.03549461902123
LV-GGM,1762,774,ENSMUSG00000020181,Nav3,F,0.00595772814251362,307,0.174233825198638,1.03490693762564
LV-GGM,1763,2587,ENSMUSG00000036916,Zfp280c,T,0.00594351550318797,308,0.1747022121384,1.03768904318351
LV-GGM,1764,1953,ENSMUSG00000026131,Dst,F,0.00593907334587801,308,0.174603174603175,1.03710078408874
LV-GGM,1765,482,ENSMUSG00000034066,Farp2,F,0.0059384964172267,308,0.174504249291785,1.0365131915765
LV-GGM,1766,2094,ENSMUSG00000044477,Zfand3,F,0.00593237799245124,308,0.17440543601359,1.03592626451446
LV-GGM,1767,2726,ENSMUSG00000030655,Smg1,F,0.00590864881481946,308,0.174306734578381,1.0353400017728
LV-GGM,1768,604,ENSMUSG00000032121,Tmem218,T,0.00588955907580507,309,0.174773755656109,1.0381139944393
LV-GGM,1769,198,ENSMUSG00000028226,Mmp16,F,0.00588873759921323,309,0.174674957603166,1.03752715781157
LV-GGM,1770,2719,ENSMUSG00000009569,Mkl2,F,0.00587788865081623,309,0.174576271186441,1.03694098427609
LV-GGM,1771,2457,ENSMUSG00000040524,Zfp609,T,0.00587629191357421,310,0.175042348955392,1.03970937391576
LV-GGM,1772,2552,ENSMUSG00000001289,Pfdn5,F,0.00587603357944755,310,0.174943566591422,1.03912263047676
LV-GGM,1773,200,ENSMUSG00000028771,Ptpn12,F,0.00586918350034498,310,0.174844895657078,1.03853654890289
LV-GGM,1774,2494,ENSMUSG00000032437,Stt3b,F,0.00586535642979687,310,0.174746335963923,1.03795112807487
LV-GGM,1775,1348,ENSMUSG00000069835,Sat2,F,0.0058629906080466,310,0.174647887323944,1.03736636687595
LV-GGM,1776,1294,ENSMUSG00000042589,Cux2,F,0.0058480821952444,310,0.17454954954955,1.0367822641919
LV-GGM,1777,2127,ENSMUSG00000025261,Huwe1,F,0.00584645464502718,310,0.174451322453573,1.03619881891098
LV-GGM,1778,2251,ENSMUSG00000021764,Ndufs4,F,0.00584499403847948,310,0.174353205849269,1.03561602992397
LV-GGM,1779,2421,ENSMUSG00000000600,Krit1,F,0.0058289710800968,310,0.174255199550309,1.03503389612413
LV-GGM,1780,2319,ENSMUSG00000037486,Asxl2,F,0.00582252654060091,310,0.174157303370787,1.0344524164072
LV-GGM,1781,1330,ENSMUSG00000021256,Vash1,F,0.00582194263425551,310,0.174059517125211,1.03387158967143
LV-GGM,1782,2013,ENSMUSG00000004319,Clcn3,F,0.00581263209651361,310,0.173961840628507,1.03329141481752
LV-GGM,1783,2877,ENSMUSG00000062647,Rpl7a,F,0.00579347860009756,310,0.173864273696018,1.03271189074864
LV-GGM,1784,2398,ENSMUSG00000054256,Msi1,F,0.00578877713872694,310,0.173766816143498,1.03213301637041
LV-GGM,1785,2148,ENSMUSG00000025246,Tbl1x,F,0.00578079310549621,310,0.173669467787115,1.03155479059094
LV-GGM,1786,646,ENSMUSG00000031119,Gpc4,F,0.00577414176371103,310,0.173572228443449,1.03097721232073
LV-GGM,1787,2258,ENSMUSG00000037210,Fam193a,F,0.0057730545488678,310,0.173475097929491,1.03040028047276
LV-GGM,1788,2879,ENSMUSG00000020590,Snx13,T,0.00576320081229462,311,0.173937360178971,1.03314600684618
LV-GGM,1789,2629,ENSMUSG00000029203,Ube2k,F,0.00576260856592304,311,0.173840134153158,1.03256850768081
LV-GGM,1790,2288,ENSMUSG00000025907,Rb1cc1,F,0.00576077553526826,311,0.173743016759777,1.0319916537659
LV-GGM,1791,331,ENSMUSG00000046818,Ddit4l,F,0.00575405866196106,311,0.173646007816862,1.03141544402064
LV-GGM,1792,2980,ENSMUSG00000024969,Mark2,F,0.00574688863589342,311,0.173549107142857,1.03083987736661
LV-GGM,1793,1153,ENSMUSG00000058070,Eml1,F,0.00573744384773658,311,0.173452314556609,1.03026495272781
LV-GGM,1794,2501,ENSMUSG00000027962,Vcam1,F,0.00573395065710862,311,0.173355629877369,1.02969066903064
LV-GGM,1795,1331,ENSMUSG00000087368,BC065397,F,0.00573072645217996,311,0.173259052924791,1.02911702520388
LV-GGM,1796,1326,ENSMUSG00000024940,Ltbp3,F,0.00572657536115034,311,0.173162583518931,1.02854402017871
LV-GGM,1797,679,ENSMUSG00000024743,Syt7,T,0.00572448375160465,312,0.173622704507513,1.03127702797836
LV-GGM,1798,1985,ENSMUSG00000058546,Rpl23a,F,0.00572302933455004,312,0.173526140155729,1.03070345899728
LV-GGM,1799,2830,ENSMUSG00000019210,Atp6v1e1,T,0.00571678039370434,313,0.173985547526404,1.03343222807852
LV-GGM,1800,818,ENSMUSG00000041144,Dnah7b,F,0.00571028025122295,313,0.173888888888889,1.03285809906292
LV-GGM,1801,1960,ENSMUSG00000020220,Vps13d,F,0.00570839809588676,313,0.173792337590228,1.03228460761424
LV-GGM,1802,2201,ENSMUSG00000022263,Trio,F,0.00570707690839466,313,0.17369589345172,1.03171175267106
LV-GGM,1803,1333,ENSMUSG00000021665,Hexb,F,0.00570653841960724,313,0.173599556295064,1.03113953317429
LV-GGM,1804,2406,ENSMUSG00000026781,Acbd5,F,0.00569860825639795,313,0.17350332594235,1.03056794806721
LV-GGM,1805,1950,ENSMUSG00000001521,Tulp3,F,0.00569856626040487,313,0.173407202216066,1.02999699629543
LV-GGM,1806,602,ENSMUSG00000062760,1810041L15Rik,F,0.00568683110278424,313,0.173311184939092,1.0294266768069
LV-GGM,1807,2529,ENSMUSG00000026867,Gapvd1,F,0.00568525878320902,313,0.173215273934698,1.02885698855188
LV-GGM,1808,1774,ENSMUSG00000037685,Atp8a1,F,0.00567922998717015,313,0.173119469026549,1.02828793048299
LV-GGM,1809,1166,ENSMUSG00000000295,Hddc2,F,0.00567464110385397,313,0.173023770038695,1.02771950155514
LV-GGM,1810,1308,ENSMUSG00000011257,Pabpc4,F,0.00567207999113244,313,0.17292817679558,1.02715170072555
LV-GGM,1811,466,ENSMUSG00000066607,6030419C18Rik,F,0.00566594490697166,313,0.172832689122032,1.02658452695376
LV-GGM,1812,1118,ENSMUSG00000053641,Dennd4a,F,0.00566052834180594,313,0.172737306843267,1.02601797920157
LV-GGM,1813,195,ENSMUSG00000021448,Shc3,F,0.00565548333208948,313,0.172642029784887,1.02545205643312
LV-GGM,1814,2826,ENSMUSG00000020889,Nr1d1,T,0.00565519871731069,314,0.173098125689085,1.02816115620143
LV-GGM,1815,2564,ENSMUSG00000047866,Lonp2,F,0.00564863390173009,314,0.173002754820937,1.02759467622556
LV-GGM,1816,2059,ENSMUSG00000009575,Cbx5,F,0.00563497227692591,314,0.172907488986784,1.02702882012632
LV-GGM,1817,2044,ENSMUSG00000032216,Nedd4,F,0.00561898286623915,314,0.172812328013209,1.02646358687364
LV-GGM,1818,2003,ENSMUSG00000062604,Srpk2,F,0.00561806081541952,314,0.172717271727173,1.02589897543971
LV-GGM,1819,1369,ENSMUSG00000030255,Sspn,F,0.00561656146650335,314,0.17262231995602,1.02533498479901
LV-GGM,1820,1601,ENSMUSG00000024304,Cdh2,T,0.00561555273230964,315,0.173076923076923,1.02803521779425
LV-GGM,1821,377,ENSMUSG00000060512,0610040J01Rik,F,0.00561045226020618,315,0.172981878088962,1.02747067346817
LV-GGM,1822,2942,ENSMUSG00000047213,Ythdf3,F,0.00561013612639181,315,0.172886937431394,1.02690674883949
LV-GGM,1823,2366,ENSMUSG00000063511,Snrnp70,F,0.00560761848864228,315,0.172792100932529,1.02634344288839
LV-GGM,1824,2710,ENSMUSG00000022884,Eif4a2,F,0.00559756065189516,315,0.172697368421053,1.02578075459734
LV-GGM,1825,135,ENSMUSG00000030513,Pcsk6,F,0.0055954949842867,315,0.172602739726027,1.02521868295098
LV-GGM,1826,2870,ENSMUSG00000022858,Tra2b,F,0.00558454060462509,315,0.172508214676889,1.02465722693622
LV-GGM,1827,2489,ENSMUSG00000055239,Kcmf1,F,0.00558129522375593,315,0.172413793103448,1.02409638554217
LV-GGM,1828,639,ENSMUSG00000048007,Timm8a1,F,0.00557128264026978,315,0.172319474835886,1.02353615776014
LV-GGM,1829,683,ENSMUSG00000057315,Arhgap24,F,0.00556278527524012,315,0.172225259704757,1.02297654258368
LV-GGM,1830,2845,ENSMUSG00000021224,Numb,F,0.00555417757147574,315,0.172131147540984,1.02241753900849
LV-GGM,1831,1898,ENSMUSG00000031633,Slc25a4,F,0.00555081269437857,315,0.17203713817586,1.02185914603252
LV-GGM,1832,127,ENSMUSG00000022012,Enox1,F,0.00554828054557742,315,0.171943231441048,1.02130136265586
LV-GGM,1833,2919,ENSMUSG00000063087,Gm10125,F,0.00553879830280514,315,0.171849427168576,1.02074418788082
LV-GGM,1834,1381,ENSMUSG00000033029,1700088E04Rik,F,0.00553845159939932,315,0.17175572519084,1.02018762071185
LV-GGM,1835,1250,ENSMUSG00000002524,Puf60,F,0.00553482600049826,315,0.171662125340599,1.01963166015561
LV-GGM,1836,1705,ENSMUSG00000041540,Sox5,T,0.00552439460682448,316,0.172113289760349,1.0223114680946
LV-GGM,1837,496,ENSMUSG00000031367,Ap1s2,F,0.00550969783954557,316,0.172019597169298,1.02175495668029
LV-GGM,1838,2665,ENSMUSG00000027828,Ssr3,F,0.00550548285881731,316,0.171926006528836,1.0211990508279
LV-GGM,1839,1938,ENSMUSG00000058997,Vwa8,F,0.00550048941048156,316,0.171832517672648,1.02064374954958
LV-GGM,1840,1390,ENSMUSG00000061322,Dnaic1,F,0.00549132819476105,316,0.171739130434783,1.02008905185961
LV-GGM,1841,2506,ENSMUSG00000036667,Tcaf1,F,0.00548369518478172,316,0.171645844649647,1.01953495677441
LV-GGM,1842,2076,ENSMUSG00000055065,Ddx17,F,0.00548237117063471,316,0.171552660152009,1.01898146331253
LV-GGM,1843,1172,ENSMUSG00000042010,Acacb,F,0.00547770834666071,316,0.171459576776994,1.01842857049468
LV-GGM,1844,867,ENSMUSG00000032744,Heyl,F,0.00547018876941832,316,0.171366594360087,1.01787627734365
LV-GGM,1845,1885,ENSMUSG00000064341,mt-Nd1,F,0.00546708048881997,316,0.171273712737127,1.01732458288438
LV-GGM,1846,658,ENSMUSG00000001240,Ramp2,F,0.005466847249455,316,0.171180931744312,1.01677348614393
LV-GGM,1847,2584,ENSMUSG00000007850,Hnrnph1,F,0.0054482912048237,316,0.171088251218192,1.01622298615143
LV-GGM,1848,1913,ENSMUSG00000002985,Apoe,F,0.00544663686832984,316,0.170995670995671,1.01567308193814
LV-GGM,1849,406,ENSMUSG00000028991,Mtor,F,0.00544509442101697,316,0.170903190914008,1.01512377253742
LV-GGM,1850,1682,ENSMUSG00000037742,Eef1a1,F,0.00544448416998235,316,0.170810810810811,1.0145750569847
LV-GGM,1851,2051,ENSMUSG00000024576,Csnk1a1,F,0.0054360078014367,316,0.170718530524041,1.0140269343175
LV-GGM,1852,2276,ENSMUSG00000025262,Fam120c,F,0.00542969287144996,316,0.170626349892009,1.01347940357542
LV-GGM,1853,1099,ENSMUSG00000074794,Arrdc3,F,0.0054194962354844,316,0.170534268753373,1.01293246380015
LV-GGM,1854,649,ENSMUSG00000021400,Wrnip1,F,0.00541759822045473,316,0.170442286947141,1.01238611403543
LV-GGM,1855,1528,ENSMUSG00000026238,Ptma,F,0.00541692122467911,316,0.170350404312668,1.01184035332705
LV-GGM,1856,2999,ENSMUSG00000038708,Golga4,F,0.00541558108280043,316,0.170258620689655,1.01129518072289
LV-GGM,1857,2767,ENSMUSG00000028919,Arhgef19,F,0.00541065704008491,316,0.170166935918148,1.01075059527285
LV-GGM,1858,57,ENSMUSG00000032537,Ephb1,T,0.00541034734881027,317,0.170613562970936,1.01340345234544
LV-GGM,1859,675,ENSMUSG00000036834,Plch1,T,0.00541013693934321,318,0.171059709521248,1.0160534553491
LV-GGM,1860,2891,ENSMUSG00000024750,Zfand5,F,0.00539717386574053,318,0.170967741935484,1.01550719005052
LV-GGM,1861,238,ENSMUSG00000081534,Slc48a1,F,0.00539244472720049,318,0.170875873186459,1.01496151181836
LV-GGM,1862,793,ENSMUSG00000019232,Etnppl,F,0.00539220859287036,318,0.17078410311493,1.01441641970675
LV-GGM,1863,1338,ENSMUSG00000097729,2310015A10Rik,F,0.00538695861431122,318,0.170692431561997,1.01387191277186
LV-GGM,1864,1192,ENSMUSG00000022235,Cmbl,F,0.00537618856511809,318,0.170600858369099,1.01332799007188
LV-GGM,1865,2582,ENSMUSG00000046329,Slc25a23,F,0.0053746805011336,318,0.170509383378016,1.01278465066701
LV-GGM,1866,1598,ENSMUSG00000027167,Elp4,F,0.00537264838325681,318,0.170418006430868,1.01224189361949
LV-GGM,1867,2484,ENSMUSG00000041702,Btbd7,F,0.00536653098620078,318,0.170326727370112,1.01169971799356
LV-GGM,1868,2528,ENSMUSG00000064370,mt-Cytb,F,0.00535104341922723,318,0.170235546038544,1.01115812285545
LV-GGM,1869,405,ENSMUSG00000027188,Pamr1,F,0.00534929766769083,318,0.170144462279294,1.0106171072734
LV-GGM,1870,1290,ENSMUSG00000040209,Zfp704,T,0.00533975322275053,319,0.170588235294118,1.01325301204819
LV-GGM,1871,1181,ENSMUSG00000084901,Gm13266,F,0.00533450214629549,319,0.17049706039551,1.01271145512032
LV-GGM,1872,43,ENSMUSG00000000247,Lhx2,T,0.00533193556839422,320,0.170940170940171,1.01534342498198
LV-GGM,1873,2187,ENSMUSG00000033597,Caskin1,F,0.00533145911691826,320,0.170848905499199,1.01480133025428
LV-GGM,1874,2361,ENSMUSG00000071037,Camkmt,F,0.00532757774895822,320,0.170757737459979,1.01425981406951
LV-GGM,1875,849,ENSMUSG00000007476,Lrrc8a,T,0.00532114007424755,321,0.1712,1.01688674698795
LV-GGM,1876,2643,ENSMUSG00000025153,Fasn,F,0.00531735318923083,321,0.171108742004264,1.01634469648316
LV-GGM,1877,2157,ENSMUSG00000032290,Ptpn9,F,0.00531680062537108,321,0.17101758124667,1.0158032235495
LV-GGM,1878,2397,ENSMUSG00000037605,Adgrl3,T,0.00530104645800636,322,0.171458998935037,1.01842513825269
LV-GGM,1879,1149,ENSMUSG00000072663,Spef2,F,0.00528672239667457,322,0.171367748802555,1.01788313445373
LV-GGM,1880,1362,ENSMUSG00000033257,Ttll4,F,0.00528115970138552,322,0.171276595744681,1.01734170725455
LV-GGM,1881,1296,ENSMUSG00000059708,Akap17b,T,0.00527899075761586,323,0.171717171717172,1.01995862236826
LV-GGM,1882,265,ENSMUSG00000052928,Ctif,F,0.00526274529743392,323,0.171625929861849,1.01941666773363
LV-GGM,1883,1674,ENSMUSG00000024642,Tle4,F,0.00525340272761766,323,0.171534784917685,1.01887528872793
LV-GGM,1884,2586,ENSMUSG00000030539,Sema4b,F,0.00525285001555515,323,0.171443736730361,1.01833448443455
LV-GGM,1885,2027,ENSMUSG00000096929,A330023F24Rik,F,0.00523861868198507,323,0.171352785145889,1.01779425393883
LV-GGM,1886,2451,ENSMUSG00000021978,Extl3,F,0.00523832531264577,323,0.171261930010604,1.01725459632805
LV-GGM,1887,1669,ENSMUSG00000035045,Zc3h12b,F,0.00523767673221909,323,0.171171171171171,1.01671551069141
LV-GGM,1888,1073,ENSMUSG00000011179,Odc1,F,0.00522732470409043,323,0.171080508474576,1.01617699612007
LV-GGM,1889,1404,ENSMUSG00000086503,Xist,F,0.00522717964974383,323,0.170989941768131,1.01563905170709
LV-GGM,1890,2113,ENSMUSG00000061787,Rps17,F,0.00522177291613269,323,0.170899470899471,1.01510167654746
LV-GGM,1891,2948,ENSMUSG00000000708,Kat2b,T,0.00521839631067548,324,0.171337916446325,1.01770593744624
LV-GGM,1892,1365,ENSMUSG00000108175,Gm16499,F,0.00521222275561415,324,0.171247357293869,1.01716803790214
LV-GGM,1893,1929,ENSMUSG00000024431,Nr3c1,T,0.00520865962129305,325,0.171685155837295,1.01976845575646
LV-GGM,1894,2131,ENSMUSG00000032621,Srek1,F,0.00520447308949391,325,0.171594508975713,1.01923003524128
LV-GGM,1895,2977,ENSMUSG00000033228,Scaf11,F,0.00520371134116646,325,0.171503957783641,1.01869218297994
LV-GGM,1896,494,ENSMUSG00000036298,Slc2a13,F,0.00520338083934098,325,0.171413502109705,1.01815489807331
LV-GGM,1897,2432,ENSMUSG00000025656,Arhgef9,F,0.00519414791147586,325,0.171323141802847,1.01761817962414
LV-GGM,1898,901,ENSMUSG00000074749,Kiz,F,0.00517775697485312,325,0.171232876712329,1.01708202673709
LV-GGM,1899,1777,ENSMUSG00000024420,Zfp521,T,0.00517007582813538,326,0.171669299631385,1.01967427371413
LV-GGM,1900,2901,ENSMUSG00000035401,Emsy,F,0.00515947336395732,326,0.171578947368421,1.01913760304375
LV-GGM,1901,2144,ENSMUSG00000063406,Tmed5,F,0.00514854690441141,326,0.171488690163072,1.01860149699271
LV-GGM,1902,2639,ENSMUSG00000028248,Pnisr,F,0.0051363525945084,326,0.171398527865405,1.01806595467042
LV-GGM,1903,1867,ENSMUSG00000027706,Sec62,F,0.00512490370837501,326,0.171308460325801,1.01753097518819
LV-GGM,1904,2926,ENSMUSG00000052889,Prkcb,T,0.00512484590074115,327,0.171743697478992,1.02011617900172
LV-GGM,1905,2130,ENSMUSG00000019370,Calm3,T,0.0051174761056802,328,0.172178477690289,1.02269866869051
LV-GGM,1906,119,ENSMUSG00000060534,Dcc,F,0.00511454113481526,328,0.17208814270724,1.02216210065867
LV-GGM,1907,1852,ENSMUSG00000052812,Atad2b,F,0.00511281045248705,328,0.171997902464604,1.02162609536205
LV-GGM,1908,647,ENSMUSG00000033900,Map9,T,0.00510498836515177,329,0.172431865828092,1.02420373317168
LV-GGM,1909,2674,ENSMUSG00000049606,Zfp644,T,0.00508857031444025,330,0.172865374541645,1.02677867047025
LV-GGM,1910,419,ENSMUSG00000037824,Tspan14,T,0.00508492187877614,331,0.173298429319372,1.0293509114994
LV-GGM,1911,2344,ENSMUSG00000059005,Hnrnpa3,F,0.0050804917980258,331,0.173207744636316,1.02881226633378
LV-GGM,1912,1727,ENSMUSG00000032340,Neo1,F,0.00507696723721611,331,0.173117154811715,1.02827418460453
LV-GGM,1913,61,ENSMUSG00000031137,Fgf13,T,0.00507606250012572,332,0.173549398849974,1.03084161003659
LV-GGM,1914,2880,ENSMUSG00000026434,Nucks1,F,0.00507414574697924,332,0.173458725182863,1.03030303030303
LV-GGM,1915,2756,ENSMUSG00000025583,Rptor,F,0.00506235802848728,332,0.173368146214099,1.02976501305483
LV-GGM,1916,2079,ENSMUSG00000026034,Clk1,F,0.00505733249394845,332,0.173277661795407,1.02922755741127
LV-GGM,1917,1024,ENSMUSG00000029603,Dtx1,F,0.00505084708568737,332,0.173187271778821,1.02869066249348
LV-GGM,1918,2246,ENSMUSG00000005506,Celf1,F,0.0050440730285002,332,0.173096976016684,1.0281543274244
LV-GGM,1919,2101,ENSMUSG00000039585,Myo9a,F,0.00504120970730484,332,0.173006774361647,1.02761855132882
LV-GGM,1920,673,ENSMUSG00000098188,Sowahc,F,0.00503747357565216,332,0.172916666666667,1.02708333333333
LV-GGM,1921,2456,ENSMUSG00000032570,Atp2c1,T,0.00501835549617923,333,0.173347214992192,1.02964068664037
LV-GGM,1922,702,ENSMUSG00000058486,Wdr91,F,0.00500930464361938,333,0.173257023933403,1.02910497348395
LV-GGM,1923,2128,ENSMUSG00000037608,Bclaf1,F,0.0050017400310679,333,0.173166926677067,1.02856981749149
LV-GGM,1924,2635,ENSMUSG00000045078,Rnf216,F,0.0049954318639985,333,0.173076923076923,1.02803521779425
LV-GGM,1925,2401,ENSMUSG00000047085,Lrrc4b,T,0.00499124565562976,334,0.173506493506493,1.03058676263496
LV-GGM,1926,447,ENSMUSG00000058589,Anks1b,F,0.00498398673086493,334,0.173416407061267,1.03005167085789
LV-GGM,1927,491,ENSMUSG00000084910,C630043F03Rik,F,0.00498275021328954,334,0.173326414115205,1.02951713444333
LV-GGM,1928,500,ENSMUSG00000060798,Intu,F,0.00498053474017266,334,0.173236514522822,1.02898315252712
LV-GGM,1929,2686,ENSMUSG00000040761,Spen,F,0.00497487170469883,334,0.173146708138932,1.02844972424691
LV-GGM,1930,1121,ENSMUSG00000029190,D5Ertd579e,F,0.00497282764314159,334,0.173056994818653,1.02791684874212
LV-GGM,1931,663,ENSMUSG00000027495,Fam210b,F,0.0049700322770223,334,0.1729673744174,1.02738452515396
LV-GGM,1932,96,ENSMUSG00000031015,Swap70,F,0.00496805476195827,334,0.17287784679089,1.02685275262541
LV-GGM,1933,115,ENSMUSG00000064289,Tank,F,0.00496767101605424,334,0.172788411795137,1.02632153030124
LV-GGM,1934,2413,ENSMUSG00000003119,Cdk12,F,0.0049578623839461,334,0.172699069286453,1.02579085732797
LV-GGM,1935,2541,ENSMUSG00000025369,Smarcc2,T,0.00495381603460231,335,0.17312661498708,1.02833037576663
LV-GGM,1936,1902,ENSMUSG00000029004,Kmt2e,T,0.00494967714937054,336,0.173553719008264,1.03086727073584
LV-GGM,1937,414,ENSMUSG00000032532,Cck,F,0.00492269215780288,336,0.173464119772845,1.03033507286762
LV-GGM,1938,1359,ENSMUSG00000055567,Unc80,F,0.00491039708699335,336,0.173374613003096,1.02980342422321
LV-GGM,1939,220,ENSMUSG00000017724,Etv4,F,0.00490843813823199,336,0.173285198555957,1.02927232395285
LV-GGM,1940,1391,ENSMUSG00000024909,Efemp2,F,0.00489889319626619,336,0.17319587628866,1.02874177120855
LV-GGM,1941,2549,ENSMUSG00000022323,Rida,F,0.00489706681503971,336,0.173106646058733,1.02821176514404
LV-GGM,1942,709,ENSMUSG00000037035,Inhbb,F,0.0048936494824474,336,0.173017507723996,1.02768230491482
LV-GGM,1943,2430,ENSMUSG00000033671,Cep350,T,0.00489296432368041,337,0.173443129181678,1.03021039381406
LV-GGM,1944,143,ENSMUSG00000026565,Pou2f1,F,0.0048588685303533,337,0.173353909465021,1.02968045019584
LV-GGM,1945,2143,ENSMUSG00000032582,Rbm6,F,0.00485589106806763,337,0.173264781491003,1.0291510515068
LV-GGM,1946,2599,ENSMUSG00000030057,Cnbp,F,0.00484937315058699,337,0.173175745118191,1.02862219690685
LV-GGM,1947,2243,ENSMUSG00000043940,Wdfy3,F,0.0048453916661982,337,0.173086800205444,1.02809388555764
LV-GGM,1948,2354,ENSMUSG00000035933,Cog5,F,0.00484130847609107,337,0.17299794661191,1.02756611662255
LV-GGM,1949,837,ENSMUSG00000036103,Colec12,F,0.00484114811649137,337,0.172909184197024,1.02703888926666
LV-GGM,1950,2954,ENSMUSG00000020132,Rab21,T,0.00483390509037255,338,0.173333333333333,1.02955823293173
LV-GGM,1951,2539,ENSMUSG00000034341,Wbp2,F,0.00483220202328804,338,0.173244490005126,1.0290305249702
LV-GGM,1952,2145,ENSMUSG00000036568,Bicral,F,0.00482615619260602,338,0.173155737704918,1.02850335769307
LV-GGM,1953,897,ENSMUSG00000037490,Slc2a12,F,0.00482466543899259,338,0.173067076292883,1.02797673026977
LV-GGM,1954,1057,ENSMUSG00000029778,Adcyap1r1,F,0.0048209800172064,338,0.172978505629478,1.02745064187148
LV-GGM,1955,1171,ENSMUSG00000024052,Lpin2,F,0.00481347650159047,338,0.172890025575448,1.02692509167103
LV-GGM,1956,2673,ENSMUSG00000027194,Ttc17,F,0.00480480611395539,338,0.17280163599182,1.02640007884298
LV-GGM,1957,2438,ENSMUSG00000021794,Glud1,F,0.00479644419046036,338,0.172713336739908,1.02587560256355
LV-GGM,1958,2289,ENSMUSG00000034612,Chst11,F,0.00479267778856662,338,0.172625127681307,1.02535166201066
LV-GGM,1959,149,ENSMUSG00000026259,Ngef,F,0.00477283839331276,338,0.172537008677897,1.02482825636389
LV-GGM,1960,2200,ENSMUSG00000037656,Slc20a2,F,0.0047667958191045,338,0.172448979591837,1.02430538480452
LV-GGM,1961,1208,ENSMUSG00000089704,Galnt2,F,0.0047568421047537,338,0.172361040285569,1.02378304651549
LV-GGM,1962,312,ENSMUSG00000021474,Sfxn1,F,0.00474061186243586,338,0.172273190621814,1.02326124068138
LV-GGM,1963,1392,ENSMUSG00000037936,Scarb1,F,0.00473543399318463,338,0.172185430463576,1.02273996648847
LV-GGM,1964,2311,ENSMUSG00000019302,Atp6v0a1,T,0.00472914583809028,339,0.172606924643585,1.02524354035286
LV-GGM,1965,2209,ENSMUSG00000073557,Ppp1r12b,F,0.0047275363816913,339,0.172519083969466,1.02472178791502
LV-GGM,1966,58,ENSMUSG00000030772,Dkk3,F,0.00472100410874647,339,0.172431332655137,1.0242005662528
LV-GGM,1967,2610,ENSMUSG00000044164,Rnf182,F,0.00471891801956573,339,0.172343670564311,1.02367987455669
LV-GGM,1968,2069,ENSMUSG00000024240,Epc1,F,0.00470795999918075,339,0.172256097560976,1.02315971201881
LV-GGM,1969,1743,ENSMUSG00000008035,Mid1ip1,F,0.00470561652346818,339,0.172168613509396,1.02264007783292
LV-GGM,1970,581,ENSMUSG00000052214,Opa3,F,0.00470222313354864,339,0.172081218274112,1.02212097119442
LV-GGM,1971,2800,ENSMUSG00000038324,Trpc4ap,T,0.00470171763123064,340,0.172501268391679,1.02461596767588
LV-GGM,1972,816,ENSMUSG00000004508,Gab2,F,0.00469795018640306,340,0.172413793103448,1.02409638554217
LV-GGM,1973,2850,ENSMUSG00000033184,Tmed7,F,0.00469598739533863,340,0.172326406487582,1.02357733010094
LV-GGM,1974,235,ENSMUSG00000052942,Glis3,T,0.00469483097689667,341,0.17274569402229,1.02606779702396
LV-GGM,1975,2829,ENSMUSG00000026361,Cdc73,F,0.00469114268207607,341,0.172658227848101,1.02554826902547
LV-GGM,1976,2964,ENSMUSG00000074656,Eif2s2,F,0.00468793055538986,341,0.172570850202429,1.02502926686503
LV-GGM,1977,2052,ENSMUSG00000057133,Chd6,T,0.00468731018830252,342,0.17298937784522,1.02751522021317
LV-GGM,1978,1752,ENSMUSG00000027525,Phactr3,F,0.004681684182033,342,0.172901921132457,1.02699574841327
LV-GGM,1979,2138,ENSMUSG00000074733,Zfp950,T,0.00467560041661053,343,0.173319858514401,1.02947819575421
LV-GGM,1980,1058,ENSMUSG00000025085,Ablim1,T,0.00467344734880402,344,0.173737373737374,1.03195813557259
LV-GGM,1981,1909,ENSMUSG00000022255,Mtdh,F,0.00467122988372699,344,0.173649671882887,1.03143720768992
LV-GGM,1982,2690,ENSMUSG00000020894,Vamp2,F,0.00466784495104339,344,0.173562058526741,1.03091680546606
LV-GGM,1983,1055,ENSMUSG00000070858,Gm1673,F,0.0046623710725391,344,0.173474533535048,1.03039692810577
LV-GGM,1984,2727,ENSMUSG00000026554,Dcaf8,F,0.00465596355019699,344,0.173387096774194,1.02987757481539
LV-GGM,1985,572,ENSMUSG00000000567,Sox9,T,0.00464920789656912,345,0.173803526448363,1.03235106673546
LV-GGM,1986,2088,ENSMUSG00000049800,Sertad2,F,0.00464557842055425,345,0.173716012084592,1.03183125250246
LV-GGM,1987,711,ENSMUSG00000026701,Prdx6,F,0.00464291365868357,345,0.17362858580775,1.03131196148459
LV-GGM,1988,2024,ENSMUSG00000027002,Nckap1,F,0.00462685216946569,345,0.173541247484909,1.03079319289229
LV-GGM,1989,1880,ENSMUSG00000022812,Gsk3b,F,0.00462003129171473,345,0.173453996983409,1.0302749459376
LV-GGM,1990,704,ENSMUSG00000036959,Bcorl1,F,0.00461974715182098,345,0.173366834170854,1.02975721983411
LV-GGM,1991,2831,ENSMUSG00000041921,Metap1d,F,0.00461916375264231,345,0.173279758915118,1.02924001379703
LV-GGM,1992,2554,ENSMUSG00000028034,Fubp1,F,0.00461778477919958,345,0.173192771084337,1.02872332704311
LV-GGM,1993,2788,ENSMUSG00000037111,Setd7,F,0.00460427907217302,345,0.173105870546914,1.02820715879071
LV-GGM,1994,1034,ENSMUSG00000053004,Hrh1,T,0.00459839732740978,346,0.173520561685055,1.03067032422569
LV-GGM,1995,2025,ENSMUSG00000024483,Ankhd1,F,0.00459607396778786,346,0.1734335839599,1.03015369749675
LV-GGM,1996,1883,ENSMUSG00000067567,Hdac8,T,0.00459072140143027,347,0.173847695390782,1.0326134196103
LV-GGM,1997,1510,ENSMUSG00000045103,Dmd,T,0.00459039742472177,348,0.174261392088132,1.03507067830662
LV-GGM,1998,1031,ENSMUSG00000025037,Maoa,F,0.00459011420690762,348,0.174174174174174,1.03455262491407
LV-GGM,1999,1315,ENSMUSG00000033488,Cryzl2,F,0.00458741659937303,348,0.174087043521761,1.03403508983407
LV-GGM,2000,1393,ENSMUSG00000070972,Dnajc25,F,0.00458486700617661,348,0.174,1.03351807228916
LV-GGM,2001,1896,ENSMUSG00000033004,Mycbp2,T,0.00457996964185999,349,0.174412793603198,1.03596996682382
LV-GGM,2002,372,ENSMUSG00000020805,Slc13a5,F,0.00457762924402257,349,0.174325674325674,1.03545249930792
LV-GGM,2003,1646,ENSMUSG00000028559,Osbpl9,T,0.00457753212548123,350,0.17473789316026,1.03790097985552
LV-GGM,2004,1159,ENSMUSG00000042428,Mgat3,F,0.00456998548177076,350,0.174650698602794,1.03738306519491
LV-GGM,2005,221,ENSMUSG00000033502,Cdc14a,F,0.00456936233757752,350,0.174563591022444,1.03686566715741
LV-GGM,2006,2837,ENSMUSG00000015291,Gdi1,F,0.00456056094052127,350,0.174476570289133,1.03634878497039
LV-GGM,2007,361,ENSMUSG00000013921,Clip3,F,0.00455559858674533,350,0.174389636273044,1.03583241786278
LV-GGM,2008,1327,ENSMUSG00000053553,3110082I17Rik,F,0.00454094048447095,350,0.174302788844622,1.03531656506504
LV-GGM,2009,1723,ENSMUSG00000031925,Maml2,T,0.00453455185415785,351,0.174713787954206,1.03775780074004
LV-GGM,2010,954,ENSMUSG00000060843,Ctnna3,F,0.00453192845744795,351,0.174626865671642,1.03724150332674
LV-GGM,2011,1981,ENSMUSG00000079038,D130040H23Rik,F,0.00452652235307678,351,0.174540029835903,1.03672571938675
LV-GGM,2012,242,ENSMUSG00000041261,Car8,F,0.00452470750880741,351,0.174453280318091,1.03621044815445
LV-GGM,2013,1048,ENSMUSG00000035606,Ky,F,0.00451350369084546,351,0.174366616989568,1.03569568886575
LV-GGM,2014,2608,ENSMUSG00000027195,Hsd17b12,F,0.00450944932764144,351,0.174280039721946,1.03518144075807
LV-GGM,2015,1860,ENSMUSG00000025041,Nt5c2,F,0.00450658009502202,351,0.174193548387097,1.03466770307035
LV-GGM,2016,97,ENSMUSG00000026425,Srgap2,F,0.0045055132454552,351,0.174107142857143,1.03415447504303
LV-GGM,2017,1620,ENSMUSG00000032827,Ppp1r9a,F,0.004504097258466,351,0.174020823004462,1.03364175591807
LV-GGM,2018,2985,ENSMUSG00000040565,Btaf1,F,0.00450250053868729,351,0.173934588701685,1.03312954493892
LV-GGM,2019,2186,ENSMUSG00000029068,Ccnl2,F,0.00449847420941642,351,0.173848439821694,1.03261784135054
LV-GGM,2020,1811,ENSMUSG00000040037,Negr1,T,0.00449342278085127,352,0.174257425742574,1.03504711916975
LV-GGM,2021,595,ENSMUSG00000021752,Kctd6,F,0.00448558982153623,352,0.174171202375062,1.03453497314344
LV-GGM,2022,1442,ENSMUSG00000056073,Grik2,T,0.0044601160420243,353,0.17457962413452,1.03696089997974
LV-GGM,2023,2784,ENSMUSG00000024423,Impact,F,0.00445224321076245,353,0.174493326742462,1.03644831426547
LV-GGM,2024,2561,ENSMUSG00000055943,Emc7,F,0.00444248982212322,353,0.174407114624506,1.03593623505881
LV-GGM,2025,2684,ENSMUSG00000050608,Minos1,F,0.00444220408158438,353,0.174320987654321,1.0354246616094
LV-GGM,2026,1849,ENSMUSG00000039952,Dag1,F,0.00443610577405904,353,0.174234945705824,1.03491359316833
LV-GGM,2027,141,ENSMUSG00000040183,Ankrd6,F,0.00443235407760702,353,0.174148988653182,1.03440302898818
LV-GGM,2028,2450,ENSMUSG00000079435,Rpl36a,F,0.004420378792228,353,0.174063116370809,1.033892968323
LV-GGM,2029,445,ENSMUSG00000030042,Pole4,F,0.00441198705494636,353,0.173977328733366,1.03338341042831
LV-GGM,2030,2416,ENSMUSG00000052139,Babam2,F,0.0044046855708616,353,0.173891625615764,1.0328743545611
LV-GGM,2031,2147,ENSMUSG00000043323,Fbrsl1,F,0.00440374053797402,353,0.173806006893156,1.03236579997983
LV-GGM,2032,2192,ENSMUSG00000021767,Kat6b,T,0.00439030016653981,354,0.174212598425197,1.03478085570629
LV-GGM,2033,2377,ENSMUSG00000049470,Aff4,F,0.00437319585560361,354,0.174126906050172,1.03427186364741
LV-GGM,2034,2004,ENSMUSG00000029823,Luc7l2,F,0.0043721247951837,354,0.174041297935103,1.03376337207236
LV-GGM,2035,1387,ENSMUSG00000084950,Gm5577,F,0.00436143361435191,354,0.173955773955774,1.03325538024333
LV-GGM,2036,2329,ENSMUSG00000007880,Arid1a,F,0.00436106725144929,354,0.173870333988212,1.03274788742396
LV-GGM,2037,160,ENSMUSG00000035864,Syt1,T,0.00435358791103333,355,0.17427589592538,1.03515682760497
LV-GGM,2038,994,ENSMUSG00000036782,Klhl13,F,0.00435261634821739,355,0.174190382728165,1.0346488998191
LV-GGM,2039,2874,ENSMUSG00000003378,Grik5,T,0.00435083321983516,356,0.174595389897008,1.03705454480994
LV-GGM,2040,584,ENSMUSG00000087698,Gm13031,F,0.00434354622365066,356,0.174509803921569,1.03654618473896
LV-GGM,2041,1594,ENSMUSG00000061983,Rps12,F,0.00434272227450939,356,0.174424301812837,1.03603832281601
LV-GGM,2042,736,ENSMUSG00000033083,Tbc1d4,F,0.00433461430880812,356,0.1743388834476,1.03553095830924
LV-GGM,2043,1125,ENSMUSG00000020156,Mum1,F,0.00432835823692,356,0.174253548702888,1.03502409048824
LV-GGM,2044,923,ENSMUSG00000063873,Slc24a3,T,0.00432382483746817,357,0.174657534246575,1.03742366727183
LV-GGM,2045,960,ENSMUSG00000049303,Syt12,T,0.0043175778524135,358,0.175061124694377,1.03982089728106
LV-GGM,2046,568,ENSMUSG00000025738,Fbxl16,F,0.00431732370245037,358,0.174975562072336,1.03931267592364
LV-GGM,2047,1644,ENSMUSG00000056515,Rab31,T,0.00431555123929426,359,0.175378602833415,1.04170664092619
LV-GGM,2048,2558,ENSMUSG00000041408,Wapl,F,0.00428376309542341,359,0.17529296875,1.04119799510542
LV-GGM,2049,690,ENSMUSG00000020282,Rhbdf1,F,0.00427868704778379,359,0.175207418252806,1.04068984576667
LV-GGM,2050,1702,ENSMUSG00000022790,Igsf11,F,0.00427661425250758,359,0.175121951219512,1.04018219218337
LV-GGM,2051,2162,ENSMUSG00000065954,Tacc1,F,0.00427613713366688,359,0.175036567528035,1.03967503363038
LV-GGM,2052,1865,ENSMUSG00000040549,Ckap5,F,0.00427023940226781,359,0.17495126705653,1.03916836938397
LV-GGM,2053,1264,ENSMUSG00000049657,Zbtb5,F,0.004270084913561,359,0.17486604968339,1.03866219872182
LV-GGM,2054,1778,ENSMUSG00000018411,Mapt,T,0.00426922235398849,360,0.175267770204479,1.04104832181697
LV-GGM,2055,958,ENSMUSG00000038178,Slc43a2,F,0.00426673691785286,360,0.175182481751825,1.04054172895963
LV-GGM,2056,1566,ENSMUSG00000079418,Atg4a,F,0.0042656285626867,360,0.175097276264591,1.04003562889691
LV-GGM,2057,267,ENSMUSG00000006649,Nphs1,F,0.00426226814738488,360,0.175012153621779,1.03953002091009
LV-GGM,2058,843,ENSMUSG00000039735,Fnbp1l,F,0.00426076514482122,360,0.174927113702624,1.03902490428185
LV-GGM,2059,190,ENSMUSG00000059327,Eda,F,0.00425903803826131,360,0.174842156386595,1.03852027829628
LV-GGM,2060,1707,ENSMUSG00000021127,Zfp36l1,T,0.00425262565245088,361,0.175242718446602,1.04089952041174
LV-GGM,2061,1389,ENSMUSG00000031095,Cul4b,F,0.0042462266564715,361,0.175157690441533,1.04039447455031
LV-GGM,2062,207,ENSMUSG00000028613,Lrp8,F,0.00424254750908492,361,0.175072744907856,1.03988991854908
LV-GGM,2063,518,ENSMUSG00000025889,Snca,F,0.00423516496154656,361,0.174987881725642,1.03938585169568
LV-GGM,2064,938,ENSMUSG00000026443,Lrrn2,F,0.00422867238566462,361,0.174903100775194,1.03888227327916
LV-GGM,2065,1489,ENSMUSG00000045095,Magi1,T,0.00422829829530149,362,0.175302663438257,1.0412555792176
LV-GGM,2066,147,ENSMUSG00000097589,Dleu2,F,0.00421786369125305,362,0.175217812197483,1.04075158329348
LV-GGM,2067,451,ENSMUSG00000045589,Frrs1l,F,0.00421667767522015,362,0.175133043057571,1.04024807502871
LV-GGM,2068,2234,ENSMUSG00000037475,Thoc2,F,0.00421580522834285,362,0.17504835589942,1.03974505371583
LV-GGM,2069,1875,ENSMUSG00000063870,Chd4,T,0.00421511783604523,363,0.175447075882069,1.04211335433566
LV-GGM,2070,1738,ENSMUSG00000025137,Pcyt2,F,0.00420637259267126,363,0.17536231884058,1.0416099179326
LV-GGM,2071,1053,ENSMUSG00000022122,Ednrb,F,0.00420498892579389,363,0.17527764365041,1.04110696770665
LV-GGM,2072,2983,ENSMUSG00000064061,Dzip3,F,0.00420112305907313,363,0.17519305019305,1.0406045029539
LV-GGM,2073,1761,ENSMUSG00000031818,Cox4i1,F,0.00420074163865579,363,0.175108538350217,1.04010252297177
LV-GGM,2074,249,ENSMUSG00000027347,Rasgrp1,F,0.00419726030922051,363,0.175024108003857,1.03960102705906
LV-GGM,2075,632,ENSMUSG00000014361,Mertk,F,0.0041919202517819,363,0.174939759036145,1.03910001451589
LV-GGM,2076,444,ENSMUSG00000047992,Fam69c,F,0.00418606285004799,363,0.17485549132948,1.03859948464378
LV-GGM,2077,2363,ENSMUSG00000042133,Ppig,F,0.00417100764872345,363,0.17477130476649,1.03809943674554
LV-GGM,2078,2431,ENSMUSG00000028809,Srrm1,F,0.00416700042222035,363,0.174687199230029,1.03759987012535
LV-GGM,2079,2658,ENSMUSG00000018707,Dync1h1,F,0.00416427241417438,363,0.174603174603175,1.03710078408874
LV-GGM,2080,1301,ENSMUSG00000032939,Nup93,F,0.00415880525073426,363,0.174519230769231,1.03660217794254
LV-GGM,2081,2641,ENSMUSG00000036241,Ube2r2,F,0.00415785591397942,363,0.174435367611725,1.03610405099495
LV-GGM,2082,2281,ENSMUSG00000056486,Chn1,F,0.00415306715002648,363,0.174351585014409,1.03560640255547
LV-GGM,2083,1380,ENSMUSG00000033904,Ccp110,F,0.00415304803616454,363,0.174267882861258,1.03510923193494
LV-GGM,2084,1168,ENSMUSG00000015846,Rxra,F,0.00415290818392355,363,0.174184261036468,1.03461253844553
LV-GGM,2085,2536,ENSMUSG00000020074,Ccar1,F,0.0041314539767514,363,0.17410071942446,1.03411632140071
LV-GGM,2086,2772,ENSMUSG00000059263,Usp47,F,0.00409323038892316,363,0.174017257909875,1.03362058011528
LV-GGM,2087,2992,ENSMUSG00000020463,Ppp4r3b,F,0.00409258854618351,363,0.173933876377575,1.03312531390536
LV-GGM,2088,1376,ENSMUSG00000032352,Lrrc1,T,0.00408082527419123,364,0.174329501915709,1.03547523427041
LV-GGM,2089,2156,ENSMUSG00000041697,Cox6a1,F,0.00407854197496433,364,0.174246050741982,1.03497955440719
LV-GGM,2090,1455,ENSMUSG00000019899,Lama2,F,0.00407232820615683,364,0.174162679425837,1.03448434887877
LV-GGM,2091,403,ENSMUSG00000051375,Pcdh1,T,0.00406683320139422,365,0.17455762792922,1.03683024782055
LV-GGM,2092,1635,ENSMUSG00000074129,Rpl13a,F,0.00406241302402483,365,0.174474187380497,1.03633463106729
LV-GGM,2093,1933,ENSMUSG00000058440,Nrf1,T,0.004062131819682,366,0.174868609651218,1.03867740431386
LV-GGM,2094,930,ENSMUSG00000032402,Smad3,T,0.00405671175558416,367,0.175262655205349,1.04101793995466
LV-GGM,2095,1275,ENSMUSG00000090336,4932443I19Rik,F,0.00404161882094672,367,0.175178997613365,1.04052103401674
LV-GGM,2096,515,ENSMUSG00000044117,2900011O08Rik,F,0.00403757101988036,367,0.175095419847328,1.0400246022257
LV-GGM,2097,363,ENSMUSG00000036438,Calm2,T,0.00402551974196457,368,0.175488793514545,1.04236114702013
LV-GGM,2098,1137,ENSMUSG00000099988,1700054A03Rik,F,0.0040247237447121,368,0.175405147759771,1.04186431139238
LV-GGM,2099,152,ENSMUSG00000036402,Gng12,T,0.00402458888165665,369,0.175797999047165,1.04419775337654
LV-GGM,2100,2495,ENSMUSG00000028397,Kdm4c,T,0.00401843075292331,370,0.176190476190476,1.046528973035
LV-GGM,2101,682,ENSMUSG00000040563,Plppr2,F,0.0040140228717801,370,0.176106615897192,1.04603086310019
LV-GGM,2102,1303,ENSMUSG00000072966,Gprasp2,F,0.00400815945814889,370,0.176022835394862,1.04553322710442
LV-GGM,2103,947,ENSMUSG00000028804,Csmd2,F,0.00400497850428546,370,0.175939134569662,1.04503606437161
LV-GGM,2104,2150,ENSMUSG00000027598,Itch,F,0.00400482458363544,370,0.175855513307985,1.04453937422695
LV-GGM,2105,2557,ENSMUSG00000063810,Alms1,F,0.00399772169796779,370,0.175771971496437,1.04404315599691
LV-GGM,2106,1571,ENSMUSG00000060636,Rpl35a,F,0.00399476947449878,370,0.175688509021842,1.04354740900926
LV-GGM,2107,1032,ENSMUSG00000079056,Kcnip3,F,0.00399346032564205,370,0.175605125771239,1.04305213259302
LV-GGM,2108,2950,ENSMUSG00000025103,Btbd1,F,0.00398378225399644,370,0.175521821631879,1.04255732607851
LV-GGM,2109,1905,ENSMUSG00000028691,Prdx1,F,0.0039807075519394,370,0.175438596491228,1.04206298879729
LV-GGM,2110,2439,ENSMUSG00000021686,Ap3b1,F,0.0039799697110143,370,0.175355450236967,1.04156912008222
LV-GGM,2111,1830,ENSMUSG00000045128,Rpl18a,F,0.00397852218479787,370,0.175272382756987,1.04107571926741
LV-GGM,2112,2299,ENSMUSG00000021738,Atxn7,F,0.00397302885845293,370,0.175189393939394,1.04058278568821
LV-GGM,2113,2340,ENSMUSG00000012848,Rps5,F,0.00396789574082728,370,0.175106483672504,1.04009031868126
LV-GGM,2114,1252,ENSMUSG00000078490,Cfap74,F,0.00396643435693846,370,0.175023651844844,1.03959831758443
LV-GGM,2115,935,ENSMUSG00000039620,6430573F11Rik,F,0.00396614669284313,370,0.174940898345154,1.03910678173688
LV-GGM,2116,400,ENSMUSG00000060445,Sycp2,F,0.00396432041728792,370,0.174858223062382,1.03861571047897
LV-GGM,2117,1067,ENSMUSG00000034858,Fam214a,F,0.00396068214637564,370,0.174775625885687,1.03812510315234
LV-GGM,2118,2349,ENSMUSG00000036790,Slitrk2,F,0.00394729729327986,370,0.174693106704438,1.03763495909986
LV-GGM,2119,370,ENSMUSG00000039194,Rlbp1,F,0.00394250156054332,370,0.174610665408211,1.03714527766564
LV-GGM,2120,2347,ENSMUSG00000032329,Hmg20a,F,0.00394045240019975,370,0.174528301886792,1.03665605819504
LV-GGM,2121,2689,ENSMUSG00000022000,Zc3h13,F,0.0039374218521931,370,0.174446016030174,1.03616730003465
LV-GGM,2122,2544,ENSMUSG00000022403,St13,F,0.0039329556073656,370,0.174363807728558,1.03567900253228
LV-GGM,2123,1120,ENSMUSG00000066258,Trim12a,F,0.00391705740732937,370,0.17428167687235,1.03519116503697
LV-GGM,2124,2568,ENSMUSG00000026353,Ubxn4,F,0.00391128695525863,370,0.174199623352166,1.03470378689901
LV-GGM,2125,2208,ENSMUSG00000022307,Oxr1,F,0.00390310915164177,370,0.174117647058824,1.03421686746988
LV-GGM,2126,1088,ENSMUSG00000020601,Trib2,F,0.00389667662025043,370,0.174035747883349,1.0337304061023
LV-GGM,2127,2403,ENSMUSG00000048118,Arid4a,F,0.00389411157463141,370,0.173953925716972,1.03324440215021
LV-GGM,2128,2392,ENSMUSG00000030629,Zfand6,F,0.00387887352691949,370,0.173872180451128,1.03275885496875
LV-GGM,2129,163,ENSMUSG00000041729,Coro2b,F,0.00387445971191203,370,0.173790511977454,1.03227376391428
LV-GGM,2130,1134,ENSMUSG00000055013,Agap1,F,0.00386530563943045,370,0.173708920187793,1.03178912834436
LV-GGM,2131,2711,ENSMUSG00000009739,Pou6f1,F,0.00386077650976805,370,0.173627404974191,1.03130494761778
LV-GGM,2132,1161,ENSMUSG00000027642,Rpn2,F,0.00385162829383437,370,0.173545966228893,1.03082122109451
LV-GGM,2133,2499,ENSMUSG00000027012,Dync1i2,F,0.00384541854708442,370,0.173464603844351,1.03033794813572
LV-GGM,2134,2296,ENSMUSG00000027365,Trpm7,T,0.0038433183045104,371,0.173851921274602,1.03263852034191
LV-GGM,2135,1975,ENSMUSG00000031320,Rps4x,F,0.00384031684618797,371,0.173770491803279,1.03215484890381
LV-GGM,2136,2786,ENSMUSG00000038535,Zfp280d,T,0.00384001894307816,372,0.174157303370787,1.0344524164072
LV-GGM,2137,1973,ENSMUSG00000006333,Rps9,F,0.003833623980442,372,0.174075807206364,1.03396834882816
LV-GGM,2138,1255,ENSMUSG00000066643,Wdr35,F,0.00383320635281468,372,0.17399438727783,1.03348473407193
LV-GGM,2139,2427,ENSMUSG00000037331,Larp1,F,0.00382532738494561,372,0.173913043478261,1.0330015715034
LV-GGM,2140,2336,ENSMUSG00000024425,Ndfip1,F,0.00382251265875968,372,0.173831775700935,1.03251886048868
LV-GGM,2141,600,ENSMUSG00000026158,Ogfrl1,F,0.00382250528782182,372,0.173750583839327,1.03203660039504
LV-GGM,2142,586,ENSMUSG00000063632,Sox11,T,0.00382201925861627,373,0.174136321195145,1.03432778733984
LV-GGM,2143,557,ENSMUSG00000075020,Mir670hg,F,0.00381342787622601,373,0.1740550629958,1.03384513321602
LV-GGM,2144,1992,ENSMUSG00000009927,Rps25,F,0.00380406752450929,373,0.173973880597015,1.03336292932926
LV-GGM,2145,2475,ENSMUSG00000032547,Ryk,F,0.00379182829266452,373,0.173892773892774,1.03288117504985
LV-GGM,2146,1378,ENSMUSG00000039851,4932438H23Rik,F,0.00379030634307728,373,0.17381174277726,1.03239986974927
LV-GGM,2147,928,ENSMUSG00000038094,Atp13a4,F,0.00378393888066256,373,0.173730787144853,1.03191901280015
LV-GGM,2148,2063,ENSMUSG00000001472,Tcf25,T,0.00378359500250501,374,0.174115456238361,1.03420385452424
LV-GGM,2149,278,ENSMUSG00000021670,Hmgcr,F,0.0037658191473141,374,0.174034434620754,1.03372260563894
LV-GGM,2150,2680,ENSMUSG00000061136,Prpf40a,F,0.00375819610897855,374,0.173953488372093,1.03324180442701
LV-GGM,2151,2237,ENSMUSG00000021910,Nisch,F,0.00375812178731483,374,0.173872617387262,1.0327614502641
LV-GGM,2152,2575,ENSMUSG00000037818,Abhd18,F,0.00375494836191024,374,0.173791821561338,1.03228154252699
LV-GGM,2153,1115,ENSMUSG00000020290,Xpo1,F,0.00373723098846563,374,0.173711100789596,1.03180208059362
LV-GGM,2154,2953,ENSMUSG00000054693,Adam10,F,0.00372520951517922,374,0.173630454967502,1.03132306384312
LV-GGM,2155,610,ENSMUSG00000066877,Nck2,F,0.00372135957102372,374,0.173549883990719,1.03084449165572
LV-GGM,2156,2325,ENSMUSG00000027805,Pfn2,F,0.00371664639317736,374,0.173469387755102,1.03036636341283
LV-GGM,2157,1248,ENSMUSG00000001418,Glmp,F,0.00370519674716741,374,0.173388966156699,1.02988867849702
LV-GGM,2158,2049,ENSMUSG00000030016,Zfp638,T,0.0037049094161523,375,0.173772011121409,1.0321638732874
LV-GGM,2159,666,ENSMUSG00000055725,Paqr3,F,0.0037018935066536,375,0.173691523853636,1.03168579831136
LV-GGM,2160,2046,ENSMUSG00000043991,Pura,F,0.0037004416911745,375,0.173611111111111,1.03120816599732
LV-GGM,2161,316,ENSMUSG00000024480,Ap3s1,F,0.00369247378963694,375,0.173530772790375,1.03073097573078
LV-GGM,2162,2852,ENSMUSG00000063358,Mapk1,T,0.00369105032361563,376,0.173913043478261,1.0330015715034
LV-GGM,2163,1080,ENSMUSG00000029772,Ahcyl2,F,0.00368175644995344,376,0.173832639852057,1.03252399333812
LV-GGM,2164,2838,ENSMUSG00000033335,Dnm2,F,0.00367428790344272,376,0.173752310536044,1.03204685655747
LV-GGM,2165,2218,ENSMUSG00000055799,Tcf7l1,T,0.00367003772992988,377,0.174133949191686,1.03431369821086
LV-GGM,2166,1879,ENSMUSG00000032405,Pias1,F,0.00366991062178759,377,0.174053554939982,1.03383617572784
LV-GGM,2167,2675,ENSMUSG00000009470,Tnpo1,F,0.00366141397425687,377,0.17397323488694,1.03335909396701
LV-GGM,2168,582,ENSMUSG00000041670,Rims1,T,0.00366129992847357,378,0.174354243542435,1.03562219357133
LV-GGM,2169,2351,ENSMUSG00000019920,Lims1,F,0.0036603576895974,378,0.174273858921162,1.03514472829076
LV-GGM,2170,2755,ENSMUSG00000020134,Peli1,F,0.00365044436378899,378,0.174193548387097,1.03466770307035
LV-GGM,2171,136,ENSMUSG00000042148,Cox10,F,0.00364753129739303,378,0.174113311837863,1.034191117302
LV-GGM,2172,1585,ENSMUSG00000040591,1110051M20Rik,F,0.00364664815500307,378,0.174033149171271,1.03371497037875
LV-GGM,2173,1897,ENSMUSG00000019873,Reep3,T,0.00363947613547053,379,0.174413253566498,1.03597269889498
LV-GGM,2174,1278,ENSMUSG00000035172,Plekhh3,F,0.0036387366116489,379,0.174333026678933,1.03549617051463
LV-GGM,2175,211,ENSMUSG00000026094,Stk17b,F,0.00363165120017875,379,0.174252873563218,1.03502008032129
LV-GGM,2176,2562,ENSMUSG00000029686,Cul1,F,0.00362846848097566,379,0.174172794117647,1.03454442771084
LV-GGM,2177,2384,ENSMUSG00000030275,Etnk1,F,0.00362410005482802,379,0.174092788240698,1.03406921208029
LV-GGM,2178,2769,ENSMUSG00000052748,Swt1,F,0.00358792329533528,379,0.174012855831038,1.03359443282773
LV-GGM,2179,2081,ENSMUSG00000041235,Chd7,T,0.00358269779246707,380,0.174391922900413,1.03584599987836
LV-GGM,2180,2935,ENSMUSG00000031639,Tlr3,F,0.00358149874748732,380,0.174311926605505,1.03537084116282
LV-GGM,2181,943,ENSMUSG00000045094,Arhgef37,F,0.00357296638955612,380,0.174232003668042,1.03489611817283
LV-GGM,2182,67,ENSMUSG00000021684,Pde8b,T,0.00356998513181901,381,0.174610449129239,1.03714399302066
LV-GGM,2183,950,ENSMUSG00000021589,Rhobtb3,T,0.0035587166999062,382,0.174988547869904,1.03938980843208
LV-GGM,2184,2121,ENSMUSG00000025326,Ube3a,F,0.00355211525162988,382,0.174908424908425,1.03891389734763
LV-GGM,2185,1114,ENSMUSG00000003581,Rnf215,F,0.00354504806758824,382,0.174828375286041,1.03843842187974
LV-GGM,2186,2055,ENSMUSG00000022201,Zfr,F,0.00354355303808065,382,0.174748398902104,1.03796338143057
LV-GGM,2187,2249,ENSMUSG00000035992,Fnip1,F,0.00354325118615305,382,0.17466849565615,1.0374887754034
LV-GGM,2188,1859,ENSMUSG00000025609,Mkln1,F,0.00353813631374481,382,0.174588665447898,1.03701460320257
LV-GGM,2189,2102,ENSMUSG00000032536,Trak1,F,0.00353556496120174,382,0.17450890817725,1.03654086423354
LV-GGM,2190,362,ENSMUSG00000051359,Ncald,T,0.00353260165099815,383,0.174885844748858,1.03877977664081
LV-GGM,2191,2678,ENSMUSG00000030555,Ttc23,F,0.00351010878096103,383,0.17480602464628,1.03830566446525
LV-GGM,2192,1323,ENSMUSG00000042121,Ssh1,F,0.00350512323025481,383,0.174726277372263,1.0378319848738
LV-GGM,2193,2897,ENSMUSG00000021000,Mia2,F,0.00349469547426325,383,0.174646602827177,1.03735873727468
LV-GGM,2194,2607,ENSMUSG00000038696,Mapkap1,T,0.00349301950133999,384,0.175022789425706,1.03959319502257
LV-GGM,2195,870,ENSMUSG00000020105,Lrig3,F,0.00349141763875663,384,0.1749430523918,1.03911957625491
LV-GGM,2196,1209,ENSMUSG00000006526,Tmem110,T,0.00347726422840588,385,0.175318761384335,1.04135119713828
LV-GGM,2197,1214,ENSMUSG00000030256,Bhlhe41,F,0.00347335599879372,385,0.175238962221211,1.04087720933803
LV-GGM,2198,2372,ENSMUSG00000021375,Kif13a,F,0.00347174463838147,385,0.17515923566879,1.04040365282787
LV-GGM,2199,348,ENSMUSG00000050821,Fam131a,F,0.00346934911306793,385,0.175079581628013,1.0399305270194
LV-GGM,2200,1569,ENSMUSG00000024983,Vti1a,T,0.0034654513157487,386,0.175454545454545,1.04215772179628
LV-GGM,2201,2633,ENSMUSG00000028149,Rap1gds1,F,0.0034580412806681,386,0.175374829622899,1.04168422896493
LV-GGM,2202,1609,ENSMUSG00000037999,Arap2,F,0.00345600805980697,386,0.175295186194369,1.04121116619065
LV-GGM,2203,2222,ENSMUSG00000025781,Atp5c1,F,0.00345142075940252,386,0.175215615070359,1.04073853288779
LV-GGM,2204,2555,ENSMUSG00000030002,Dusp11,F,0.00345017568496064,386,0.17513611615245,1.04026632847178
LV-GGM,2205,1065,ENSMUSG00000025348,Itga7,F,0.00344382003371358,386,0.175056689342404,1.0397945523591
LV-GGM,2206,1911,ENSMUSG00000058318,Phf21a,T,0.00344348578094889,387,0.175430643699003,1.04201575112781
LV-GGM,2207,2252,ENSMUSG00000040850,Psme4,F,0.00344091882470577,387,0.17535115541459,1.0415436098722
LV-GGM,2208,140,ENSMUSG00000020733,Slc9a3r1,F,0.00342262771297053,387,0.175271739130435,1.04107189628078
LV-GGM,2209,1044,ENSMUSG00000015085,Entpd2,F,0.003411399171403,387,0.175192394748755,1.04060060977273
LV-GGM,2210,1006,ENSMUSG00000086509,Nkx2-2os,F,0.00341010063561271,387,0.175113122171946,1.0401297497683
LV-GGM,2211,2474,ENSMUSG00000006699,Cdc42,F,0.00340367653481088,387,0.175033921302578,1.03965931568881
LV-GGM,2212,2646,ENSMUSG00000034602,Mon2,F,0.00339095946914746,387,0.1749547920434,1.03918930695658
LV-GGM,2213,2083,ENSMUSG00000020745,Pafah1b1,F,0.0033907387510583,387,0.174875734297334,1.03871972299501
LV-GGM,2214,2795,ENSMUSG00000040560,Wdr7,F,0.00338674559167322,387,0.17479674796748,1.03825056322852
LV-GGM,2215,2546,ENSMUSG00000017843,Ppp2r5c,F,0.00337712890447742,387,0.174717832957111,1.0377818270826
LV-GGM,2216,2569,ENSMUSG00000061755,Bod1l,F,0.00335900055104877,387,0.174638989169675,1.03731351398373
LV-GGM,2217,1861,ENSMUSG00000026743,Mllt10,F,0.00335690815617661,387,0.174560216508796,1.03684562335947
LV-GGM,2218,1064,ENSMUSG00000023249,Parp3,F,0.00333913299657156,387,0.174481514878269,1.03637815463839
LV-GGM,2219,2700,ENSMUSG00000027104,Atf2,F,0.00332651405173705,387,0.174402884182064,1.03591110725009
LV-GGM,2220,857,ENSMUSG00000022510,Trp63,F,0.0033233045479148,387,0.174324324324324,1.0354444806252
LV-GGM,2221,478,ENSMUSG00000097339,Gm26671,F,0.00332144060296981,387,0.174245835209365,1.03497827419539
LV-GGM,2222,176,ENSMUSG00000047786,Lix1,F,0.0033185716056618,387,0.174167416741674,1.03451248739332
LV-GGM,2223,2740,ENSMUSG00000021111,Papola,F,0.00331450537665432,387,0.174089068825911,1.0340471196527
LV-GGM,2224,1832,ENSMUSG00000035104,Eva1a,F,0.00331009273040677,387,0.174010791366906,1.03358217040825
LV-GGM,2225,1724,ENSMUSG00000030695,Aldoa,F,0.00330883339427922,387,0.173932584269663,1.03311763909571
LV-GGM,2226,2775,ENSMUSG00000055670,Zzef1,F,0.00329364077405568,387,0.173854447439353,1.03265352515182
LV-GGM,2227,2082,ENSMUSG00000040481,Bptf,F,0.00327539468298417,387,0.17377638078132,1.03218982801435
LV-GGM,2228,2095,ENSMUSG00000027488,Snta1,F,0.00327334448073333,387,0.173698384201077,1.03172654712206
LV-GGM,2229,641,ENSMUSG00000059743,Fdps,F,0.00327333478165362,387,0.173620457604307,1.03126368191474
LV-GGM,2230,1177,ENSMUSG00000020926,Adam11,F,0.00326591239749438,387,0.173542600896861,1.03080123183316
LV-GGM,2231,603,ENSMUSG00000029471,Camkk2,T,0.00326413613012052,388,0.173913043478261,1.0330015715034
LV-GGM,2232,2768,ENSMUSG00000035247,Hectd1,F,0.00325655849756823,388,0.173835125448029,1.03253875717925
LV-GGM,2233,2358,ENSMUSG00000034640,Tiparp,F,0.00325376013259994,388,0.173757277205553,1.03207635737756
LV-GGM,2234,2794,ENSMUSG00000020598,Nrcam,T,0.00324539239759776,389,0.174127126230976,1.03427317146833
LV-GGM,2235,1739,ENSMUSG00000031129,Slc9a9,F,0.00324323911214921,389,0.174049217002237,1.03381040942293
LV-GGM,2236,273,ENSMUSG00000027273,Snap25,T,0.00323887626260457,390,0.174418604651163,1.03600448304847
LV-GGM,2237,2776,ENSMUSG00000039210,Gpatch2,F,0.0032250040522295,390,0.174340634778721,1.03554136079409
LV-GGM,2238,975,ENSMUSG00000047787,Flrt1,F,0.0032126973953692,390,0.17426273458445,1.03507865241125
LV-GGM,2239,317,ENSMUSG00000015882,Lcorl,F,0.00320557299998187,390,0.174184903974989,1.03461635734542
LV-GGM,2240,205,ENSMUSG00000031604,Msmo1,F,0.00319868756701769,390,0.174107142857143,1.03415447504303
LV-GGM,2241,1841,ENSMUSG00000021488,Nsd1,T,0.00319766533512743,391,0.174475680499777,1.03634349983602
LV-GGM,2242,1483,ENSMUSG00000095930,Nim1k,F,0.0031957726321082,391,0.174397859054416,1.03588125920273
LV-GGM,2243,1648,ENSMUSG00000029108,Pcdh7,T,0.00319432797780325,392,0.174765938475256,1.03806756226869
LV-GGM,2244,2171,ENSMUSG00000020541,Tom1l1,F,0.00319246002565449,392,0.174688057040998,1.03760496531581
LV-GGM,2245,2952,ENSMUSG00000054766,Set,F,0.00319180122436497,392,0.174610244988864,1.03714278047602
LV-GGM,2246,2279,ENSMUSG00000073664,Nbeal1,T,0.00319044674291967,393,0.174977738201247,1.039325601605
LV-GGM,2247,2032,ENSMUSG00000023175,Bsg,F,0.00318987425843676,393,0.174899866488652,1.03886306239645
LV-GGM,2248,591,ENSMUSG00000026959,Grin1,T,0.0031870444590565,394,0.175266903914591,1.04104317626377
LV-GGM,2249,1089,ENSMUSG00000062098,Btbd3,F,0.00318394896140764,394,0.175188972876834,1.04058028467806
LV-GGM,2250,1803,ENSMUSG00000007817,Zmiz1,F,0.00317925346676317,394,0.175111111111111,1.04011780455154
LV-GGM,2251,181,ENSMUSG00000029106,Add1,F,0.00317556050070787,394,0.1750333185251,1.03965573533583
LV-GGM,2252,1999,ENSMUSG00000019916,P4ha1,F,0.00316665353193278,394,0.174955595026643,1.03919407648355
LV-GGM,2253,2888,ENSMUSG00000037805,Rpl10a,F,0.00316189580452616,394,0.174877940523746,1.03873282744827
LV-GGM,2254,2781,ENSMUSG00000003865,Gys1,F,0.00314618954971585,394,0.174800354924579,1.03827198768454
LV-GGM,2255,2978,ENSMUSG00000021288,Klc1,F,0.00314599944378283,394,0.174722838137472,1.03781155664788
LV-GGM,2256,920,ENSMUSG00000044647,Csrnp3,F,0.00314112593090035,394,0.174645390070922,1.03735153379475
LV-GGM,2257,2295,ENSMUSG00000007411,Mark3,F,0.00313765283434477,394,0.174568010633584,1.03689191858262
LV-GGM,2258,54,ENSMUSG00000115263,AC154683.1,F,0.00313739928956942,394,0.174490699734278,1.03643271046987
LV-GGM,2259,2998,ENSMUSG00000019726,Lyst,F,0.00313350965989645,394,0.174413457281983,1.03597390891588
LV-GGM,2260,2601,ENSMUSG00000048874,Phf3,T,0.00312776126674366,395,0.174778761061947,1.03814372534385
LV-GGM,2261,1273,ENSMUSG00000042050,Wdr60,F,0.00312766574073297,395,0.174701459531181,1.03768457287798
LV-GGM,2262,1186,ENSMUSG00000005417,Mprip,F,0.00312385918376306,395,0.174624226348364,1.03722582638245
LV-GGM,2263,1312,ENSMUSG00000022500,Litaf,F,0.00311931624093424,395,0.17454706142289,1.03676748531909
LV-GGM,2264,734,ENSMUSG00000036353,P2ry12,T,0.00310736662764948,396,0.174911660777385,1.03893311762953
LV-GGM,2265,1737,ENSMUSG00000021615,Xrcc4,F,0.00310604643004057,396,0.174834437086093,1.03847442751137
LV-GGM,2266,2890,ENSMUSG00000032594,Ip6k1,F,0.00310324109560858,396,0.174757281553398,1.03801614223886
LV-GGM,2267,2467,ENSMUSG00000020719,Ddx5,F,0.00309965135322153,396,0.174680194089105,1.03755826127625
LV-GGM,2268,599,ENSMUSG00000023022,Lima1,F,0.00309648095869283,396,0.174603174603175,1.03710078408874
LV-GGM,2269,2893,ENSMUSG00000020516,Rps6kb1,F,0.00309584331429517,396,0.174526223005729,1.03664371014246
LV-GGM,2270,1618,ENSMUSG00000036879,Phkb,F,0.00309317199076106,396,0.174449339207048,1.03618703890452
LV-GGM,2271,1488,ENSMUSG00000105361,AY036118,F,0.0030923439824193,396,0.174372523117569,1.03573076984291
LV-GGM,2272,1289,ENSMUSG00000062980,Cped1,F,0.00308846683183895,396,0.174295774647887,1.03527490242661
LV-GGM,2273,2221,ENSMUSG00000027010,Slc25a12,F,0.00308599844943507,396,0.174219093708755,1.0348194361255
LV-GGM,2274,1546,ENSMUSG00000021745,Ptprg,T,0.0030811039201798,397,0.174582233948989,1.03697640164881
LV-GGM,2275,114,ENSMUSG00000042680,Garem1,F,0.00307618473508748,397,0.174505494505495,1.03652058784589
LV-GGM,2276,1357,ENSMUSG00000002885,Adgre5,T,0.00305276491840974,398,0.174868189806678,1.03867491053846
LV-GGM,2277,2424,ENSMUSG00000027630,Tbl1xr1,F,0.0030510701465764,398,0.174791392182697,1.03821875115746
LV-GGM,2278,2905,ENSMUSG00000027272,Ubr1,F,0.00305079993055185,398,0.174714661984197,1.03776299226758
LV-GGM,2279,1116,ENSMUSG00000075254,Heg1,F,0.00305072297434215,398,0.174637999122422,1.03730763334162
LV-GGM,2280,2701,ENSMUSG00000058230,Arhgap35,F,0.00304784286862425,398,0.174561403508772,1.03685267385331
LV-GGM,2281,601,ENSMUSG00000033066,Gas7,F,0.00304445329855382,398,0.174484875054801,1.03639811327731
LV-GGM,2282,573,ENSMUSG00000051727,Kctd14,F,0.00303193288907427,398,0.174408413672217,1.03594395108919
LV-GGM,2283,648,ENSMUSG00000097071,4930544I03Rik,F,0.00302095377962772,398,0.174332019272887,1.03549018676546
LV-GGM,2284,493,ENSMUSG00000040624,Plekhg1,F,0.00301783679921853,398,0.174255691768827,1.03503681978351
LV-GGM,2285,1247,ENSMUSG00000037990,Sh3rf3,F,0.00301685475627818,398,0.17417943107221,1.03458384962168
LV-GGM,2286,1251,ENSMUSG00000109284,B230311B06Rik,F,0.00301175004219703,398,0.174103237095363,1.0341312757592
LV-GGM,2287,1870,ENSMUSG00000010608,Rbm25,F,0.00300298288780649,398,0.174027109750765,1.03367909767623
LV-GGM,2288,253,ENSMUSG00000028273,Pdlim5,F,0.00299429020617012,398,0.173951048951049,1.03322731485382
LV-GGM,2289,1965,ENSMUSG00000032253,Phip,F,0.00299292580066752,398,0.173875054609,1.03277592677394
LV-GGM,2290,2958,ENSMUSG00000039531,Zufsp,F,0.00296564788467038,398,0.173799126637555,1.03232493291945
LV-GGM,2291,2832,ENSMUSG00000028221,Tmem55a,T,0.00296554582536745,399,0.174159755565255,1.03446698185146
LV-GGM,2292,2567,ENSMUSG00000004798,Ulk2,F,0.00296324895702431,399,0.174083769633508,1.03401564372674
LV-GGM,2293,1344,ENSMUSG00000021583,Erap1,F,0.0029565333032308,399,0.174007849978195,1.03356469926807
LV-GGM,2294,1521,ENSMUSG00000052062,Pard3b,T,0.00295626372308586,400,0.1743679163034,1.03570340647682
LV-GGM,2295,2864,ENSMUSG00000017376,Nlk,F,0.00294919608223606,400,0.174291938997821,1.03525211958947
LV-GGM,2296,949,ENSMUSG00000060275,Nrg2,T,0.00294498058201546,401,0.174651567944251,1.03738822887368
LV-GGM,2297,219,ENSMUSG00000036499,Eea1,F,0.00294286026216691,401,0.17457553330431,1.03693660143403
LV-GGM,2298,1694,ENSMUSG00000025959,Klf7,T,0.00293522750577063,402,0.174934725848564,1.03907011859448
LV-GGM,2299,2734,ENSMUSG00000036112,Metap2,F,0.00293019991932055,402,0.174858634188778,1.03861815247069
LV-GGM,2300,2050,ENSMUSG00000026626,Ppp2r5a,F,0.00290878748379727,402,0.174782608695652,1.03816657936092
LV-GGM,2301,2253,ENSMUSG00000054823,Nsd3,T,0.00290237458331652,403,0.175141242937853,1.04029678034171
LV-GGM,2302,2080,ENSMUSG00000028618,Tmem59,T,0.00289907445641263,404,0.175499565595135,1.04242513058315
LV-GGM,2303,1636,ENSMUSG00000019699,Akt3,F,0.00289881901929563,404,0.175423360833695,1.04197249266279
LV-GGM,2304,2154,ENSMUSG00000029705,Cux1,F,0.00289537537330444,404,0.175347222222222,1.0415202476573
LV-GGM,2305,1517,ENSMUSG00000023965,Fbxl17,F,0.00289053321322258,404,0.17527114967462,1.04106839505528
LV-GGM,2306,396,ENSMUSG00000037795,N4bp2,F,0.00288991713515033,404,0.175195143104944,1.04061693434623
LV-GGM,2307,516,ENSMUSG00000038418,Egr1,T,0.00287484136734123,405,0.17555266579974,1.04274053300327
LV-GGM,2308,248,ENSMUSG00000051950,B3glct,F,0.00287454470613076,405,0.175476603119584,1.04228873901151
LV-GGM,2309,2232,ENSMUSG00000037674,Rfx7,F,0.00284871769013326,405,0.175400606323084,1.04183733635277
LV-GGM,2310,1485,ENSMUSG00000032038,St3gal4,F,0.00284487570680554,405,0.175324675324675,1.04138632451885
LV-GGM,2311,1266,ENSMUSG00000019996,Map7,T,0.00282414504305951,406,0.175681523150151,1.04350591461475
LV-GGM,2312,2841,ENSMUSG00000042520,Ubap2l,F,0.00282031632630107,406,0.17560553633218,1.04305457122608
LV-GGM,2313,2497,ENSMUSG00000028439,Fam219a,F,0.00281550287995218,406,0.175529615218331,1.04260361810406
LV-GGM,2314,717,ENSMUSG00000097080,1700086O06Rik,F,0.00281440275550053,406,0.175453759723423,1.04215305474274
LV-GGM,2315,1379,ENSMUSG00000075419,Dolk,F,0.00281202939361731,406,0.175377969762419,1.04170288063702
LV-GGM,2316,968,ENSMUSG00000035513,Ntng2,F,0.00280400882566701,406,0.175302245250432,1.04125309528269
LV-GGM,2317,392,ENSMUSG00000007617,Homer1,T,0.00279660180553624,407,0.175658178679327,1.04336725408323
LV-GGM,2318,367,ENSMUSG00000041642,Kif21b,F,0.00279261532785758,407,0.1755823986195,1.04291713878811
LV-GGM,2319,2892,ENSMUSG00000037058,Paip2,F,0.00278660823576723,407,0.175506683915481,1.04246741169075
LV-GGM,2320,2961,ENSMUSG00000033569,Adgrb3,T,0.00278642724686361,408,0.175862068965517,1.04457831325301
LV-GGM,2321,2809,ENSMUSG00000039967,Zfp292,T,0.00278192489376451,409,0.176217147781129,1.04668739585658
LV-GGM,2322,2631,ENSMUSG00000013663,Pten,F,0.00277829141039541,409,0.176141257536606,1.04623662609093
LV-GGM,2323,2062,ENSMUSG00000037646,Vps13b,F,0.00277662519361938,409,0.17606543263022,1.04578624441805
LV-GGM,2324,1718,ENSMUSG00000030352,Tspan9,T,0.00276576038085933,410,0.176419965576592,1.04789208468988
LV-GGM,2325,2333,ENSMUSG00000050812,AI314180,F,0.00276470486271528,410,0.176344086021505,1.04744137841689
LV-GGM,2326,2343,ENSMUSG00000032336,Nptn,F,0.00276361323271261,410,0.176268271711092,1.04699105968155
LV-GGM,2327,470,ENSMUSG00000031938,4931406C07Rik,F,0.00276320973929386,410,0.176192522561238,1.04654112798422
LV-GGM,2328,1394,ENSMUSG00000028617,Lrrc42,T,0.00275656630231898,411,0.176546391752577,1.04864302571109
LV-GGM,2329,1486,ENSMUSG00000022321,Cdh10,T,0.00275405594702254,412,0.176899957063117,1.05074311845924
LV-GGM,2330,1812,ENSMUSG00000018378,Cuedc1,F,0.0027487228190029,412,0.176824034334764,1.05029215574745
LV-GGM,2331,2302,ENSMUSG00000043384,Gprasp1,F,0.0027433726272692,412,0.176748176748177,1.04984157996206
LV-GGM,2332,390,ENSMUSG00000108811,4933432K03Rik,F,0.00273492645898097,412,0.176672384219554,1.0493913906053
LV-GGM,2333,73,ENSMUSG00000020950,Foxg1,T,0.00273399776811761,413,0.177025289327047,1.05148756190643
LV-GGM,2334,720,ENSMUSG00000027834,Serpini1,F,0.00273191680931776,413,0.176949443016281,1.05103705309671
LV-GGM,2335,707,ENSMUSG00000117450,Gm15422,F,0.00272652355065109,413,0.176873661670236,1.05058693016176
LV-GGM,2336,165,ENSMUSG00000028184,Adgrl2,T,0.00269950019940981,414,0.17722602739726,1.05267989767288
LV-GGM,2337,2247,ENSMUSG00000053931,Cnn3,F,0.00269788947843404,414,0.177150192554557,1.05222945698068
LV-GGM,2338,1758,ENSMUSG00000034621,Gpatch8,F,0.00269047039492944,414,0.177074422583405,1.05177940160986
LV-GGM,2339,1595,ENSMUSG00000004902,Slc25a18,F,0.00268446653824234,414,0.176998717400599,1.05132973106621
LV-GGM,2340,397,ENSMUSG00000018800,Abca5,F,0.00268409822141043,414,0.176923076923077,1.05088044485635
LV-GGM,2341,2565,ENSMUSG00000054452,Aes,T,0.00268208745706043,415,0.177274668944895,1.05296881674498
LV-GGM,2342,1947,ENSMUSG00000052707,Tnrc6a,F,0.00268134413890865,415,0.177198975234842,1.05251921434671
LV-GGM,2343,2804,ENSMUSG00000074305,Peak1,F,0.00267145806677559,415,0.177123346137431,1.05206999573197
LV-GGM,2344,2851,ENSMUSG00000040423,Rc3h1,F,0.00267041186472134,415,0.177047781569966,1.05162116040956
LV-GGM,2345,3000,ENSMUSG00000024054,Smchd,F,0.00265864755489104,415,0.176972281449893,1.05117270788913
LV-GGM,2346,973,ENSMUSG00000097877,Gm26703,F,0.00265863524468755,415,0.1768968456948,1.05072463768116
LV-GGM,2347,1079,ENSMUSG00000026223,Itm2c,F,0.00265733083658444,415,0.176821474222412,1.05027694929697
LV-GGM,2348,373,ENSMUSG00000029638,Glcci1,F,0.0026570160647959,415,0.176746166950596,1.04982964224872
LV-GGM,2349,723,ENSMUSG00000053825,Ppfia2,F,0.00265570714975067,415,0.176670923797361,1.04938271604938
LV-GGM,2350,1026,ENSMUSG00000034353,Ramp1,F,0.00262866255952042,415,0.176595744680851,1.04893617021277
LV-GGM,2351,2770,ENSMUSG00000027457,Snph,F,0.00262653243938164,415,0.176520629519353,1.04849000425351
LV-GGM,2352,996,ENSMUSG00000051323,Pcdh19,T,0.00261890402739521,416,0.17687074829932,1.05056962544054
LV-GGM,2353,168,ENSMUSG00000028988,Ctnnbip1,F,0.00261857186472664,416,0.176795580110497,1.05012314451175
LV-GGM,2354,1356,ENSMUSG00000037259,Dzank1,F,0.00261448858042832,416,0.176720475785896,1.04967704292105
LV-GGM,2355,215,ENSMUSG00000045136,Tubb2b,T,0.00261075851807652,417,0.177070063694268,1.05175351085872
LV-GGM,2356,2470,ENSMUSG00000031703,Itfg1,F,0.00260660561495293,417,0.176994906621392,1.05130709595598
LV-GGM,2357,657,ENSMUSG00000002881,Nab1,F,0.0026044979921764,417,0.17691981332202,1.05086105985248
LV-GGM,2358,1133,ENSMUSG00000059049,Frem1,F,0.00260227379025251,417,0.176844783715013,1.05041540206628
LV-GGM,2359,2847,ENSMUSG00000042870,Tom1,F,0.00259326492773293,417,0.176769817719373,1.04997012211627
LV-GGM,2360,2989,ENSMUSG00000035152,Ap2b1,F,0.00258890069254239,417,0.176694915254237,1.04952521952216
LV-GGM,2361,2908,ENSMUSG00000005514,Por,F,0.00257887326840838,417,0.176620076238882,1.04908069380444
LV-GGM,2362,562,ENSMUSG00000041926,Rnpep,F,0.0025777828610229,417,0.176545300592718,1.04863654448446
LV-GGM,2363,1319,ENSMUSG00000034771,Tle2,F,0.002574655976611,417,0.176470588235294,1.04819277108434
LV-GGM,2364,2645,ENSMUSG00000053644,Aldh7a1,F,0.00257438235770653,417,0.176395939086294,1.04774937312703
LV-GGM,2365,271,ENSMUSG00000021743,Fezf2,F,0.00256499649828179,417,0.176321353065539,1.04730635013627
LV-GGM,2366,2463,ENSMUSG00000062232,Rapgef2,F,0.00255984449027451,417,0.176246830092984,1.04686370163664
LV-GGM,2367,2317,ENSMUSG00000039159,Ube2h,F,0.00255673165066015,417,0.17617237008872,1.04642142715348
LV-GGM,2368,1306,ENSMUSG00000058656,Samd12,F,0.00255321557110555,417,0.176097972972973,1.04597952621296
LV-GGM,2369,2653,ENSMUSG00000018379,Srsf1,F,0.00254314628235614,417,0.176023638666104,1.04553799834204
LV-GGM,2370,1447,ENSMUSG00000096768,Gm47283,F,0.00253343654662573,417,0.175949367088608,1.04509684306848
LV-GGM,2371,2285,ENSMUSG00000039953,Clstn1,F,0.00252049872012114,417,0.175875158161113,1.04465605992083
LV-GGM,2372,726,ENSMUSG00000019082,Slc25a22,F,0.00251830801253703,417,0.175801011804384,1.04421564842845
LV-GGM,2373,461,ENSMUSG00000024190,Dusp1,T,0.00251609534575067,418,0.176148335440371,1.04627866713377
LV-GGM,2374,864,ENSMUSG00000038576,Susd4,F,0.00250179281638167,418,0.176074136478517,1.04583794317963
LV-GGM,2375,1473,ENSMUSG00000039519,Cyp7b1,F,0.00250056980432784,418,0.176,1.04539759036145
LV-GGM,2376,1349,ENSMUSG00000062785,Kcnc3,F,0.00249646943732608,418,0.175925925925926,1.04495760821062
LV-GGM,2377,411,ENSMUSG00000020300,Cpeb4,F,0.00249497774487326,418,0.175851914177535,1.04451799625933
LV-GGM,2378,2902,ENSMUSG00000027176,Cstf3,F,0.00249349752805326,418,0.175777964676198,1.04407875404055
LV-GGM,2379,2021,ENSMUSG00000026600,Soat1,F,0.00249077028830451,418,0.175704077343422,1.04363988108803
LV-GGM,2380,1770,ENSMUSG00000022296,Baalc,F,0.00248783604940695,418,0.17563025210084,1.04320137693632
LV-GGM,2381,2981,ENSMUSG00000029684,Wasl,F,0.00248399650313814,418,0.175556488870223,1.04276324112072
LV-GGM,2382,337,ENSMUSG00000035392,Dennd1a,F,0.00248050794251217,418,0.175482787573468,1.04232547317734
LV-GGM,2383,1361,ENSMUSG00000035206,Sppl2b,F,0.00247944125037965,418,0.175409148132606,1.04188807264307
LV-GGM,2384,1280,ENSMUSG00000037138,Aff3,F,0.0024735061048978,418,0.175335570469799,1.04145103905555
LV-GGM,2385,63,ENSMUSG00000028519,Dab1,F,0.00246075330213414,418,0.175262054507338,1.04101437195322
LV-GGM,2386,2783,ENSMUSG00000033632,AW554918,F,0.00245801714992017,418,0.175188600167645,1.04057807087529
LV-GGM,2387,1733,ENSMUSG00000037902,Sirpa,F,0.00245538600033174,418,0.175115207373272,1.04014213536172
LV-GGM,2388,2182,ENSMUSG00000086539,Gm16759,F,0.00245337676735833,418,0.175041876046901,1.03970656495328
LV-GGM,2389,1525,ENSMUSG00000064138,Fam172a,F,0.00245014821234603,418,0.174968606111344,1.03927135919147
LV-GGM,2390,2737,ENSMUSG00000042298,Ttc19,F,0.0024475093732417,418,0.17489539748954,1.03883651761859
LV-GGM,2391,2869,ENSMUSG00000066306,Numa1,F,0.00244746107112717,418,0.174822250104559,1.03840203977768
LV-GGM,2392,2085,ENSMUSG00000025351,Cd63,F,0.00244452292896215,418,0.174749163879599,1.03796792521256
LV-GGM,2393,2513,ENSMUSG00000028015,Ctso,F,0.00244147712090572,418,0.174676138737986,1.03753417346779
LV-GGM,2394,289,ENSMUSG00000022799,Arhgap31,F,0.0024411368671668,418,0.174603174603175,1.03710078408874
LV-GGM,2395,1254,ENSMUSG00000019971,Cep290,T,0.00244108827985684,419,0.174947807933194,1.03914782302488
LV-GGM,2396,1899,ENSMUSG00000047409,Ctdspl,F,0.00244046571882185,419,0.174874791318865,1.03871412193012
LV-GGM,2397,1759,ENSMUSG00000032518,Rpsa,F,0.00243560141986109,419,0.174801835627868,1.03828078270529
LV-GGM,2398,60,ENSMUSG00000105352,C030018K13Rik,F,0.00243110107630779,419,0.174728940783987,1.03784780489766
LV-GGM,2399,585,ENSMUSG00000024403,Atp6v1g2,T,0.00241801647858248,420,0.175072947061276,1.03989111929167
LV-GGM,2400,2425,ENSMUSG00000054611,Kdm2a,T,0.00241540311188723,421,0.175416666666667,1.04193273092369
LV-GGM,2401,2460,ENSMUSG00000022914,Brwd1,F,0.00241314845191449,421,0.175343606830487,1.04149877310157
LV-GGM,2402,1282,ENSMUSG00000027676,Ccdc39,F,0.00241128891352837,421,0.175270607826811,1.04106517660985
LV-GGM,2403,2139,ENSMUSG00000021188,Trip11,F,0.00239665817722438,421,0.175197669579692,1.04063194099745
LV-GGM,2404,1997,ENSMUSG00000019907,Ppp1r12a,F,0.00239134357516817,421,0.175124792013311,1.040199065814
LV-GGM,2405,137,ENSMUSG00000028159,Dapp1,F,0.00238821612402823,421,0.175051975051975,1.03976655060992
LV-GGM,2406,1855,ENSMUSG00000025812,Pard3,T,0.00238401417019419,422,0.175394846217789,1.0418031227153
LV-GGM,2407,2066,ENSMUSG00000028532,Cachd1,F,0.00237566265348003,422,0.175321977565434,1.04137030047902
LV-GGM,2408,2318,ENSMUSG00000022185,Acin1,F,0.00237545042751548,422,0.175249169435216,1.04093783772966
LV-GGM,2409,2655,ENSMUSG00000050945,Zfp438,T,0.00237446353543695,423,0.175591531755915,1.04297138741767
LV-GGM,2410,2141,ENSMUSG00000074748,Atxn7l3b,F,0.00236426043255184,423,0.17551867219917,1.04253861920712
LV-GGM,2411,2827,ENSMUSG00000030557,Mef2a,T,0.00236362870331667,424,0.175860638739112,1.0445698180528
LV-GGM,2412,684,ENSMUSG00000034891,Sncb,F,0.00236302348234514,424,0.175787728026534,1.04413674598893
LV-GGM,2413,640,ENSMUSG00000007207,Stx1a,F,0.00236003756538786,424,0.175714877745545,1.04370403287414
LV-GGM,2414,961,ENSMUSG00000031785,Adgrg1,T,0.00235985859970575,425,0.176056338028169,1.04573222467334
LV-GGM,2415,2175,ENSMUSG00000046138,9930021J03Rik,F,0.00234745689429248,425,0.175983436853002,1.0452992092594
LV-GGM,2416,2010,ENSMUSG00000027677,Ttc14,F,0.00234074820959129,425,0.17591059602649,1.04486655230192
LV-GGM,2417,716,ENSMUSG00000097727,F630040K05Rik,F,0.00232802725664051,425,0.175837815473728,1.044434253356
LV-GGM,2418,354,ENSMUSG00000021417,Eci2,F,0.00232230379290904,425,0.175765095119934,1.04400231197744
LV-GGM,2419,588,ENSMUSG00000026640,Plxna2,F,0.00232089878426771,425,0.175692434890451,1.0435707277228
LV-GGM,2420,364,ENSMUSG00000000142,Axin2,F,0.00231099983414022,425,0.175619834710744,1.04313950014936
LV-GGM,2421,546,ENSMUSG00000029156,Sgcb,F,0.00231018870886453,425,0.175547294506402,1.04270862881514
LV-GGM,2422,597,ENSMUSG00000025576,Rbfox3,F,0.00230018913120813,425,0.175474814203138,1.04227811327888
LV-GGM,2423,1263,ENSMUSG00000034121,Mks1,F,0.0022811291895995,425,0.175402393726785,1.04184795310006
LV-GGM,2424,2212,ENSMUSG00000057522,Spop,F,0.00226323243173947,425,0.1753300330033,1.04141814783888
LV-GGM,2425,355,ENSMUSG00000027221,Chst1,F,0.00226132356433115,425,0.175257731958763,1.04098869705627
LV-GGM,2426,1828,ENSMUSG00000025978,Rftn2,F,0.00225653216008548,425,0.175185490519373,1.04055960031387
LV-GGM,2427,76,ENSMUSG00000043969,Emx2,T,0.00225536937189221,426,0.175525339925834,1.04257822389682
LV-GGM,2428,1634,ENSMUSG00000032009,Sesn3,F,0.0022549164697194,426,0.175453047775947,1.04214882594629
LV-GGM,2429,177,ENSMUSG00000024213,Nudt3,F,0.00225089624893194,426,0.175380815150268,1.0417197815552
LV-GGM,2430,1131,ENSMUSG00000055917,Zfp277,T,0.00224544311264748,427,0.175720164609053,1.04373543556944
LV-GGM,2431,1295,ENSMUSG00000040479,Dgkz,F,0.00223805130509087,427,0.175647881530234,1.04330609149886
LV-GGM,2432,594,ENSMUSG00000022887,Masp1,F,0.00223674999510363,427,0.175575657894737,1.04287710050729
LV-GGM,2433,2324,ENSMUSG00000034252,Senp6,F,0.00223575052347282,427,0.175503493629264,1.04244846215936
LV-GGM,2434,2380,ENSMUSG00000009291,Pttg1ip,F,0.00222553861994497,427,0.175431388660641,1.04202017602043
LV-GGM,2435,616,ENSMUSG00000031840,Rab3a,T,0.00221981856074653,428,0.175770020533881,1.04403156774944
LV-GGM,2436,2606,ENSMUSG00000028180,Zranb2,F,0.00221957516945456,428,0.175697865353038,1.04360298336202
LV-GGM,2437,2189,ENSMUSG00000032580,Rbm5,F,0.00221891452102787,428,0.175625769388593,1.04317475070574
LV-GGM,2438,728,ENSMUSG00000035653,Lrfn5,F,0.00221476354400683,428,0.175553732567678,1.04274686934778
LV-GGM,2439,2548,ENSMUSG00000032046,Abhd12,F,0.00221421572700408,428,0.175481754817548,1.04231933885604
LV-GGM,2440,1374,ENSMUSG00000004788,Eif2b2,F,0.00220252702964072,428,0.175409836065574,1.04189215879913
LV-GGM,2441,2799,ENSMUSG00000107815,Gm44257,F,0.002197137226782,428,0.175337976239246,1.04146532874637
LV-GGM,2442,87,ENSMUSG00000018398,Sept8,F,0.0021924067266548,428,0.175266175266175,1.04103884826776
LV-GGM,2443,674,ENSMUSG00000097328,Tnfsf12,F,0.00217351808901441,428,0.175194433074089,1.04061271693405
LV-GGM,2444,2538,ENSMUSG00000049184,Purg,F,0.00217006091846515,428,0.175122749590835,1.04018693431664
LV-GGM,2445,842,ENSMUSG00000027239,Mdk,F,0.0021697460588816,428,0.175051124744376,1.03976149998768
LV-GGM,2446,456,ENSMUSG00000030465,Psd3,F,0.00216751434884407,428,0.174979558462796,1.03933641351998
LV-GGM,2447,1174,ENSMUSG00000025997,Ikzf2,F,0.00216594833914618,428,0.174908050674295,1.03891167448708
LV-GGM,2448,817,ENSMUSG00000036377,C530008M17Rik,F,0.00216426075526028,428,0.17483660130719,1.03848728246319
LV-GGM,2449,2929,ENSMUSG00000035919,Bbs9,F,0.00216297805541288,428,0.174765210289914,1.03806323702323
LV-GGM,2450,905,ENSMUSG00000030306,Tmtc1,F,0.00215743164842135,428,0.17469387755102,1.03763953774281
LV-GGM,2451,1862,ENSMUSG00000024290,Rock1,F,0.0021480754519495,428,0.174622603019176,1.03721618419824
LV-GGM,2452,1615,ENSMUSG00000033306,Lpp,F,0.00214386813182492,428,0.174551386623165,1.03679317596651
LV-GGM,2453,356,ENSMUSG00000102494,Gm36988,F,0.00214230059872613,428,0.174480228291887,1.03637051262531
LV-GGM,2454,1945,ENSMUSG00000001260,Gabrg1,F,0.00214088380570101,428,0.17440912795436,1.03594819375301
LV-GGM,2455,2199,ENSMUSG00000035623,Rsf1,F,0.00214007768382404,428,0.174338085539715,1.03552621892867
LV-GGM,2456,2707,ENSMUSG00000020546,Stxbp4,F,0.00212855552989352,428,0.174267100977199,1.03510458773204
LV-GGM,2457,706,ENSMUSG00000072949,Acot1,F,0.00212718574635546,428,0.174196174196174,1.03468329974354
LV-GGM,2458,1665,ENSMUSG00000031229,Atrx,F,0.00212610639203157,428,0.174125305126119,1.0342623545443
LV-GGM,2459,2213,ENSMUSG00000042323,Pbrm1,F,0.00212314225348493,428,0.174054493696625,1.0338417517161
LV-GGM,2460,489,ENSMUSG00000027603,Ggt7,F,0.00211648792849829,428,0.173983739837398,1.03342149084141
LV-GGM,2461,891,ENSMUSG00000063458,Lrmda,F,0.00211583718306067,428,0.173913043478261,1.0330015715034
LV-GGM,2462,2355,ENSMUSG00000029422,Rsrc2,F,0.00209724189480517,428,0.173842404549147,1.0325819932859
LV-GGM,2463,2944,ENSMUSG00000026150,Mff,F,0.00209376013053793,428,0.173771822980106,1.0321627557734
LV-GGM,2464,2270,ENSMUSG00000039000,Ube3c,F,0.00208858920437355,428,0.173701298701299,1.03174385855109
LV-GGM,2465,1103,ENSMUSG00000112928,Gm47710,F,0.00208698996987378,428,0.173630831643002,1.03132530120482
LV-GGM,2466,2990,ENSMUSG00000049680,Urgcp,F,0.00208492277228205,428,0.173560421735604,1.03090708332112
LV-GGM,2467,2159,ENSMUSG00000039671,Zmynd8,F,0.00208363221394076,428,0.173490068909607,1.03048920448718
LV-GGM,2468,107,ENSMUSG00000004056,Akt2,F,0.00207530211773455,428,0.173419773095624,1.03007166429087
LV-GGM,2469,2994,ENSMUSG00000017831,Rab5a,T,0.00206995859311327,429,0.173754556500608,1.03206019704578
LV-GGM,2470,1600,ENSMUSG00000034007,Scaper,F,0.00206349007752752,429,0.173684210526316,1.03164235890932
LV-GGM,2471,2110,ENSMUSG00000027333,Smox,F,0.00204754777963081,429,0.173613921489276,1.03122485896642
LV-GGM,2472,1360,ENSMUSG00000029228,Lnx1,F,0.00204730759093492,429,0.173543689320388,1.03080769680664
LV-GGM,2473,1335,ENSMUSG00000000278,Scpep1,F,0.00204639031232195,429,0.173473513950667,1.03039087202023
LV-GGM,2474,2454,ENSMUSG00000026153,Fam135a,F,0.00203910704061402,429,0.173403395311237,1.02997438419807
LV-GGM,2475,2976,ENSMUSG00000029913,Prdm5,F,0.00203540944473304,429,0.173333333333333,1.02955823293173
LV-GGM,2476,606,ENSMUSG00000001986,Gria3,T,0.00203300587497549,430,0.173667205169628,1.03154135118827
LV-GGM,2477,1453,ENSMUSG00000020844,Nxn,F,0.00202312465828745,430,0.173597093257973,1.03112490332748
LV-GGM,2478,2526,ENSMUSG00000028556,Dock7,T,0.00201518457046473,431,0.173930589184826,1.03310578877252
LV-GGM,2479,269,ENSMUSG00000104861,3110039M20Rik,F,0.00201168016490137,431,0.173860427591771,1.03268904581618
LV-GGM,2480,504,ENSMUSG00000016477,E2f3,F,0.00201142151391596,431,0.173790322580645,1.03227263894287
LV-GGM,2481,710,ENSMUSG00000023036,Pcdhgc4,T,0.00200935228825248,432,0.174123337363966,1.03425066651127
LV-GGM,2482,1446,ENSMUSG00000039007,Cpq,F,0.00200176965041753,432,0.174053182917002,1.03383396600099
LV-GGM,2483,1163,ENSMUSG00000068015,Lrch1,F,0.00199670160556926,432,0.173983084977849,1.03341760113349
LV-GGM,2484,2202,ENSMUSG00000028842,Ago3,F,0.00199357721834273,432,0.173913043478261,1.0330015715034
LV-GGM,2485,402,ENSMUSG00000001175,Calm1,T,0.00199033790279891,433,0.174245472837022,1.03497612179099
LV-GGM,2486,299,ENSMUSG00000039166,Akap7,T,0.0019895587452749,434,0.174577634754626,1.03694908354254
LV-GGM,2487,877,ENSMUSG00000006782,Cnp,F,0.00198266205346495,434,0.174507438681142,1.03653213578076
LV-GGM,2488,2134,ENSMUSG00000037234,Hook3,F,0.00198010119645003,434,0.17443729903537,1.03611552318599
LV-GGM,2489,2618,ENSMUSG00000079557,March2,F,0.00197923061200491,434,0.174367215749297,1.03569924535426
LV-GGM,2490,794,ENSMUSG00000060882,Kcnd2,F,0.00197817317539609,434,0.17429718875502,1.03528330188223
LV-GGM,2491,2227,ENSMUSG00000025234,Arih1,F,0.00197475069643892,434,0.174227217984745,1.03486769236722
LV-GGM,2492,2231,ENSMUSG00000062270,Morf4l1,F,0.00197249293773097,434,0.174157303370787,1.0344524164072
LV-GGM,2493,424,ENSMUSG00000028833,Ncdn,F,0.00197045240050673,434,0.174087444845568,1.03403747360078
LV-GGM,2494,694,ENSMUSG00000021951,Eef1akmt1,F,0.00197032303735473,434,0.17401764234162,1.03362286354721
LV-GGM,2495,2394,ENSMUSG00000031393,Mecp2,F,0.00196853104961636,434,0.173947895791583,1.03320858584639
LV-GGM,2496,757,ENSMUSG00000018822,Sfrp5,F,0.00196796108703747,434,0.173878205128205,1.03279464009886
LV-GGM,2497,636,ENSMUSG00000032589,Bsn,F,0.0019555496438369,434,0.173808570284341,1.03238102590579
LV-GGM,2498,125,ENSMUSG00000027168,Pax6,F,0.00195524269359513,434,0.173738991192954,1.03196774286899
LV-GGM,2499,661,ENSMUSG00000036745,Ttll7,F,0.0019373720273879,434,0.173669467787115,1.03155479059094
LV-GGM,2500,1337,ENSMUSG00000037089,Slc35b2,F,0.00193565066556131,434,0.1736,1.0311421686747
LV-GGM,2501,1259,ENSMUSG00000022095,Fam160b2,F,0.00193399212257013,434,0.173530587764894,1.03072987672401
LV-GGM,2502,1884,ENSMUSG00000020319,Wdpcp,F,0.00191759900912007,434,0.173461231015188,1.03031791434322
LV-GGM,2503,236,ENSMUSG00000020021,Fgd6,F,0.00191753081386425,434,0.173391929684379,1.02990628113733
LV-GGM,2504,804,ENSMUSG00000006586,Runx1t1,F,0.00191716075923387,434,0.17332268370607,1.02949497671196
LV-GGM,2505,2168,ENSMUSG00000020458,Rtn4,F,0.00191378632896492,434,0.173253493013972,1.02908400067335
LV-GGM,2506,1414,ENSMUSG00000060579,Fhit,F,0.00190496027539196,434,0.173184357541899,1.02867335262839
LV-GGM,2507,2263,ENSMUSG00000000804,Usp32,F,0.00190441933777832,434,0.173115277223773,1.02826303218458
LV-GGM,2508,650,ENSMUSG00000025981,Coq10b,F,0.00190179474212763,434,0.17304625199362,1.02785303895006
LV-GGM,2509,2359,ENSMUSG00000047193,Dync2h1,F,0.00189206288413679,434,0.172977281785572,1.02744337253358
LV-GGM,2510,2086,ENSMUSG00000016534,Lamp2,F,0.00189169279976392,434,0.172908366533865,1.02703403254452
LV-GGM,2511,2006,ENSMUSG00000046312,AI464131,F,0.00188615361091249,434,0.172839506172839,1.02662501859289
LV-GGM,2512,1297,ENSMUSG00000022838,Eaf2,F,0.0018838497445878,434,0.172770700636943,1.02621633028931
LV-GGM,2513,689,ENSMUSG00000031833,Mast3,T,0.00188313434099518,435,0.173099880620772,1.02817158007278
LV-GGM,2514,436,ENSMUSG00000045659,Plekha7,F,0.00187930903215799,435,0.173031026252983,1.02776260171953
LV-GGM,2515,2152,ENSMUSG00000042605,Atxn2,F,0.00187390607792126,435,0.172962226640159,1.02735394859757
LV-GGM,2516,2196,ENSMUSG00000032212,Sltm,F,0.00186885978971749,435,0.172893481717011,1.02694562031911
LV-GGM,2517,2946,ENSMUSG00000024293,Esco1,F,0.00186543576812996,435,0.172824791418355,1.02653761649698
LV-GGM,2518,1388,ENSMUSG00000028093,Acp6,F,0.00186247823873898,435,0.17275615567911,1.0261299367446
LV-GGM,2519,2155,ENSMUSG00000060227,Casc4,F,0.00185570165824227,435,0.172687574434299,1.02572258067602
LV-GGM,2520,2638,ENSMUSG00000041297,Cdk13,F,0.00185480126240721,435,0.172619047619048,1.02531554790591
LV-GGM,2521,2747,ENSMUSG00000044791,Setd2,F,0.0018495656541088,435,0.172550575168584,1.02490883804954
LV-GGM,2522,2170,ENSMUSG00000040387,Klhl32,F,0.00184495993504735,435,0.172482157018239,1.0245024507228
LV-GGM,2523,1951,ENSMUSG00000029064,Gnb1,F,0.00184363849767523,435,0.172413793103448,1.02409638554217
LV-GGM,2524,1268,ENSMUSG00000033585,Ndn,F,0.00184126555205261,435,0.172345483359746,1.02369064212476
LV-GGM,2525,2119,ENSMUSG00000021156,Zmynd11,F,0.00183548362855642,435,0.172277227722772,1.02328522008827
LV-GGM,2526,111,ENSMUSG00000050423,Ppp1r3g,F,0.0018338029966678,435,0.172209026128266,1.02288011905103
LV-GGM,2527,2158,ENSMUSG00000028161,Ppp3ca,T,0.00182725181108465,436,0.172536604669569,1.02482585665178
LV-GGM,2528,2123,ENSMUSG00000021282,Eif5,F,0.00182656040028528,436,0.17246835443038,1.02442046667683
LV-GGM,2529,1579,ENSMUSG00000041961,Znrf3,F,0.00182590952776096,436,0.172400158165283,1.02401539729499
LV-GGM,2530,2293,ENSMUSG00000040151,Hs2st1,F,0.0018231803630579,436,0.172332015810277,1.0236106481261
LV-GGM,2531,1920,ENSMUSG00000027303,Ptpra,T,0.00182306433230111,437,0.172659028052153,1.02555302204472
LV-GGM,2532,2801,ENSMUSG00000019854,Reps1,F,0.00182087475774374,437,0.17259083728278,1.02514798530615
LV-GGM,2533,890,ENSMUSG00000038296,Galnt18,F,0.00181660796637798,437,0.17252270035531,1.02474326837552
LV-GGM,2534,1347,ENSMUSG00000019124,Scrn1,F,0.00181414817135537,437,0.172454617205998,1.02433887087418
LV-GGM,2535,1591,ENSMUSG00000003847,Nfat5,F,0.0018117964540071,437,0.172386587771203,1.02393479242413
LV-GGM,2536,2916,ENSMUSG00000047804,Akap10,T,0.00180553455229312,438,0.172712933753943,1.02587320892402
LV-GGM,2537,2732,ENSMUSG00000050530,Fam171a1,F,0.00180550186772565,438,0.172644856129287,1.02546884423781
LV-GGM,2538,1580,ENSMUSG00000044072,Eml6,F,0.00180158332507143,438,0.1725768321513,1.02506479819989
LV-GGM,2539,2091,ENSMUSG00000029647,Pan3,F,0.00178375387052582,438,0.172508861756597,1.02466107043376
LV-GGM,2540,1204,ENSMUSG00000000957,Mmp14,F,0.0017805348567641,438,0.17244094488189,1.02425766056351
LV-GGM,2541,315,ENSMUSG00000014496,Ankrd28,F,0.00177517302398775,438,0.172373081463991,1.02385456821382
LV-GGM,2542,2429,ENSMUSG00000032410,Xrn1,F,0.00177314037401544,438,0.172305271439811,1.02345179300996
LV-GGM,2543,2660,ENSMUSG00000097616,1110019D14Rik,F,0.00176887700454293,438,0.172237514746363,1.02304933457779
LV-GGM,2544,1047,ENSMUSG00000029311,Hsd17b11,F,0.00176570005930813,438,0.172169811320755,1.02264719254376
LV-GGM,2545,2502,ENSMUSG00000036503,Rnf13,F,0.00175925770609799,438,0.172102161100196,1.0222453665349
LV-GGM,2546,1539,ENSMUSG00000004328,Hif3a,T,0.00175259579437286,439,0.172427336999214,1.02417683301943
LV-GGM,2547,593,ENSMUSG00000030104,Edem1,F,0.00174410297507098,439,0.172359638790734,1.02377472197388
LV-GGM,2548,2720,ENSMUSG00000034354,Mtmr3,F,0.00172951776013064,439,0.172291993720565,1.02337292655709
LV-GGM,2549,1775,ENSMUSG00000026502,Desi2,F,0.00172135321741979,439,0.172224401726167,1.02297144639759
LV-GGM,2550,2426,ENSMUSG00000016541,Atxn10,F,0.00172073784506938,439,0.172156862745098,1.0225702811245
LV-GGM,2551,2099,ENSMUSG00000071337,Tia1,F,0.0017162411776551,439,0.172089376715014,1.02216943036749
LV-GGM,2552,2039,ENSMUSG00000024073,Birc6,F,0.00170920990755459,439,0.172021943573668,1.02176889375685
LV-GGM,2553,304,ENSMUSG00000006651,Aplp1,T,0.00169495422914215,440,0.172346259302781,1.02369525103941
LV-GGM,2554,1332,ENSMUSG00000051427,Ccdc157,F,0.00169467297214215,440,0.172278778386844,1.02329443065921
LV-GGM,2555,1276,ENSMUSG00000030341,Tnfrsf1a,F,0.00169371217198005,440,0.172211350293542,1.02289392403273
LV-GGM,2556,517,ENSMUSG00000004317,Clcn5,F,0.00169199354801625,440,0.172143974960876,1.02249373079171
LV-GGM,2557,2300,ENSMUSG00000026596,Abl2,F,0.00169151170065912,440,0.172076652326946,1.02209385056848
LV-GGM,2558,501,ENSMUSG00000036825,Ssx2ip,F,0.00169145611915672,440,0.172009382329945,1.02169428299594
LV-GGM,2559,1729,ENSMUSG00000018412,Kansl1,T,0.00168840987397855,441,0.172332942555686,1.02361615277052
LV-GGM,2560,1409,ENSMUSG00000068205,Macrod2,F,0.0016844184539368,441,0.172265625,1.02321630271084
LV-GGM,2561,2875,ENSMUSG00000022329,Stk3,F,0.00168011731352229,441,0.172198360015619,1.02281676491205
LV-GGM,2562,2411,ENSMUSG00000031523,Dlc1,F,0.00167845865404178,441,0.172131147540984,1.02241753900849
LV-GGM,2563,846,ENSMUSG00000004031,Brinp2,F,0.00167230585546607,441,0.172063987514631,1.0220186246351
LV-GGM,2564,2706,ENSMUSG00000066037,Hnrnpr,F,0.00166618051754315,441,0.171996879875195,1.02162002142736
LV-GGM,2565,1111,ENSMUSG00000037410,Tbc1d2b,F,0.00166441942526371,441,0.171929824561404,1.02122172902135
LV-GGM,2566,474,ENSMUSG00000027649,Ctnnbl1,F,0.00166354309783045,441,0.171862821512081,1.02082374705369
LV-GGM,2567,2962,ENSMUSG00000021824,Ap3m1,F,0.0016527428107669,441,0.171795870666147,1.02042607516157
LV-GGM,2568,2399,ENSMUSG00000053333,Dis3l2,F,0.00164815293201507,441,0.171728971962617,1.02002871298277
LV-GGM,2569,1242,ENSMUSG00000019789,Hey2,F,0.00164693349166213,441,0.171662125340599,1.01963166015561
LV-GGM,2570,320,ENSMUSG00000034663,Bmp2k,F,0.00164318871118941,441,0.1715953307393,1.01923491631897
LV-GGM,2571,2026,ENSMUSG00000062202,Btbd9,F,0.00164212757494951,441,0.171528588098016,1.01883848111231
LV-GGM,2572,191,ENSMUSG00000026970,Rbms1,F,0.00163551233824397,441,0.171461897356143,1.01844235417565
LV-GGM,2573,1336,ENSMUSG00000022443,Myh9,F,0.0016315063026943,441,0.171395258453167,1.01804653514954
LV-GGM,2574,2967,ENSMUSG00000029713,Gnb2,F,0.00162650592956811,441,0.171328671328671,1.01765102367512
LV-GGM,2575,838,ENSMUSG00000038248,Sobp,F,0.00162256458964423,441,0.17126213592233,1.01725581939408
LV-GGM,2576,454,ENSMUSG00000041014,Nrg3,T,0.00160307642903509,442,0.171583850931677,1.01916672902791
LV-GGM,2577,1757,ENSMUSG00000057666,Gapdh,F,0.00160057093249106,442,0.17151726814125,1.01877124329682
LV-GGM,2578,519,ENSMUSG00000019647,Sema6a,F,0.00159872067443718,442,0.171450737005431,1.01837606438165
LV-GGM,2579,2370,ENSMUSG00000041685,Fcho2,F,0.0015930250365865,442,0.171384257464133,1.01798119192552
LV-GGM,2580,676,ENSMUSG00000048895,Cdk5r1,T,0.00158742247181997,443,0.171705426356589,1.01988885775661
LV-GGM,2581,2321,ENSMUSG00000044308,Ubr3,F,0.00158580531532845,443,0.171638899651298,1.01949370515771
LV-GGM,2582,999,ENSMUSG00000010066,Cacna2d2,T,0.00158420659269499,444,0.171959721146398,1.02139930753222
LV-GGM,2583,2921,ENSMUSG00000021771,Vdac2,T,0.00158158076690845,445,0.172280294231514,1.02330343441128
LV-GGM,2584,2264,ENSMUSG00000005534,Insr,F,0.00157959289669022,445,0.172213622291022,1.02290741915029
LV-GGM,2585,2111,ENSMUSG00000032724,Abtb2,F,0.00157351524596184,445,0.172147001934236,1.02251171028408
LV-GGM,2586,2687,ENSMUSG00000038914,Dido1,F,0.00156911957335032,445,0.172080433101315,1.02211630745721
LV-GGM,2587,1515,ENSMUSG00000035566,Pcdh17,T,0.00156788703399994,446,0.17240046385775,1.02401721303459
LV-GGM,2588,1014,ENSMUSG00000036712,Cyld,F,0.00156571450324653,446,0.172333848531685,1.02362153404965
LV-GGM,2589,2969,ENSMUSG00000037822,Smim14,F,0.00156311271712963,446,0.172267284665894,1.02322616072634
LV-GGM,2590,2930,ENSMUSG00000019883,Echdc1,F,0.00155635430062767,446,0.172200772200772,1.02283109271061
LV-GGM,2591,2332,ENSMUSG00000024566,Atp9b,F,0.00155468856749788,446,0.172134311076804,1.02243632964897
LV-GGM,2592,2704,ENSMUSG00000033423,Eri3,F,0.00155435900345245,446,0.172067901234568,1.02204187118846
LV-GGM,2593,2310,ENSMUSG00000035437,Rabgap1,T,0.0015520764587126,447,0.172387196297725,1.02393840692504
LV-GGM,2594,1744,ENSMUSG00000028128,F3,F,0.00154655534454249,447,0.172320740169622,1.02354367353764
LV-GGM,2595,203,ENSMUSG00000024513,Mbd2,T,0.00152850691661527,448,0.172639691714836,1.02543816886041
LV-GGM,2596,1939,ENSMUSG00000032525,Nktr,F,0.00152800270859563,448,0.172573189522342,1.02504316186162
LV-GGM,2597,1316,ENSMUSG00000041483,Zfp281,T,0.0015274970659849,449,0.172891798228725,1.02693562080436
LV-GGM,2598,939,ENSMUSG00000001761,Smo,F,0.00152649321218717,449,0.172825250192456,1.02654034150459
LV-GGM,2599,2493,ENSMUSG00000046201,Scaf8,F,0.00151008643424468,449,0.172758753366679,1.02614536638281
LV-GGM,2600,2393,ENSMUSG00000047789,Slc38a9,F,0.00150317643578425,449,0.172692307692308,1.02575069508804
LV-GGM,2601,1366,ENSMUSG00000030688,Stard10,F,0.0015013258439369,449,0.172625913110342,1.02535632726986
LV-GGM,2602,2556,ENSMUSG00000050730,Arhgap42,F,0.00150010738543838,449,0.172559569561875,1.02496226257837
LV-GGM,2603,719,ENSMUSG00000004451,Ralb,F,0.00149974150940461,449,0.172493276988091,1.0245685006642
LV-GGM,2604,2172,ENSMUSG00000050545,Fam228b,F,0.00149875122333667,449,0.172427035330261,1.02417504117854
LV-GGM,2605,507,ENSMUSG00000018965,Ywhah,F,0.00149650031232874,449,0.17236084452975,1.0237818837731
LV-GGM,2606,417,ENSMUSG00000022383,Ppara,F,0.00149405535638374,449,0.172294704528012,1.02338902810012
LV-GGM,2607,345,ENSMUSG00000022658,Tagln3,F,0.00149210414429186,449,0.17222861526659,1.0229964738124
LV-GGM,2608,426,ENSMUSG00000028524,Sgip1,F,0.00149049659309335,449,0.172162576687117,1.02260422056323
LV-GGM,2609,1807,ENSMUSG00000021027,Ralgapa1,F,0.00147521768356854,449,0.172096588731315,1.02221226800648
LV-GGM,2610,2522,ENSMUSG00000022817,Itgb5,F,0.00147366753243828,449,0.172030651340996,1.02182061579652
LV-GGM,2611,826,ENSMUSG00000032377,Plscr4,F,0.00147071451244951,449,0.171964764458062,1.02142926358825
LV-GGM,2612,718,ENSMUSG00000002107,Celf2,F,0.00146914631041631,449,0.171898928024502,1.0210382110371
LV-GGM,2613,1363,ENSMUSG00000091119,Ccdc152,F,0.00146588960182963,449,0.171833141982396,1.02064745779905
LV-GGM,2614,2002,ENSMUSG00000038784,Cnot4,F,0.00146441814210423,449,0.17176740627391,1.02025700353057
LV-GGM,2615,567,ENSMUSG00000056899,Immp2l,F,0.00145935570241019,449,0.1717017208413,1.01986684788869
LV-GGM,2616,763,ENSMUSG00000035948,Acss3,F,0.00145633617540491,449,0.171636085626911,1.01947699053093
LV-GGM,2617,2542,ENSMUSG00000022822,Abcc5,F,0.00145277979635489,449,0.171570500573175,1.01908743111537
LV-GGM,2618,2871,ENSMUSG00000020642,Rnf144a,F,0.00145144420891081,449,0.171504965622613,1.01869816930058
LV-GGM,2619,1798,ENSMUSG00000028080,Lrba,F,0.00145143791534039,449,0.171439480717831,1.01830920474567
LV-GGM,2620,2790,ENSMUSG00000048410,Zfp407,T,0.00144727482244612,450,0.17175572519084,1.02018762071185
LV-GGM,2621,1279,ENSMUSG00000089840,Gm4491,F,0.00144672245184161,450,0.171690194582221,1.01979838468717
LV-GGM,2622,2402,ENSMUSG00000029291,Rufy3,F,0.0014436425444482,450,0.17162471395881,1.01940944556257
LV-GGM,2623,620,ENSMUSG00000044768,D1Ertd622e,F,0.00144255440409869,450,0.171559283263439,1.0190208029985
LV-GGM,2624,714,ENSMUSG00000028630,Dyrk2,F,0.00144194776359327,450,0.171493902439024,1.01863245665589
LV-GGM,2625,438,ENSMUSG00000039114,Nrn1,T,0.00144002595304046,451,0.171809523809524,1.02050717154332
LV-GGM,2626,2195,ENSMUSG00000025224,Gbf1,F,0.00143432584441268,451,0.171744097486672,1.02011855495095
LV-GGM,2627,1894,ENSMUSG00000020661,Dnmt3a,F,0.00142994915937608,451,0.171678720974496,1.019730234222
LV-GGM,2628,2523,ENSMUSG00000020994,Pnn,F,0.00142345109733504,451,0.171613394216134,1.01934220901872
LV-GGM,2629,2217,ENSMUSG00000037416,Dmxl1,F,0.00141851836948511,451,0.171548117154812,1.01895447900388
LV-GGM,2630,1311,ENSMUSG00000041035,Gm17018,F,0.00141442697539009,451,0.17148288973384,1.01856704384076
LV-GGM,2631,654,ENSMUSG00000003746,Man1a,F,0.00140839432353502,451,0.171417711896617,1.01817990319316
LV-GGM,2632,1130,ENSMUSG00000064246,Chil1,F,0.00140406634110408,451,0.171352583586626,1.01779305672538
LV-GGM,2633,437,ENSMUSG00000018474,Chd3,T,0.00140278111094896,452,0.171667299658185,1.01966239435524
LV-GGM,2634,623,ENSMUSG00000061666,Gdpd1,F,0.0014000794424032,452,0.171602126044039,1.0192752787917
LV-GGM,2635,2274,ENSMUSG00000025404,R3hdm2,F,0.00139970739547095,452,0.171537001897533,1.01888845705402
LV-GGM,2636,2230,ENSMUSG00000044340,Phlpp1,T,0.00139741851169474,453,0.17185128983308,1.02075525165914
LV-GGM,2637,997,ENSMUSG00000030337,Vamp1,F,0.00139539612284464,453,0.171786120591581,1.02036816206807
LV-GGM,2638,2464,ENSMUSG00000046442,Ppm1e,F,0.00139137738740456,453,0.17172100075815,1.01998136594901
LV-GGM,2639,498,ENSMUSG00000105489,Gm38562,F,0.00138569706438019,453,0.17165593027662,1.01959486296836
LV-GGM,2640,2859,ENSMUSG00000029202,Pds5a,F,0.00138446858226702,453,0.171590909090909,1.01920865279299
LV-GGM,2641,630,ENSMUSG00000062661,Ncs1,T,0.00137901569774942,454,0.17190458159788,1.02107179190066
LV-GGM,2642,1355,ENSMUSG00000024913,Lrp5,F,0.00137901255921394,454,0.171839515518547,1.02068531506799
LV-GGM,2643,2949,ENSMUSG00000020883,Fbxl20,F,0.00137555155855743,454,0.171774498675747,1.02029913068847
LV-GGM,2644,511,ENSMUSG00000101299,Gm28175,F,0.00136931911872257,454,0.171709531013616,1.01991323843027
LV-GGM,2645,1509,ENSMUSG00000020122,Egfr,T,0.00136557604296736,455,0.172022684310019,1.02177329355228
LV-GGM,2646,339,ENSMUSG00000047143,Dmrta2,F,0.00136438014607608,455,0.171957671957672,1.02138713584497
LV-GGM,2647,2752,ENSMUSG00000048076,Arf1,F,0.00135410420518326,455,0.171892708726861,1.02100126990774
LV-GGM,2648,433,ENSMUSG00000115317,AC139845.1,F,0.00135302882303088,455,0.171827794561934,1.02061569541004
LV-GGM,2649,1994,ENSMUSG00000000202,Btbd17,F,0.0013519949873753,455,0.171762929407324,1.02023041202181
LV-GGM,2650,2140,ENSMUSG00000072501,Phf20l1,T,0.00135099353468259,456,0.172075471698113,1.02208683791771
LV-GGM,2651,284,ENSMUSG00000036815,Dpp10,F,0.00134903154883874,456,0.172010562052056,1.02170129026101
LV-GGM,2652,342,ENSMUSG00000035277,Arx,T,0.00134883936875715,457,0.172322775263952,1.02355576150757
LV-GGM,2653,275,ENSMUSG00000016028,Celsr1,F,0.00133670484324533,457,0.172257821334338,1.02316995081722
LV-GGM,2654,569,ENSMUSG00000028347,Tmeff1,F,0.00133416557327506,457,0.172192916352675,1.02278443086589
LV-GGM,2655,2765,ENSMUSG00000032656,March3,F,0.00133168114392417,457,0.172128060263653,1.02239920132507
LV-GGM,2656,1787,ENSMUSG00000019841,Rev3l,F,0.00132348285468744,457,0.172063253012048,1.02201426186674
LV-GGM,2657,2583,ENSMUSG00000022064,Pibf1,F,0.00131199105592832,457,0.171998494542717,1.02162961216337
LV-GGM,2658,2803,ENSMUSG00000026585,Kifap3,F,0.00129918763441266,457,0.171933784800602,1.02124525188791
LV-GGM,2659,1819,ENSMUSG00000005886,Ncoa2,T,0.00129436947283327,458,0.172245204964272,1.02309501261911
LV-GGM,2660,192,ENSMUSG00000030064,Frmd4b,F,0.00128161330880572,458,0.17218045112782,1.02271039043392
LV-GGM,2661,564,ENSMUSG00000026797,Stxbp1,T,0.00126868508312486,459,0.172491544532131,1.02455821029326
LV-GGM,2662,1267,ENSMUSG00000048814,Lonrf2,F,0.0012610982668523,459,0.172426746806912,1.02417332741937
LV-GGM,2663,1573,ENSMUSG00000034480,Diaph2,F,0.0012573607189832,459,0.172361997746902,1.02378873360509
LV-GGM,2664,1093,ENSMUSG00000044550,Tceal3,F,0.00125515123566443,459,0.172297297297297,1.02340442852491
LV-GGM,2665,1659,ENSMUSG00000099083,Atf7,F,0.00125482624969031,459,0.172232645403377,1.02302041185379
LV-GGM,2666,1001,ENSMUSG00000033342,Plppr5,F,0.00125196788718348,459,0.172168042010503,1.0226366832672
LV-GGM,2667,1871,ENSMUSG00000024843,Chka,F,0.00125015312233215,459,0.172103487064117,1.02225324244108
LV-GGM,2668,2330,ENSMUSG00000087177,E130307A14Rik,F,0.00124101497470867,459,0.172038980509745,1.02187008905186
LV-GGM,2669,1784,ENSMUSG00000030760,Acer3,F,0.00123876747218623,459,0.171974522292994,1.02148722277646
LV-GGM,2670,2630,ENSMUSG00000031812,Map1lc3b,T,0.00122950141530893,460,0.172284644194757,1.02332927214476
LV-GGM,2671,2648,ENSMUSG00000020402,Vdac1,T,0.00122948973562199,461,0.172594533882441,1.02516994221739
LV-GGM,2672,1647,ENSMUSG00000042302,Ehbp1,F,0.00122532607181448,461,0.17252994011976,1.02478627083183
LV-GGM,2673,2708,ENSMUSG00000020721,Helz,F,0.00122494351522809,461,0.172465394687617,1.02440288651801
LV-GGM,2674,2898,ENSMUSG00000025757,Hspa4l,F,0.00122394948224946,461,0.172400897531788,1.02401978895387
LV-GGM,2675,1246,ENSMUSG00000021948,Prkcd,T,0.00122116562075585,462,0.172710280373832,1.02585744848553
LV-GGM,2676,1498,ENSMUSG00000022636,Alcam,F,0.00121985329907829,462,0.172645739910314,1.02547409368415
LV-GGM,2677,558,ENSMUSG00000022898,Dscr3,F,0.00121913442508952,462,0.172581247665297,1.02509102528905
LV-GGM,2678,739,ENSMUSG00000036192,Rorb,F,0.00121825061245086,462,0.172516803584765,1.02470824297939
LV-GGM,2679,2682,ENSMUSG00000008140,Emc10,F,0.00121231486578768,462,0.172452407614782,1.02432574643479
LV-GGM,2680,1351,ENSMUSG00000024085,Man2a1,F,0.00121132361240351,462,0.172388059701493,1.02394353533537
LV-GGM,2681,2814,ENSMUSG00000021047,Nova1,F,0.00120796818760645,462,0.172323759791123,1.02356160936173
LV-GGM,2682,2661,ENSMUSG00000035851,Ythdc1,F,0.00120214293395834,462,0.172259507829978,1.02317996819493
LV-GGM,2683,1720,ENSMUSG00000026587,Astn1,F,0.00119599759026798,462,0.172195303764443,1.02279861151651
LV-GGM,2684,2876,ENSMUSG00000055296,Tmem245,T,0.00119557469532369,463,0.172503725782414,1.0246305639847
LV-GGM,2685,1763,ENSMUSG00000035649,Zcchc7,F,0.00119554776915958,463,0.17243947858473,1.02424895111171
LV-GGM,2686,1431,ENSMUSG00000018849,Wwc1,F,0.00119116034399855,463,0.172375279225614,1.02386762238829
LV-GGM,2687,1352,ENSMUSG00000026611,Spata17,F,0.00119075794289213,463,0.172311127651656,1.02348657749719
LV-GGM,2688,2744,ENSMUSG00000030286,Emc3,F,0.00118468972014396,463,0.172247023809524,1.02310581612163
LV-GGM,2689,2188,ENSMUSG00000013236,Ptprs,T,0.00118443327165006,464,0.172554853105244,1.02493424796247
LV-GGM,2690,1922,ENSMUSG00000056342,Usp34,F,0.00118232135705231,464,0.172490706319703,1.02455323151341
LV-GGM,2691,2780,ENSMUSG00000022892,App,T,0.00118208063773386,465,0.172798216276477,1.02637976655787
LV-GGM,2692,2390,ENSMUSG00000003072,Atp5d,F,0.0011802616537197,465,0.172734026745914,1.02599849621368
LV-GGM,2693,883,ENSMUSG00000025255,Zfhx4,F,0.00118021692993514,465,0.172669884886743,1.02561750902608
LV-GGM,2694,2065,ENSMUSG00000022010,Tsc22d1,T,0.00117931687866154,466,0.172976985894581,1.02744161501239
LV-GGM,2695,2739,ENSMUSG00000020580,Rock2,F,0.00117819552811996,466,0.17291280148423,1.02706037508103
LV-GGM,2696,635,ENSMUSG00000028546,Elavl4,F,0.00117814294706824,466,0.172848664688427,1.02667941796861
LV-GGM,2697,2885,ENSMUSG00000028134,Ptbp2,F,0.00117778995202523,466,0.172784575454208,1.02629874336054
LV-GGM,2698,565,ENSMUSG00000019577,Pdk4,F,0.00117289176881588,466,0.172720533728688,1.02591835094269
LV-GGM,2699,2365,ENSMUSG00000068742,Cry2,F,0.00116369575942857,466,0.172656539459059,1.0255382404014
LV-GGM,2700,1285,ENSMUSG00000048731,Ggnbp1,F,0.00115936844938468,466,0.172592592592593,1.02515841142347
LV-GGM,2701,577,ENSMUSG00000023156,Rpp14,F,0.00115837308439263,466,0.172528693076638,1.02477886369618
LV-GGM,2702,464,ENSMUSG00000025239,Limd1,F,0.00115108811546358,466,0.172464840858623,1.02439959690724
LV-GGM,2703,2602,ENSMUSG00000052917,Senp7,F,0.00113993788938359,466,0.172401035886053,1.02402061074487
LV-GGM,2704,102,ENSMUSG00000097157,Gm26512,F,0.00113386548773702,466,0.172337278106509,1.0236419048977
LV-GGM,2705,1372,ENSMUSG00000044122,Proca1,F,0.00113260075305116,466,0.172273567467652,1.02326347905485
LV-GGM,2706,2878,ENSMUSG00000078578,Ube2d3,F,0.00113110797285089,466,0.172209903917221,1.0228853329059
LV-GGM,2707,2160,ENSMUSG00000039477,Tnrc18,F,0.00111180329882542,466,0.172146287403029,1.02250746614088
LV-GGM,2708,2298,ENSMUSG00000026878,Rab14,T,0.00110261949839458,467,0.17245199409158,1.02432329020662
LV-GGM,2709,631,ENSMUSG00000033883,D3Ertd254e,F,0.00110237092618677,467,0.172388335179033,1.02394517160558
LV-GGM,2710,931,ENSMUSG00000052914,Cyp2j6,F,0.00109148326521236,467,0.172324723247232,1.02356733205886
LV-GGM,2711,1272,ENSMUSG00000038074,Fkbp14,F,0.00109066750500922,467,0.17226115824419,1.02318977125766
LV-GGM,2712,700,ENSMUSG00000024427,Spry4,F,0.00108326961146438,467,0.172197640117994,1.02281248889363
LV-GGM,2713,323,ENSMUSG00000033965,Slc16a2,F,0.00108109121904426,467,0.172134168816808,1.02243548465887
LV-GGM,2714,99,ENSMUSG00000037989,Wnk2,F,0.00107893186720733,467,0.172070744288873,1.02205875824595
LV-GGM,2715,705,ENSMUSG00000078794,Dact3,F,0.00106192885506582,467,0.172007366482505,1.02168230934789
LV-GGM,2716,285,ENSMUSG00000091387,Gcnt4,F,0.00104700702850711,467,0.171944035346097,1.02130613765814
LV-GGM,2717,2207,ENSMUSG00000059586,Nsmce2,F,0.00104074153908084,467,0.171880750828119,1.02093024287064
LV-GGM,2718,2634,ENSMUSG00000028522,Mier1,F,0.0010368242587647,467,0.171817512877116,1.02055462467973
LV-GGM,2719,571,ENSMUSG00000037217,Syn1,T,0.00103613282616879,468,0.172122103714601,1.02236382085902
LV-GGM,2720,1054,ENSMUSG00000020538,Srebf1,F,0.00103425563986746,468,0.172058823529412,1.02198795180723
LV-GGM,2721,2911,ENSMUSG00000044197,Gpr146,F,0.0010295401774509,468,0.17199558985667,1.02161235902817
LV-GGM,2722,1302,ENSMUSG00000117901,Gm54798,F,0.00102667542601905,468,0.171932402645114,1.02123704221736
LV-GGM,2723,2070,ENSMUSG00000059474,Mbtd1,F,0.00101953241793254,468,0.171869261843555,1.02086200107075
LV-GGM,2724,495,ENSMUSG00000033953,Ppp3r1,T,0.00100860290215885,469,0.172173274596182,1.02266776356527
LV-GGM,2725,2262,ENSMUSG00000024400,Wdr33,F,0.00100722979561556,469,0.172110091743119,1.02229247264286
LV-GGM,2726,2903,ENSMUSG00000040865,Ino80d,F,0.000995746666217507,469,0.172046955245781,1.02191745706229
LV-GGM,2727,2551,ENSMUSG00000029836,Cbx3,F,0.000986324459112353,469,0.171983865053172,1.02154271652065
LV-GGM,2728,1212,ENSMUSG00000025579,Gaa,F,0.000983408790392038,469,0.17192082111437,1.02116825071547
LV-GGM,2729,1668,ENSMUSG00000061731,Ext1,F,0.000979086732976243,469,0.171857823378527,1.02079405934474
LV-GGM,2730,458,ENSMUSG00000031379,Pir,F,0.000974995834648264,469,0.171794871794872,1.02042014210689
LV-GGM,2731,1857,ENSMUSG00000033769,Exoc6b,T,0.000968582552776447,470,0.172098132552179,1.02222143793041
LV-GGM,2732,976,ENSMUSG00000033948,Zswim5,F,0.000959524088941087,470,0.17203513909224,1.02184727195752
LV-GGM,2733,226,ENSMUSG00000063063,Ctnna2,F,0.000958139207342048,470,0.171972191730699,1.02147337979801
LV-GGM,2734,550,ENSMUSG00000028195,Cyr61,F,0.000954908813397552,470,0.171909290416971,1.02109976115141
LV-GGM,2735,422,ENSMUSG00000087185,Gm13872,F,0.000947369166016521,470,0.171846435100548,1.02072641571772
LV-GGM,2736,952,ENSMUSG00000015224,Cyp2j9,F,0.000947004699593167,470,0.171783625730994,1.02035334319735
LV-GGM,2737,264,ENSMUSG00000001630,Stk38l,F,0.000937684945661956,470,0.171720862257947,1.01998054329118
LV-GGM,2738,1658,ENSMUSG00000028926,Cdk14,F,0.000933103575084836,470,0.171658144631118,1.01960801570049
LV-GGM,2739,2257,ENSMUSG00000002413,Braf,F,0.000928713754395126,470,0.171595472800292,1.01923576012704
LV-GGM,2740,2589,ENSMUSG00000025860,Xiap,F,0.000927397123334476,470,0.171532846715328,1.01886377627298
LV-GGM,2741,368,ENSMUSG00000040433,Zbtb38,F,0.000920839212236888,470,0.171470266326158,1.01849206384092
LV-GGM,2742,2273,ENSMUSG00000025794,Rpl14,F,0.000907213441675221,470,0.171407731582786,1.0181206225339
LV-GGM,2743,580,ENSMUSG00000059742,Kcnh7,F,0.000903147934293035,470,0.17134524243529,1.0177494520554
LV-GGM,2744,541,ENSMUSG00000002459,Rgs20,F,0.000897976378823801,470,0.171282798833819,1.01737855210931
LV-GGM,2745,1260,ENSMUSG00000024534,Sncaip,F,0.00089021995741488,470,0.171220400728597,1.01700792239998
LV-GGM,2746,418,ENSMUSG00000039195,1110008P14Rik,F,0.000881261122427683,470,0.17115804806992,1.01663756263217
LV-GGM,2747,2423,ENSMUSG00000034312,Iqsec1,F,0.000874818430808021,470,0.171095740808154,1.01626747251109
LV-GGM,2748,1464,ENSMUSG00000016128,Stard13,F,0.000859908615929152,470,0.171033478893741,1.01589765174234
LV-GGM,2749,1526,ENSMUSG00000026872,Zeb2,T,0.000858036129020716,471,0.171335030920335,1.01768879811717
LV-GGM,2750,2314,ENSMUSG00000039219,Arid4b,F,0.000856748835726051,471,0.171272727272727,1.01731872946331
LV-GGM,2751,428,ENSMUSG00000032640,Chsy1,F,0.000851643736787833,471,0.171210468920393,1.01694892985245
LV-GGM,2752,1986,ENSMUSG00000056211,R3hdm1,F,0.000850103973772578,471,0.171148255813953,1.01657939899131
LV-GGM,2753,893,ENSMUSG00000039982,Dtx4,F,0.000843104748411798,471,0.171086087904105,1.01621013658703
LV-GGM,2754,1313,ENSMUSG00000028469,Npr2,F,0.000841399548417526,471,0.171023965141612,1.01584114234717
LV-GGM,2755,2822,ENSMUSG00000030315,Vgll4,F,0.000836065430056206,471,0.170961887477314,1.01547241597971
LV-GGM,2756,1370,ENSMUSG00000040936,Ulk4,F,0.000835409580864534,471,0.170899854862119,1.01510395719307
LV-GGM,2757,652,ENSMUSG00000016349,Eef1a2,F,0.000834755647158293,471,0.170837867247008,1.01473576569608
LV-GGM,2758,2525,ENSMUSG00000031708,Tecr,F,0.00083292152010325,471,0.170775924583031,1.014367841198
LV-GGM,2759,2482,ENSMUSG00000034544,Rsrc1,F,0.000825877045512178,471,0.170714026821312,1.01400018340852
LV-GGM,2760,608,ENSMUSG00000028033,Kcnq5,F,0.000821543751180732,471,0.170652173913043,1.01363279203772
LV-GGM,2761,2813,ENSMUSG00000028639,Ybx1,F,0.000818573091852953,471,0.170590365809489,1.01326566679612
LV-GGM,2762,727,ENSMUSG00000026623,Lpgat1,F,0.000817766785114998,471,0.170528602461984,1.01289880739468
LV-GGM,2763,2593,ENSMUSG00000041977,Arhgef11,F,0.00081265081644253,471,0.170466883821933,1.01253221354473
LV-GGM,2764,333,ENSMUSG00000022205,Sub1,F,0.000809608474165136,471,0.17040520984081,1.01216588495807
LV-GGM,2765,2117,ENSMUSG00000071252,2210408I21Rik,F,0.000803973790968423,471,0.170343580470163,1.01179982134687
LV-GGM,2766,1891,ENSMUSG00000030643,Rab30,T,0.000801413359748796,472,0.170643528561099,1.01358144073038
LV-GGM,2767,2688,ENSMUSG00000029439,Sfswap,F,0.000801332343862511,472,0.170581857607517,1.01321513012658
LV-GGM,2768,1677,ENSMUSG00000040785,Ttc3,F,0.00079922246338946,472,0.170520231213873,1.01284908419806
LV-GGM,2769,2594,ENSMUSG00000039765,Cc2d2a,F,0.000797012470419396,472,0.170458649331889,1.01248330265809
LV-GGM,2770,1711,ENSMUSG00000026721,Rabgap1l,T,0.000795346278361918,473,0.170758122743682,1.01426210256187
LV-GGM,2771,1210,ENSMUSG00000034412,Tbc1d10a,F,0.000794499728297507,473,0.170696499458679,1.01389607509794
LV-GGM,2772,1074,ENSMUSG00000026986,Hnmt,F,0.000791554424858296,473,0.170634920634921,1.01353031172308
LV-GGM,2773,1844,ENSMUSG00000000538,Tom1l2,F,0.000780371794590979,473,0.170573386224306,1.0131648121516
LV-GGM,2774,1786,ENSMUSG00000022607,Ptk2,T,0.000776747205848092,474,0.170872386445566,1.01494080141764
LV-GGM,2775,1309,ENSMUSG00000001909,Trmt1,F,0.000772860533004562,474,0.170810810810811,1.0145750569847
LV-GGM,2776,2656,ENSMUSG00000031024,St5,F,0.000766682543344709,474,0.170749279538905,1.01420957605639
LV-GGM,2777,1119,ENSMUSG00000022987,Zfp641,T,0.000760202115490221,475,0.171047893410155,1.01598327049646
LV-GGM,2778,1110,ENSMUSG00000009394,Syn2,T,0.000753761711830815,476,0.171346292296616,1.0177556879787
LV-GGM,2779,2857,ENSMUSG00000000149,Gna12,F,0.000741120117717616,476,0.171284634760705,1.01738945707262
LV-GGM,2780,2074,ENSMUSG00000020390,Ube2b,F,0.000739541719897939,476,0.171223021582734,1.01702348964202
LV-GGM,2781,2385,ENSMUSG00000030779,Rbbp6,F,0.000727580996133874,476,0.171161452714851,1.01665778540267
LV-GGM,2782,427,ENSMUSG00000030257,Srgap3,F,0.000722578901372368,476,0.171099928109274,1.01629234407075
LV-GGM,2783,2226,ENSMUSG00000073702,Rpl31,F,0.000720210401642443,476,0.17103844771829,1.01592716536285
LV-GGM,2784,341,ENSMUSG00000048497,Mmgt2,F,0.000716153818507398,476,0.170977011494253,1.01556224899598
LV-GGM,2785,1426,ENSMUSG00000102758,Naaladl2,F,0.00071495356327652,476,0.170915619389587,1.01519759468755
LV-GGM,2786,1063,ENSMUSG00000098739,Gm27151,F,0.000714111393536567,476,0.170854271356784,1.01483320215535
LV-GGM,2787,1345,ENSMUSG00000014353,Tmem87b,T,0.000705585067242972,477,0.171151776103337,1.01660030866199
LV-GGM,2788,1631,ENSMUSG00000020623,Map2k6,T,0.000699381466537924,478,0.171449067431851,1.0183661475169
LV-GGM,2789,729,ENSMUSG00000044442,N6amt1,F,0.000693054060294696,478,0.171387594119756,1.0180010108559
LV-GGM,2790,2462,ENSMUSG00000024002,Brd4,F,0.000691983880702184,478,0.171326164874552,1.01763613594162
LV-GGM,2791,2521,ENSMUSG00000015087,Rabl6,T,0.000691026314437062,479,0.171623074166965,1.01939970559414
LV-GGM,2792,1581,ENSMUSG00000026740,Dnajc1,F,0.000668583520413936,479,0.171561604584527,1.01903459108641
LV-GGM,2793,2991,ENSMUSG00000020680,Taf15,F,0.000668284125546117,479,0.171500179018976,1.01866973802838
LV-GGM,2794,1670,ENSMUSG00000008348,Ubc,F,0.000667901282463206,479,0.171438797423049,1.01830514613932
LV-GGM,2795,2161,ENSMUSG00000022114,Spry2,F,0.000663340942257423,479,0.171377459749553,1.01794081513891
LV-GGM,2796,2940,ENSMUSG00000006276,Eps15l1,F,0.000650064594475409,479,0.171316165951359,1.01757674474723
LV-GGM,2797,1322,ENSMUSG00000042155,Klhl23,F,0.000646709040925484,479,0.171254915981409,1.01721293468475
LV-GGM,2798,1513,ENSMUSG00000021071,Trim9,F,0.000636799474309369,479,0.171193709792709,1.01684938467236
LV-GGM,2799,698,ENSMUSG00000023088,Abcc1,F,0.000635104416133393,479,0.171132547338335,1.01648609443132
LV-GGM,2800,2748,ENSMUSG00000032407,U2surp,F,0.000630393656082857,479,0.171071428571429,1.0161230636833
LV-GGM,2801,2367,ENSMUSG00000006005,Tpr,F,0.000623488605679436,479,0.171010353445198,1.01576029215039
LV-GGM,2802,2764,ENSMUSG00000026229,Psmd1,F,0.000623150286721234,479,0.170949321912919,1.01539777955505
LV-GGM,2803,2614,ENSMUSG00000037750,Fam222b,F,0.000623044001757193,479,0.170888333927934,1.01503552562014
LV-GGM,2804,1908,ENSMUSG00000021373,Cap2,F,0.000614043108677218,479,0.170827389443652,1.01467353006892
LV-GGM,2805,2805,ENSMUSG00000053510,Nrd1,T,0.000611446131713827,480,0.171122994652406,1.01642935377875
LV-GGM,2806,2855,ENSMUSG00000020385,Clk4,F,0.00060800550902528,480,0.171062009978617,1.01606711951155
LV-GGM,2807,801,ENSMUSG00000069662,Marcks,F,0.000603140558073464,480,0.17100106875668,1.01570514333787
LV-GGM,2808,2515,ENSMUSG00000036893,Ehmt1,F,0.000601518790829859,480,0.170940170940171,1.01534342498198
LV-GGM,2809,2924,ENSMUSG00000001036,Epn2,F,0.000598696100998242,480,0.170879316482734,1.01498196416853
LV-GGM,2810,2760,ENSMUSG00000013160,Atp6v0d1,T,0.000594147299459468,481,0.171174377224199,1.01673455387386
LV-GGM,2811,526,ENSMUSG00000056531,Ccdc18,F,0.000587794861752214,481,0.171113482746354,1.01637285534882
LV-GGM,2812,455,ENSMUSG00000026655,Fam107b,F,0.000587731201005012,481,0.171052631578947,1.01601141407736
LV-GGM,2813,2918,ENSMUSG00000038372,Gmds,F,0.000586000013280089,481,0.170991823675791,1.01565022978512
LV-GGM,2814,2527,ENSMUSG00000024083,Pja2,F,0.000582600895634447,481,0.17093105899076,1.01528930219813
LV-GGM,2815,2341,ENSMUSG00000029655,N4bp2l2,F,0.000569600655909024,481,0.170870337477798,1.01492863104282
LV-GGM,2816,2931,ENSMUSG00000047036,Zfp445,T,0.000566591214636452,482,0.171164772727273,1.01667750547645
LV-GGM,2817,2375,ENSMUSG00000005371,Fbxo11,F,0.000565907678626178,482,0.171104011359602,1.01631659759378
LV-GGM,2818,298,ENSMUSG00000051674,Dcun1d4,F,0.000564547669954969,482,0.171043293115685,1.01595594585581
LV-GGM,2819,1428,ENSMUSG00000061603,Akap6,T,0.00056258339047661,483,0.171337353671515,1.01770259469948
LV-GGM,2820,1188,ENSMUSG00000031770,Herpud1,F,0.000560407247572041,483,0.171276595744681,1.01734170725455
LV-GGM,2821,1821,ENSMUSG00000056763,Cspp1,F,0.000543251225863772,483,0.1712158808933,1.01698107566743
LV-GGM,2822,2381,ENSMUSG00000028496,Mllt3,F,0.000540523793484456,483,0.17115520907158,1.01662069966613
LV-GGM,2823,2455,ENSMUSG00000037062,Sh3glb1,F,0.000538897342427398,483,0.171094580233794,1.01626057897904
LV-GGM,2824,703,ENSMUSG00000031767,Nudt7,F,0.000531245545903726,483,0.171033994334278,1.01590071333493
LV-GGM,2825,483,ENSMUSG00000022421,Nptxr,F,0.000528156008961084,483,0.170973451327434,1.01554110246295
LV-GGM,2826,866,ENSMUSG00000031983,2310022B05Rik,F,0.00051306906026302,483,0.170912951167728,1.01518174609265
LV-GGM,2827,614,ENSMUSG00000053046,Brsk2,F,0.000509609224127807,483,0.170852493809692,1.01482264395396
LV-GGM,2828,669,ENSMUSG00000026204,Ptprn,T,0.000503957497904839,484,0.171145685997171,1.01656413489886
LV-GGM,2829,514,ENSMUSG00000020340,Cyfip2,F,0.000501545570269202,484,0.171085189112761,1.01620479798302
LV-GGM,2830,277,ENSMUSG00000039217,Il18,F,0.000500256921659979,484,0.171024734982332,1.01584571501554
LV-GGM,2831,1924,ENSMUSG00000063457,Rps15,F,0.000483742184482579,484,0.170964323560579,1.0154868857273
LV-GGM,2832,2183,ENSMUSG00000022801,Lrch3,F,0.00048193472389964,484,0.17090395480226,1.01512830984957
LV-GGM,2833,434,ENSMUSG00000000058,Cav2,F,0.000480422631930825,484,0.170843628662196,1.014769987114
LV-GGM,2834,376,ENSMUSG00000026825,Dnm1,F,0.000475749084209612,484,0.170783345095272,1.01441191725264
LV-GGM,2835,1136,ENSMUSG00000003534,Ddr1,F,0.000473676425895639,484,0.170723104056437,1.01405409999788
LV-GGM,2836,2642,ENSMUSG00000033295,Ptprf,T,0.000469375370429599,485,0.171015514809591,1.01579094941118
LV-GGM,2837,653,ENSMUSG00000039693,Msantd3,F,0.000467997830547196,485,0.170955234402538,1.01543289831869
LV-GGM,2838,1368,ENSMUSG00000034487,Kdelc2,F,0.000467592194198408,485,0.170894996476392,1.01507509955254
LV-GGM,2839,2972,ENSMUSG00000015932,Dstn,F,0.000465655753770839,485,0.170834800986263,1.01471755284611
LV-GGM,2840,2068,ENSMUSG00000002028,Kmt2a,T,0.000463422803196132,486,0.17112676056338,1.01645172238249
LV-GGM,2841,2194,ENSMUSG00000024780,Cdc37l1,F,0.00046254826477977,486,0.171066525871172,1.01609394282515
LV-GGM,2842,1271,ENSMUSG00000062444,Ap3b2,F,0.000461472637627563,486,0.17100633356791,1.01573641504795
LV-GGM,2843,1007,ENSMUSG00000044037,Als2cl,F,0.000459084122165797,486,0.170946183608864,1.01537913878518
LV-GGM,2844,1919,ENSMUSG00000018501,Ncor1,F,0.000458020023037237,486,0.170886075949367,1.01502211377154
LV-GGM,2845,512,ENSMUSG00000051262,Nat8f3,F,0.000456609569155644,486,0.170826010544815,1.0146653397421
LV-GGM,2846,964,ENSMUSG00000057530,Ece1,F,0.000451854700254751,486,0.170765987350668,1.01430881643228
LV-GGM,2847,2219,ENSMUSG00000038900,Rpl12,F,0.000451702604044601,486,0.170706006322445,1.01395254357789
LV-GGM,2848,2818,ENSMUSG00000014195,Dnajc7,F,0.000447306046136632,486,0.17064606741573,1.01359652091512
LV-GGM,2849,243,ENSMUSG00000041703,Zic5,F,0.000437968310439778,486,0.170586170586171,1.01324074818051
LV-GGM,2850,1779,ENSMUSG00000026469,Xpr1,F,0.000437360937813098,486,0.170526315789474,1.01288522511097
LV-GGM,2851,412,ENSMUSG00000024456,Diaph1,F,0.000436738806268503,486,0.17046650298141,1.0125299514438
LV-GGM,2852,2987,ENSMUSG00000032959,Pebp1,F,0.000433532681962466,486,0.170406732117812,1.01217492691664
LV-GGM,2853,617,ENSMUSG00000061911,Myt1l,F,0.000431408601391833,486,0.170347003154574,1.01182015126753
LV-GGM,2854,985,ENSMUSG00000029420,Rimbp2,F,0.000428966710632856,486,0.170287316047652,1.01146562423485
LV-GGM,2855,529,ENSMUSG00000030729,Pgm2l1,F,0.000423531222209872,486,0.170227670753065,1.01111134555736
LV-GGM,2856,2578,ENSMUSG00000038546,Ranbp9,F,0.000422989971758641,486,0.170168067226891,1.01075731497418
LV-GGM,2857,480,ENSMUSG00000040972,Igsf21,F,0.000420732980066024,486,0.170108505425271,1.0104035322248
LV-GGM,2858,151,ENSMUSG00000038127,Ccdc50,F,0.000418266326824619,486,0.170048985304409,1.01004999704908
LV-GGM,2859,2742,ENSMUSG00000040651,Fam208a,F,0.000412039376540085,486,0.169989506820567,1.00969670918722
LV-GGM,2860,154,ENSMUSG00000008305,Tle1,F,0.000403741653828273,486,0.16993006993007,1.00934366837981
LV-GGM,2861,919,ENSMUSG00000024892,Pcx,F,0.000397507810664124,486,0.169870674589304,1.0089908743678
LV-GGM,2862,1815,ENSMUSG00000020263,Appl2,F,0.000390969547925863,486,0.169811320754717,1.00863832689248
LV-GGM,2863,2203,ENSMUSG00000042446,Zmym4,F,0.000390269028565803,486,0.169752008382815,1.00828602569552
LV-GGM,2864,2844,ENSMUSG00000018363,Smurf2,F,0.000389825911034886,486,0.169692737430168,1.00793397051895
LV-GGM,2865,977,ENSMUSG00000006567,Atp7b,F,0.000387697785219035,486,0.169633507853403,1.00758216110515
LV-GGM,2866,790,ENSMUSG00000023800,Tiam2,F,0.000386438381546058,486,0.169574319609211,1.00723059719688
LV-GGM,2867,912,ENSMUSG00000049532,Sall2,F,0.000386099950494549,486,0.169515172654343,1.00687927853724
LV-GGM,2868,2787,ENSMUSG00000056268,Dennd1b,F,0.000376386398396048,486,0.169456066945607,1.00652820486969
LV-GGM,2869,2823,ENSMUSG00000027189,Trim44,F,0.000366793006845981,486,0.169397002439875,1.00617737593805
LV-GGM,2870,2966,ENSMUSG00000034801,Sos2,F,0.000366152105805886,486,0.169337979094077,1.0058267914865
LV-GGM,2871,2356,ENSMUSG00000055053,Nfic,F,0.000361115646111104,486,0.169278996865204,1.00547645125958
LV-GGM,2872,1179,ENSMUSG00000039943,Plcb4,T,0.000355505814945705,487,0.169568245125348,1.00719451622647
LV-GGM,2873,2920,ENSMUSG00000041225,Arhgap12,F,0.000344809774451506,487,0.169509223807866,1.00684394382263
LV-GGM,2874,1202,ENSMUSG00000025006,Sorbs1,F,0.000344547274170062,487,0.169450243562978,1.0064936153801
LV-GGM,2875,2632,ENSMUSG00000038467,Chmp4b,F,0.000343151302036182,487,0.169391304347826,1.00614353064432
LV-GGM,2876,2835,ENSMUSG00000034157,Cipc,F,0.000340428044342662,487,0.169332406119611,1.00579368936106
LV-GGM,2877,1029,ENSMUSG00000045795,Whamm,F,0.000338216503867911,487,0.169273548835593,1.00544409127647
LV-GGM,2878,421,ENSMUSG00000040848,Sft2d2,F,0.000325521983047404,487,0.169214732453092,1.00509473613704
LV-GGM,2879,2754,ENSMUSG00000032386,Trip4,F,0.000321240680311892,487,0.169155956929489,1.00474562368962
LV-GGM,2880,1258,ENSMUSG00000022197,Pdzd2,F,0.000317388367348519,487,0.169097222222222,1.00439675368139
LV-GGM,2881,2751,ENSMUSG00000025898,Cwf19l2,F,0.0003080541377152,487,0.169038528288789,1.00404812585991
LV-GGM,2882,2598,ENSMUSG00000059834,Sclt1,F,0.000301575226547674,487,0.168979875086745,1.00369973997308
LV-GGM,2883,2705,ENSMUSG00000028759,Hp1bp3,F,0.000299740155269373,487,0.168921262573708,1.00335159576913
LV-GGM,2884,2941,ENSMUSG00000055531,Cpsf6,F,0.000298240744872385,487,0.168862690707351,1.00300369299667
LV-GGM,2885,1628,ENSMUSG00000027562,Car2,F,0.000290681511710864,487,0.168804159445407,1.00265603140465
LV-GGM,2886,2337,ENSMUSG00000024283,Wac,F,0.000282093086459923,487,0.168745668745669,1.00230861074235
LV-GGM,2887,725,ENSMUSG00000022490,Ppp1r1a,F,0.000279780798115261,487,0.168687218565985,1.00196143075941
LV-GGM,2888,329,ENSMUSG00000024413,Npc1,F,0.000276111068039339,487,0.168628808864266,1.00161449120582
LV-GGM,2889,332,ENSMUSG00000098087,Gm17750,F,0.000271831186738271,487,0.168570439598477,1.00126779183192
LV-GGM,2890,2627,ENSMUSG00000053398,Phgdh,F,0.000267465435570441,487,0.168512110726644,1.00092133238838
LV-GGM,2891,2846,ENSMUSG00000022551,Cyc1,F,0.000262411326909376,487,0.168453822206849,1.00057511262622
LV-GGM,2892,231,ENSMUSG00000021371,Mcur1,T,0.000257567536108753,488,0.168741355463347,1.0022829908847
LV-GGM,2893,486,ENSMUSG00000048644,Ctxn1,F,0.000251377103859121,488,0.168683027998617,1.00193653979902
LV-GGM,2894,965,ENSMUSG00000038175,Mylip,F,0.000249175276860699,488,0.168624740843124,1.00159032814048
LV-GGM,2895,1730,ENSMUSG00000023923,Tbc1d5,F,0.000248821147873596,488,0.168566493955095,1.00124435566099
LV-GGM,2896,1452,ENSMUSG00000029580,Actb,T,0.000241972541364931,489,0.168853591160221,1.00294964387939
LV-GGM,2897,2537,ENSMUSG00000026571,Dcaf6,F,0.000240403845575709,489,0.168795305488436,1.00260344103372
LV-GGM,2898,2096,ENSMUSG00000022463,Srebf2,F,0.000236595427470248,489,0.168737060041408,1.00225747711342
LV-GGM,2899,2225,ENSMUSG00000047368,Abhd17b,F,0.000233442658499444,489,0.168678854777509,1.00191175187123
LV-GGM,2900,2842,ENSMUSG00000038291,Snx25,T,0.000233041046555824,490,0.168965517241379,1.00361445783133
LV-GGM,2901,2574,ENSMUSG00000025019,Lcor,F,0.000229198591092265,490,0.168907273354016,1.00326850317506
LV-GGM,2902,1577,ENSMUSG00000033278,Ptprm,T,0.000223337757121545,491,0.169193659545141,1.00496956814162
LV-GGM,2903,637,ENSMUSG00000054459,Vsnl1,T,0.000221341407064907,492,0.169479848432656,1.00666946117228
LV-GGM,2904,1667,ENSMUSG00000043154,Ppp2r3a,F,0.00021865274608306,492,0.169421487603306,1.00632281190879
LV-GGM,2905,2923,ENSMUSG00000017686,Rhot1,T,0.00021777468605357,493,0.169707401032702,1.0080210687846
LV-GGM,2906,1882,ENSMUSG00000020863,Luc7l3,F,0.000206746882913613,493,0.169649002064694,1.00767419298667
LV-GGM,2907,2500,ENSMUSG00000038095,Sbno1,F,0.00020508045611787,493,0.169590643274854,1.00732755583738
LV-GGM,2908,282,ENSMUSG00000045515,Pou3f3,F,0.000200105813148217,493,0.169532324621733,1.00698115709054
LV-GGM,2909,2272,ENSMUSG00000040964,Arhgef10l,F,0.000197039549117753,493,0.16947404606394,1.00663499650027
LV-GGM,2910,1764,ENSMUSG00000036766,Dner,F,0.000196714464328314,493,0.169415807560137,1.00628907382106
LV-GGM,2911,1299,ENSMUSG00000024339,Tap2,F,0.000193755583296758,493,0.169357609069048,1.00594338880772
LV-GGM,2912,429,ENSMUSG00000030541,Idh2,F,0.000192030979147769,493,0.169299450549451,1.00559794121541
LV-GGM,2913,2498,ENSMUSG00000034557,Zfyve9,F,0.000181185567821165,493,0.169241331960179,1.00525273079961
LV-GGM,2914,2677,ENSMUSG00000022781,Pak2,F,0.00018096515686926,493,0.169183253260124,1.00490775731616
LV-GGM,2915,2449,ENSMUSG00000028495,Rps6,F,0.000172095719812482,493,0.169125214408233,1.00456302052119
LV-GGM,2916,222,ENSMUSG00000039031,Arhgap18,F,0.000170867804041679,493,0.169067215363512,1.00421852017122
LV-GGM,2917,415,ENSMUSG00000028476,Reck,F,0.000168444812144935,493,0.169009256085019,1.00387425602306
LV-GGM,2918,2735,ENSMUSG00000015165,Hnrnpl,F,0.00016481400313739,493,0.168951336531871,1.00353022783389
LV-GGM,2919,1396,ENSMUSG00000048970,C1galt1c1,F,0.000161633576497556,493,0.168893456663241,1.00318643536118
LV-GGM,2920,2535,ENSMUSG00000034187,Nsf,F,0.000154166059841172,493,0.168835616438356,1.00284287836277
LV-GGM,2921,645,ENSMUSG00000033088,Triobp,F,0.00014970764981701,493,0.168777815816501,1.00249955659681
LV-GGM,2922,1353,ENSMUSG00000048537,Phldb1,F,0.000147476881925329,493,0.168720054757016,1.00215646982179
LV-GGM,2923,1207,ENSMUSG00000028782,Adgrb2,T,0.000146685700214317,494,0.16900444748546,1.00384569410038
LV-GGM,2924,2064,ENSMUSG00000054920,Klhl5,F,0.000144807869738727,494,0.168946648426813,1.0035023816195
LV-GGM,2925,2512,ENSMUSG00000025982,Sf3b1,F,0.000142042881031189,494,0.168888888888889,1.0031593038822
LV-GGM,2926,2419,ENSMUSG00000030213,Atf7ip,F,0.000140637066882958,494,0.168831168831169,1.00281646064779
LV-GGM,2927,2672,ENSMUSG00000074698,Csnk2a1,F,0.000135802425292564,494,0.168773488213188,1.00247385167592
LV-GGM,2928,2793,ENSMUSG00000054387,Mdm4,F,0.000133899416666035,494,0.168715846994536,1.00213147672658
LV-GGM,2929,1799,ENSMUSG00000048264,Dip2c,F,0.000132402826537117,494,0.168658245134858,1.00178933556006
LV-GGM,2930,2738,ENSMUSG00000079037,Prnp,F,0.00012898658215958,494,0.168600682593857,1.001447427937
LV-GGM,2931,2235,ENSMUSG00000025911,Adhfe1,F,0.000128185428162571,494,0.168543159331286,1.00110575361836
LV-GGM,2932,1854,ENSMUSG00000028053,Ash1l,F,0.000123001465226558,494,0.168485675306958,1.00076431236542
LV-GGM,2933,1613,ENSMUSG00000036356,Csgalnact1,F,0.000117860096573991,494,0.168428230480736,1.0004231039398
LV-GGM,2934,2112,ENSMUSG00000002265,Peg3,F,0.000117615969713003,494,0.168370824812543,1.00008212810342
LV-GGM,2935,699,ENSMUSG00000034799,Unc13a,T,0.000114248783453351,495,0.168654173764906,1.0017651526036
LV-GGM,2936,1307,ENSMUSG00000025357,Dgka,F,0.000110126325409403,495,0.168596730245232,1.00142395193854
LV-GGM,2937,2588,ENSMUSG00000028514,Usp24,F,0.000110108444004956,495,0.168539325842697,1.00108298361987
LV-GGM,2938,467,ENSMUSG00000003948,Mmd,F,0.000108545674271162,495,0.168481960517359,1.00074224741034
LV-GGM,2939,357,ENSMUSG00000030236,Slco1b2,F,9.3941134469149e-05,495,0.16842463422933,1.00040174307301
LV-GGM,2940,1794,ENSMUSG00000035569,Ankrd11,F,9.06635263446668e-05,495,0.168367346938776,1.00006147037128
LV-GGM,2941,199,ENSMUSG00000036915,Kirrel2,T,8.88727999014331e-05,496,0.16865011900714,1.00174106831952
LV-GGM,2942,2283,ENSMUSG00000041650,Pcca,F,8.03518105735162e-05,496,0.168592794017675,1.00140057169535
LV-GGM,2943,408,ENSMUSG00000039841,Zfp800,T,7.85986580166075e-05,497,0.168875297315664,1.00307857321232
LV-GGM,2944,553,ENSMUSG00000008658,Rbfox1,F,6.8833708839782e-05,497,0.168817934782609,1.00273785358827
LV-GGM,2945,2611,ENSMUSG00000033237,Arid2,F,6.52518085456907e-05,497,0.168760611205433,1.00239736535275
LV-GGM,2946,2667,ENSMUSG00000045098,Kmt5b,T,6.47836280949498e-05,498,0.169042769857434,1.0040733197556
LV-GGM,2947,2524,ENSMUSG00000031714,Gab1,F,6.18437079509665e-05,498,0.168985408890397,1.00373260943332
LV-GGM,2948,303,ENSMUSG00000003410,Elavl3,F,4.99179437751971e-05,498,0.168928086838535,1.0033921302578
LV-GGM,2949,2970,ENSMUSG00000027130,Slc12a6,F,4.46064377714047e-05,498,0.168870803662258,1.0030518819939
LV-GGM,2950,2469,ENSMUSG00000034101,Ctnnd1,F,4.27750996203424e-05,498,0.168813559322034,1.00271186440678
LV-GGM,2951,1989,ENSMUSG00000061904,Slc25a3,F,3.99445299546168e-05,498,0.16875635377838,1.00237207726195
LV-GGM,2952,2651,ENSMUSG00000017485,Top2b,F,2.52496318778169e-05,498,0.16869918699187,1.0020325203252
LV-GGM,2953,592,ENSMUSG00000027952,Pmvk,F,2.06023456099511e-05,498,0.168642058923129,1.00169319336268
LV-GGM,2954,2031,ENSMUSG00000044229,Nxpe4,F,1.78391341243697e-05,498,0.168584969532837,1.00135409614083
LV-GGM,2955,1261,ENSMUSG00000026556,Vangl2,F,1.59162878192123e-05,498,0.168527918781726,1.0010152284264
LV-GGM,2956,2481,ENSMUSG00000055116,Arntl,F,1.44689383934053e-05,498,0.168470906630582,1.00067658998647
LV-GGM,2957,678,ENSMUSG00000041974,Spidr,F,1.41080543271089e-05,498,0.168413933040243,1.00033818058843
LV-GGM,2958,166,ENSMUSG00000037016,Frem2,F,3.8334666922806e-06,498,0.168356997971602,1
Prior correlation,1,209,ENSMUSG00000031748,Gnao1,F,0.125052947296727,0,0,0
Prior correlation,2,748,ENSMUSG00000062209,Erbb4,F,0.123332157719959,0,0,0
Prior correlation,3,755,ENSMUSG00000018593,Sparc,F,0.118728464245992,0,0,0
Prior correlation,4,1231,ENSMUSG00000030307,Slc6a11,F,0.118250858920611,0,0,0
Prior correlation,5,747,ENSMUSG00000028542,Slc6a9,F,0.114310741384535,0,0,0
Prior correlation,6,746,ENSMUSG00000031980,Agt,F,0.113939097652569,0,0,0
Prior correlation,7,389,ENSMUSG00000027797,Dclk1,F,0.11244648283704,0,0,0
Prior correlation,8,450,ENSMUSG00000003974,Grm3,T,0.111927305293532,1,0.125,0.742469879518072
Prior correlation,9,730,ENSMUSG00000058254,Tspan7,T,0.111490967347004,2,0.222222222222222,1.31994645247657
Prior correlation,10,633,ENSMUSG00000032076,Cadm1,F,0.110592105165435,2,0.2,1.18795180722892
Prior correlation,11,63,ENSMUSG00000028519,Dab1,F,0.110072538986971,2,0.181818181818182,1.07995618838992
Prior correlation,12,171,ENSMUSG00000053141,Ptprt,T,0.108781599822915,3,0.25,1.48493975903614
Prior correlation,13,122,ENSMUSG00000032482,Cspg5,F,0.108661885260624,3,0.230769230769231,1.37071362372567
Prior correlation,14,62,ENSMUSG00000030235,Slco1c1,F,0.105771942802197,3,0.214285714285714,1.27280550774527
Prior correlation,15,1225,ENSMUSG00000052387,Trpm3,T,0.10450681327146,4,0.266666666666667,1.58393574297189
Prior correlation,16,794,ENSMUSG00000060882,Kcnd2,F,0.104480750362908,4,0.25,1.48493975903614
Prior correlation,17,47,ENSMUSG00000097520,4930488L21Rik,F,0.103422455996963,4,0.235294117647059,1.39759036144578
Prior correlation,18,44,ENSMUSG00000043259,Fam13c,F,0.103032947883183,4,0.222222222222222,1.31994645247657
Prior correlation,19,46,ENSMUSG00000033350,Chst2,F,0.102716075057112,4,0.210526315789474,1.25047558655675
Prior correlation,20,1240,ENSMUSG00000029309,Sparcl1,F,0.102533675394014,4,0.2,1.18795180722892
Prior correlation,21,1078,ENSMUSG00000037706,Cd81,F,0.102501102254055,4,0.19047619047619,1.13138267355135
Prior correlation,22,77,ENSMUSG00000021097,Clmn,F,0.102461661591377,4,0.181818181818182,1.07995618838992
Prior correlation,23,1234,ENSMUSG00000004558,Ndrg2,F,0.100209334180937,4,0.173913043478261,1.0330015715034
Prior correlation,24,741,ENSMUSG00000026657,Frmd4a,F,0.100125392879969,4,0.166666666666667,0.98995983935743
Prior correlation,25,67,ENSMUSG00000021684,Pde8b,T,0.0995267246020286,5,0.2,1.18795180722892
Prior correlation,26,45,ENSMUSG00000039037,St6galnac5,F,0.0989925450524652,5,0.192307692307692,1.14226135310473
Prior correlation,27,632,ENSMUSG00000014361,Mertk,F,0.0988979375304864,5,0.185185185185185,1.09995537706381
Prior correlation,28,750,ENSMUSG00000020524,Gria1,T,0.0988000936793173,6,0.214285714285714,1.27280550774527
Prior correlation,29,541,ENSMUSG00000002459,Rgs20,F,0.0986960047872083,6,0.206896551724138,1.2289156626506
Prior correlation,30,502,ENSMUSG00000030605,Mfge8,F,0.0980577858545681,6,0.2,1.18795180722892
Prior correlation,31,753,ENSMUSG00000038156,Spon1,F,0.0977148575429218,6,0.193548387096774,1.14963078118927
Prior correlation,32,70,ENSMUSG00000048388,Fam171b,F,0.0970316307630113,6,0.1875,1.11370481927711
Prior correlation,33,1237,ENSMUSG00000041329,Atp1b2,F,0.0967756013225805,6,0.181818181818182,1.07995618838992
Prior correlation,34,1239,ENSMUSG00000060961,Slc4a4,F,0.0964493693502114,6,0.176470588235294,1.04819277108434
Prior correlation,35,156,ENSMUSG00000058571,Gpc6,F,0.0964183272490629,6,0.171428571428571,1.01824440619621
Prior correlation,36,1913,ENSMUSG00000002985,Apoe,F,0.096296993236326,6,0.166666666666667,0.98995983935743
Prior correlation,37,43,ENSMUSG00000000247,Lhx2,T,0.0959345650287007,7,0.189189189189189,1.12373819602735
Prior correlation,38,48,ENSMUSG00000024827,Gldc,F,0.0957933822821091,7,0.184210526315789,1.09416613823716
Prior correlation,39,532,ENSMUSG00000029838,Ptn,F,0.0950573283030809,7,0.179487179487179,1.06611059623108
Prior correlation,40,752,ENSMUSG00000020121,Srgap1,F,0.0934484059339151,7,0.175,1.0394578313253
Prior correlation,41,1454,ENSMUSG00000022037,Clu,F,0.0930098433713734,7,0.170731707317073,1.01410520129298
Prior correlation,42,59,ENSMUSG00000023868,Pde10a,T,0.0928221693443775,8,0.19047619047619,1.13138267355135
Prior correlation,43,1890,ENSMUSG00000022112,Gpc5,F,0.0925586429505533,8,0.186046511627907,1.10507144858504
Prior correlation,44,759,ENSMUSG00000024998,Plce1,T,0.0924541574748207,9,0.204545454545455,1.21495071193866
Prior correlation,45,783,ENSMUSG00000030029,Lrig1,F,0.0917585183908083,9,0.2,1.18795180722892
Prior correlation,46,1236,ENSMUSG00000001270,Ckb,F,0.0908879660524889,9,0.195652173913043,1.16212676794133
Prior correlation,47,879,ENSMUSG00000056602,Fry,F,0.0903564421621245,9,0.191489361702128,1.13740066649577
Prior correlation,48,738,ENSMUSG00000048960,Prex2,F,0.0895367376941862,9,0.1875,1.11370481927711
Prior correlation,49,388,ENSMUSG00000034135,Sik3,F,0.089450510027852,9,0.183673469387755,1.09097614949594
Prior correlation,50,410,ENSMUSG00000039375,Wdr17,F,0.0893432599015941,9,0.18,1.06915662650602
Prior correlation,51,749,ENSMUSG00000097623,B230323A14Rik,F,0.0887835806174051,9,0.176470588235294,1.04819277108434
Prior correlation,52,120,ENSMUSG00000033174,Mgll,F,0.0886735977032568,9,0.173076923076923,1.02803521779425
Prior correlation,53,1678,ENSMUSG00000064360,mt-Nd3,F,0.0885773681894356,9,0.169811320754717,1.00863832689248
Prior correlation,54,56,ENSMUSG00000052539,Magi3,T,0.0884375852110646,10,0.185185185185185,1.09995537706381
Prior correlation,55,53,ENSMUSG00000050447,Lypd6,F,0.0881304608606175,10,0.181818181818182,1.07995618838992
Prior correlation,56,2789,ENSMUSG00000064345,mt-Nd2,F,0.0880874601621905,10,0.178571428571429,1.06067125645439
Prior correlation,57,49,ENSMUSG00000052397,Ezr,F,0.0877124163640604,10,0.175438596491228,1.04206298879729
Prior correlation,58,780,ENSMUSG00000019888,Mgat4c,F,0.0875677216660413,10,0.172413793103448,1.02409638554217
Prior correlation,59,1732,ENSMUSG00000027447,Cst3,F,0.0867902344236561,10,0.169491525423729,1.00673881968552
Prior correlation,60,55,ENSMUSG00000087095,Emx2os,T,0.0867334996622042,11,0.183333333333333,1.08895582329317
Prior correlation,61,718,ENSMUSG00000002107,Celf2,F,0.0864396920768365,11,0.180327868852459,1.07110408848509
Prior correlation,62,212,ENSMUSG00000026527,Rgs7,F,0.0863739811084268,11,0.17741935483871,1.05382821609017
Prior correlation,63,337,ENSMUSG00000035392,Dennd1a,F,0.0860684160910001,11,0.174603174603175,1.03710078408874
Prior correlation,64,2959,ENSMUSG00000064357,mt-Atp6,F,0.085525388245416,11,0.171875,1.02089608433735
Prior correlation,65,758,ENSMUSG00000056158,Car10,F,0.0852748572463928,11,0.169230769230769,1.00518999073216
Prior correlation,66,1906,ENSMUSG00000031765,Mt1,F,0.0850684153716347,11,0.166666666666667,0.98995983935743
Prior correlation,67,57,ENSMUSG00000032537,Ephb1,T,0.0848878619919608,12,0.17910447761194,1.06383743930948
Prior correlation,68,2782,ENSMUSG00000064354,mt-Co2,F,0.0844069800141206,12,0.176470588235294,1.04819277108434
Prior correlation,69,756,ENSMUSG00000006522,Itih3,F,0.0842912090775445,12,0.173913043478261,1.0330015715034
Prior correlation,70,145,ENSMUSG00000039410,Prdm16,F,0.0841304307077414,12,0.171428571428571,1.01824440619621
Prior correlation,71,61,ENSMUSG00000031137,Fgf13,T,0.0839069737270784,13,0.183098591549296,1.08756151366027
Prior correlation,72,1232,ENSMUSG00000025203,Scd2,F,0.0838061389370265,13,0.180555555555556,1.07245649263722
Prior correlation,73,51,ENSMUSG00000059325,Hopx,T,0.0837619055223896,14,0.191780821917808,1.13913186994554
Prior correlation,74,106,ENSMUSG00000027210,Meis2,F,0.0836644303880965,14,0.189189189189189,1.12373819602735
Prior correlation,75,99,ENSMUSG00000037989,Wnk2,F,0.0836194079504118,14,0.186666666666667,1.10875502008032
Prior correlation,76,2528,ENSMUSG00000064370,mt-Cytb,F,0.0835851649838459,14,0.184210526315789,1.09416613823716
Prior correlation,77,50,ENSMUSG00000021613,Hapln1,F,0.083394645271545,14,0.181818181818182,1.07995618838992
Prior correlation,78,425,ENSMUSG00000049690,Nckap5,F,0.0833394356372246,14,0.179487179487179,1.06611059623108
Prior correlation,79,732,ENSMUSG00000031517,Gpm6a,F,0.0833066154002122,14,0.177215189873418,1.05261552539271
Prior correlation,80,2163,ENSMUSG00000031760,Mt3,F,0.083186961511,14,0.175,1.0394578313253
Prior correlation,81,58,ENSMUSG00000030772,Dkk3,F,0.0830953524674741,14,0.172839506172839,1.02662501859289
Prior correlation,82,751,ENSMUSG00000022376,Adcy8,T,0.0830859170150858,15,0.182926829268293,1.08654128709962
Prior correlation,83,745,ENSMUSG00000022708,Zbtb20,F,0.0830626547879284,15,0.180722891566265,1.0734504282189
Prior correlation,84,132,ENSMUSG00000021379,Id4,F,0.0830229751850059,15,0.178571428571429,1.06067125645439
Prior correlation,85,743,ENSMUSG00000053477,Tcf4,T,0.0827952616827568,16,0.188235294117647,1.11807228915663
Prior correlation,86,343,ENSMUSG00000021750,Fam107a,F,0.082327828058446,16,0.186046511627907,1.10507144858504
Prior correlation,87,754,ENSMUSG00000113186,A330076C08Rik,F,0.0822229516698833,16,0.183908045977011,1.09236947791165
Prior correlation,88,803,ENSMUSG00000053279,Aldh1a1,F,0.0816918549889365,16,0.181818181818182,1.07995618838992
Prior correlation,89,765,ENSMUSG00000036046,5031439G07Rik,F,0.0815521031603801,16,0.179775280898876,1.06782184919453
Prior correlation,90,52,ENSMUSG00000025964,Adam23,F,0.0814361057792052,16,0.177777777777778,1.05595716198126
Prior correlation,91,54,ENSMUSG00000115263,AC154683.1,F,0.0812094550742387,16,0.175824175824176,1.04435323712432
Prior correlation,92,2821,ENSMUSG00000064363,mt-Nd4,F,0.0810316818641217,16,0.173913043478261,1.0330015715034
Prior correlation,93,740,ENSMUSG00000036095,Dgkb,F,0.0805225277122139,16,0.172043010752688,1.0218940277238
Prior correlation,94,834,ENSMUSG00000055022,Cntn1,F,0.0803960239679014,16,0.170212765957447,1.01102281466291
Prior correlation,95,771,ENSMUSG00000038855,Itpkb,T,0.0803614323445196,17,0.178947368421053,1.06290424857324
Prior correlation,96,490,ENSMUSG00000033981,Gria2,T,0.080180222445602,18,0.1875,1.11370481927711
Prior correlation,97,83,ENSMUSG00000060424,Pantr1,F,0.0799690699671132,18,0.185567010309278,1.10222332629487
Prior correlation,98,65,ENSMUSG00000007682,Dio2,F,0.0791428987192668,18,0.183673469387755,1.09097614949594
Prior correlation,99,760,ENSMUSG00000059146,Ntrk3,T,0.0791217398050812,19,0.191919191919192,1.13995375441159
Prior correlation,100,1885,ENSMUSG00000064341,mt-Nd1,F,0.0788504808880561,19,0.19,1.12855421686747
Prior correlation,101,796,ENSMUSG00000031425,Plp1,F,0.0783069006756318,19,0.188118811881188,1.11738041274007
Prior correlation,102,814,ENSMUSG00000067242,Lgi1,F,0.0781982821892927,19,0.186274509803922,1.10642570281124
Prior correlation,103,739,ENSMUSG00000036192,Rorb,F,0.0780715714697559,19,0.184466019417476,1.09568370569657
Prior correlation,104,308,ENSMUSG00000021318,Gli3,T,0.07788274912501,20,0.192307692307692,1.14226135310473
Prior correlation,105,1233,ENSMUSG00000051177,Plcb1,T,0.0777599916160887,21,0.2,1.18795180722892
Prior correlation,106,60,ENSMUSG00000105352,C030018K13Rik,F,0.0776276461532198,21,0.19811320754717,1.17674471470789
Prior correlation,107,833,ENSMUSG00000067786,Nnat,F,0.0773787323007173,21,0.196261682242991,1.16574710055174
Prior correlation,108,79,ENSMUSG00000025089,Gfra1,F,0.0773289865700618,21,0.194444444444444,1.154953145917
Prior correlation,109,767,ENSMUSG00000029084,Cd38,T,0.0762867307002813,22,0.201834862385321,1.19885044766221
Prior correlation,110,744,ENSMUSG00000031342,Gpm6b,F,0.0754918553383135,22,0.2,1.18795180722892
Prior correlation,111,2511,ENSMUSG00000098178,Gm42418,F,0.0749705200638066,22,0.198198198198198,1.17724953869532
Prior correlation,112,1079,ENSMUSG00000026223,Itm2c,F,0.0744758783718978,22,0.196428571428571,1.16673838209983
Prior correlation,113,757,ENSMUSG00000018822,Sfrp5,F,0.0739699967806127,22,0.194690265486726,1.15641326367417
Prior correlation,114,88,ENSMUSG00000054728,Phactr1,F,0.0736793574318278,22,0.192982456140351,1.14626928767702
Prior correlation,115,1445,ENSMUSG00000026385,Dbi,F,0.0735274045685134,22,0.191304347826087,1.13630172865375
Prior correlation,116,782,ENSMUSG00000106379,Lhfpl3,F,0.073258151941135,22,0.189655172413793,1.12650602409639
Prior correlation,117,812,ENSMUSG00000021219,Rgs6,F,0.0731406233438849,22,0.188034188034188,1.11687776748018
Prior correlation,118,766,ENSMUSG00000041423,Paqr6,F,0.0728062758571209,22,0.186440677966102,1.10741270165407
Prior correlation,119,776,ENSMUSG00000021662,Arhgef28,F,0.0726253470027942,22,0.184873949579832,1.09810671256454
Prior correlation,120,69,ENSMUSG00000054720,Lrrc8c,T,0.0726174345906744,23,0.191666666666667,1.13845381526104
Prior correlation,121,68,ENSMUSG00000034463,Scara3,F,0.0724820194873334,23,0.190082644628099,1.12904510604401
Prior correlation,122,280,ENSMUSG00000032181,Scg3,F,0.0723476295067362,23,0.188524590163934,1.11979063796168
Prior correlation,123,715,ENSMUSG00000034780,B3galt1,F,0.0722619928310072,23,0.186991869918699,1.11068664903517
Prior correlation,124,74,ENSMUSG00000029413,Naaa,F,0.0718696124062839,23,0.185483870967742,1.10172949863972
Prior correlation,125,527,ENSMUSG00000030849,Fgfr2,T,0.0718293722968432,24,0.192,1.14043373493976
Prior correlation,126,773,ENSMUSG00000030077,Chl1,F,0.0714096235434189,24,0.19047619047619,1.13138267355135
Prior correlation,127,800,ENSMUSG00000025743,Sdc3,F,0.0711593357599436,24,0.188976377952756,1.12247414856275
Prior correlation,128,64,ENSMUSG00000026576,Atp1b1,F,0.0711379788909303,24,0.1875,1.11370481927711
Prior correlation,129,1222,ENSMUSG00000050587,Lrrc4c,T,0.071009658305406,25,0.193798449612403,1.15111609227608
Prior correlation,130,75,ENSMUSG00000048424,Ranbp3l,F,0.0708857829391265,25,0.192307692307692,1.14226135310473
Prior correlation,131,793,ENSMUSG00000019232,Etnppl,F,0.0707917199978404,25,0.190839694656489,1.13354180079095
Prior correlation,132,1843,ENSMUSG00000004207,Psap,F,0.0707405979228539,25,0.189393939393939,1.12495436290617
Prior correlation,133,762,ENSMUSG00000031111,Igsf1,F,0.0707111506705447,25,0.18796992481203,1.11649605942567
Prior correlation,134,1235,ENSMUSG00000030310,Slc6a1,F,0.0706872573444935,25,0.186567164179104,1.1081639992807
Prior correlation,135,1820,ENSMUSG00000037852,Cpe,F,0.0702943634014383,25,0.185185185185185,1.09995537706381
Prior correlation,136,1441,ENSMUSG00000031762,Mt2,F,0.0699880008221698,25,0.183823529411765,1.09186746987952
Prior correlation,137,1427,ENSMUSG00000065947,mt-Nd4l,F,0.0698613731364569,25,0.182481751824818,1.08389763433295
Prior correlation,138,66,ENSMUSG00000015484,Fam163a,F,0.0698414214593554,25,0.181159420289855,1.07604330364938
Prior correlation,139,113,ENSMUSG00000062151,Unc13c,T,0.0696621870129535,26,0.18705035971223,1.11103406431481
Prior correlation,140,737,ENSMUSG00000029673,Auts2,F,0.0694305696232728,26,0.185714285714286,1.10309810671256
Prior correlation,141,1226,ENSMUSG00000064356,mt-Atp8,F,0.0694005579596954,26,0.184397163120567,1.09527471588482
Prior correlation,142,114,ENSMUSG00000042680,Garem1,F,0.0693113450997346,26,0.183098591549296,1.08756151366027
Prior correlation,143,76,ENSMUSG00000043969,Emx2,T,0.0692955592448685,27,0.188811188811189,1.12149296486646
Prior correlation,144,971,ENSMUSG00000021466,Ptch1,F,0.0691779603192429,27,0.1875,1.11370481927711
Prior correlation,145,108,ENSMUSG00000031283,Chrdl1,F,0.0691380676272157,27,0.186206896551724,1.10602409638554
Prior correlation,146,769,ENSMUSG00000037242,Clic4,F,0.0690395026826643,27,0.184931506849315,1.09844858887605
Prior correlation,147,314,ENSMUSG00000061751,Kalrn,F,0.0688242253830093,27,0.183673469387755,1.09097614949594
Prior correlation,148,778,ENSMUSG00000044447,Dock5,T,0.0686876575253635,28,0.189189189189189,1.12373819602735
Prior correlation,149,185,ENSMUSG00000021420,Fars2,F,0.0685016692644087,28,0.187919463087248,1.11619632893992
Prior correlation,150,1155,ENSMUSG00000021820,Camk2g,T,0.0684122185296598,29,0.193333333333333,1.14835341365462
Prior correlation,151,761,ENSMUSG00000079484,Phyhd1,F,0.068379484718382,29,0.19205298013245,1.14074842416022
Prior correlation,152,153,ENSMUSG00000020734,Grin2c,T,0.0683784027992279,30,0.197368421052632,1.17232086239696
Prior correlation,153,150,ENSMUSG00000031561,Tenm3,F,0.0683421116840155,30,0.196078431372549,1.16465863453815
Prior correlation,154,338,ENSMUSG00000028634,Hivep3,F,0.0679790128443486,30,0.194805194805195,1.15709591613206
Prior correlation,155,1238,ENSMUSG00000040430,Pitpnc1,T,0.0679190023137561,31,0.2,1.18795180722892
Prior correlation,156,143,ENSMUSG00000026565,Pou2f1,F,0.0677890420447065,31,0.198717948717949,1.18033673154155
Prior correlation,157,819,ENSMUSG00000066392,Nrxn3,T,0.0676625845656303,32,0.203821656050955,1.21065152329061
Prior correlation,158,119,ENSMUSG00000060534,Dcc,F,0.0674935931773115,32,0.20253164556962,1.20298917187738
Prior correlation,159,116,ENSMUSG00000075012,Fjx1,F,0.0674850013577157,32,0.20125786163522,1.19542320224293
Prior correlation,160,93,ENSMUSG00000036155,Mgat5,F,0.0673295461052102,32,0.2,1.18795180722892
Prior correlation,161,1436,ENSMUSG00000034892,Rps29,F,0.0672891354757817,32,0.198757763975155,1.18057322457532
Prior correlation,162,774,ENSMUSG00000020181,Nav3,F,0.0672535538997934,32,0.197530864197531,1.17328573553473
Prior correlation,163,213,ENSMUSG00000032846,Zswim6,F,0.0671791187327296,32,0.196319018404908,1.16608766353759
Prior correlation,164,157,ENSMUSG00000028194,Ddah1,F,0.0671570848148674,32,0.195121951219512,1.15897737290626
Prior correlation,165,71,ENSMUSG00000032014,Oaf,F,0.0670152752008429,32,0.193939393939394,1.15195326761592
Prior correlation,166,2961,ENSMUSG00000033569,Adgrb3,T,0.0669942813041947,33,0.198795180722892,1.18079547104079
Prior correlation,167,784,ENSMUSG00000042751,Nmnat2,F,0.0668404239649061,33,0.197604790419162,1.17372483947767
Prior correlation,168,73,ENSMUSG00000020950,Foxg1,T,0.0665261391859791,34,0.202380952380952,1.20209409064831
Prior correlation,169,845,ENSMUSG00000021340,Gpld1,F,0.0662765017139566,34,0.201183431952663,1.19498110786341
Prior correlation,170,1496,ENSMUSG00000058135,Gstm1,F,0.0661975816560934,34,0.2,1.18795180722892
Prior correlation,171,1199,ENSMUSG00000026249,Serpine2,F,0.0661269024923383,34,0.198830409356725,1.18100472063693
Prior correlation,172,809,ENSMUSG00000039809,Gabbr2,T,0.0659563883008304,35,0.203488372093023,1.20867189688989
Prior correlation,173,90,ENSMUSG00000039601,Rcan2,T,0.0656211018370178,36,0.208092485549133,1.23601922139425
Prior correlation,174,835,ENSMUSG00000025892,Gria4,T,0.0655756143440878,37,0.21264367816092,1.26305220883534
Prior correlation,175,764,ENSMUSG00000061576,Dpp6,F,0.065292815757029,37,0.211428571428571,1.255834767642
Prior correlation,176,801,ENSMUSG00000069662,Marcks,F,0.0652829975714247,37,0.210227272727273,1.24869934282585
Prior correlation,177,932,ENSMUSG00000021699,Pde4d,T,0.0651213480895957,38,0.214689265536723,1.27520250493499
Prior correlation,178,72,ENSMUSG00000031647,Mfap3l,F,0.0649323756989274,38,0.213483146067416,1.26803844591851
Prior correlation,179,1500,ENSMUSG00000035805,Mlc1,F,0.064923429716769,38,0.212290502793296,1.26095443225416
Prior correlation,180,426,ENSMUSG00000028524,Sgip1,F,0.0648755996148176,38,0.211111111111111,1.25394912985274
Prior correlation,181,1504,ENSMUSG00000022108,Itm2b,F,0.0647735374590933,38,0.209944751381215,1.2470212341077
Prior correlation,182,78,ENSMUSG00000110843,Gm35552,F,0.0645769882842106,38,0.208791208791209,1.24016946908513
Prior correlation,183,235,ENSMUSG00000052942,Glis3,T,0.0644460355415166,39,0.213114754098361,1.26585028639147
Prior correlation,184,86,ENSMUSG00000064052,Gm5089,F,0.0643822104429818,39,0.21195652173913,1.25897066526977
Prior correlation,185,98,ENSMUSG00000000305,Cdh4,T,0.0640144095459378,40,0.216216216216216,1.28427222403126
Prior correlation,186,197,ENSMUSG00000033768,Nrxn2,T,0.0639712094131558,41,0.220430107526882,1.30930172302112
Prior correlation,187,742,ENSMUSG00000063297,Luzp2,F,0.0636358583575119,41,0.219251336898396,1.30230010952902
Prior correlation,188,1537,ENSMUSG00000093674,Rpl41,F,0.0635495492291192,41,0.218085106382979,1.29537298128685
Prior correlation,189,155,ENSMUSG00000031565,Fgfr1,T,0.0633926010152512,42,0.222222222222222,1.31994645247657
Prior correlation,190,2191,ENSMUSG00000052534,Pbx1,F,0.0633887454474963,42,0.221052631578947,1.31299936588459
Prior correlation,191,189,ENSMUSG00000028373,Astn2,F,0.0630808301036244,42,0.219895287958115,1.30612502365483
Prior correlation,192,1196,ENSMUSG00000064373,Selenop,F,0.0630173458474868,42,0.21875,1.29932228915663
Prior correlation,193,2709,ENSMUSG00000020591,Ntsr2,F,0.0628610642180502,42,0.217616580310881,1.29259004931644
Prior correlation,194,92,ENSMUSG00000021451,Sema4d,F,0.0628137800275374,42,0.216494845360825,1.28592721401068
Prior correlation,195,1881,ENSMUSG00000024661,Fth1,F,0.062647895420731,42,0.215384615384615,1.27933271547729
Prior correlation,196,763,ENSMUSG00000035948,Acss3,F,0.0624289197593389,42,0.214285714285714,1.27280550774527
Prior correlation,197,87,ENSMUSG00000018398,Sept8,F,0.0623726955541486,42,0.213197969543147,1.26634456608159
Prior correlation,198,1723,ENSMUSG00000031925,Maml2,T,0.0622635579572493,43,0.217171717171717,1.28994766946574
Prior correlation,199,286,ENSMUSG00000004032,Gstm5,F,0.0618628637573864,43,0.21608040201005,1.28346552037295
Prior correlation,200,96,ENSMUSG00000031015,Swap70,F,0.0618419129832717,43,0.215,1.27704819277108
Prior correlation,201,84,ENSMUSG00000019803,Nr2e1,T,0.0616299735662012,44,0.218905472636816,1.30024575915603
Prior correlation,202,781,ENSMUSG00000020520,Galnt10,F,0.0616081693976182,44,0.217821782178218,1.29380889896219
Prior correlation,203,559,ENSMUSG00000030516,Tjp1,F,0.0615413763100336,44,0.216748768472906,1.28743545611015
Prior correlation,204,1476,ENSMUSG00000064367,mt-Nd5,F,0.0614048360852037,44,0.215686274509804,1.28112449799197
Prior correlation,205,97,ENSMUSG00000026425,Srgap2,F,0.0613591818112953,44,0.214634146341463,1.27487511019688
Prior correlation,206,82,ENSMUSG00000042256,Ptchd4,F,0.0609548752155784,44,0.213592233009709,1.26868639606972
Prior correlation,207,105,ENSMUSG00000057766,Ankrd29,F,0.0609181166774578,44,0.21256038647343,1.26255747628194
Prior correlation,208,1572,ENSMUSG00000068923,Syt11,T,0.0608387519856079,45,0.216346153846154,1.28504402224282
Prior correlation,209,140,ENSMUSG00000020733,Slc9a3r1,F,0.060820874954006,45,0.215311004784689,1.27889548625122
Prior correlation,210,1567,ENSMUSG00000031447,Lamp1,F,0.0608018325482462,45,0.214285714285714,1.27280550774527
Prior correlation,211,138,ENSMUSG00000110559,Gm26843,F,0.0605923332768106,45,0.213270142180095,1.26677325415406
Prior correlation,212,277,ENSMUSG00000039217,Il18,F,0.0604206696211323,45,0.212264150943396,1.26079790861559
Prior correlation,213,848,ENSMUSG00000038388,Mpp6,F,0.060371598720463,45,0.211267605633803,1.25487866960801
Prior correlation,214,733,ENSMUSG00000038143,Stox2,F,0.0603444994523877,45,0.210280373831776,1.24901475059115
Prior correlation,215,214,ENSMUSG00000024421,Lama3,F,0.0603397414448151,45,0.209302325581395,1.24320537965817
Prior correlation,216,290,ENSMUSG00000032413,Rasa2,F,0.0602835390912284,45,0.208333333333333,1.23744979919679
Prior correlation,217,775,ENSMUSG00000032006,Pdgfd,F,0.0602528701732586,45,0.207373271889401,1.23174726555994
Prior correlation,218,866,ENSMUSG00000031983,2310022B05Rik,F,0.0600214191166264,45,0.206422018348624,1.22609704874544
Prior correlation,219,81,ENSMUSG00000053310,Nrgn,T,0.0599665577895541,46,0.210045662100457,1.24762061946416
Prior correlation,220,788,ENSMUSG00000022311,Csmd3,F,0.059954100219989,46,0.209090909090909,1.24194961664841
Prior correlation,221,831,ENSMUSG00000046160,Olig1,F,0.0599196716568907,46,0.208144796380091,1.23632993512512
Prior correlation,222,768,ENSMUSG00000029516,Cit,F,0.0598794533512905,46,0.207207207207207,1.23076088136329
Prior correlation,223,772,ENSMUSG00000022150,Dab2,F,0.0598057291736009,46,0.20627802690583,1.22524177427198
Prior correlation,224,85,ENSMUSG00000027253,Lrp4,F,0.0596702025373518,46,0.205357142857143,1.21977194492255
Prior correlation,225,1472,ENSMUSG00000039001,Rps21,F,0.0596522269597176,46,0.204444444444444,1.21435073627845
Prior correlation,226,158,ENSMUSG00000024548,Setbp1,F,0.0595821807544786,46,0.20353982300885,1.20897750293208
Prior correlation,227,117,ENSMUSG00000060924,Csmd1,F,0.0595624638690073,46,0.202643171806167,1.20365161084868
Prior correlation,228,535,ENSMUSG00000041272,Tox,F,0.0594241001055407,46,0.201754385964912,1.19837243711689
Prior correlation,229,1524,ENSMUSG00000024238,Zeb1,T,0.0593171738210466,47,0.205240174672489,1.21907718209081
Prior correlation,230,847,ENSMUSG00000032648,Pygm,F,0.0592250526279307,47,0.204347826086957,1.2137768465165
Prior correlation,231,2397,ENSMUSG00000037605,Adgrl3,T,0.0592196430091088,48,0.207792207792208,1.2342356438742
Prior correlation,232,457,ENSMUSG00000021508,Cxcl14,F,0.05913778181256,48,0.206896551724138,1.2289156626506
Prior correlation,233,961,ENSMUSG00000031785,Adgrg1,T,0.0591155205975568,49,0.210300429184549,1.24913387455401
Prior correlation,234,792,ENSMUSG00000030067,Foxp1,T,0.0590964230708059,50,0.213675213675214,1.26917928122747
Prior correlation,235,2576,ENSMUSG00000063887,Nlgn1,T,0.0588418382319416,51,0.217021276595745,1.28905408869521
Prior correlation,236,789,ENSMUSG00000022096,Hr,F,0.0588258026056191,51,0.216101694915254,1.28359199509904
Prior correlation,237,80,ENSMUSG00000025932,Eya1,F,0.0586969476171585,51,0.215189873417722,1.27817599511972
Prior correlation,238,806,ENSMUSG00000028838,Extl1,F,0.0586138014156041,51,0.214285714285714,1.27280550774527
Prior correlation,239,291,ENSMUSG00000004360,9330159F19Rik,F,0.0585964177916383,51,0.213389121338912,1.26747996168776
Prior correlation,240,979,ENSMUSG00000000594,Gm2a,F,0.0585834919173827,51,0.2125,1.26219879518072
Prior correlation,241,1642,ENSMUSG00000070493,Chchd2,F,0.0585528308453866,51,0.211618257261411,1.25696145578163
Prior correlation,242,305,ENSMUSG00000025026,Add3,F,0.0585434421539904,51,0.210743801652893,1.25176740017923
Prior correlation,243,842,ENSMUSG00000027239,Mdk,F,0.0585251846040303,51,0.209876543209877,1.24661609400565
Prior correlation,244,1491,ENSMUSG00000007892,Rplp1,F,0.0584546623930182,51,0.209016393442623,1.24150701165317
Prior correlation,245,103,ENSMUSG00000026575,Nme7,F,0.0583684056072466,51,0.208163265306122,1.2364396360954
Prior correlation,246,128,ENSMUSG00000117896,AA387883,F,0.0582998382736918,51,0.207317073170732,1.2314134587129
Prior correlation,247,411,ENSMUSG00000020300,Cpeb4,F,0.0582291359825906,51,0.206477732793522,1.22642797912297
Prior correlation,248,152,ENSMUSG00000036402,Gng12,T,0.0582162380688039,52,0.209677419354839,1.24543334628838
Prior correlation,249,790,ENSMUSG00000023800,Tiam2,F,0.0579640683586553,52,0.208835341365462,1.24043160594184
Prior correlation,250,101,ENSMUSG00000050199,Lgr4,F,0.0579563580743829,52,0.208,1.23546987951807
Prior correlation,251,402,ENSMUSG00000001175,Calm1,T,0.0578792168620815,53,0.211155378486056,1.25421206739308
Prior correlation,252,2559,ENSMUSG00000034912,Mdga2,F,0.0578538342501047,53,0.21031746031746,1.24923503537961
Prior correlation,253,797,ENSMUSG00000041660,Bbox1,F,0.0576685454543865,53,0.209486166007905,1.24429734749274
Prior correlation,254,287,ENSMUSG00000112117,RF01962,F,0.0576436548906617,53,0.208661417322835,1.23939853903804
Prior correlation,255,849,ENSMUSG00000007476,Lrrc8a,T,0.0575584908935015,54,0.211764705882353,1.2578313253012
Prior correlation,256,791,ENSMUSG00000034714,Ttyh2,F,0.0574974373607203,54,0.2109375,1.25291792168675
Prior correlation,257,226,ENSMUSG00000063063,Ctnna2,F,0.0573381917350233,54,0.21011673151751,1.24804275467629
Prior correlation,258,1492,ENSMUSG00000057322,Rpl38,F,0.0573246538093623,54,0.209302325581395,1.24320537965817
Prior correlation,259,1901,ENSMUSG00000035885,Cox8a,F,0.0572082653110295,54,0.208494208494208,1.23840535888729
Prior correlation,260,815,ENSMUSG00000020902,Ntn1,F,0.0572036225565996,54,0.207692307692308,1.2336422613531
Prior correlation,261,263,ENSMUSG00000040270,Bach2,T,0.0570769903207253,55,0.210727969348659,1.2516733601071
Prior correlation,262,216,ENSMUSG00000002341,Ncan,F,0.0569921337903124,55,0.209923664122137,1.24689598087004
Prior correlation,263,121,ENSMUSG00000022885,St6gal1,F,0.0567050706027712,55,0.209125475285171,1.24215493151312
Prior correlation,264,1478,ENSMUSG00000093497,Gm20713,F,0.0566302760600915,55,0.208333333333333,1.23744979919679
Prior correlation,265,711,ENSMUSG00000026701,Prdx6,F,0.0565256587094433,55,0.207547169811321,1.23278017731303
Prior correlation,266,885,ENSMUSG00000048332,Lhfp,F,0.0564600269735185,55,0.206766917293233,1.22814566536824
Prior correlation,267,770,ENSMUSG00000024076,Vit,F,0.0563775924779109,55,0.205992509363296,1.22354586886873
Prior correlation,268,832,ENSMUSG00000042453,Reln,F,0.0563561236555452,55,0.205223880597015,1.21898039920878
Prior correlation,269,148,ENSMUSG00000055639,Dach1,F,0.0562184087831861,55,0.204460966542751,1.21444887356116
Prior correlation,270,869,ENSMUSG00000059187,Fam19a1,F,0.0561376483731821,55,0.203703703703704,1.20995091477019
Prior correlation,271,998,ENSMUSG00000074505,Fat3,T,0.0560498645401053,56,0.206642066420664,1.22740408126973
Prior correlation,272,841,ENSMUSG00000026834,Acvr1c,F,0.0560351587443835,56,0.205882352941176,1.22289156626506
Prior correlation,273,95,ENSMUSG00000000560,Gabra2,T,0.0560324980881399,57,0.208791208791209,1.24016946908513
Prior correlation,274,777,ENSMUSG00000086020,Gm12239,F,0.0559423932810258,57,0.208029197080292,1.23564330313957
Prior correlation,275,94,ENSMUSG00000022018,Rgcc,F,0.0557950657950336,57,0.207272727272727,1.23115005476451
Prior correlation,276,1229,ENSMUSG00000023913,Pla2g7,F,0.0557822048614436,57,0.206521739130435,1.22668936616029
Prior correlation,277,785,ENSMUSG00000112054,Gm33680,F,0.0556446802032158,57,0.205776173285199,1.22226088469401
Prior correlation,278,456,ENSMUSG00000030465,Psd3,F,0.0556382536146321,57,0.205035971223022,1.21786426280662
Prior correlation,279,1419,ENSMUSG00000032036,Kirrel3,T,0.0555854044866264,58,0.207885304659498,1.23478861683292
Prior correlation,280,118,ENSMUSG00000024975,Pdcd4,F,0.0554987437377715,58,0.207142857142857,1.23037865748709
Prior correlation,281,1408,ENSMUSG00000019990,Pde7b,T,0.0554619676824816,59,0.209964412811388,1.24713801826523
Prior correlation,282,229,ENSMUSG00000024589,Nedd4l,F,0.0554441464852234,59,0.209219858156028,1.24271554302316
Prior correlation,283,1811,ENSMUSG00000040037,Negr1,T,0.0553939368990183,60,0.212014134275618,1.25931286985397
Prior correlation,284,141,ENSMUSG00000040183,Ankrd6,F,0.0551153919908002,60,0.211267605633803,1.25487866960801
Prior correlation,285,195,ENSMUSG00000021448,Shc3,F,0.0550719919046967,60,0.210526315789474,1.25047558655675
Prior correlation,286,104,ENSMUSG00000073424,Cyp4f15,F,0.0549204099132672,60,0.20979020979021,1.24610329429607
Prior correlation,287,111,ENSMUSG00000050423,Ppp1r3g,F,0.0548626301713174,60,0.209059233449477,1.24176147097099
Prior correlation,288,126,ENSMUSG00000001870,Ltbp1,F,0.0548561404785621,60,0.208333333333333,1.23744979919679
Prior correlation,289,401,ENSMUSG00000036565,Ttyh3,F,0.0548279379614032,60,0.207612456747405,1.23316796598157
Prior correlation,290,1487,ENSMUSG00000041841,Rpl37,F,0.0548131770454821,60,0.206896551724138,1.2289156626506
Prior correlation,291,427,ENSMUSG00000030257,Srgap3,F,0.0547857174078123,60,0.206185567010309,1.22469258477208
Prior correlation,292,1914,ENSMUSG00000023010,Tmbim6,T,0.054706404398151,61,0.208904109589041,1.24084007261924
Prior correlation,293,2738,ENSMUSG00000079037,Prnp,F,0.0546595361680697,61,0.208191126279863,1.23660512356594
Prior correlation,294,102,ENSMUSG00000097157,Gm26512,F,0.0545675322195339,61,0.207482993197279,1.23239898368986
Prior correlation,295,1513,ENSMUSG00000021071,Trim9,F,0.0545662496989379,61,0.206779661016949,1.22822136001634
Prior correlation,296,112,ENSMUSG00000000184,Ccnd2,F,0.0544899775935734,61,0.206081081081081,1.22407196352979
Prior correlation,297,1026,ENSMUSG00000034353,Ramp1,F,0.0544141622229841,61,0.205387205387205,1.21995050910714
Prior correlation,298,127,ENSMUSG00000022012,Enox1,F,0.0543768720704178,61,0.204697986577181,1.21585671545241
Prior correlation,299,130,ENSMUSG00000039047,Pigk,F,0.0542842910863732,61,0.204013377926421,1.21179030503284
Prior correlation,300,115,ENSMUSG00000064289,Tank,F,0.0542697972649739,61,0.203333333333333,1.20775100401606
Prior correlation,301,91,ENSMUSG00000046314,Stxbp6,T,0.0542679247208152,62,0.205980066445183,1.22347196093343
Prior correlation,302,868,ENSMUSG00000041607,Mbp,F,0.0542661617754404,62,0.205298013245033,1.21942072927471
Prior correlation,303,576,ENSMUSG00000046447,Camk2n1,T,0.0542323270900846,63,0.207920792079208,1.23499940355481
Prior correlation,304,89,ENSMUSG00000052516,Robo2,F,0.0540437781525735,63,0.207236842105263,1.2309369055168
Prior correlation,305,2867,ENSMUSG00000045092,S1pr1,F,0.0540419659813161,63,0.20655737704918,1.22690104681019
Prior correlation,306,1531,ENSMUSG00000060126,Tpt1,F,0.0539199750198265,63,0.205882352941176,1.22289156626506
Prior correlation,307,1122,ENSMUSG00000030495,Slc7a10,F,0.0539187496405146,63,0.205211726384365,1.21890820611436
Prior correlation,308,2259,ENSMUSG00000048148,Nwd1,F,0.0538659715636087,63,0.204545454545455,1.21495071193866
Prior correlation,309,1221,ENSMUSG00000039835,Nhsl1,F,0.0538514583218707,63,0.203883495145631,1.211018832612
Prior correlation,310,107,ENSMUSG00000004056,Akt2,F,0.053849606305045,63,0.203225806451613,1.20711232024874
Prior correlation,311,1407,ENSMUSG00000049252,Lrp1b,F,0.0538056956230678,63,0.202572347266881,1.20323093015147
Prior correlation,312,878,ENSMUSG00000035131,Brinp3,F,0.0537803285050357,63,0.201923076923077,1.19937442075996
Prior correlation,313,124,ENSMUSG00000028028,Alpk1,F,0.0537370214158388,63,0.201277955271566,1.19554255360099
Prior correlation,314,839,ENSMUSG00000021109,Hif1a,T,0.0536578318279806,64,0.203821656050955,1.21065152329061
Prior correlation,315,884,ENSMUSG00000027574,Nkain4,F,0.0536394578022159,64,0.203174603174603,1.20680818512144
Prior correlation,316,187,ENSMUSG00000035245,Eogt,F,0.0535177283226178,64,0.20253164556962,1.20298917187738
Prior correlation,317,822,ENSMUSG00000033717,Adra2a,F,0.0534467670451798,64,0.201892744479495,1.19919425335411
Prior correlation,318,2309,ENSMUSG00000006205,Htra1,F,0.0533447521682515,64,0.20125786163522,1.19542320224293
Prior correlation,319,799,ENSMUSG00000063428,Ddo,F,0.053284722324328,64,0.200626959247649,1.19167579408543
Prior correlation,320,151,ENSMUSG00000038127,Ccdc50,F,0.0532457411117663,64,0.2,1.18795180722892
Prior correlation,321,1648,ENSMUSG00000029108,Pcdh7,T,0.0530434839233341,65,0.202492211838006,1.2027549450137
Prior correlation,322,1527,ENSMUSG00000049422,Chchd10,F,0.0530258350300451,65,0.201863354037267,1.19901968120931
Prior correlation,323,1227,ENSMUSG00000043496,Tril,F,0.0530198261172979,65,0.201238390092879,1.19530754597337
Prior correlation,324,1053,ENSMUSG00000022122,Ednrb,F,0.0530019968152873,65,0.200617283950617,1.19161832515246
Prior correlation,325,100,ENSMUSG00000066456,Hmgn3,T,0.0528316401771168,66,0.203076923076923,1.20622798887859
Prior correlation,326,244,ENSMUSG00000001891,Ugp2,F,0.0527447489027621,66,0.202453987730061,1.20252790302314
Prior correlation,327,374,ENSMUSG00000034158,Lrrc58,T,0.0526673509574684,67,0.204892966360856,1.21701484838436
Prior correlation,328,1578,ENSMUSG00000036570,Fxyd1,F,0.0526364145812863,67,0.204268292682927,1.21330443726124
Prior correlation,329,109,ENSMUSG00000036478,Btg1,F,0.0526211542707604,67,0.203647416413374,1.20961658182883
Prior correlation,330,2856,ENSMUSG00000047454,Gphn,T,0.0525755330669372,68,0.206060606060606,1.22395034684191
Prior correlation,331,1630,ENSMUSG00000032324,Tspan3,T,0.0525184408013318,69,0.208459214501511,1.23819750300295
Prior correlation,332,1501,ENSMUSG00000025290,Rps24,F,0.0525159888514831,69,0.207831325301205,1.23446799245173
Prior correlation,333,572,ENSMUSG00000000567,Sox9,T,0.0525050111596556,70,0.21021021021021,1.24859799558595
Prior correlation,334,1220,ENSMUSG00000053702,Nebl,T,0.0523950870108787,71,0.212574850299401,1.26264338792295
Prior correlation,335,805,ENSMUSG00000030276,Ttll3,F,0.0523947528046623,71,0.211940298507463,1.25887430318288
Prior correlation,336,986,ENSMUSG00000032702,Kank1,F,0.0523552144576492,71,0.211309523809524,1.25512765347103
Prior correlation,337,1528,ENSMUSG00000026238,Ptma,F,0.0522889070142613,71,0.210682492581602,1.25140323906904
Prior correlation,338,440,ENSMUSG00000028760,Eif4g3,F,0.0522420640024748,71,0.210059171597633,1.24770086262209
Prior correlation,339,162,ENSMUSG00000015879,Fam184b,F,0.0522129175922872,71,0.209439528023599,1.24402032910403
Prior correlation,340,1633,ENSMUSG00000017009,Sdc4,F,0.0521917031518911,71,0.208823529411765,1.24036144578313
Prior correlation,341,192,ENSMUSG00000030064,Frmd4b,F,0.0521286542443483,71,0.208211143695015,1.23672402218846
Prior correlation,342,928,ENSMUSG00000038094,Atp13a4,F,0.0520303311792319,71,0.207602339181287,1.2331078700768
Prior correlation,343,137,ENSMUSG00000028159,Dapp1,F,0.0519042238716768,71,0.206997084548105,1.22951280340019
Prior correlation,344,830,ENSMUSG00000029821,Gsdme,F,0.0518538895739613,71,0.206395348837209,1.22593863827403
Prior correlation,345,139,ENSMUSG00000038280,Ostm1,F,0.0517542458065891,71,0.205797101449275,1.2223851929457
Prior correlation,346,787,ENSMUSG00000039706,Ldb2,F,0.0517367566135281,71,0.205202312138728,1.21885228776377
Prior correlation,347,1619,ENSMUSG00000014313,Cox6c,F,0.0516975675974508,71,0.204610951008646,1.21533974514774
Prior correlation,348,176,ENSMUSG00000047786,Lix1,F,0.0516773680828642,71,0.204022988505747,1.21184738955823
Prior correlation,349,473,ENSMUSG00000041923,Nol4,F,0.0515043164882547,71,0.203438395415473,1.20837504746781
Prior correlation,350,194,ENSMUSG00000035357,Pdzrn3,F,0.0514851337486577,71,0.202857142857143,1.20492254733219
Prior correlation,351,1543,ENSMUSG00000049517,Rps23,F,0.0513859479087393,71,0.202279202279202,1.20148971956201
Prior correlation,352,1533,ENSMUSG00000067288,Rps28,F,0.0513765180945617,71,0.201704545454545,1.19807639649507
Prior correlation,353,1726,ENSMUSG00000035530,Eif1,F,0.0513633441998202,71,0.201133144475921,1.19468241236902
Prior correlation,354,924,ENSMUSG00000020023,Tmcc3,F,0.0511094365095004,71,0.200564971751412,1.19130760329453
Prior correlation,355,206,ENSMUSG00000060477,Irak2,F,0.0510782630560928,71,0.2,1.18795180722892
Prior correlation,356,1621,ENSMUSG00000000740,Rpl13,F,0.0509338602195584,71,0.199438202247191,1.18461486395018
Prior correlation,357,242,ENSMUSG00000041261,Car8,F,0.0508916881247379,71,0.198879551820728,1.18129661503155
Prior correlation,358,202,ENSMUSG00000022523,Fgf12,T,0.0507328985654324,72,0.201117318435754,1.19458840950394
Prior correlation,359,890,ENSMUSG00000038296,Galnt18,F,0.0507283118441411,72,0.200557103064067,1.19126086518777
Prior correlation,360,1033,ENSMUSG00000025321,Itgb8,F,0.0506684613393206,72,0.2,1.18795180722892
Prior correlation,361,1540,ENSMUSG00000046330,Rpl37a,F,0.0506412000751277,72,0.199445983379501,1.18466108200113
Prior correlation,362,874,ENSMUSG00000028152,Tspan5,T,0.0506087230863591,73,0.201657458563536,1.19779671170871
Prior correlation,363,1452,ENSMUSG00000029580,Actb,T,0.0505999883081444,74,0.203856749311295,1.21085996880082
Prior correlation,364,131,ENSMUSG00000060548,Tnfrsf19,F,0.050584431060382,74,0.203296703296703,1.207533430425
Prior correlation,365,1423,ENSMUSG00000050840,Cdh20,T,0.0505403707945585,75,0.205479452054795,1.2204984320845
Prior correlation,366,1563,ENSMUSG00000071415,Rpl23,F,0.0505278306000269,75,0.204918032786885,1.21716373691487
Prior correlation,367,1570,ENSMUSG00000038274,Fau,F,0.0504975314472395,75,0.204359673024523,1.21384721447096
Prior correlation,368,215,ENSMUSG00000045136,Tubb2b,T,0.0504838286402544,76,0.206521739130435,1.22668936616029
Prior correlation,369,1612,ENSMUSG00000071866,Ppia,F,0.0504421161148565,76,0.205962059620596,1.22336500473438
Prior correlation,370,779,ENSMUSG00000058740,Kcnt1,F,0.0504020629093595,76,0.205405405405405,1.2200586128297
Prior correlation,371,900,ENSMUSG00000037071,Scd1,F,0.0503901039078399,76,0.204851752021563,1.21677004514013
Prior correlation,372,497,ENSMUSG00000037712,Fermt2,F,0.0502923286271012,76,0.204301075268817,1.21349915792201
Prior correlation,373,865,ENSMUSG00000022377,Asap1,T,0.050272691212433,77,0.206434316353887,1.22617009593333
Prior correlation,374,144,ENSMUSG00000099696,2900052N01Rik,F,0.0502593583108829,77,0.205882352941176,1.22289156626506
Prior correlation,375,877,ENSMUSG00000006782,Cnp,F,0.0502141234563696,77,0.205333333333333,1.21963052208835
Prior correlation,376,147,ENSMUSG00000097589,Dleu2,F,0.0501836519426341,77,0.204787234042553,1.21638682389131
Prior correlation,377,948,ENSMUSG00000030701,Plekhb1,F,0.0501810563087946,77,0.204244031830239,1.21316033364226
Prior correlation,378,1522,ENSMUSG00000025666,Tmem47,T,0.0501334546575026,78,0.206349206349206,1.22566456301396
Prior correlation,379,850,ENSMUSG00000032766,Gng11,T,0.0499265753190027,79,0.20844327176781,1.23810280700639
Prior correlation,380,1538,ENSMUSG00000090733,Rps27,F,0.0499133760696023,79,0.207894736842105,1.23484464172479
Prior correlation,381,272,ENSMUSG00000030691,Fchsd2,F,0.0498698606112084,79,0.207349081364829,1.23160357967302
Prior correlation,382,1230,ENSMUSG00000036949,Slc39a12,F,0.0498477022307723,79,0.206806282722513,1.22837948653252
Prior correlation,383,110,ENSMUSG00000049086,Bmyc,F,0.0498426237046967,79,0.206266318537859,1.22517222938752
Prior correlation,384,134,ENSMUSG00000020811,Wscd1,F,0.0498323617515579,79,0.205729166666667,1.22198167670683
Prior correlation,385,204,ENSMUSG00000034813,Grip1,F,0.0497425693902918,79,0.205194805194805,1.21880769832577
Prior correlation,386,2122,ENSMUSG00000035954,Dock4,T,0.0497192283279681,80,0.207253886010363,1.23103814220613
Prior correlation,387,236,ENSMUSG00000020021,Fgd6,F,0.0496311870089699,80,0.20671834625323,1.22785716509449
Prior correlation,388,1544,ENSMUSG00000024608,Rps14,F,0.0495792733574683,80,0.206185567010309,1.22469258477208
Prior correlation,389,2331,ENSMUSG00000056608,Chd9,T,0.0495142044069318,81,0.208226221079692,1.23681357822034
Prior correlation,390,820,ENSMUSG00000063296,Tmem117,T,0.0494700989009113,82,0.21025641025641,1.24887241272783
Prior correlation,391,1574,ENSMUSG00000079641,Rpl39,F,0.0494403451488103,82,0.209718670076726,1.24567836563646
Prior correlation,392,1645,ENSMUSG00000016252,Atp5e,F,0.0493679461899619,82,0.209183673469388,1.24250061470371
Prior correlation,393,836,ENSMUSG00000070337,Gpr179,F,0.0493179807658608,82,0.208651399491094,1.23933903553144
Prior correlation,394,149,ENSMUSG00000026259,Ngef,F,0.0492683013759397,82,0.208121827411168,1.2361935049844
Prior correlation,395,1628,ENSMUSG00000027562,Car2,F,0.0492654904865156,82,0.207594936708861,1.23306390117432
Prior correlation,396,786,ENSMUSG00000041309,Nkx6-2,F,0.0492487942575096,82,0.207070707070707,1.22995010344408
Prior correlation,397,1731,ENSMUSG00000020585,Laptm4a,F,0.0492100704233246,82,0.206549118387909,1.22685199235228
Prior correlation,398,944,ENSMUSG00000023169,Slc38a1,F,0.0491755475747563,82,0.206030150753769,1.22376944965793
Prior correlation,399,1002,ENSMUSG00000060802,B2m,F,0.0491488921002905,82,0.205513784461153,1.2207023583054
Prior correlation,400,802,ENSMUSG00000022494,Shisa9,F,0.0491141860181515,82,0.205,1.21765060240964
Prior correlation,401,1411,ENSMUSG00000047216,Cdh19,T,0.0491132722692462,83,0.206982543640898,1.22942643391521
Prior correlation,402,205,ENSMUSG00000031604,Msmo1,F,0.0491075989665357,83,0.206467661691542,1.22636815920398
Prior correlation,403,2022,ENSMUSG00000028354,Fmn2,T,0.0491057973198264,84,0.208436724565757,1.23806391820383
Prior correlation,404,1684,ENSMUSG00000024665,Fads2,F,0.0490547173828961,84,0.207920792079208,1.23499940355481
Prior correlation,405,1735,ENSMUSG00000022564,Grina,T,0.0489931061340416,85,0.209876543209877,1.24661609400565
Prior correlation,406,1406,ENSMUSG00000027737,Slc7a11,F,0.0489859912754667,85,0.20935960591133,1.24354561101549
Prior correlation,407,1223,ENSMUSG00000040249,Lrp1,F,0.0489590378351834,85,0.208845208845209,1.24049021639383
Prior correlation,408,1575,ENSMUSG00000068523,Gng5,T,0.048951139814875,86,0.21078431372549,1.25200803212851
Prior correlation,409,1523,ENSMUSG00000021792,Fam213a,F,0.0489392878924065,86,0.210268948655257,1.24894688779568
Prior correlation,410,493,ENSMUSG00000040624,Plekhg1,F,0.0489391693708119,86,0.209756097560976,1.24590067587423
Prior correlation,411,1486,ENSMUSG00000022321,Cdh10,T,0.0489277237516018,87,0.211678832116788,1.25732125582622
Prior correlation,412,1685,ENSMUSG00000032562,Gnai2,F,0.0489034754019738,87,0.211165048543689,1.25426950520529
Prior correlation,413,922,ENSMUSG00000024143,Rhoq,T,0.0487549675817412,88,0.213075060532688,1.26561451617608
Prior correlation,414,1466,ENSMUSG00000027533,Fabp5,F,0.0487437269090546,88,0.21256038647343,1.26255747628194
Prior correlation,415,240,ENSMUSG00000001025,S100a6,T,0.048736288604294,89,0.214457831325301,1.27382784148643
Prior correlation,416,1561,ENSMUSG00000058600,Rpl30,F,0.0487324316833833,89,0.213942307692308,1.27076575532901
Prior correlation,417,798,ENSMUSG00000020334,Slc22a4,F,0.0487217038621259,89,0.213429256594724,1.26771835543613
Prior correlation,418,1553,ENSMUSG00000060938,Rpl26,F,0.0486410172019265,89,0.212918660287081,1.26468553640399
Prior correlation,419,911,ENSMUSG00000048040,Arxes2,T,0.048632628998933,90,0.214797136038186,1.27584322972079
Prior correlation,420,310,ENSMUSG00000041556,Fbxo2,F,0.0486114950477955,90,0.214285714285714,1.27280550774527
Prior correlation,421,1562,ENSMUSG00000020460,Rps27a,F,0.0485366066138418,90,0.213776722090261,1.269782216753
Prior correlation,422,1661,ENSMUSG00000020163,Uqcr11,F,0.0483963420774706,90,0.213270142180095,1.26677325415406
Prior correlation,423,970,ENSMUSG00000025909,Sntg1,F,0.0483372938598594,90,0.212765957446809,1.26377851832863
Prior correlation,424,2084,ENSMUSG00000032294,Pkm,F,0.0482949033023798,90,0.212264150943396,1.26079790861559
Prior correlation,425,1640,ENSMUSG00000025508,Rplp2,F,0.048294361846053,90,0.211764705882353,1.2578313253012
Prior correlation,426,795,ENSMUSG00000040653,Ppp1r14c,F,0.0481229257447523,90,0.211267605633803,1.25487866960801
Prior correlation,427,824,ENSMUSG00000032017,Grik4,T,0.048079327561586,91,0.213114754098361,1.26585028639147
Prior correlation,428,223,ENSMUSG00000022105,Rb1,F,0.0480237588047777,91,0.212616822429907,1.26289269226438
Prior correlation,429,188,ENSMUSG00000041577,Prelp,F,0.0479365084070032,91,0.212121212121212,1.25994888645491
Prior correlation,430,133,ENSMUSG00000003623,Crot,F,0.0478507421508134,91,0.211627906976744,1.25701877276548
Prior correlation,431,384,ENSMUSG00000001700,Gramd3,F,0.0478326762344432,91,0.211136890951276,1.25410225589131
Prior correlation,432,860,ENSMUSG00000026610,Esrrg,F,0.0477973656935823,91,0.210648148148148,1.25119924141008
Prior correlation,433,1013,ENSMUSG00000054793,Cadm4,F,0.0477814260949598,91,0.210161662817552,1.24830963577172
Prior correlation,434,359,ENSMUSG00000074457,S100a16,T,0.047745198058452,92,0.211981566820276,1.25911942701682
Prior correlation,435,175,ENSMUSG00000022378,Fam49b,F,0.0477148406484894,92,0.211494252873563,1.25622489959839
Prior correlation,436,230,ENSMUSG00000004698,Hdac9,T,0.0476961154799994,93,0.213302752293578,1.26696695037029
Prior correlation,437,1699,ENSMUSG00000028445,Enho,F,0.0476401025371455,93,0.212814645308924,1.26406771249759
Prior correlation,438,165,ENSMUSG00000028184,Adgrl2,T,0.04759348718707,94,0.214611872146119,1.27474280684381
Prior correlation,439,821,ENSMUSG00000028488,Sh3gl2,F,0.0475196575150871,94,0.214123006833713,1.27183906468699
Prior correlation,440,1624,ENSMUSG00000052146,Rps10,F,0.0475095948793451,94,0.213636363636364,1.26894852135816
Prior correlation,441,840,ENSMUSG00000034730,Adgrb1,T,0.0473972000353318,95,0.215419501133787,1.27953992842117
Prior correlation,442,1757,ENSMUSG00000057666,Gapdh,F,0.0473873612489458,95,0.214932126696833,1.27664504170528
Prior correlation,443,895,ENSMUSG00000031683,Lsm6,F,0.0473331425323809,95,0.214446952595937,1.27376322445538
Prior correlation,444,1536,ENSMUSG00000044471,Lncpint,F,0.0473086008052024,95,0.213963963963964,1.27089438836427
Prior correlation,445,1197,ENSMUSG00000038594,Cep85l,T,0.0472155475390887,96,0.215730337078652,1.28138621903344
Prior correlation,446,472,ENSMUSG00000007872,Id3,F,0.047090706802483,96,0.2152466367713,1.27851315576206
Prior correlation,447,2071,ENSMUSG00000074415,2610203C20Rik,F,0.0469897220119173,96,0.214765100671141,1.27565294735991
Prior correlation,448,1571,ENSMUSG00000060636,Rpl35a,F,0.0469815635628689,96,0.214285714285714,1.27280550774527
Prior correlation,449,169,ENSMUSG00000064043,Trerf1,F,0.0469495236075136,96,0.21380846325167,1.26997075160329
Prior correlation,450,1610,ENSMUSG00000028234,Rps20,F,0.0469422555286678,96,0.213333333333333,1.26714859437751
Prior correlation,451,469,ENSMUSG00000034269,Setd5,F,0.0469149181582071,96,0.212860310421286,1.26433895226137
Prior correlation,452,1170,ENSMUSG00000072235,Tuba1a,T,0.0468838242216573,97,0.214601769911504,1.27468280200448
Prior correlation,453,173,ENSMUSG00000038267,Slc22a23,F,0.0468352260985458,97,0.214128035320088,1.27186893268438
Prior correlation,454,233,ENSMUSG00000033998,Kcnk1,F,0.0467608727059114,97,0.213656387665198,1.26906745926437
Prior correlation,455,1592,ENSMUSG00000032320,Rcn2,T,0.046760718661796,98,0.215384615384615,1.27933271547729
Prior correlation,456,1202,ENSMUSG00000025006,Sorbs1,F,0.0467070534343204,98,0.214912280701754,1.27652716127669
Prior correlation,457,1643,ENSMUSG00000059534,Uqcr10,F,0.0467009108982843,98,0.214442013129103,1.27373388521262
Prior correlation,458,1597,ENSMUSG00000047675,Rps8,F,0.0466863359148999,98,0.213973799126638,1.27095280686063
Prior correlation,459,181,ENSMUSG00000029106,Add1,F,0.0466828884837211,98,0.213507625272331,1.2681838464971
Prior correlation,460,170,ENSMUSG00000059921,Unc5c,F,0.046659375798058,98,0.21304347826087,1.26542692509167
Prior correlation,461,940,ENSMUSG00000021477,Ctsl,F,0.0466498959604193,98,0.212581344902386,1.26268196429972
Prior correlation,462,1801,ENSMUSG00000007891,Ctsd,F,0.0466315135194714,98,0.212121212121212,1.25994888645491
Prior correlation,463,267,ENSMUSG00000006649,Nphs1,F,0.0465944180554908,98,0.211663066954644,1.25722761456192
Prior correlation,464,951,ENSMUSG00000059336,Slc14a1,F,0.0465701134935452,98,0.211206896551724,1.25451807228916
Prior correlation,465,889,ENSMUSG00000028645,Slc2a1,F,0.0464836128859484,98,0.210752688172043,1.25182018396165
Prior correlation,466,172,ENSMUSG00000062991,Nrg1,T,0.0464630410184771,99,0.21244635193133,1.26188013858007
Prior correlation,467,548,ENSMUSG00000021536,Adcy2,T,0.0464619063822446,100,0.214132762312634,1.27189700988107
Prior correlation,468,872,ENSMUSG00000008540,Mgst1,F,0.0463934927944421,100,0.213675213675214,1.26917928122747
Prior correlation,469,1688,ENSMUSG00000057863,Rpl36,F,0.0463801586364627,100,0.213219616204691,1.26647314203509
Prior correlation,470,256,ENSMUSG00000071369,Map3k5,T,0.0463490168434325,101,0.214893617021277,1.27641630351192
Prior correlation,471,808,ENSMUSG00000032625,Thsd7a,F,0.0463153702055107,101,0.214437367303609,1.27370629012867
Prior correlation,472,335,ENSMUSG00000028864,Hgf,F,0.0462709509298721,101,0.213983050847458,1.27100775985297
Prior correlation,473,453,ENSMUSG00000028364,Tnc,F,0.0462677268338941,101,0.213530655391121,1.26832063985328
Prior correlation,474,1717,ENSMUSG00000044080,S100a1,T,0.0461869447070709,102,0.215189873417722,1.27817599511972
Prior correlation,475,1429,ENSMUSG00000049775,Tmsb4x,F,0.0461720399804778,102,0.214736842105263,1.27548509828789
Prior correlation,476,163,ENSMUSG00000041729,Coro2b,F,0.0461344646851261,102,0.214285714285714,1.27280550774527
Prior correlation,477,357,ENSMUSG00000030236,Slco1b2,F,0.0461309245342603,102,0.213836477987421,1.27013715238312
Prior correlation,478,2943,ENSMUSG00000025555,Farp1,F,0.0460642381190431,102,0.213389121338912,1.26747996168776
Prior correlation,479,1616,ENSMUSG00000046364,Rpl27a,F,0.0460418773097781,102,0.21294363256785,1.26483386573434
Prior correlation,480,313,ENSMUSG00000021221,Dpf3,F,0.0460147775328437,102,0.2125,1.26219879518072
Prior correlation,481,154,ENSMUSG00000008305,Tle1,F,0.0459802899502212,102,0.212058212058212,1.25957468126143
Prior correlation,482,1413,ENSMUSG00000020704,Asic2,T,0.0459695389481011,103,0.213692946058091,1.2692846073089
Prior correlation,483,1724,ENSMUSG00000030695,Aldoa,F,0.0459487013984239,103,0.213250517598344,1.26665668886727
Prior correlation,484,1650,ENSMUSG00000062006,Rpl34,F,0.0458658595815309,103,0.212809917355372,1.26403962959275
Prior correlation,485,1451,ENSMUSG00000047045,Tmem164,T,0.0458174074407261,104,0.214432989690722,1.27368028816296
Prior correlation,486,129,ENSMUSG00000024617,Camk2a,T,0.0458088969545255,105,0.216049382716049,1.28328127324111
Prior correlation,487,816,ENSMUSG00000004508,Gab2,F,0.0457721408572108,105,0.215605749486653,1.28064619875807
Prior correlation,488,807,ENSMUSG00000033308,Dpyd,F,0.0457182897030341,105,0.215163934426229,1.27802192376062
Prior correlation,489,521,ENSMUSG00000050708,Ftl1,F,0.0457074368495923,105,0.214723926380368,1.27540838199423
Prior correlation,490,199,ENSMUSG00000036915,Kirrel2,T,0.0456519486616636,106,0.216326530612245,1.28492746496189
Prior correlation,491,282,ENSMUSG00000045515,Pou3f3,F,0.0456370061283387,106,0.215885947046843,1.28231050474812
Prior correlation,492,218,ENSMUSG00000030172,Erc1,F,0.0455904114721445,106,0.215447154471545,1.27970418258399
Prior correlation,493,829,ENSMUSG00000032374,Plod2,F,0.045561579531596,106,0.21501014198783,1.27710843373494
Prior correlation,494,1455,ENSMUSG00000019899,Lama2,F,0.0455605849021969,106,0.214574898785425,1.27452319399054
Prior correlation,495,136,ENSMUSG00000042148,Cox10,F,0.0455197123660277,106,0.214141414141414,1.27194839965924
Prior correlation,496,927,ENSMUSG00000025791,Pgm2,F,0.0454354266808474,106,0.213709677419355,1.26938398756316
Prior correlation,497,395,ENSMUSG00000016386,Mpped2,F,0.0454093437690867,106,0.21327967806841,1.26682989503285
Prior correlation,498,902,ENSMUSG00000042116,Vwa1,F,0.0451676522162405,106,0.21285140562249,1.26428605990226
Prior correlation,499,135,ENSMUSG00000030513,Pcsk6,F,0.0451114019398413,106,0.212424849699399,1.26175242050366
Prior correlation,500,253,ENSMUSG00000028273,Pdlim5,F,0.0450578650137825,106,0.212,1.25922891566265
Prior correlation,501,1789,ENSMUSG00000050856,Atp5k,F,0.0450512600929573,106,0.211576846307385,1.25671548469326
Prior correlation,502,271,ENSMUSG00000021743,Fezf2,F,0.045045015014764,106,0.211155378486056,1.25421206739308
Prior correlation,503,1756,ENSMUSG00000021939,Ctsb,F,0.0449595716744766,106,0.210735586481113,1.25171860403842
Prior correlation,504,1752,ENSMUSG00000027525,Phactr3,F,0.0449379398378712,106,0.21031746031746,1.24923503537961
Prior correlation,505,1558,ENSMUSG00000040260,Daam2,F,0.0449087251988466,106,0.20990099009901,1.24676130263629
Prior correlation,506,818,ENSMUSG00000041144,Dnah7b,F,0.0449057749307861,106,0.209486166007905,1.24429734749274
Prior correlation,507,1465,ENSMUSG00000022306,Zfpm2,T,0.0448822185666368,107,0.211045364891519,1.25355861315083
Prior correlation,508,917,ENSMUSG00000105265,Sox2ot,T,0.0448817983570844,108,0.21259842519685,1.2627834171331
Prior correlation,509,1023,ENSMUSG00000042246,Tmc7,F,0.0448677067231106,108,0.212180746561886,1.26030250668687
Prior correlation,510,142,ENSMUSG00000039934,Gsap,F,0.0448346038751535,108,0.211764705882353,1.2578313253012
Prior correlation,511,804,ENSMUSG00000006586,Runx1t1,F,0.0447077959141187,108,0.211350293542074,1.25536981585835
Prior correlation,512,2000,ENSMUSG00000026185,Igfbp5,F,0.0446896725264036,108,0.2109375,1.25291792168675
Prior correlation,513,269,ENSMUSG00000104861,3110039M20Rik,F,0.0446675360675914,108,0.210526315789474,1.25047558655675
Prior correlation,514,123,ENSMUSG00000029245,Epha5,T,0.0446591278560786,109,0.212062256809339,1.25959870610848
Prior correlation,515,1497,ENSMUSG00000036053,Fmnl2,T,0.0446426627696471,110,0.213592233009709,1.26868639606972
Prior correlation,516,810,ENSMUSG00000020160,Meis1,F,0.0446421396734159,110,0.213178294573643,1.26622770150369
Prior correlation,517,959,ENSMUSG00000020646,Mboat2,F,0.0446260584235516,110,0.212765957446809,1.26377851832863
Prior correlation,518,1584,ENSMUSG00000047215,Rpl9,F,0.0446140876248423,110,0.212355212355212,1.26133879145927
Prior correlation,519,856,ENSMUSG00000001334,Fndc5,F,0.0445894578977314,110,0.211946050096339,1.25890846623488
Prior correlation,520,1428,ENSMUSG00000061603,Akap6,T,0.0445867935092524,111,0.213461538461538,1.26791010194625
Prior correlation,521,888,ENSMUSG00000032517,Mobp,F,0.0445842667674307,111,0.213051823416507,1.26547649330527
Prior correlation,522,247,ENSMUSG00000027508,Pag1,F,0.0445750119180908,111,0.21264367816092,1.26305220883534
Prior correlation,523,1930,ENSMUSG00000037072,Selenof,F,0.0445496087473506,111,0.212237093690249,1.26063719505172
Prior correlation,524,413,ENSMUSG00000042312,S100a13,T,0.0445097128524833,112,0.213740458015267,1.26956681688586
Prior correlation,525,208,ENSMUSG00000030774,Pak1,F,0.0443974329221246,112,0.213333333333333,1.26714859437751
Prior correlation,526,146,ENSMUSG00000022899,Slc15a2,F,0.0443839621942306,112,0.212927756653992,1.26473956663155
Prior correlation,527,955,ENSMUSG00000025314,Ptprj,T,0.0443801964471569,113,0.214421252371917,1.27361057131753
Prior correlation,528,161,ENSMUSG00000085069,Gm13111,F,0.0443601568592156,113,0.214015151515152,1.27119843008397
Prior correlation,529,184,ENSMUSG00000024640,Psat1,F,0.0443578852170872,113,0.213610586011342,1.26879540847701
Prior correlation,530,166,ENSMUSG00000037016,Frem2,F,0.0442320002326975,113,0.213207547169811,1.26640145487611
Prior correlation,531,1547,ENSMUSG00000040929,Rfx3,F,0.0440912317046631,113,0.212806026365348,1.2640165180496
Prior correlation,532,276,ENSMUSG00000044167,Foxo1,T,0.0440525321272642,114,0.214285714285714,1.27280550774527
Prior correlation,533,1689,ENSMUSG00000030317,Timp4,F,0.0440310436095784,114,0.213883677298311,1.27041750491648
Prior correlation,534,823,ENSMUSG00000017453,Pipox,F,0.0439846564443185,114,0.213483146067416,1.26803844591851
Prior correlation,535,1495,ENSMUSG00000041078,Grid1,T,0.0439828937008618,115,0.214953271028037,1.27677063393762
Prior correlation,536,1057,ENSMUSG00000029778,Adcyap1r1,F,0.0439436920904722,115,0.21455223880597,1.27438859917281
Prior correlation,537,1008,ENSMUSG00000021338,Carmil1,T,0.0438731257261439,116,0.216014897579143,1.28307643983756
Prior correlation,538,1673,ENSMUSG00000017778,Cox7c,F,0.0438483496269728,116,0.215613382899628,1.28069153939177
Prior correlation,539,1594,ENSMUSG00000061983,Rps12,F,0.0438082212201722,116,0.215213358070501,1.27831548829828
Prior correlation,540,275,ENSMUSG00000016028,Celsr1,F,0.0437903340851624,116,0.214814814814815,1.27594823739402
Prior correlation,541,300,ENSMUSG00000032649,Colgalt2,F,0.0437880780723247,116,0.214417744916821,1.27358973787943
Prior correlation,542,2627,ENSMUSG00000053398,Phgdh,F,0.0437320288685173,116,0.214022140221402,1.27123994131508
Prior correlation,543,1701,ENSMUSG00000059291,Rpl11,F,0.0437080241742684,116,0.213627992633518,1.26889879961836
Prior correlation,544,377,ENSMUSG00000060512,0610040J01Rik,F,0.0436885536410446,116,0.213235294117647,1.26656626506024
Prior correlation,545,817,ENSMUSG00000036377,C530008M17Rik,F,0.0436512347825921,116,0.212844036697248,1.26424229026197
Prior correlation,546,196,ENSMUSG00000097881,Celrr,F,0.0436501918374823,116,0.212454212454212,1.26192682819189
Prior correlation,547,304,ENSMUSG00000006651,Aplp1,T,0.0436034581584981,117,0.213893967093236,1.27047862381886
Prior correlation,548,198,ENSMUSG00000028226,Mmp16,F,0.0435791294912682,117,0.213503649635036,1.26816023216955
Prior correlation,549,243,ENSMUSG00000041703,Zic5,F,0.0435555309931732,117,0.213114754098361,1.26585028639147
Prior correlation,550,825,ENSMUSG00000041920,Slc16a6,F,0.0435380644695598,117,0.212727272727273,1.26354874041621
Prior correlation,551,855,ENSMUSG00000033685,Ucp2,T,0.0434958322698584,118,0.214156079854809,1.2720355104629
Prior correlation,552,857,ENSMUSG00000022510,Trp63,F,0.043431964818236,118,0.213768115942029,1.26973109830627
Prior correlation,553,1213,ENSMUSG00000054364,Rhob,T,0.04339309565301,119,0.215189873417722,1.27817599511972
Prior correlation,554,1850,ENSMUSG00000075706,Gpx4,F,0.0433543753682228,119,0.214801444043321,1.27586881823322
Prior correlation,555,813,ENSMUSG00000053166,Cdh22,T,0.0433227668912795,120,0.216216216216216,1.28427222403126
Prior correlation,556,1179,ENSMUSG00000039943,Plcb4,T,0.0433206262190386,121,0.217625899280576,1.29264540175089
Prior correlation,557,1460,ENSMUSG00000033721,Vav3,F,0.0433014720783163,121,0.217235188509874,1.2903246739201
Prior correlation,558,1693,ENSMUSG00000030432,Rpl28,F,0.043271071803732,121,0.216845878136201,1.2880122641102
Prior correlation,559,190,ENSMUSG00000059327,Eda,F,0.0432672831020366,121,0.216457960644007,1.28570812768067
Prior correlation,560,864,ENSMUSG00000038576,Susd4,F,0.0432649177999758,121,0.216071428571429,1.28341222030981
Prior correlation,561,1714,ENSMUSG00000037563,Rps16,F,0.0432212448619967,121,0.215686274509804,1.28112449799197
Prior correlation,562,1672,ENSMUSG00000017404,Rpl19,F,0.0432040224517021,121,0.215302491103203,1.27884491703469
Prior correlation,563,1432,ENSMUSG00000020644,Id2,F,0.0431991840121839,121,0.214920071047957,1.27657343405594
Prior correlation,564,1692,ENSMUSG00000074884,Serf2,F,0.0431769205128644,121,0.214539007092199,1.27431000598137
Prior correlation,565,294,ENSMUSG00000057604,Lmcd1,F,0.0431684599678488,121,0.214159292035398,1.27205459004158
Prior correlation,566,2019,ENSMUSG00000002274,Metrn,F,0.0431605717893909,121,0.213780918727915,1.26980714376942
Prior correlation,567,1682,ENSMUSG00000037742,Eef1a1,F,0.0431476116032968,121,0.213403880070547,1.26756762499734
Prior correlation,568,1635,ENSMUSG00000074129,Rpl13a,F,0.0431397802243858,121,0.213028169014085,1.26533599185474
Prior correlation,569,164,ENSMUSG00000037624,Kcnk2,F,0.0431249696345792,121,0.212653778558875,1.26311220276537
Prior correlation,570,881,ENSMUSG00000000253,Gmpr,F,0.0431084047916337,121,0.212280701754386,1.26089621644473
Prior correlation,571,1494,ENSMUSG00000024500,Ppp2r2b,F,0.0430943088185667,121,0.211908931698774,1.25868799189754
Prior correlation,572,837,ENSMUSG00000036103,Colec12,F,0.0430898882758255,121,0.211538461538462,1.2564874884152
Prior correlation,573,937,ENSMUSG00000039904,Gpr37,F,0.0430397040121704,121,0.211169284467714,1.25429466557329
Prior correlation,574,1627,ENSMUSG00000041571,Selenow,F,0.0429594061795026,121,0.210801393728223,1.25210948322908
Prior correlation,575,227,ENSMUSG00000070570,Slc17a7,F,0.0428740820606331,121,0.210434782608696,1.24993190151912
Prior correlation,576,2058,ENSMUSG00000054091,1810037I17Rik,F,0.0428680797062816,121,0.210069444444444,1.24776188085676
Prior correlation,577,2230,ENSMUSG00000044340,Phlpp1,T,0.0428167945960676,122,0.211438474870017,1.25589359169781
Prior correlation,578,1900,ENSMUSG00000075415,Fnbp1,F,0.0428127522652651,122,0.211072664359862,1.2537207654146
Prior correlation,579,434,ENSMUSG00000000058,Cav2,F,0.0427714643163676,122,0.210708117443869,1.25155544457623
Prior correlation,580,1579,ENSMUSG00000041961,Znrf3,F,0.0427653131931944,122,0.210344827586207,1.24939759036145
Prior correlation,581,125,ENSMUSG00000027168,Pax6,F,0.042755768086228,122,0.209982788296041,1.24724716421625
Prior correlation,582,852,ENSMUSG00000047414,Flrt2,F,0.0427515695103225,122,0.209621993127148,1.24510412785161
Prior correlation,583,2488,ENSMUSG00000016194,Hsd11b1,F,0.0427295155023143,122,0.20926243567753,1.24296844324123
Prior correlation,584,178,ENSMUSG00000040659,Efhd2,T,0.0427281970990006,123,0.210616438356164,1.25101089288661
Prior correlation,585,386,ENSMUSG00000024227,Pdzph1,F,0.0427041821863885,123,0.21025641025641,1.24887241272783
Prior correlation,586,2362,ENSMUSG00000033577,Myo6,F,0.0426532034747602,123,0.209897610921502,1.24674123113615
Prior correlation,587,811,ENSMUSG00000059182,Skap2,F,0.0425983401257447,123,0.20954003407155,1.24461731081053
Prior correlation,588,1512,ENSMUSG00000046709,Mapk10,T,0.0425475979254743,124,0.210884353741497,1.25260224571756
Prior correlation,589,334,ENSMUSG00000056201,Cfl1,T,0.0425014880757293,125,0.212224108658744,1.2605600670935
Prior correlation,590,1728,ENSMUSG00000057841,Rpl32,F,0.0424899316079843,125,0.211864406779661,1.2584235246069
Prior correlation,591,254,ENSMUSG00000039323,Igfbp2,F,0.0424442823845761,125,0.211505922165821,1.25629421238252
Prior correlation,592,1740,ENSMUSG00000008683,Rps15a,F,0.0424308180353642,125,0.211148648648649,1.25417209378053
Prior correlation,593,339,ENSMUSG00000047143,Dmrta2,F,0.04239058477241,125,0.21079258010118,1.25205713240822
Prior correlation,594,430,ENSMUSG00000022340,Sybu,F,0.0423876517345175,125,0.21043771043771,1.24994929211797
Prior correlation,595,323,ENSMUSG00000033965,Slc16a2,F,0.0423764119753342,125,0.210084033613445,1.24784853700516
Prior correlation,596,2671,ENSMUSG00000039533,Mmd2,F,0.0423672817094233,125,0.209731543624161,1.24575483140616
Prior correlation,597,1772,ENSMUSG00000036199,Ndufa13,F,0.0423436599621032,125,0.209380234505863,1.24366813989627
Prior correlation,598,2129,ENSMUSG00000030654,Arl6ip1,F,0.0423342190339976,125,0.209030100334448,1.24158842728775
Prior correlation,599,270,ENSMUSG00000006356,Crip2,F,0.042204160391942,125,0.208681135225376,1.23951565862783
Prior correlation,600,1679,ENSMUSG00000029632,Ndufa4,F,0.0422020618547458,125,0.208333333333333,1.23744979919679
Prior correlation,601,2545,ENSMUSG00000038679,Trps1,T,0.0421563835957825,126,0.209650582362729,1.24527394102199
Prior correlation,602,838,ENSMUSG00000038248,Sobp,F,0.0421552829671151,126,0.209302325581395,1.24320537965817
Prior correlation,603,250,ENSMUSG00000038602,Slc35f1,F,0.04211330631715,126,0.208955223880597,1.24114367919439
Prior correlation,604,186,ENSMUSG00000031610,Scrg1,F,0.0420954366090705,126,0.208609271523179,1.23908880555334
Prior correlation,605,1830,ENSMUSG00000045128,Rpl18a,F,0.0420737780980683,126,0.208264462809917,1.237040724883
Prior correlation,606,416,ENSMUSG00000020315,Sptbn1,F,0.0420715123863721,126,0.207920792079208,1.23499940355481
Prior correlation,607,1981,ENSMUSG00000079038,D130040H23Rik,F,0.0420689612342179,126,0.207578253706755,1.23296480816181
Prior correlation,608,1716,ENSMUSG00000098274,Rpl24,F,0.0420440689621616,126,0.207236842105263,1.2309369055168
Prior correlation,609,370,ENSMUSG00000039194,Rlbp1,F,0.0420256596369302,126,0.206896551724138,1.2289156626506
Prior correlation,610,910,ENSMUSG00000021280,Exoc3l4,T,0.0419796102428592,127,0.208196721311475,1.23663835670551
Prior correlation,611,1632,ENSMUSG00000015656,Hspa8,F,0.0419649088903576,127,0.207855973813421,1.2346143986749
Prior correlation,612,983,ENSMUSG00000040957,Cables1,F,0.0419516863917962,127,0.207516339869281,1.23259705488621
Prior correlation,613,853,ENSMUSG00000026930,Gpsm1,F,0.0418635803795772,127,0.207177814029364,1.23058629296959
Prior correlation,614,921,ENSMUSG00000050965,Prkca,T,0.0418616792255961,128,0.208469055374593,1.23825595541776
Prior correlation,615,324,ENSMUSG00000069763,Tmem100,T,0.0418455539834909,129,0.209756097560976,1.24590067587423
Prior correlation,616,179,ENSMUSG00000035686,Thrsp,F,0.0418400772148476,129,0.209415584415584,1.24387810984197
Prior correlation,617,1813,ENSMUSG00000003970,Rpl8,F,0.0418294335329,129,0.209076175040519,1.24186209993947
Prior correlation,618,1840,ENSMUSG00000024121,Atp6v0c,T,0.0417849704991687,130,0.210355987055016,1.24946387491714
Prior correlation,619,2008,ENSMUSG00000014294,Ndufa2,F,0.0417547523846101,130,0.210016155088853,1.24744535492536
Prior correlation,620,863,ENSMUSG00000038608,Dock10,T,0.0417152034538615,131,0.211290322580645,1.25501360279829
Prior correlation,621,249,ENSMUSG00000027347,Rasgrp1,F,0.041710829178648,131,0.210950080515298,1.25299264691617
Prior correlation,622,926,ENSMUSG00000052372,Il1rapl1,F,0.0416351607971692,131,0.210610932475884,1.25097818928447
Prior correlation,623,279,ENSMUSG00000025545,Clybl,F,0.0416171634563994,131,0.210272873194221,1.24897019861146
Prior correlation,624,1189,ENSMUSG00000060002,Chpt1,F,0.041601295236245,131,0.209935897435897,1.24696864380599
Prior correlation,625,177,ENSMUSG00000024213,Nudt3,F,0.0415823753384306,131,0.2096,1.2449734939759
Prior correlation,626,1106,ENSMUSG00000016319,Slc25a5,F,0.0415672370713484,131,0.20926517571885,1.24298471842642
Prior correlation,627,1440,ENSMUSG00000020658,Efr3b,F,0.0414649479384798,131,0.208931419457735,1.2410022866586
Prior correlation,628,1863,ENSMUSG00000020368,Canx,T,0.0413657460378155,132,0.210191082802548,1.24848438339345
Prior correlation,629,1160,ENSMUSG00000036019,Tmtc2,F,0.0413623155717882,132,0.209856915739269,1.24649951155975
Prior correlation,630,180,ENSMUSG00000026614,Slc30a10,F,0.0413552996091669,132,0.20952380952381,1.24452094090648
Prior correlation,631,1638,ENSMUSG00000062825,Actg1,T,0.0413287584596594,133,0.210776545166403,1.25196188875948
Prior correlation,632,1971,ENSMUSG00000033392,Clasp2,F,0.0413001075566015,133,0.210443037974684,1.24998093640384
Prior correlation,633,1139,ENSMUSG00000037747,Phyhipl,F,0.0412586029837333,133,0.210110584518167,1.2480062429814
Prior correlation,634,1883,ENSMUSG00000067567,Hdac8,T,0.0412553046014093,134,0.211356466876972,1.25540648398008
Prior correlation,635,1217,ENSMUSG00000029467,Atp2a2,T,0.041211428971838,135,0.21259842519685,1.2627834171331
Prior correlation,636,274,ENSMUSG00000049119,Fam110b,F,0.0412054337556465,135,0.212264150943396,1.26079790861559
Prior correlation,637,846,ENSMUSG00000004031,Brinp2,F,0.0411920773098531,135,0.211930926216641,1.25881863403378
Prior correlation,638,221,ENSMUSG00000033502,Cdc14a,F,0.0411881652471969,135,0.211598746081505,1.25684556407448
Prior correlation,639,1510,ENSMUSG00000045103,Dmd,T,0.0411555293403399,136,0.21283255086072,1.26417406716066
Prior correlation,640,2303,ENSMUSG00000018770,Atp5g3,F,0.0411450243963,136,0.2125,1.26219879518072
Prior correlation,641,234,ENSMUSG00000050103,Agmo,F,0.0411443215128737,136,0.21216848673947,1.26022968629589
Prior correlation,642,2017,ENSMUSG00000018102,Hist1h2bc,T,0.0410962890972161,137,0.213395638629283,1.26751867282213
Prior correlation,643,309,ENSMUSG00000050315,Synpo2,T,0.0410959614002414,138,0.214618973561431,1.27478498753958
Prior correlation,644,281,ENSMUSG00000032667,Pon2,F,0.041084855803482,138,0.214285714285714,1.27280550774527
Prior correlation,645,2137,ENSMUSG00000029723,Tsc22d4,T,0.0410762804724338,139,0.215503875968992,1.280041094611
Prior correlation,646,2304,ENSMUSG00000000346,Dazap2,F,0.0410450274091058,139,0.215170278637771,1.27805960684845
Prior correlation,647,1809,ENSMUSG00000020849,Ywhae,F,0.041037677926708,139,0.21483771251932,1.27608424424126
Prior correlation,648,1905,ENSMUSG00000028691,Prdx1,F,0.041026368779206,139,0.214506172839506,1.27411497843225
Prior correlation,649,222,ENSMUSG00000039031,Arhgap18,F,0.0409696556020861,139,0.214175654853621,1.27215178123898
Prior correlation,650,182,ENSMUSG00000058013,Sept11,F,0.0409526668614502,139,0.213846153846154,1.27019462465246
Prior correlation,651,1457,ENSMUSG00000071424,Grid2,T,0.0409215248077224,140,0.21505376344086,1.27736753465475
Prior correlation,652,1759,ENSMUSG00000032518,Rpsa,F,0.0409091213329275,140,0.214723926380368,1.27540838199423
Prior correlation,653,1200,ENSMUSG00000026442,Nfasc,F,0.0408442203026871,140,0.214395099540582,1.27345522980129
Prior correlation,654,342,ENSMUSG00000035277,Arx,T,0.0408281176857321,141,0.215596330275229,1.2805902509119
Prior correlation,655,1824,ENSMUSG00000019505,Ubb,F,0.0408183995893514,141,0.215267175572519,1.27863515129219
Prior correlation,656,1511,ENSMUSG00000069171,Nr2f1,T,0.0408177849461914,142,0.216463414634146,1.28574052306788
Prior correlation,657,1636,ENSMUSG00000019699,Akt3,F,0.0407660674961019,142,0.216133942161339,1.28378353597037
Prior correlation,658,2085,ENSMUSG00000025351,Cd63,F,0.0406962301323745,142,0.21580547112462,1.2818324971619
Prior correlation,659,211,ENSMUSG00000026094,Stk17b,F,0.0406914199458124,142,0.215477996965099,1.27988737956378
Prior correlation,660,407,ENSMUSG00000029086,Prom1,F,0.0406370367128821,142,0.215151515151515,1.27794815626141
Prior correlation,661,239,ENSMUSG00000019978,Epb41l2,F,0.0406243053433467,142,0.21482602118003,1.27601480050307
Prior correlation,662,886,ENSMUSG00000116760,Gm1604a,F,0.0406229039158733,142,0.214501510574018,1.27408728569869
Prior correlation,663,353,ENSMUSG00000037196,Pacrg,F,0.0405898453159648,142,0.214177978883861,1.2721655854186
Prior correlation,664,369,ENSMUSG00000000794,Kcnn3,T,0.0405830442291059,143,0.215361445783133,1.27919509362752
Prior correlation,665,191,ENSMUSG00000026970,Rbms1,F,0.040581301321006,143,0.215037593984962,1.27727149198297
Prior correlation,666,2233,ENSMUSG00000031532,Saraf,T,0.0405759944439403,144,0.216216216216216,1.28427222403126
Prior correlation,667,168,ENSMUSG00000028988,Ctnnbip1,F,0.0405137626718508,144,0.215892053973014,1.28234677841802
Prior correlation,668,1846,ENSMUSG00000025393,Atp5b,F,0.0404634875227569,144,0.215568862275449,1.280427097612
Prior correlation,669,1975,ENSMUSG00000031320,Rps4x,F,0.0403988466206976,144,0.2152466367713,1.27851315576206
Prior correlation,670,1691,ENSMUSG00000017561,Crlf3,F,0.0403954819714593,144,0.214925373134328,1.27660492717137
Prior correlation,671,292,ENSMUSG00000040118,Cacna2d1,T,0.0403662869512266,145,0.216095380029806,1.28355448620114
Prior correlation,672,851,ENSMUSG00000036943,Rab8b,T,0.0403244612268284,146,0.217261904761905,1.29048336201951
Prior correlation,673,1992,ENSMUSG00000009927,Rps25,F,0.0402953071170514,146,0.216939078751857,1.28856585330923
Prior correlation,674,1507,ENSMUSG00000002688,Prkd1,F,0.0402794401125097,146,0.216617210682493,1.28665403453577
Prior correlation,675,159,ENSMUSG00000028132,Tmem56,T,0.0402721065114637,147,0.217777777777778,1.29354752342704
Prior correlation,676,1405,ENSMUSG00000025551,Fgf14,T,0.0402378111583008,148,0.218934911242604,1.30042061738077
Prior correlation,677,1698,ENSMUSG00000036452,Arhgap26,F,0.0402182125107054,148,0.218611521418021,1.298499759748
Prior correlation,678,936,ENSMUSG00000044716,Dok7,F,0.0402108829952088,148,0.218289085545723,1.29658456836194
Prior correlation,679,1765,ENSMUSG00000060743,H3f3a,F,0.0401096450003873,148,0.217967599410898,1.29467501818763
Prior correlation,680,861,ENSMUSG00000039270,Megf9,F,0.0400343728461477,148,0.217647058823529,1.29277108433735
Prior correlation,681,1484,ENSMUSG00000039145,Camk1d,T,0.0399602713248306,149,0.218795888399413,1.29959485519169
Prior correlation,682,1045,ENSMUSG00000057880,Abat,F,0.0399313006151856,149,0.218475073313783,1.29768929088789
Prior correlation,683,894,ENSMUSG00000050666,Vstm4,F,0.0399051361599859,149,0.218155197657394,1.29578930656741
Prior correlation,684,954,ENSMUSG00000060843,Ctnna3,F,0.0398998772922383,149,0.217836257309942,1.29389487775664
Prior correlation,685,1483,ENSMUSG00000095930,Nim1k,F,0.0398954607902649,149,0.217518248175182,1.29200598012488
Prior correlation,686,266,ENSMUSG00000055447,Cd47,F,0.0398875726954269,149,0.217201166180758,1.2901225894833
Prior correlation,687,1973,ENSMUSG00000006333,Rps9,F,0.0398842623774173,149,0.21688500727802,1.2882446817839
Prior correlation,688,871,ENSMUSG00000041592,Sdk2,F,0.0398508258268134,149,0.21656976744186,1.28637223311852
Prior correlation,689,945,ENSMUSG00000017670,Elmo2,F,0.0398506711440899,149,0.216255442670537,1.28450521971777
Prior correlation,690,1833,ENSMUSG00000005610,Eif4g2,F,0.0398489492184723,149,0.215942028985507,1.28264361795006
Prior correlation,691,2113,ENSMUSG00000061787,Rps17,F,0.0398204806788787,149,0.215629522431259,1.28078740432061
Prior correlation,692,1761,ENSMUSG00000031818,Cox4i1,F,0.0398069242787259,149,0.215317919075144,1.27893655547044
Prior correlation,693,284,ENSMUSG00000036815,Dpp10,F,0.0397913927377166,149,0.215007215007215,1.27709104817539
Prior correlation,694,2579,ENSMUSG00000008575,Nfib,F,0.039653922901879,149,0.214697406340058,1.27525085934516
Prior correlation,695,875,ENSMUSG00000023079,Gtf2ird1,F,0.0396395160162746,149,0.214388489208633,1.27341596602236
Prior correlation,696,987,ENSMUSG00000001173,Ocrl,F,0.0396318208179677,149,0.214080459770115,1.27158634538153
Prior correlation,697,237,ENSMUSG00000118257,9630014M24Rik,F,0.0395968876485891,149,0.21377331420373,1.26976197472818
Prior correlation,698,1586,ENSMUSG00000030519,Apba2,F,0.039570523564578,149,0.213467048710602,1.26794283149791
Prior correlation,699,1794,ENSMUSG00000035569,Ankrd11,F,0.0395662869509452,149,0.213161659513591,1.26612889325543
Prior correlation,700,1421,ENSMUSG00000055737,Ghr,T,0.0395637045447822,150,0.214285714285714,1.27280550774527
Prior correlation,701,295,ENSMUSG00000030621,Me3,F,0.039522796783234,150,0.21398002853067,1.27098980801952
Prior correlation,702,258,ENSMUSG00000035275,Raver2,F,0.0395199099802389,150,0.213675213675214,1.26917928122747
Prior correlation,703,826,ENSMUSG00000032377,Plscr4,F,0.0395172908969575,150,0.213371266002845,1.26737390529401
Prior correlation,704,1615,ENSMUSG00000033306,Lpp,F,0.0395107959089468,150,0.213068181818182,1.26557365826944
Prior correlation,705,1593,ENSMUSG00000074637,Sox2,T,0.0394777518042092,151,0.214184397163121,1.27220370845082
Prior correlation,706,225,ENSMUSG00000068747,Sort1,F,0.0394471248809206,151,0.213881019830028,1.27040172019523
Prior correlation,707,1530,ENSMUSG00000034751,Mast4,T,0.0394453574882652,152,0.214992927864215,1.27700618598865
Prior correlation,708,1921,ENSMUSG00000003429,Rps11,F,0.0394388102231194,152,0.214689265536723,1.27520250493499
Prior correlation,709,1185,ENSMUSG00000008734,Gprc5b,F,0.0394060441123878,152,0.214386459802539,1.27340391183918
Prior correlation,710,252,ENSMUSG00000026335,Pam,F,0.0393900319152051,152,0.214084507042254,1.27161038520278
Prior correlation,711,1680,ENSMUSG00000028081,Rps3a1,F,0.0393755053456074,152,0.213783403656821,1.26982190364835
Prior correlation,712,160,ENSMUSG00000035864,Syt1,T,0.0393528598171978,153,0.214887640449438,1.27638080411534
Prior correlation,713,1782,ENSMUSG00000063882,Uqcrh,F,0.0393177724538618,153,0.214586255259467,1.27459064870985
Prior correlation,714,859,ENSMUSG00000042429,Adora1,F,0.0392891785305175,153,0.214285714285714,1.27280550774527
Prior correlation,715,1631,ENSMUSG00000020623,Map2k6,T,0.0392743601315978,154,0.215384615384615,1.27933271547729
Prior correlation,716,1963,ENSMUSG00000031996,Aplp2,T,0.0392515180827048,155,0.216480446927374,1.28584169078549
Prior correlation,717,989,ENSMUSG00000049313,Sorl1,F,0.0392210877807768,155,0.216178521617852,1.28404832720001
Prior correlation,718,1924,ENSMUSG00000063457,Rps15,F,0.039189026697903,155,0.215877437325905,1.28225995905628
Prior correlation,719,827,ENSMUSG00000022438,Parvb,F,0.0391850109739768,155,0.21557719054242,1.280476565511
Prior correlation,720,1713,ENSMUSG00000041453,Rpl21,F,0.0391296108831113,155,0.215277777777778,1.27869812583668
Prior correlation,721,167,ENSMUSG00000035299,Mid1,F,0.0391226500437672,155,0.21497919556172,1.27692461942082
Prior correlation,722,2487,ENSMUSG00000020647,Ncoa1,T,0.0391053958629182,156,0.21606648199446,1.28338283883456
Prior correlation,723,907,ENSMUSG00000023067,Cdkn1a,F,0.0390683052815075,156,0.215767634854772,1.28160775883617
Prior correlation,724,1926,ENSMUSG00000058325,Dock1,T,0.0390141121826553,157,0.216850828729282,1.28804166944019
Prior correlation,725,1705,ENSMUSG00000041540,Sox5,T,0.0390066871131092,158,0.217931034482759,1.2944578313253
Prior correlation,726,217,ENSMUSG00000022285,Ywhaz,F,0.0389709118326037,158,0.21763085399449,1.29267483155764
Prior correlation,727,1806,ENSMUSG00000022890,Atp5j,F,0.0389485410886061,158,0.217331499312242,1.29089673687874
Prior correlation,728,1477,ENSMUSG00000058056,Palld,F,0.0389137784418781,158,0.217032967032967,1.28912352707533
Prior correlation,729,912,ENSMUSG00000049532,Sall2,F,0.0389082360651649,158,0.216735253772291,1.28735518204505
Prior correlation,730,1823,ENSMUSG00000051910,Sox6,T,0.0388810080292411,159,0.217808219178082,1.29372833800957
Prior correlation,731,2833,ENSMUSG00000054252,Fgfr3,T,0.038872651985823,160,0.218878248974008,1.30008405715887
Prior correlation,732,1874,ENSMUSG00000040952,Rps19,F,0.0388438237846208,160,0.218579234972678,1.29830798604253
Prior correlation,733,844,ENSMUSG00000038146,Notch3,T,0.038658919604384,161,0.219645293315143,1.30464011571525
Prior correlation,734,1639,ENSMUSG00000020961,Ston2,F,0.0386553996497503,161,0.219346049046322,1.3028626768655
Prior correlation,735,873,ENSMUSG00000073565,Prr16,F,0.0386197582898126,161,0.219047619047619,1.30109007458405
Prior correlation,736,255,ENSMUSG00000038059,Smim3,F,0.038603993538299,161,0.21875,1.29932228915663
Prior correlation,737,2226,ENSMUSG00000073702,Rpl31,F,0.0385965602578623,161,0.218453188602442,1.29755930097595
Prior correlation,738,909,ENSMUSG00000036006,Ripor2,F,0.038528043151639,161,0.218157181571816,1.29580109054103
Prior correlation,739,265,ENSMUSG00000052928,Ctif,F,0.0385013404393398,161,0.21786197564276,1.2940476384564
Prior correlation,740,1641,ENSMUSG00000036792,Mbd5,T,0.0384842798073129,162,0.218918918918919,1.30032562683165
Prior correlation,741,200,ENSMUSG00000028771,Ptpn12,F,0.0384778914992416,162,0.218623481781377,1.29857080142432
Prior correlation,742,2886,ENSMUSG00000028603,Scp2,F,0.0384523724016463,162,0.21832884097035,1.29682070600461
Prior correlation,743,1751,ENSMUSG00000003279,Dlgap1,T,0.0384210949157636,163,0.219380888290713,1.30306961358219
Prior correlation,744,2649,ENSMUSG00000039278,Pcsk1n,F,0.0383879208856329,163,0.219086021505376,1.30131817592952
Prior correlation,745,1671,ENSMUSG00000026915,Strbp,F,0.038386338886924,163,0.218791946308725,1.29957144012291
Prior correlation,746,1417,ENSMUSG00000031431,Tsc22d3,T,0.0383602229547549,164,0.219839142091153,1.3057915307342
Prior correlation,747,1802,ENSMUSG00000038244,Mical2,T,0.0383373520412503,165,0.220883534136546,1.3119949678231
Prior correlation,748,1218,ENSMUSG00000024558,Mapk4,T,0.0383238490207093,166,0.22192513368984,1.31818181818182
Prior correlation,749,2369,ENSMUSG00000037697,Ddhd1,F,0.0383073943631304,166,0.221628838451268,1.31642189586115
Prior correlation,750,1762,ENSMUSG00000030744,Rps3,F,0.0382974074905837,166,0.221333333333333,1.31466666666667
Prior correlation,751,2198,ENSMUSG00000055839,Elob,F,0.0382935263528917,166,0.22103861517976,1.31291611185087
Prior correlation,752,843,ENSMUSG00000039735,Fnbp1l,F,0.0382658451268643,166,0.220744680851064,1.31117021276596
Prior correlation,753,356,ENSMUSG00000102494,Gm36988,F,0.0382524767944828,166,0.220451527224436,1.30942895086321
Prior correlation,754,1770,ENSMUSG00000022296,Baalc,F,0.0382447136828646,166,0.220159151193634,1.30769230769231
Prior correlation,755,2340,ENSMUSG00000012848,Rps5,F,0.0382291066156835,166,0.219867549668874,1.30596026490066
Prior correlation,756,2060,ENSMUSG00000008668,Rps18,F,0.038201288355665,166,0.21957671957672,1.3042328042328
Prior correlation,757,1956,ENSMUSG00000038690,Atp5j2,F,0.038181725597012,166,0.219286657859974,1.30250990752972
Prior correlation,758,1342,ENSMUSG00000030342,Cd9,F,0.0381607762974261,166,0.218997361477573,1.30079155672823
Prior correlation,759,2114,ENSMUSG00000063316,Rpl27,F,0.0381491941980037,166,0.21870882740448,1.29907773386034
Prior correlation,760,301,ENSMUSG00000093930,Hmgcs1,F,0.0381452450383316,166,0.218421052631579,1.29736842105263
Prior correlation,761,1401,ENSMUSG00000073418,C4b,F,0.0380809492508181,166,0.218134034165572,1.29566360052562
Prior correlation,762,1448,ENSMUSG00000048001,Hes5,F,0.0380808768344237,166,0.217847769028871,1.29396325459318
Prior correlation,763,246,ENSMUSG00000024565,Sall3,F,0.0380049565890501,166,0.217562254259502,1.29226736566186
Prior correlation,764,1144,ENSMUSG00000048022,Tmem229a,T,0.0379847738819631,167,0.218586387434555,1.2983504699426
Prior correlation,765,876,ENSMUSG00000031626,Sorbs2,F,0.0379503339221363,167,0.218300653594771,1.29665327978581
Prior correlation,766,1559,ENSMUSG00000050334,C130071C03Rik,F,0.0379357443392053,167,0.218015665796345,1.29496052093491
Prior correlation,767,260,ENSMUSG00000085133,B930095G15Rik,F,0.0379288468087602,167,0.217731421121252,1.29327217605755
Prior correlation,768,1687,ENSMUSG00000022788,Fgd4,F,0.0379146448921449,167,0.217447916666667,1.29158822791165
Prior correlation,769,1474,ENSMUSG00000097023,Mir9-3hg,F,0.0378895279202644,167,0.217165149544863,1.28990865934479
Prior correlation,770,1835,ENSMUSG00000030122,Ptms,F,0.0378802932978651,167,0.216883116883117,1.28823345329369
Prior correlation,771,344,ENSMUSG00000022770,Dlg1,T,0.037835777705293,168,0.217898832684825,1.29426656040504
Prior correlation,772,1911,ENSMUSG00000058318,Phf21a,T,0.0378018784895232,169,0.218911917098446,1.30028403770522
Prior correlation,773,2080,ENSMUSG00000028618,Tmem59,T,0.0377838284451907,170,0.219922380336352,1.30628594585327
Prior correlation,774,174,ENSMUSG00000041544,Disp3,F,0.0377758242274867,170,0.219638242894057,1.30459823791289
Prior correlation,775,193,ENSMUSG00000028266,Lmo4,F,0.0377307818107774,170,0.219354838709677,1.30291488534784
Prior correlation,776,906,ENSMUSG00000020451,Limk2,F,0.0377189093256047,170,0.219072164948454,1.30123587132033
Prior correlation,777,891,ENSMUSG00000063458,Lrmda,F,0.0376725958847,170,0.218790218790219,1.29956117907925
Prior correlation,778,1585,ENSMUSG00000040591,1110051M20Rik,F,0.0376308898655728,170,0.218508997429306,1.29789079195961
Prior correlation,779,1935,ENSMUSG00000034574,Daam1,F,0.0376133967734552,170,0.218228498074454,1.296224693382
Prior correlation,780,1655,ENSMUSG00000004383,Large1,F,0.0375536623253782,170,0.217948717948718,1.29456286685202
Prior correlation,781,1745,ENSMUSG00000057230,Aak1,F,0.0375442588084925,170,0.217669654289373,1.29290529595977
Prior correlation,782,2812,ENSMUSG00000035133,Arhgap5,F,0.0375207761486131,170,0.217391304347826,1.29125196437926
Prior correlation,783,1899,ENSMUSG00000047409,Ctdspl,F,0.0375105244213443,170,0.217113665389527,1.28960285586792
Prior correlation,784,390,ENSMUSG00000108811,4933432K03Rik,F,0.0374695621619889,170,0.216836734693878,1.28795795426604
Prior correlation,785,516,ENSMUSG00000038418,Egr1,T,0.0374141827351018,171,0.217834394904459,1.29388381551684
Prior correlation,786,854,ENSMUSG00000025475,Adgra1,T,0.0373936981627465,172,0.21882951653944,1.29979459824029
Prior correlation,787,1853,ENSMUSG00000032330,Cox7a2,F,0.0373913962926711,172,0.218551461245235,1.29814301679399
Prior correlation,788,325,ENSMUSG00000025025,Mxi1,F,0.0373782448727812,172,0.218274111675127,1.29649562717877
Prior correlation,789,319,ENSMUSG00000046573,Lyrm4,F,0.0373498008114269,172,0.217997465145754,1.29485241345611
Prior correlation,790,285,ENSMUSG00000091387,Gcnt4,F,0.0373413892136279,172,0.217721518987342,1.29321335976819
Prior correlation,791,435,ENSMUSG00000029999,Tgfa,F,0.0372998410548471,172,0.217446270543616,1.29157845033738
Prior correlation,792,224,ENSMUSG00000061517,Sox21,T,0.0372978175751925,173,0.218434343434343,1.29744736521845
Prior correlation,793,1430,ENSMUSG00000023951,Vegfa,F,0.0372526432217112,173,0.218158890290038,1.29581123991553
Prior correlation,794,870,ENSMUSG00000020105,Lrig3,F,0.0372270778969421,173,0.217884130982368,1.29417923583503
Prior correlation,795,232,ENSMUSG00000032816,Igdcc4,F,0.0372027028067896,173,0.217610062893082,1.29255133742517
Prior correlation,796,2206,ENSMUSG00000043716,Rpl7,F,0.0371300397520735,173,0.217336683417085,1.29092752921233
Prior correlation,797,2273,ENSMUSG00000025794,Rpl14,F,0.0371080802811719,173,0.217063989962359,1.28930779580052
Prior correlation,798,981,ENSMUSG00000041771,Slc24a4,T,0.0370947737253733,174,0.218045112781955,1.29513542893378
Prior correlation,799,393,ENSMUSG00000001833,Sept7,F,0.0370279298748418,174,0.217772215269086,1.29351448346578
Prior correlation,800,913,ENSMUSG00000000296,Tpd52l1,F,0.0370104654312411,174,0.2175,1.29189759036145
Prior correlation,801,2247,ENSMUSG00000053931,Cnn3,F,0.0370007859495782,174,0.217228464419476,1.29028473444339
Prior correlation,802,957,ENSMUSG00000027422,Rrbp1,F,0.0370000896714132,174,0.216957605985037,1.28867590060992
Prior correlation,803,2158,ENSMUSG00000028161,Ppp3ca,T,0.0369499500090343,175,0.217932752179328,1.29446803402902
Prior correlation,804,1886,ENSMUSG00000024533,Spire1,F,0.0369371911169906,175,0.217661691542289,1.29285799916082
Prior correlation,805,1439,ENSMUSG00000054477,Kcnn2,T,0.0368822674720818,176,0.218633540372671,1.29863054703285
Prior correlation,806,1490,ENSMUSG00000015501,Hivep2,F,0.0368098545296348,176,0.218362282878412,1.29701934288021
Prior correlation,807,207,ENSMUSG00000028613,Lrp8,F,0.0367939292166262,176,0.218091697645601,1.29541213179857
Prior correlation,808,946,ENSMUSG00000039579,Grin3a,T,0.0367829344697746,177,0.219059405940594,1.30116008588811
Prior correlation,809,1858,ENSMUSG00000022995,Enah,F,0.0367378413658234,177,0.218788627935723,1.29955172978689
Prior correlation,810,1519,ENSMUSG00000052430,Bmpr1b,F,0.0367312093539367,177,0.218518518518519,1.2979473449353
Prior correlation,811,219,ENSMUSG00000036499,Eea1,F,0.0367270005284658,177,0.218249075215783,1.29634691664314
Prior correlation,812,1601,ENSMUSG00000024304,Cdh2,T,0.0367238236612493,178,0.219211822660099,1.30206540447504
Prior correlation,813,2267,ENSMUSG00000025362,Rps26,F,0.0366688173924239,178,0.218942189421894,1.30046384801197
Prior correlation,814,1946,ENSMUSG00000022452,Smdt1,T,0.0366471020944745,179,0.21990171990172,1.30616322784997
Prior correlation,815,289,ENSMUSG00000022799,Arhgap31,F,0.0366248850662886,179,0.219631901840491,1.30456057358267
Prior correlation,816,893,ENSMUSG00000039982,Dtx4,F,0.0366142488636148,179,0.219362745098039,1.30296184738956
Prior correlation,817,488,ENSMUSG00000038349,Plcl1,T,0.0365935955742783,180,0.2203182374541,1.30863724174544
Prior correlation,818,882,ENSMUSG00000033849,B3galt2,F,0.0365912400048534,180,0.220048899755501,1.30703744071641
Prior correlation,819,1792,ENSMUSG00000062328,Rpl17,F,0.0365634183017759,180,0.21978021978022,1.3054415464054
Prior correlation,820,2785,ENSMUSG00000062997,Rpl35,F,0.0365617832756993,180,0.219512195121951,1.30384954451954
Prior correlation,821,2450,ENSMUSG00000079435,Rpl36a,F,0.0365457244052694,180,0.219244823386115,1.3022614208356
Prior correlation,822,1836,ENSMUSG00000090862,Rps13,F,0.0365453234490262,180,0.218978102189781,1.30067716119954
Prior correlation,823,2100,ENSMUSG00000037152,Ndufc1,F,0.0365197128814798,180,0.218712029161604,1.29909675152615
Prior correlation,824,1468,ENSMUSG00000039701,Usp53,F,0.0365124194213319,180,0.218446601941748,1.29752017779857
Prior correlation,825,259,ENSMUSG00000017466,Timp2,F,0.0364419055065387,180,0.218181818181818,1.29594742606791
Prior correlation,826,2390,ENSMUSG00000003072,Atp5d,F,0.0364323168297375,180,0.217917675544794,1.29437848245281
Prior correlation,827,2510,ENSMUSG00000005873,Reep5,T,0.0364140329298226,181,0.218863361547763,1.2999956294343
Prior correlation,828,336,ENSMUSG00000005917,Otx1,F,0.0364113491152277,181,0.218599033816425,1.29842558640359
Prior correlation,829,1535,ENSMUSG00000112437,Gm35188,F,0.0363950317710204,181,0.218335343787696,1.2968593311727
Prior correlation,830,364,ENSMUSG00000000142,Axin2,F,0.0363845731607988,181,0.218072289156627,1.29529685005081
Prior correlation,831,327,ENSMUSG00000031216,Stard8,F,0.0363630449640807,181,0.217809867629362,1.29373812941296
Prior correlation,832,2156,ENSMUSG00000041697,Cox6a1,F,0.0363505981432446,181,0.217548076923077,1.29218315569972
Prior correlation,833,1606,ENSMUSG00000003949,Hlf,F,0.0363186241415791,181,0.217286914765906,1.29063191541677
Prior correlation,834,1709,ENSMUSG00000022132,Cldn10,F,0.0362985551479124,181,0.217026378896883,1.28908439513449
Prior correlation,835,1733,ENSMUSG00000037902,Sirpa,F,0.0362883704582631,181,0.216766467065868,1.28754058148763
Prior correlation,836,1826,ENSMUSG00000029817,Tra2a,F,0.0362483947314862,181,0.216507177033493,1.28600046117484
Prior correlation,837,203,ENSMUSG00000024513,Mbd2,T,0.036217232972167,182,0.217443249701314,1.29156050726202
Prior correlation,838,2444,ENSMUSG00000020333,Acsl6,F,0.0362070665637157,182,0.217183770883055,1.29001926560658
Prior correlation,839,2151,ENSMUSG00000001847,Rac1,T,0.0361411303119636,183,0.218116805721097,1.29556126771687
Prior correlation,840,1505,ENSMUSG00000021779,Thrb,T,0.0360991468567131,184,0.219047619047619,1.30109007458405
Prior correlation,841,2075,ENSMUSG00000023456,Tpi1,F,0.0360989310543617,184,0.218787158145065,1.29954299958454
Prior correlation,842,2409,ENSMUSG00000073616,Cops9,F,0.0360749937459677,184,0.218527315914489,1.29799959934751
Prior correlation,843,1110,ENSMUSG00000009394,Syn2,T,0.0360744781113304,185,0.219454329774614,1.30350583829982
Prior correlation,844,1848,ENSMUSG00000061477,Rps7,F,0.0360710018521937,185,0.219194312796209,1.30196140010278
Prior correlation,845,183,ENSMUSG00000022040,Ephx2,T,0.0360404726193438,186,0.220118343195266,1.30744991801526
Prior correlation,846,1651,ENSMUSG00000024462,Gabbr1,T,0.0360019230412344,187,0.221040189125296,1.31292546070808
Prior correlation,847,2630,ENSMUSG00000031812,Map1lc3b,T,0.0359911123857045,188,0.221959858323495,1.31838807413835
Prior correlation,848,1707,ENSMUSG00000021127,Zfp36l1,T,0.0359812989214848,189,0.222877358490566,1.32383780404637
Prior correlation,849,1583,ENSMUSG00000086600,C030005K06Rik,F,0.0359505291900211,189,0.222614840989399,1.32227851334667
Prior correlation,850,1760,ENSMUSG00000023944,Hsp90ab1,F,0.0359426194409591,189,0.222352941176471,1.32072289156626
Prior correlation,851,1842,ENSMUSG00000022477,Aco2,F,0.0359334168748288,189,0.222091656874266,1.31917092577124
Prior correlation,852,1431,ENSMUSG00000018849,Wwc1,F,0.0358980691746494,189,0.221830985915493,1.31762260308841
Prior correlation,853,915,ENSMUSG00000021133,Susd6,F,0.0358885842868937,189,0.221570926143025,1.31607791070495
Prior correlation,854,1666,ENSMUSG00000026987,Baz2b,F,0.0358673158809821,189,0.221311475409836,1.31453683586806
Prior correlation,855,201,ENSMUSG00000036225,Kctd1,F,0.0358359030657327,189,0.221052631578947,1.31299936588459
Prior correlation,856,2483,ENSMUSG00000067274,Rplp0,F,0.0358266958647376,189,0.220794392523364,1.31146548812071
Prior correlation,857,2802,ENSMUSG00000011752,Pgam1,F,0.0357869516768479,189,0.220536756126021,1.30993519000155
Prior correlation,858,318,ENSMUSG00000043687,1190005I06Rik,F,0.035775139041542,189,0.22027972027972,1.30840845901087
Prior correlation,859,375,ENSMUSG00000104117,Gm20743,F,0.0357662094985638,189,0.220023282887078,1.30688528269072
Prior correlation,860,1788,ENSMUSG00000010663,Fads1,F,0.0357608241246854,189,0.219767441860465,1.30536564864108
Prior correlation,861,1425,ENSMUSG00000063142,Kcnma1,T,0.0357219061954702,190,0.220673635307782,1.31074821935827
Prior correlation,862,358,ENSMUSG00000115289,AC131029.2,F,0.0357075253525115,190,0.220417633410673,1.30922762977665
Prior correlation,863,1277,ENSMUSG00000061718,Ppp1r1b,F,0.0356765746349137,190,0.220162224797219,1.30771056415698
Prior correlation,864,1942,ENSMUSG00000038717,Atp5l,F,0.0356726179866673,190,0.219907407407407,1.30619701026328
Prior correlation,865,405,ENSMUSG00000027188,Pamr1,F,0.0356204025004833,190,0.219653179190751,1.30468695591615
Prior correlation,866,1418,ENSMUSG00000054226,Tprkb,F,0.0356123577113468,190,0.219399538106236,1.30318038899246
Prior correlation,867,1634,ENSMUSG00000032009,Sesn3,F,0.0355996608430734,190,0.219146482122261,1.30167729742499
Prior correlation,868,920,ENSMUSG00000044647,Csrnp3,F,0.0355993904256192,190,0.21889400921659,1.30017766920215
Prior correlation,869,1067,ENSMUSG00000034858,Fam214a,F,0.0354679836136093,190,0.218642117376295,1.29868149236763
Prior correlation,870,471,ENSMUSG00000021943,Gdf10,F,0.035458863299075,190,0.218390804597701,1.29718875502008
Prior correlation,871,896,ENSMUSG00000033420,Antxr1,F,0.0354520893320193,190,0.218140068886338,1.29569944531282
Prior correlation,872,1485,ENSMUSG00000032038,St3gal4,F,0.0354410961317626,190,0.217889908256881,1.29421355145352
Prior correlation,873,1161,ENSMUSG00000027642,Rpn2,F,0.0354361069723113,190,0.217640320733104,1.29273106170386
Prior correlation,874,1040,ENSMUSG00000001666,Ddt,F,0.0353477114065852,190,0.217391304347826,1.29125196437926
Prior correlation,875,320,ENSMUSG00000034663,Bmp2k,F,0.0353291648641021,190,0.217142857142857,1.28977624784854
Prior correlation,876,1482,ENSMUSG00000031618,Nr3c2,T,0.0353181112573767,191,0.218036529680365,1.29508444737856
Prior correlation,877,241,ENSMUSG00000038302,Afg1l,F,0.0352954284111187,191,0.217787913340935,1.29360772622989
Prior correlation,878,463,ENSMUSG00000075702,Selenom,F,0.0352571184510522,191,0.21753986332574,1.29213436891072
Prior correlation,879,248,ENSMUSG00000051950,B3glct,F,0.0352550346876944,191,0.217292377701934,1.2906643639404
Prior correlation,880,2188,ENSMUSG00000013236,Ptprs,T,0.0352442693171294,192,0.218181818181818,1.29594742606791
Prior correlation,881,858,ENSMUSG00000031209,Heph,F,0.0352363785945969,192,0.217934165720772,1.29447643012458
Prior correlation,882,328,ENSMUSG00000046402,Rbp1,F,0.035235171293919,192,0.217687074829932,1.29300876977297
Prior correlation,883,2108,ENSMUSG00000042439,Zfp532,T,0.0352146133291783,193,0.218573046432616,1.29827122760578
Prior correlation,884,862,ENSMUSG00000039782,Cpeb2,F,0.0351688214736276,193,0.218325791855204,1.29680259499537
Prior correlation,885,2963,ENSMUSG00000035237,Lcat,F,0.0351593457674716,193,0.218079096045198,1.2953372813287
Prior correlation,886,2960,ENSMUSG00000059447,Hadhb,F,0.0351487348296939,193,0.217832957110609,1.29387527536784
Prior correlation,887,2293,ENSMUSG00000040151,Hs2st1,F,0.0350957992439282,193,0.217587373167982,1.29241656592548
Prior correlation,888,899,ENSMUSG00000019359,Gdpd2,F,0.0350957802274478,193,0.217342342342342,1.29096114186476
Prior correlation,889,382,ENSMUSG00000030647,Ndufc2,F,0.0350522314242087,193,0.217097862767154,1.28950899209888
Prior correlation,890,2256,ENSMUSG00000059070,Rpl18,F,0.0350251020355495,193,0.21685393258427,1.2880601055909
Prior correlation,891,933,ENSMUSG00000020723,Cacng4,T,0.0350134543067076,194,0.217732884399551,1.29328086757806
Prior correlation,892,1464,ENSMUSG00000016128,Stard13,F,0.034980809208794,194,0.217488789237668,1.29183100113458
Prior correlation,893,348,ENSMUSG00000050821,Fam131a,F,0.0349805197144772,194,0.217245240761478,1.29038438187239
Prior correlation,894,317,ENSMUSG00000015882,Lcorl,F,0.0349772519381606,194,0.217002237136465,1.28894099889491
Prior correlation,895,2639,ENSMUSG00000028248,Pnisr,F,0.0349747317874732,194,0.216759776536313,1.28750084135424
Prior correlation,896,1305,ENSMUSG00000028756,Pink1,T,0.0349430729707515,195,0.217633928571429,1.29269309380379
Prior correlation,897,1674,ENSMUSG00000024642,Tle4,F,0.0349389156019251,195,0.217391304347826,1.29125196437926
Prior correlation,898,1054,ENSMUSG00000020538,Srebf1,F,0.0349259486523653,195,0.217149220489978,1.2898140445971
Prior correlation,899,1409,ENSMUSG00000068205,Macrod2,F,0.0349053658099525,195,0.216907675194661,1.2883793237466
Prior correlation,900,2320,ENSMUSG00000032740,Ccdc88a,F,0.0348658175374171,195,0.216666666666667,1.28694779116466
Prior correlation,901,1851,ENSMUSG00000027523,Gnas,T,0.0348572851618577,196,0.217536071032186,1.29211184360082
Prior correlation,902,355,ENSMUSG00000027221,Chst1,F,0.0348502818246218,196,0.217294900221729,1.29067934710015
Prior correlation,903,2290,ENSMUSG00000036751,Cox6b1,F,0.0348448855401621,196,0.217054263565891,1.28925002334921
Prior correlation,904,2132,ENSMUSG00000053646,Plxnb1,F,0.0348346129549708,196,0.216814159292035,1.28782386181896
Prior correlation,905,311,ENSMUSG00000059248,Sept9,F,0.0347562498673542,196,0.216574585635359,1.28640085202689
Prior correlation,906,1815,ENSMUSG00000020263,Appl2,F,0.0347549814560646,196,0.216335540838852,1.2849809835368
Prior correlation,907,1910,ENSMUSG00000060036,Rpl3,F,0.0347065653973581,196,0.216097023153252,1.28356424595848
Prior correlation,908,1729,ENSMUSG00000018412,Kansl1,T,0.0346793656974031,197,0.216960352422907,1.28869221378908
Prior correlation,909,916,ENSMUSG00000024544,Ldlrad4,F,0.0346467200682268,197,0.216721672167217,1.28727451058359
Prior correlation,910,1591,ENSMUSG00000003847,Nfat5,F,0.0346458318802559,197,0.216483516483516,1.28585992320932
Prior correlation,911,1032,ENSMUSG00000079056,Kcnip3,F,0.0346206828636614,197,0.216245883644347,1.28444844140558
Prior correlation,912,2799,ENSMUSG00000107815,Gm44257,F,0.0346073027685604,197,0.216008771929825,1.28304005495667
Prior correlation,913,1070,ENSMUSG00000023909,Paqr4,F,0.0345854798865198,197,0.215772179627601,1.28163475369166
Prior correlation,914,892,ENSMUSG00000022270,Fam134b,F,0.0345734497378669,197,0.215536105032823,1.28023252748412
Prior correlation,915,1582,ENSMUSG00000030126,Tmcc1,F,0.0345524115185126,197,0.215300546448087,1.27883336625189
Prior correlation,916,414,ENSMUSG00000032532,Cck,F,0.0345299327545867,197,0.215065502183406,1.27743725995686
Prior correlation,917,417,ENSMUSG00000022383,Ppara,F,0.0345027255217498,197,0.214830970556161,1.27604419860467
Prior correlation,918,2092,ENSMUSG00000044894,Uqcrq,F,0.0344883500141527,197,0.214596949891068,1.27465417224453
Prior correlation,919,2480,ENSMUSG00000018567,Gabarap,T,0.0344630866971048,198,0.215451577801959,1.27973045610079
Prior correlation,920,2479,ENSMUSG00000017631,Abr,F,0.0344591976335667,198,0.215217391304348,1.27833944473546
Prior correlation,921,2130,ENSMUSG00000019370,Calm3,T,0.0344441899332931,199,0.216069489685125,1.28340070379237
Prior correlation,922,1502,ENSMUSG00000035615,Frmpd1,T,0.0344335140614296,200,0.216919739696312,1.2884509839793
Prior correlation,923,2292,ENSMUSG00000061518,Cox5b,F,0.0343906212276095,200,0.216684723726977,1.2870550457518
Prior correlation,924,1127,ENSMUSG00000026827,Gpd2,F,0.0343381409727245,200,0.216450216450216,1.28566212903562
Prior correlation,925,262,ENSMUSG00000056124,B4galt6,F,0.0343177907125105,200,0.216216216216216,1.28427222403126
Prior correlation,926,1550,ENSMUSG00000050288,Fzd2,F,0.0342750226491798,200,0.215982721382289,1.28288532098155
Prior correlation,927,982,ENSMUSG00000029570,Lfng,F,0.034258500415877,200,0.215749730312837,1.28150141017143
Prior correlation,928,1629,ENSMUSG00000079470,Utp14b,F,0.0342394796562857,200,0.21551724137931,1.28012048192771
Prior correlation,929,1876,ENSMUSG00000035242,Oaz1,F,0.0342385846673769,200,0.215285252960172,1.27874252661885
Prior correlation,930,1459,ENSMUSG00000057329,Bcl2,T,0.0342152822430089,201,0.216129032258065,1.28375437232802
Prior correlation,931,2219,ENSMUSG00000038900,Rpl12,F,0.0342118076852383,201,0.215896885069817,1.28237547396892
Prior correlation,932,1498,ENSMUSG00000022636,Alcam,F,0.0341500880713048,201,0.215665236051502,1.28099953461916
Prior correlation,933,2810,ENSMUSG00000021242,Npc2,F,0.0341452490706608,201,0.215434083601286,1.27962654476427
Prior correlation,934,220,ENSMUSG00000017724,Etv4,F,0.0341409029127455,201,0.215203426124197,1.27825649493047
Prior correlation,935,934,ENSMUSG00000020100,Slc29a3,F,0.0340739023790032,201,0.214973262032086,1.27688937568456
Prior correlation,936,990,ENSMUSG00000054263,Lifr,F,0.0340655178372861,201,0.21474358974359,1.27552517763361
Prior correlation,937,1560,ENSMUSG00000072294,Klf12,T,0.0340609290959177,202,0.215581643543223,1.28050301526276
Prior correlation,938,238,ENSMUSG00000081534,Slc48a1,F,0.0340461414747198,202,0.215351812366738,1.27913787345544
Prior correlation,939,2027,ENSMUSG00000096929,A330023F24Rik,F,0.0340425842019189,202,0.215122470713525,1.27777563929841
Prior correlation,940,1748,ENSMUSG00000030246,Ldhb,F,0.0340396389088935,202,0.214893617021277,1.27641630351192
Prior correlation,941,2907,ENSMUSG00000035674,Ndufa3,F,0.0340290796666,202,0.214665249734325,1.27505985685569
Prior correlation,942,2032,ENSMUSG00000023175,Bsg,F,0.0340233828945242,202,0.214437367303609,1.27370629012867
Prior correlation,943,1746,ENSMUSG00000029763,Exoc4,T,0.0340186690457305,203,0.215270413573701,1.27865438423897
Prior correlation,944,1613,ENSMUSG00000036356,Csgalnact1,F,0.0340065639319304,203,0.215042372881356,1.27729987747601
Prior correlation,945,398,ENSMUSG00000039621,Prex1,F,0.0340026980326822,203,0.214814814814815,1.27594823739402
Prior correlation,946,330,ENSMUSG00000038831,Ralgps1,F,0.0339825759542884,203,0.214587737843552,1.27459945490206
Prior correlation,947,2417,ENSMUSG00000030120,Mlf2,F,0.0339689381147038,203,0.214361140443506,1.27325352094757
Prior correlation,948,1968,ENSMUSG00000025428,Atp5a1,F,0.0339556193224191,203,0.214135021097046,1.27191042651619
Prior correlation,949,422,ENSMUSG00000087185,Gm13872,F,0.0339439745277106,203,0.21390937829294,1.27057016263156
Prior correlation,950,352,ENSMUSG00000034235,Usp54,F,0.0339102161899328,203,0.213684210526316,1.2692327203551
Prior correlation,951,2614,ENSMUSG00000037750,Fam222b,F,0.0339001257896982,203,0.213459516298633,1.26789809078586
Prior correlation,952,1739,ENSMUSG00000031129,Slc9a9,F,0.03388581622879,203,0.213235294117647,1.26656626506024
Prior correlation,953,2115,ENSMUSG00000029313,Aff1,F,0.0338695758536823,203,0.213011542497377,1.26523723435189
Prior correlation,954,2472,ENSMUSG00000034994,Eef2,F,0.0338671309371291,203,0.212788259958071,1.26391098987144
Prior correlation,955,360,ENSMUSG00000041220,Elovl6,F,0.0338185588541155,203,0.212565445026178,1.26258752286633
Prior correlation,956,1463,ENSMUSG00000030209,Grin2b,T,0.0338066139897375,204,0.213389121338912,1.26747996168776
Prior correlation,957,1656,ENSMUSG00000042249,Grk3,T,0.0337553747875529,205,0.214211076280042,1.27236217597663
Prior correlation,958,296,ENSMUSG00000020656,Grhl1,F,0.0337438480862203,205,0.213987473903967,1.27103403174284
Prior correlation,959,2040,ENSMUSG00000013698,Pea15a,T,0.0337234629864897,206,0.214807090719499,1.27590235812908
Prior correlation,960,1412,ENSMUSG00000022762,Ncam2,F,0.0336954034679074,206,0.214583333333333,1.27457329317269
Prior correlation,961,1042,ENSMUSG00000060371,Caln1,T,0.0336929640457073,207,0.215400624349636,1.27942780487193
Prior correlation,962,1564,ENSMUSG00000030302,Atp2b2,T,0.0336599029742666,208,0.216216216216216,1.28427222403126
Prior correlation,963,1076,ENSMUSG00000046876,Atxn1,F,0.0336451260000389,208,0.215991692627207,1.28293860801461
Prior correlation,964,264,ENSMUSG00000001630,Stk38l,F,0.0336421506284637,208,0.215767634854772,1.28160775883617
Prior correlation,965,1662,ENSMUSG00000053580,Tanc2,F,0.0336382334690469,208,0.215544041450777,1.28027966789438
Prior correlation,966,1551,ENSMUSG00000030657,Xylt1,F,0.033607004797046,208,0.215320910973085,1.27895432662326
Prior correlation,967,1861,ENSMUSG00000026743,Mllt10,F,0.0335887140620162,208,0.215098241985522,1.27763172649232
Prior correlation,968,1509,ENSMUSG00000020122,Egfr,T,0.0335678046952737,209,0.215909090909091,1.28244797371303
Prior correlation,969,2794,ENSMUSG00000020598,Nrcam,T,0.0335637181599772,210,0.21671826625387,1.28725428027901
Prior correlation,970,629,ENSMUSG00000056258,Kcnq3,F,0.0335472836879659,210,0.216494845360825,1.28592721401068
Prior correlation,971,458,ENSMUSG00000031379,Pir,F,0.0335178178697957,210,0.216271884654995,1.28460288114352
Prior correlation,972,962,ENSMUSG00000087259,2610035D17Rik,F,0.0334955600647863,210,0.216049382716049,1.28328127324111
Prior correlation,973,397,ENSMUSG00000018800,Abca5,F,0.0334818086174585,210,0.215827338129496,1.28196238190171
Prior correlation,974,1568,ENSMUSG00000097428,AW047730,F,0.0334695086985858,210,0.215605749486653,1.28064619875807
Prior correlation,975,2552,ENSMUSG00000001289,Pfdn5,F,0.0333596061528597,210,0.215384615384615,1.27933271547729
Prior correlation,976,1086,ENSMUSG00000019820,Utrn,T,0.0333073765449134,211,0.216188524590164,1.28410774244519
Prior correlation,977,1435,ENSMUSG00000023826,Park2,F,0.0332976249184769,211,0.21596724667349,1.28279340494013
Prior correlation,978,1061,ENSMUSG00000002055,Spag5,F,0.0332903638953261,211,0.215746421267894,1.28148175524183
Prior correlation,979,867,ENSMUSG00000032744,Heyl,F,0.0332688003117965,211,0.215526046986721,1.2801727851139
Prior correlation,980,1867,ENSMUSG00000027706,Sec62,F,0.0332355672575647,211,0.21530612244898,1.27886648635358
Prior correlation,981,362,ENSMUSG00000051359,Ncald,T,0.0332239970964326,212,0.216106014271152,1.28361765103226
Prior correlation,982,2239,ENSMUSG00000020738,Sumo2,F,0.0331964323454155,212,0.215885947046843,1.28231050474812
Prior correlation,983,415,ENSMUSG00000028476,Reck,F,0.0331729589382703,212,0.215666327568667,1.28100601796811
Prior correlation,984,438,ENSMUSG00000039114,Nrn1,T,0.0331709482118122,213,0.216463414634146,1.28574052306788
Prior correlation,985,1203,ENSMUSG00000070509,Rgma,F,0.0331691689632971,213,0.216243654822335,1.28443520273989
Prior correlation,986,1058,ENSMUSG00000025085,Ablim1,T,0.0331634188924224,214,0.217038539553753,1.28915662650602
Prior correlation,987,283,ENSMUSG00000019804,Snx3,T,0.0331624758753157,215,0.217831813576494,1.29386848305074
Prior correlation,988,332,ENSMUSG00000098087,Gm17750,F,0.0331600192145069,215,0.217611336032389,1.29255889956587
Prior correlation,989,956,ENSMUSG00000022309,Angpt1,F,0.0331172693972784,215,0.217391304347826,1.29125196437926
Prior correlation,990,966,ENSMUSG00000045333,Zfp423,T,0.0330998153687788,216,0.218181818181818,1.29594742606791
Prior correlation,991,1489,ENSMUSG00000045095,Magi1,T,0.033092914434096,217,0.218970736629667,1.3006334115473
Prior correlation,992,1555,ENSMUSG00000044033,Ccdc141,F,0.0330925816094051,217,0.21875,1.29932228915663
Prior correlation,993,2668,ENSMUSG00000028936,Rpl22,F,0.0330421452912769,217,0.21852970795569,1.29801380749584
Prior correlation,994,1670,ENSMUSG00000008348,Ubc,F,0.0330197761013732,217,0.21830985915493,1.29670795859494
Prior correlation,995,512,ENSMUSG00000051262,Nat8f3,F,0.0329970307346284,217,0.218090452261307,1.29540473451595
Prior correlation,996,2415,ENSMUSG00000070394,Tmem256,T,0.0329945054525655,218,0.218875502008032,1.30006774084289
Prior correlation,997,346,ENSMUSG00000008090,Fgfrl1,T,0.0329911397479958,219,0.219658976930792,1.30472139309495
Prior correlation,998,1758,ENSMUSG00000034621,Gpatch8,F,0.0329768684429718,219,0.219438877755511,1.30341405702972
Prior correlation,999,315,ENSMUSG00000014496,Ankrd28,F,0.0329531972507627,219,0.219219219219219,1.30210933825392
Prior correlation,1000,333,ENSMUSG00000022205,Sub1,F,0.0329476531934609,219,0.219,1.30080722891566
Prior correlation,1001,303,ENSMUSG00000003410,Elavl3,F,0.032946513870352,219,0.218781218781219,1.29950772119447
Prior correlation,1002,2072,ENSMUSG00000071528,Usmg5,F,0.032928661128563,219,0.218562874251497,1.29821080730106
Prior correlation,1003,914,ENSMUSG00000025810,Nrp1,T,0.0329269848268611,220,0.219341974077767,1.3028384725342
Prior correlation,1004,1017,ENSMUSG00000079157,Fam155a,F,0.0329194641299438,220,0.219123505976096,1.30154082465319
Prior correlation,1005,2438,ENSMUSG00000021794,Glud1,F,0.0329080549854409,220,0.218905472636816,1.30024575915603
Prior correlation,1006,1546,ENSMUSG00000021745,Ptprg,T,0.0328921774477248,221,0.219681908548708,1.30485760137967
Prior correlation,1007,887,ENSMUSG00000027434,Nkx2-2,F,0.0328820964763408,221,0.219463753723932,1.30356181428794
Prior correlation,1008,367,ENSMUSG00000041642,Kif21b,F,0.0328514161849932,221,0.219246031746032,1.30226859820233
Prior correlation,1009,1898,ENSMUSG00000031633,Slc25a4,F,0.0328304744636351,221,0.219028741328048,1.30097794547864
Prior correlation,1010,2449,ENSMUSG00000028495,Rps6,F,0.0328186991387648,221,0.218811881188119,1.29968984850292
Prior correlation,1011,1557,ENSMUSG00000039652,Cpeb3,F,0.0328142610504405,221,0.218595450049456,1.29840429969135
Prior correlation,1012,1548,ENSMUSG00000015766,Eps8,F,0.0328114534130979,221,0.218379446640316,1.29712129149007
Prior correlation,1013,1595,ENSMUSG00000004902,Slc25a18,F,0.0328073682908902,221,0.218163869693978,1.29584081637508
Prior correlation,1014,2116,ENSMUSG00000033065,Pfkm,F,0.0327975275880241,221,0.217948717948718,1.29456286685202
Prior correlation,1015,965,ENSMUSG00000038175,Mylip,F,0.0327936479417465,221,0.217733990147783,1.29328743545611
Prior correlation,1016,1525,ENSMUSG00000064138,Fam172a,F,0.0327766518004114,221,0.21751968503937,1.29201451475192
Prior correlation,1017,1573,ENSMUSG00000034480,Diaph2,F,0.0327691455853476,221,0.217305801376598,1.29074409733329
Prior correlation,1018,1449,ENSMUSG00000071856,Mcc,F,0.0327129944745666,221,0.217092337917485,1.28947617582314
Prior correlation,1019,2054,ENSMUSG00000022354,Ndufb9,F,0.0327011436102726,221,0.216879293424926,1.28821074287336
Prior correlation,1020,1951,ENSMUSG00000029064,Gnb1,F,0.032692591904405,221,0.216666666666667,1.28694779116466
Prior correlation,1021,1838,ENSMUSG00000071757,Zhx2,T,0.0326800171210672,222,0.21743388834476,1.29150490305984
Prior correlation,1022,976,ENSMUSG00000033948,Zswim5,F,0.0326755414733412,222,0.217221135029354,1.29024119963219
Prior correlation,1023,2657,ENSMUSG00000084786,Ubl5,F,0.032671515626117,222,0.217008797653959,1.28897996678797
Prior correlation,1024,1446,ENSMUSG00000039007,Cpq,F,0.0326644494492233,222,0.216796875,1.28772119728916
Prior correlation,1025,1654,ENSMUSG00000026384,Ptpn4,F,0.0326536250367283,222,0.216585365853659,1.28646488392595
Prior correlation,1026,1796,ENSMUSG00000053332,Gas5,F,0.0326468253924829,222,0.216374269005848,1.28521101951666
Prior correlation,1027,394,ENSMUSG00000026227,2810459M11Rik,F,0.0326361226620714,222,0.216163583252191,1.28395959690759
Prior correlation,1028,992,ENSMUSG00000017754,Pltp,F,0.0326355986973155,222,0.215953307392996,1.28271060897286
Prior correlation,1029,345,ENSMUSG00000022658,Tagln3,F,0.0325932837515499,222,0.215743440233236,1.28146404861428
Prior correlation,1030,455,ENSMUSG00000026655,Fam107b,F,0.032540230738695,222,0.215533980582524,1.28021990876126
Prior correlation,1031,2199,ENSMUSG00000035623,Rsf1,F,0.0325288481305711,222,0.215324927255092,1.27897818237061
Prior correlation,1032,494,ENSMUSG00000036298,Slc2a13,F,0.0325056948227516,222,0.215116279069767,1.27773886242645
Prior correlation,1033,1576,ENSMUSG00000049100,Pcdh10,T,0.032486914025774,223,0.215876089060987,1.28225195068755
Prior correlation,1034,1947,ENSMUSG00000052707,Tnrc6a,F,0.0324788231263552,223,0.215667311411992,1.28101186176039
Prior correlation,1035,1985,ENSMUSG00000058546,Rpl23a,F,0.0324663006938226,223,0.215458937198068,1.27977416914033
Prior correlation,1036,1443,ENSMUSG00000027200,Sema6d,F,0.0323953227036236,223,0.215250965250965,1.27853886588826
Prior correlation,1037,1844,ENSMUSG00000000538,Tom1l2,F,0.0323504271736287,223,0.215043394406943,1.27730594509184
Prior correlation,1038,2224,ENSMUSG00000063524,Eno1,F,0.0323486622984275,223,0.214836223506744,1.27607539986536
Prior correlation,1039,1565,ENSMUSG00000021719,Rgs7bp,F,0.0323167079428822,223,0.214629451395573,1.27484722334961
Prior correlation,1040,880,ENSMUSG00000040913,Fbxw4,F,0.0323086147343122,223,0.214423076923077,1.27362140871177
Prior correlation,1041,1467,ENSMUSG00000021823,Vcl,F,0.0323041116480376,223,0.214217098943324,1.27239794914528
Prior correlation,1042,461,ENSMUSG00000024190,Dusp1,T,0.0322892877580399,224,0.214971209213052,1.27687718243415
Prior correlation,1043,1098,ENSMUSG00000021453,Gadd45g,F,0.0322679463348413,224,0.214765100671141,1.27565294735991
Prior correlation,1044,905,ENSMUSG00000030306,Tmtc1,F,0.0322587059378185,224,0.21455938697318,1.27443105756359
Prior correlation,1045,2260,ENSMUSG00000034566,Atp5h,F,0.032256540680513,224,0.214354066985646,1.27321150631233
Prior correlation,1046,1010,ENSMUSG00000040564,Apoc1,F,0.0322550227501638,224,0.21414913957935,1.27199428689903
Prior correlation,1047,1055,ENSMUSG00000070858,Gm1673,F,0.0322385950895049,224,0.213944603629417,1.2707793926422
Prior correlation,1048,372,ENSMUSG00000020805,Slc13a5,F,0.0321996198332482,224,0.213740458015267,1.26956681688586
Prior correlation,1049,2746,ENSMUSG00000019362,D8Ertd738e,F,0.0321869241904275,224,0.213536701620591,1.26835655299941
Prior correlation,1050,1715,ENSMUSG00000024347,Psd2,F,0.0321707037691225,224,0.213333333333333,1.26714859437751
Prior correlation,1051,908,ENSMUSG00000056553,Ptprn2,T,0.0321693071693111,225,0.214081826831589,1.27159446539727
Prior correlation,1052,1566,ENSMUSG00000079418,Atg4a,F,0.0321400154730188,225,0.213878326996198,1.27038572541115
Prior correlation,1053,408,ENSMUSG00000039841,Zfp800,T,0.032072074156626,226,0.214624881291548,1.27482007803293
Prior correlation,1054,918,ENSMUSG00000024074,Crim1,F,0.0320648370135954,226,0.214421252371917,1.27361057131753
Prior correlation,1055,1903,ENSMUSG00000019877,Serinc1,F,0.032062754462294,226,0.214218009478673,1.27240335750585
Prior correlation,1056,2712,ENSMUSG00000023089,Ndufa5,F,0.0320498704511821,226,0.214015151515152,1.27119843008397
Prior correlation,1057,251,ENSMUSG00000022656,Nectin3,F,0.0320340371681542,226,0.213812677388836,1.26999578256261
Prior correlation,1058,496,ENSMUSG00000031367,Ap1s2,F,0.032003673094571,226,0.213610586011342,1.26879540847701
Prior correlation,1059,985,ENSMUSG00000029420,Rimbp2,F,0.0319884229519721,226,0.213408876298395,1.26759730138685
Prior correlation,1060,268,ENSMUSG00000049807,Arhgap23,F,0.03198687229518,226,0.213207547169811,1.26640145487611
Prior correlation,1061,2715,ENSMUSG00000044986,Tst,F,0.0319798999283053,226,0.213006597549482,1.26520786255295
Prior correlation,1062,2242,ENSMUSG00000021546,Hnrnpk,F,0.0319574124759338,226,0.212806026365348,1.2640165180496
Prior correlation,1063,1549,ENSMUSG00000066687,Zbtb16,F,0.0319544439796639,226,0.212605832549389,1.26282741502227
Prior correlation,1064,972,ENSMUSG00000054619,Mettl7a1,F,0.0319509621323645,226,0.212406015037594,1.26164054715101
Prior correlation,1065,299,ENSMUSG00000039166,Akap7,T,0.0319418273524546,227,0.213145539906103,1.26603314667119
Prior correlation,1066,1776,ENSMUSG00000030527,Crtc3,T,0.0319138565891604,228,0.213883677298311,1.27041750491648
Prior correlation,1067,1082,ENSMUSG00000061232,H2-K1,F,0.0319133902440698,228,0.213683223992502,1.26922686058197
Prior correlation,1068,935,ENSMUSG00000039620,6430573F11Rik,F,0.0319080607041663,228,0.213483146067416,1.26803844591851
Prior correlation,1069,1700,ENSMUSG00000045608,Dbx2,F,0.0318653569534947,228,0.213283442469598,1.26685225466882
Prior correlation,1070,293,ENSMUSG00000040724,Kcna2,F,0.0318150108493183,228,0.213084112149533,1.26566828059903
Prior correlation,1071,1933,ENSMUSG00000058440,Nrf1,T,0.0318146022655942,229,0.213818860877684,1.27003251099637
Prior correlation,1072,2254,ENSMUSG00000041881,Ndufa7,F,0.0318000327903174,229,0.213619402985075,1.26884777917641
Prior correlation,1073,2380,ENSMUSG00000009291,Pttg1ip,F,0.0317830823477063,229,0.213420316868593,1.26766525561706
Prior correlation,1074,1954,ENSMUSG00000037736,Limch1,F,0.0317805265088965,229,0.213221601489758,1.26648493415001
Prior correlation,1075,712,ENSMUSG00000024222,Fkbp5,F,0.0317345597098808,229,0.213023255813953,1.26530680862987
Prior correlation,1076,2435,ENSMUSG00000008682,Rpl10,F,0.0317192459579679,229,0.212825278810409,1.26413087293412
Prior correlation,1077,2001,ENSMUSG00000003814,Calr,T,0.0317117113062277,230,0.21355617455896,1.26847221756105
Prior correlation,1078,1741,ENSMUSG00000020142,Slc1a4,F,0.0316840009872907,230,0.213358070500928,1.26729552719226
Prior correlation,1079,2178,ENSMUSG00000040759,Cmtm5,F,0.0316562103584255,230,0.213160333642261,1.26612101789922
Prior correlation,1080,1611,ENSMUSG00000087380,2210408F21Rik,F,0.0316522732513846,230,0.212962962962963,1.26494868362338
Prior correlation,1081,1469,ENSMUSG00000034165,Ccnd3,F,0.0316512284321718,230,0.212765957446809,1.26377851832863
Prior correlation,1082,929,ENSMUSG00000053861,Gm9925,F,0.0316233978284077,230,0.212569316081331,1.26261051600116
Prior correlation,1083,2424,ENSMUSG00000027630,Tbl1xr1,F,0.0315577303695052,230,0.212373037857802,1.26144467064936
Prior correlation,1084,1696,ENSMUSG00000042613,Pbxip1,F,0.0315569229542924,230,0.212177121771218,1.26028097630374
Prior correlation,1085,487,ENSMUSG00000007908,Hmgcll1,F,0.0315352767846082,230,0.211981566820276,1.25911942701682
Prior correlation,1086,420,ENSMUSG00000073514,Dok6,F,0.0314965488931778,230,0.211786372007366,1.25796001686303
Prior correlation,1087,2572,ENSMUSG00000032281,Acsbg1,F,0.0314955593693406,230,0.211591536338546,1.2568027399386
Prior correlation,1088,1919,ENSMUSG00000018501,Ncor1,F,0.0314901471159171,230,0.211397058823529,1.25564759036145
Prior correlation,1089,930,ENSMUSG00000032402,Smad3,T,0.0314820443836254,231,0.212121212121212,1.25994888645491
Prior correlation,1090,2061,ENSMUSG00000026421,Csrp1,F,0.0314403972594426,231,0.211926605504587,1.25879297004532
Prior correlation,1091,1978,ENSMUSG00000024758,Rtn3,F,0.0314261291886188,231,0.21173235563703,1.25763917263923
Prior correlation,1092,1660,ENSMUSG00000028444,Cntfr,F,0.0314184330772101,231,0.211538461538462,1.2564874884152
Prior correlation,1093,210,ENSMUSG00000028020,Glrb,F,0.0314152651132739,231,0.211344922232388,1.2553379115731
Prior correlation,1094,2652,ENSMUSG00000032118,Fez1,F,0.0313843892662702,231,0.211151736745887,1.254190436334
Prior correlation,1095,1986,ENSMUSG00000056211,R3hdm1,F,0.0313760695488287,231,0.210958904109589,1.25304505694009
Prior correlation,1096,1438,ENSMUSG00000069670,Nkain2,F,0.0313704706228124,231,0.210766423357664,1.25190176765456
Prior correlation,1097,2148,ENSMUSG00000025246,Tbl1x,F,0.0313460919488324,231,0.210574293527803,1.25076056276153
Prior correlation,1098,257,ENSMUSG00000047238,Mageh1,F,0.031345362571936,231,0.210382513661202,1.24962143656594
Prior correlation,1099,1710,ENSMUSG00000026490,Cdc42bpa,F,0.0313436026543309,231,0.210191082802548,1.24848438339345
Prior correlation,1100,2261,ENSMUSG00000015305,Sash1,F,0.0312982550987022,231,0.21,1.24734939759036
Prior correlation,1101,368,ENSMUSG00000040433,Zbtb38,F,0.0312954806442743,231,0.209809264305177,1.24621647352352
Prior correlation,1102,1539,ENSMUSG00000004328,Hif3a,T,0.0312808545750356,232,0.210526315789474,1.25047558655675
Prior correlation,1103,2106,ENSMUSG00000032349,Elovl5,F,0.0312590613144537,232,0.210335448776065,1.24934188248916
Prior correlation,1104,2042,ENSMUSG00000047921,Trappc9,F,0.0312374239633861,232,0.210144927536232,1.24821023223328
Prior correlation,1105,298,ENSMUSG00000051674,Dcun1d4,F,0.0312227168961426,232,0.209954751131222,1.24708063021316
Prior correlation,1106,919,ENSMUSG00000024892,Pcx,F,0.0312143802795558,232,0.209764918625678,1.245953070873
Prior correlation,1107,539,ENSMUSG00000031963,Bmper,F,0.0312027764663022,232,0.209575429087624,1.24482754867709
Prior correlation,1108,2642,ENSMUSG00000033295,Ptprf,T,0.0311835904580363,233,0.21028880866426,1.24906485146362
Prior correlation,1109,1569,ENSMUSG00000024983,Vti1a,T,0.0311687749670887,234,0.211000901713255,1.25329451258596
Prior correlation,1110,2383,ENSMUSG00000031012,Cask,F,0.0311647067119313,234,0.210810810810811,1.25216541843048
Prior correlation,1111,365,ENSMUSG00000058258,Idi1,F,0.0311536235991092,234,0.210621062106211,1.25103835684773
Prior correlation,1112,341,ENSMUSG00000048497,Mmgt2,F,0.0310551452946169,234,0.210431654676259,1.24991332235416
Prior correlation,1113,391,ENSMUSG00000030759,Far1,F,0.0310361385796984,234,0.210242587601078,1.24879030948592
Prior correlation,1114,1084,ENSMUSG00000033985,Tesk2,F,0.0310323187596224,234,0.210053859964093,1.24766931279877
Prior correlation,1115,1949,ENSMUSG00000044533,Rps2,F,0.0310288494714287,234,0.209865470852018,1.24655032686801
Prior correlation,1116,373,ENSMUSG00000029638,Glcci1,F,0.0310205700003291,234,0.209677419354839,1.24543334628838
Prior correlation,1117,2486,ENSMUSG00000028078,Dclk2,F,0.0310095127031373,234,0.209489704565801,1.24431836567398
Prior correlation,1118,1577,ENSMUSG00000033278,Ptprm,T,0.0309853876793422,235,0.210196779964222,1.24851822316098
Prior correlation,1119,1763,ENSMUSG00000035649,Zcchc7,F,0.0309698820499105,235,0.210008936550492,1.2474024785469
Prior correlation,1120,898,ENSMUSG00000025407,Gli1,T,0.0309687677981727,236,0.210714285714286,1.25159208261618
Prior correlation,1121,478,ENSMUSG00000097339,Gm26671,F,0.0309532297115691,236,0.210526315789474,1.25047558655675
Prior correlation,1122,1532,ENSMUSG00000035877,Zhx3,T,0.0309503534239997,237,0.211229946524064,1.25465498357065
Prior correlation,1123,1800,ENSMUSG00000037348,Paqr7,F,0.0309490365767885,237,0.211041852181656,1.25353774850068
Prior correlation,1124,1521,ENSMUSG00000052062,Pard3b,T,0.0309260454621467,238,0.211743772241993,1.25770698452172
Prior correlation,1125,2091,ENSMUSG00000029647,Pan3,F,0.0309151355623174,238,0.211555555555556,1.2565890227577
Prior correlation,1126,897,ENSMUSG00000037490,Slc2a12,F,0.0309100150905139,238,0.211367673179396,1.25547304671617
Prior correlation,1127,288,ENSMUSG00000100252,Mir124-2hg,F,0.0308979908496563,238,0.211180124223602,1.25435905111128
Prior correlation,1128,1712,ENSMUSG00000024277,Mapre2,T,0.0308647308544442,239,0.211879432624113,1.25851277450226
Prior correlation,1129,245,ENSMUSG00000021273,Fdft1,F,0.0308598052315507,239,0.211691762621789,1.25739805991015
Prior correlation,1130,307,ENSMUSG00000022946,Dopey2,F,0.0308556741831661,239,0.211504424778761,1.25628531826421
Prior correlation,1131,969,ENSMUSG00000049521,Cdc42ep1,F,0.030843811279059,239,0.21131741821397,1.25517454433117
Prior correlation,1132,306,ENSMUSG00000034361,Cpne2,T,0.0308086654290556,240,0.212014134275618,1.25931286985397
Prior correlation,1133,1996,ENSMUSG00000022629,Kif21a,F,0.0308079606793399,240,0.211827007943513,1.25820138453195
Prior correlation,1134,1216,ENSMUSG00000085245,Gm11713,F,0.0307961623989527,240,0.211640211640212,1.2570918595015
Prior correlation,1135,396,ENSMUSG00000037795,N4bp2,F,0.0307730294673721,240,0.211453744493392,1.25598428958123
Prior correlation,1136,903,ENSMUSG00000032356,Rasgrf1,F,0.0307525439168641,240,0.211267605633803,1.25487866960801
Prior correlation,1137,952,ENSMUSG00000015224,Cyp2j9,F,0.0307186847422468,240,0.211081794195251,1.25377499443685
Prior correlation,1138,883,ENSMUSG00000025255,Zfhx4,F,0.0306926460112108,240,0.210896309314587,1.25267325894086
Prior correlation,1139,2016,ENSMUSG00000064368,mt-Nd6,F,0.0306860573559709,240,0.210711150131694,1.25157345801115
Prior correlation,1140,2325,ENSMUSG00000027805,Pfn2,F,0.0306726211195236,240,0.210526315789474,1.25047558655675
Prior correlation,1141,2094,ENSMUSG00000044477,Zfand3,F,0.0306591812196092,240,0.21034180543383,1.24937963950456
Prior correlation,1142,452,ENSMUSG00000017314,Mpp2,F,0.0306388473767266,240,0.21015761821366,1.24828561179921
Prior correlation,1143,988,ENSMUSG00000048078,Tenm4,F,0.0306286717499165,240,0.20997375328084,1.24719349840306
Prior correlation,1144,960,ENSMUSG00000049303,Syt12,T,0.0306271905032138,241,0.210664335664336,1.25129539135563
Prior correlation,1145,1983,ENSMUSG00000069729,Arid1b,F,0.0306075715754653,241,0.210480349344978,1.2502025569527
Prior correlation,1146,1989,ENSMUSG00000061904,Slc25a3,F,0.0305890762214625,241,0.210296684118674,1.24911162976513
Prior correlation,1147,942,ENSMUSG00000034656,Cacna1a,T,0.0305688637678853,242,0.210985178727114,1.25320112183696
Prior correlation,1148,2407,ENSMUSG00000031684,Slc10a7,F,0.03054693976666,242,0.210801393728223,1.25210948322908
Prior correlation,1149,231,ENSMUSG00000021371,Mcur1,T,0.030516128470937,243,0.211488250652742,1.25618924785303
Prior correlation,1150,261,ENSMUSG00000074925,Ptar1,F,0.0305072769845905,243,0.211304347826087,1.25509690937664
Prior correlation,1151,1542,ENSMUSG00000041417,Pik3r1,F,0.0305065563813176,243,0.211120764552563,1.25400646896884
Prior correlation,1152,1663,ENSMUSG00000021413,Prpf4b,F,0.0304845994249302,243,0.2109375,1.25291792168675
Prior correlation,1153,2011,ENSMUSG00000001211,Agpat3,F,0.0304757764781427,243,0.210754553339115,1.25183126260462
Prior correlation,1154,1138,ENSMUSG00000037386,Rims2,T,0.0304752993994017,244,0.211438474870017,1.25589359169781
Prior correlation,1155,1035,ENSMUSG00000048355,Arxes1,T,0.0304641845422453,245,0.212121212121212,1.25994888645491
Prior correlation,1156,550,ENSMUSG00000028195,Cyr61,F,0.0304556198419434,245,0.211937716262976,1.25885896527286
Prior correlation,1157,460,ENSMUSG00000059003,Grin2a,T,0.0304097257181727,246,0.212618841832325,1.26290468702815
Prior correlation,1158,1047,ENSMUSG00000029311,Hsd17b11,F,0.0304071735970248,246,0.212435233160622,1.26181409576128
Prior correlation,1159,340,ENSMUSG00000029229,Chic2,F,0.0304002208721258,246,0.212251941328732,1.26072538644656
Prior correlation,1160,2371,ENSMUSG00000031822,Gse1,F,0.0303551911252655,246,0.212068965517241,1.25963855421687
Prior correlation,1161,828,ENSMUSG00000109097,Gm29683,F,0.0303292333139587,246,0.211886304909561,1.25855359422185
Prior correlation,1162,380,ENSMUSG00000018217,Pmp22,F,0.0303241514230227,246,0.21170395869191,1.25747050162785
Prior correlation,1163,1771,ENSMUSG00000040055,Gjb6,F,0.0302899280084216,246,0.21152192605331,1.25638927161786
Prior correlation,1164,2603,ENSMUSG00000031059,Ndufb11,F,0.0302843395099058,246,0.211340206185567,1.25530989939138
Prior correlation,1165,1136,ENSMUSG00000003534,Ddr1,F,0.0302757520063446,246,0.211158798283262,1.25423238016443
Prior correlation,1166,2501,ENSMUSG00000027962,Vcam1,F,0.0302286953671372,246,0.210977701543739,1.25315670916944
Prior correlation,1167,1686,ENSMUSG00000033713,Foxn3,T,0.0302121626521952,247,0.21165381319623,1.25717264946676
Prior correlation,1168,443,ENSMUSG00000022947,Cbr3,F,0.0302033522092031,247,0.211472602739726,1.2560963030203
Prior correlation,1169,278,ENSMUSG00000021670,Hmgcr,F,0.0301893564819207,247,0.211291702309666,1.25502179805621
Prior correlation,1170,904,ENSMUSG00000001663,Gstt1,F,0.0301856595528871,247,0.211111111111111,1.25394912985274
Prior correlation,1171,1228,ENSMUSG00000052572,Dlg2,T,0.0301743088631234,248,0.211784799316823,1.25795067546017
Prior correlation,1172,2197,ENSMUSG00000025931,Paqr8,F,0.0301595189829121,248,0.21160409556314,1.25687733870636
Prior correlation,1173,1456,ENSMUSG00000026077,Npas2,T,0.030141218300322,249,0.21227621483376,1.26086956521739
Prior correlation,1174,2287,ENSMUSG00000021290,2010107E04Rik,F,0.0301247436693626,249,0.212095400340716,1.25979557069847
Prior correlation,1175,556,ENSMUSG00000061533,Cep128,T,0.0301194730920506,250,0.212765957446809,1.26377851832863
Prior correlation,1176,2214,ENSMUSG00000012405,Rpl15,F,0.0301188979993736,250,0.212585034013605,1.26270387673142
Prior correlation,1177,1854,ENSMUSG00000028053,Ash1l,F,0.0300889893039522,250,0.212404418011895,1.26163106120318
Prior correlation,1178,2503,ENSMUSG00000038518,Jarid2,F,0.0300827287901038,250,0.212224108658744,1.2605600670935
Prior correlation,1179,1795,ENSMUSG00000039197,Adk,F,0.0300627775869057,250,0.212044105173876,1.25949088976772
Prior correlation,1180,1019,ENSMUSG00000060206,Zfp462,T,0.0300455946942641,251,0.21271186440678,1.26345721870533
Prior correlation,1181,2695,ENSMUSG00000007815,Rhoa,T,0.0300195872140296,252,0.21337849280271,1.2674168307438
Prior correlation,1182,1683,ENSMUSG00000032228,Tcf12,T,0.0300180034609972,253,0.214043993231811,1.27136974293112
Prior correlation,1183,1743,ENSMUSG00000008035,Mid1ip1,F,0.0300080785863351,253,0.213863060016906,1.27029504323295
Prior correlation,1184,2804,ENSMUSG00000074305,Peak1,F,0.0300024807376949,253,0.213682432432432,1.26922215890589
Prior correlation,1185,511,ENSMUSG00000101299,Gm28175,F,0.0299907534777512,253,0.213502109704641,1.26815108535407
Prior correlation,1186,1526,ENSMUSG00000026872,Zeb2,T,0.0299874459903904,254,0.214165261382799,1.27209004652675
Prior correlation,1187,351,ENSMUSG00000024620,Pdgfrb,F,0.0299815597751808,254,0.213984835720303,1.27101836156758
Prior correlation,1188,2946,ENSMUSG00000024293,Esco1,F,0.0299468512212195,254,0.213804713804714,1.26994848079185
Prior correlation,1189,949,ENSMUSG00000060275,Nrg2,T,0.0299408013827207,255,0.214465937762826,1.27387599177197
Prior correlation,1190,1048,ENSMUSG00000035606,Ky,F,0.0299276925038886,255,0.214285714285714,1.27280550774527
Prior correlation,1191,1668,ENSMUSG00000061731,Ext1,F,0.0299185197333393,255,0.214105793450882,1.27173682134078
Prior correlation,1192,1493,ENSMUSG00000053819,Camk2d,T,0.0298809354662579,256,0.214765100671141,1.27565294735991
Prior correlation,1193,1917,ENSMUSG00000031231,Cox7b,F,0.0298777908620083,256,0.214585079631182,1.27458366576112
Prior correlation,1194,400,ENSMUSG00000060445,Sycp2,F,0.0298516762026342,256,0.214405360134003,1.27351617525378
Prior correlation,1195,2469,ENSMUSG00000034101,Ctnnd1,F,0.0298320659045359,256,0.214225941422594,1.27245047134143
Prior correlation,1196,1626,ENSMUSG00000024593,Megf10,F,0.0298148991785481,256,0.214046822742475,1.27138654954265
Prior correlation,1197,2730,ENSMUSG00000064105,Cnnm2,F,0.0298018488451876,256,0.213868003341688,1.27032440539099
Prior correlation,1198,963,ENSMUSG00000020101,Vsir,F,0.0297993206594374,256,0.213689482470785,1.2692640344349
Prior correlation,1199,492,ENSMUSG00000028698,Pik3r3,F,0.0297912248323384,256,0.213511259382819,1.26820543223771
Prior correlation,1200,938,ENSMUSG00000026443,Lrrn2,F,0.0297779472215648,256,0.213333333333333,1.26714859437751
Prior correlation,1201,2497,ENSMUSG00000028439,Fam219a,F,0.0297695894674712,256,0.21315570358035,1.26609351644714
Prior correlation,1202,1204,ENSMUSG00000000957,Mmp14,F,0.0297464618588766,256,0.212978369384359,1.26504019405409
Prior correlation,1203,2015,ENSMUSG00000038056,Kmt2c,T,0.0297427943723437,257,0.213632585203658,1.26892607837835
Prior correlation,1204,479,ENSMUSG00000028785,Hpca,T,0.0297252780262298,258,0.214285714285714,1.27280550774527
Prior correlation,1205,1117,ENSMUSG00000022265,Ank,F,0.0297035834346577,258,0.214107883817427,1.27174923761436
Prior correlation,1206,349,ENSMUSG00000022537,Tmem44,T,0.029701327153678,259,0.214759535655058,1.27561989250534
Prior correlation,1207,2850,ENSMUSG00000033184,Tmed7,F,0.0296864812802909,259,0.214581607290804,1.27456304089598
Prior correlation,1208,2306,ENSMUSG00000058558,Rpl5,F,0.0296806861479934,259,0.214403973509934,1.27350793904093
Prior correlation,1209,925,ENSMUSG00000025350,Rdh5,F,0.0296673798344792,259,0.214226633581472,1.27245458259838
Prior correlation,1210,1556,ENSMUSG00000027111,Itga6,F,0.0296618663651056,259,0.21404958677686,1.27140296724086
Prior correlation,1211,1003,ENSMUSG00000032348,Gsta4,F,0.0296521363775506,259,0.213872832369942,1.2703530886552
Prior correlation,1212,1814,ENSMUSG00000024639,Gnaq,T,0.0296399525850007,260,0.214521452145215,1.27420573382639
Prior correlation,1213,542,ENSMUSG00000053414,Hunk,F,0.0296318259662963,260,0.21434460016488,1.27315527567815
Prior correlation,1214,2665,ENSMUSG00000027828,Ssr3,F,0.0295894431240679,260,0.214168039538715,1.27210654810345
Prior correlation,1215,554,ENSMUSG00000024330,Col11a2,F,0.0295512113325622,260,0.213991769547325,1.27105954682929
Prior correlation,1216,1442,ENSMUSG00000056073,Grik2,T,0.029542101302361,261,0.214638157894737,1.27489893785669
Prior correlation,1217,2912,ENSMUSG00000046516,Cox17,F,0.0295119145209963,261,0.214461791290058,1.27385136272287
Prior correlation,1218,1462,ENSMUSG00000020614,Fam20a,F,0.0295114450041164,261,0.214285714285714,1.27280550774527
Prior correlation,1219,381,ENSMUSG00000022388,Ttll8,F,0.0295064123715651,261,0.214109926168991,1.27176136869051
Prior correlation,1220,1659,ENSMUSG00000099083,Atf7,F,0.0295028151111014,261,0.213934426229508,1.27071894133913
Prior correlation,1221,404,ENSMUSG00000031214,Ophn1,F,0.0295002634302615,261,0.213759213759214,1.26967822148545
Prior correlation,1222,2004,ENSMUSG00000029823,Luc7l2,F,0.02949641563417,261,0.213584288052373,1.26863920493759
Prior correlation,1223,1602,ENSMUSG00000020817,Rabep1,T,0.0294839720932495,262,0.214227309893704,1.27245859973007
Prior correlation,1224,947,ENSMUSG00000028804,Csmd2,F,0.0294806471764664,262,0.214052287581699,1.27141900937082
Prior correlation,1225,1737,ENSMUSG00000021615,Xrcc4,F,0.0294756094005693,262,0.213877551020408,1.27038111630194
Prior correlation,1226,1317,ENSMUSG00000023019,Gpd1,F,0.0294566003502751,262,0.213703099510604,1.26934491637021
Prior correlation,1227,1925,ENSMUSG00000020044,Timp3,F,0.0294439230402755,262,0.213528932355338,1.26831040543592
Prior correlation,1228,1873,ENSMUSG00000028655,Mfsd2a,F,0.0294393258687433,262,0.213355048859935,1.26727757937287
Prior correlation,1229,2165,ENSMUSG00000064302,Clasp1,F,0.0294207711966072,262,0.213181448331977,1.26624643406825
Prior correlation,1230,2026,ENSMUSG00000062202,Btbd9,F,0.0294157078286794,262,0.213008130081301,1.26521696542267
Prior correlation,1231,1274,ENSMUSG00000023004,Tuba1b,T,0.0293967567375792,263,0.213647441104793,1.26901431885136
Prior correlation,1232,1768,ENSMUSG00000020954,Strn3,F,0.0293868447489354,263,0.213474025974026,1.26798427476138
Prior correlation,1233,931,ENSMUSG00000052914,Cyp2j6,F,0.0293824059884068,263,0.213300892133009,1.26695590146474
Prior correlation,1234,2376,ENSMUSG00000010517,Faf1,F,0.029369646909292,263,0.213128038897893,1.26592919489953
Prior correlation,1235,1073,ENSMUSG00000011179,Odc1,F,0.029365290880649,263,0.212955465587045,1.26490415101702
Prior correlation,1236,228,ENSMUSG00000036564,Ndrg4,F,0.0293551882701101,263,0.212783171521036,1.26388076578157
Prior correlation,1237,1087,ENSMUSG00000051497,Kcnj16,F,0.0293457626529466,263,0.212611156022635,1.26285903517059
Prior correlation,1238,980,ENSMUSG00000037306,Man1c1,F,0.0293409872204942,263,0.212439418416801,1.26183895517449
Prior correlation,1239,2265,ENSMUSG00000042109,Csdc2,F,0.0293364247238164,263,0.21226795803067,1.26082052179663
Prior correlation,1240,2664,ENSMUSG00000031751,Amfr,F,0.0293261937773319,263,0.212096774193548,1.25980373105325
Prior correlation,1241,2358,ENSMUSG00000034640,Tiparp,F,0.0292913788810652,263,0.211925866236906,1.25878857897343
Prior correlation,1242,331,ENSMUSG00000046818,Ddit4l,F,0.0292904145131931,263,0.211755233494364,1.25777506159905
Prior correlation,1243,993,ENSMUSG00000034762,Glis1,T,0.0292737746931314,264,0.212389380530973,1.26154174219
Prior correlation,1244,2335,ENSMUSG00000062683,Atp5g2,F,0.0292543588952866,264,0.212218649517685,1.26052764111107
Prior correlation,1245,392,ENSMUSG00000007617,Homer1,T,0.0292462893563023,265,0.21285140562249,1.26428605990226
Prior correlation,1246,1444,ENSMUSG00000028525,Pde4b,T,0.0292398348520099,266,0.213483146067416,1.26803844591851
Prior correlation,1247,2192,ENSMUSG00000021767,Kat6b,T,0.0291959571153922,267,0.21411387329591,1.2717848136733
Prior correlation,1248,1622,ENSMUSG00000024985,Tcf7l2,T,0.029180438852158,268,0.21474358974359,1.27552517763361
Prior correlation,1249,477,ENSMUSG00000062753,AI413582,F,0.0291662071343737,268,0.214571657325861,1.2745039405018
Prior correlation,1250,1021,ENSMUSG00000085631,9630028H03Rik,F,0.0291555492632604,268,0.2144,1.2734843373494
Prior correlation,1251,2982,ENSMUSG00000029426,Scarb2,F,0.0291534022047037,268,0.214228617106315,1.27246636425799
Prior correlation,1252,1420,ENSMUSG00000032878,Ccdc85a,F,0.0291383696165111,268,0.21405750798722,1.27145001732168
Prior correlation,1253,2126,ENSMUSG00000022474,Pmm1,F,0.0291329975187083,268,0.213886671987231,1.27043529264704
Prior correlation,1254,2580,ENSMUSG00000006941,Eif1b,F,0.0291107659872168,268,0.213716108452951,1.26942218635307
Prior correlation,1255,1787,ENSMUSG00000019841,Rev3l,F,0.029106767005213,268,0.213545816733068,1.26841069457111
Prior correlation,1256,481,ENSMUSG00000031605,Klhl2,F,0.0291063156784097,268,0.213375796178344,1.26740081344486
Prior correlation,1257,923,ENSMUSG00000063873,Slc24a3,T,0.0290846001275928,269,0.214001591089897,1.27111788442553
Prior correlation,1258,451,ENSMUSG00000045589,Frrs1l,F,0.0290833497563265,269,0.213831478537361,1.27010745685444
Prior correlation,1259,466,ENSMUSG00000066607,6030419C18Rik,F,0.0290780096849885,269,0.213661636219222,1.26909863441056
Prior correlation,1260,436,ENSMUSG00000045659,Plekha7,F,0.0290739688997524,269,0.213492063492063,1.26809141327214
Prior correlation,1261,2745,ENSMUSG00000097649,Gm10561,F,0.0290585339439651,269,0.213322759714512,1.26708578962957
Prior correlation,1262,991,ENSMUSG00000041119,Pde9a,T,0.0290547708494642,270,0.213946117274168,1.27078838332729
Prior correlation,1263,429,ENSMUSG00000030541,Idh2,F,0.0290179975483849,270,0.213776722090261,1.269782216753
Prior correlation,1264,2532,ENSMUSG00000039286,Fndc3b,F,0.0290133546976473,270,0.213607594936709,1.26877764221443
Prior correlation,1265,901,ENSMUSG00000074749,Kiz,F,0.0289696787767577,270,0.213438735177866,1.267774655936
Prior correlation,1266,522,ENSMUSG00000114407,Gm48765,F,0.028943722735978,270,0.213270142180095,1.26677325415406
Prior correlation,1267,2666,ENSMUSG00000049612,Omg,F,0.0289415291830373,270,0.21310181531176,1.26577343311684
Prior correlation,1268,1953,ENSMUSG00000026131,Dst,F,0.0289381605855899,270,0.212933753943218,1.26477518908441
Prior correlation,1269,418,ENSMUSG00000039195,1110008P14Rik,F,0.0289212387750227,270,0.212765957446809,1.26377851832863
Prior correlation,1270,1938,ENSMUSG00000058997,Vwa8,F,0.028914806299342,270,0.21259842519685,1.2627834171331
Prior correlation,1271,297,ENSMUSG00000026833,Olfm1,F,0.0289116029056968,270,0.21243115656963,1.2617898817931
Prior correlation,1272,1508,ENSMUSG00000034055,Phka1,F,0.0289108254855749,270,0.212264150943396,1.26079790861559
Prior correlation,1273,347,ENSMUSG00000029669,Tspan12,T,0.0288986937260181,271,0.212882953652789,1.2644734476003
Prior correlation,1274,2492,ENSMUSG00000020859,Spag9,F,0.0288682542667813,271,0.212715855572998,1.26348092527094
Prior correlation,1275,953,ENSMUSG00000097462,9530026P05Rik,F,0.0288631908027897,271,0.212549019607843,1.26248995983936
Prior correlation,1276,2681,ENSMUSG00000021270,Hsp90aa1,F,0.0288426792062527,271,0.212382445141066,1.26150054764513
Prior correlation,1277,1080,ENSMUSG00000029772,Ahcyl2,F,0.02883079213725,271,0.21221613155834,1.2605126850393
Prior correlation,1278,1857,ENSMUSG00000033769,Exoc6b,T,0.0288294990457683,272,0.21283255086072,1.26417406716066
Prior correlation,1279,444,ENSMUSG00000047992,Fam69c,F,0.0288292192171722,272,0.212666145426114,1.2631856589768
Prior correlation,1280,1102,ENSMUSG00000052544,St6galnac3,F,0.0288215248602503,272,0.2125,1.26219879518072
Prior correlation,1281,2211,ENSMUSG00000022199,Slc22a17,F,0.0287680487574254,272,0.212334113973458,1.2612134721556
Prior correlation,1282,2577,ENSMUSG00000020564,Atxn7l1,F,0.0287680034318385,272,0.21216848673947,1.26022968629589
Prior correlation,1283,1845,ENSMUSG00000032470,Mras,F,0.0287631811012452,272,0.212003117692907,1.25924743400727
Prior correlation,1284,449,ENSMUSG00000037458,Azin1,F,0.0287589791844519,272,0.21183800623053,1.25826671170664
Prior correlation,1285,2540,ENSMUSG00000073676,Hspe1,F,0.0287514976295917,272,0.211673151750973,1.25728751582204
Prior correlation,1286,2160,ENSMUSG00000039477,Tnrc18,F,0.0287253700255063,272,0.211508553654743,1.25630984279263
Prior correlation,1287,1005,ENSMUSG00000026482,Rgl1,F,0.0287177867443512,272,0.211344211344211,1.25533368906863
Prior correlation,1288,1821,ENSMUSG00000056763,Cspp1,F,0.0286772987541103,272,0.211180124223602,1.25435905111128
Prior correlation,1289,2381,ENSMUSG00000028496,Mllt3,F,0.028676008526851,272,0.211016291698991,1.2533859253928
Prior correlation,1290,967,ENSMUSG00000026773,Pfkfb3,F,0.0286312720183712,272,0.210852713178295,1.25241430839638
Prior correlation,1291,462,ENSMUSG00000046093,Hpcal4,T,0.0286048711568303,273,0.21146398140976,1.25604509439773
Prior correlation,1292,383,ENSMUSG00000032193,Ldlr,F,0.0285945136156758,273,0.211300309597523,1.25507292327204
Prior correlation,1293,445,ENSMUSG00000030042,Pole4,F,0.0285705421671462,273,0.211136890951276,1.25410225589131
Prior correlation,1294,1976,ENSMUSG00000015222,Map2,T,0.0285538764949177,274,0.211746522411128,1.25772331986369
Prior correlation,1295,503,ENSMUSG00000070366,Plpp4,F,0.0285367308199817,274,0.211583011583012,1.25675210494488
Prior correlation,1296,1704,ENSMUSG00000048402,Gli2,T,0.028514640776073,275,0.212191358024691,1.26036553621895
Prior correlation,1297,1001,ENSMUSG00000033342,Plppr5,F,0.0284947356416566,275,0.212027756360833,1.25939378175772
Prior correlation,1298,2993,ENSMUSG00000020219,Timm13,F,0.0284878159856731,275,0.211864406779661,1.2584235246069
Prior correlation,1299,1855,ENSMUSG00000025812,Pard3,T,0.0284641096667018,276,0.212471131639723,1.26202732407691
Prior correlation,1300,1617,ENSMUSG00000039960,Rhou,T,0.0284501117738033,277,0.213076923076923,1.26562557924004
Prior correlation,1301,1517,ENSMUSG00000023965,Fbxl17,F,0.028440982220069,277,0.212913143735588,1.26465276941741
Prior correlation,1302,1822,ENSMUSG00000057716,Tmem178b,T,0.0284238520547209,278,0.213517665130568,1.26824348083579
Prior correlation,1303,312,ENSMUSG00000021474,Sfxn1,F,0.0284232879084301,278,0.213353798925556,1.26727015506385
Prior correlation,1304,1089,ENSMUSG00000062098,Btbd3,F,0.0284216501623919,278,0.21319018404908,1.26629832212285
Prior correlation,1305,2816,ENSMUSG00000048758,Rpl29,F,0.028419168656236,278,0.213026819923372,1.26532797858099
Prior correlation,1306,431,ENSMUSG00000048058,Ldlrad3,F,0.0284115079022585,278,0.212863705972435,1.26435912101699
Prior correlation,1307,2096,ENSMUSG00000022463,Srebf2,F,0.0284085365615759,278,0.212700841622035,1.26339174602004
Prior correlation,1308,2736,ENSMUSG00000029840,Mtpn,F,0.0283610008316229,278,0.212538226299694,1.26242585018975
Prior correlation,1309,1852,ENSMUSG00000052812,Atad2b,F,0.0283393788647463,278,0.212375859434683,1.26146143013613
Prior correlation,1310,1415,ENSMUSG00000101609,Kcnq1ot1,F,0.0283321221047518,278,0.212213740458015,1.26049848247954
Prior correlation,1311,2683,ENSMUSG00000041126,H2afv,T,0.0283319253332424,279,0.212814645308924,1.26406771249759
Prior correlation,1312,2005,ENSMUSG00000066551,Hmgb1,F,0.0283160080907566,279,0.21265243902439,1.26310424625331
Prior correlation,1313,1077,ENSMUSG00000026991,Pkp4,F,0.0283134680501149,279,0.212490479817213,1.26214224758898
Prior correlation,1314,468,ENSMUSG00000029695,Aass,F,0.0282929865815491,279,0.212328767123288,1.26118171315399
Prior correlation,1315,519,ENSMUSG00000019647,Sema6a,F,0.0282912519827147,279,0.212167300380228,1.26022263960786
Prior correlation,1316,1943,ENSMUSG00000003452,Bicd1,F,0.0282850432481883,279,0.212006079027356,1.25926502362032
Prior correlation,1317,421,ENSMUSG00000040848,Sft2d2,F,0.0282705929073168,279,0.211845102505695,1.25830886187117
Prior correlation,1318,316,ENSMUSG00000024480,Ap3s1,F,0.0282651693403931,279,0.211684370257967,1.25735415105033
Prior correlation,1319,1749,ENSMUSG00000000085,Scmh1,T,0.0282337463849279,280,0.212282031842305,1.26090411684646
Prior correlation,1320,500,ENSMUSG00000060798,Intu,F,0.0282289151837879,280,0.212121212121212,1.25994888645491
Prior correlation,1321,378,ENSMUSG00000022475,Hdac7,T,0.0281993385044758,281,0.212717638152914,1.26349151336611
Prior correlation,1322,361,ENSMUSG00000013921,Clip3,F,0.028198178707503,281,0.212556732223903,1.26253577092029
Prior correlation,1323,1784,ENSMUSG00000030760,Acer3,F,0.0281726293237343,281,0.212396069538927,1.26158147328543
Prior correlation,1324,1891,ENSMUSG00000030643,Rab30,T,0.0281650507646812,282,0.212990936555891,1.26511484002475
Prior correlation,1325,2895,ENSMUSG00000091537,Tma7,F,0.0281596117833625,282,0.212830188679245,1.2641600363719
Prior correlation,1326,2246,ENSMUSG00000005506,Celf1,F,0.0281331243134387,282,0.212669683257919,1.26320667284523
Prior correlation,1327,1450,ENSMUSG00000019856,Fam184a,F,0.0281276565439377,282,0.212509419743783,1.26225474618898
Prior correlation,1328,1529,ENSMUSG00000039959,Hip1,F,0.0281258844566354,282,0.212349397590361,1.26130425315721
Prior correlation,1329,475,ENSMUSG00000037813,D630003M21Rik,F,0.0281195590029418,282,0.212189616252822,1.26035519051375
Prior correlation,1330,1056,ENSMUSG00000039830,Olig2,F,0.028109478433001,282,0.21203007518797,1.25940755503216
Prior correlation,1331,538,ENSMUSG00000043557,Mdga1,F,0.0281012903339698,282,0.211870773854245,1.2584613434957
Prior correlation,1332,1646,ENSMUSG00000028559,Osbpl9,T,0.0280840374212294,283,0.212462462462462,1.26197583125294
Prior correlation,1333,2389,ENSMUSG00000020777,Acox1,F,0.0280611260478682,283,0.212303075768942,1.26102911269986
Prior correlation,1334,1479,ENSMUSG00000045658,Pid1,F,0.0280571865086596,283,0.212143928035982,1.26008381351493
Prior correlation,1335,2204,ENSMUSG00000029614,Rpl6,F,0.0280499495302793,283,0.211985018726592,1.25913993050855
Prior correlation,1336,354,ENSMUSG00000021417,Eci2,F,0.0280265910958841,283,0.211826347305389,1.25819746050069
Prior correlation,1337,2877,ENSMUSG00000062647,Rpl7a,F,0.0280229002947779,283,0.211667913238594,1.2572564003208
Prior correlation,1338,1072,ENSMUSG00000029095,Ablim2,T,0.0280224419469947,284,0.212257100149477,1.2607560285987
Prior correlation,1339,1807,ENSMUSG00000021027,Ralgapa1,F,0.0280022676566281,284,0.21209858103062,1.25981446323007
Prior correlation,1340,1755,ENSMUSG00000053768,Chchd3,F,0.028000961748595,284,0.211940298507463,1.25887430318288
Prior correlation,1341,1744,ENSMUSG00000028128,F3,F,0.027987086171602,284,0.211782252050708,1.25793554531324
Prior correlation,1342,1995,ENSMUSG00000020048,Hsp90b1,F,0.0279402019660402,284,0.211624441132638,1.25699818648663
Prior correlation,1343,482,ENSMUSG00000034066,Farp2,F,0.0279039729080717,284,0.211466865227104,1.25606222357786
Prior correlation,1344,2440,ENSMUSG00000021957,Tkt,F,0.0278975382021902,284,0.211309523809524,1.25512765347103
Prior correlation,1345,1093,ENSMUSG00000044550,Tceal3,F,0.027853962249117,284,0.211152416356877,1.25419447305952
Prior correlation,1346,423,ENSMUSG00000027160,Ccdc34,F,0.0278505680060035,284,0.210995542347697,1.25326267924596
Prior correlation,1347,1434,ENSMUSG00000097971,Gm26917,F,0.0278385409632617,284,0.210838901262064,1.25233226894214
Prior correlation,1348,379,ENSMUSG00000024530,Prelid3a,F,0.0278242623177243,284,0.210682492581602,1.25140323906904
Prior correlation,1349,2844,ENSMUSG00000018363,Smurf2,F,0.0277987782905852,284,0.210526315789474,1.25047558655675
Prior correlation,1350,974,ENSMUSG00000047935,Sox1ot,T,0.0277472700071527,285,0.211111111111111,1.25394912985274
Prior correlation,1351,2285,ENSMUSG00000039953,Clstn1,F,0.0277193446086905,285,0.210954848260548,1.2530209661741
Prior correlation,1352,1596,ENSMUSG00000042331,Specc1,F,0.0277152713623227,285,0.210798816568047,1.25209417551864
Prior correlation,1353,329,ENSMUSG00000024413,Npc1,F,0.0277065138449108,285,0.210643015521064,1.25116875484198
Prior correlation,1354,406,ENSMUSG00000028991,Mtor,F,0.0277004666064787,285,0.210487444608567,1.25024470110872
Prior correlation,1355,1100,ENSMUSG00000013523,Bcas1,F,0.0276775825556579,285,0.210332103321033,1.2493220112924
Prior correlation,1356,941,ENSMUSG00000040649,Rimklb,F,0.0276714336638061,285,0.210176991150442,1.24840068237552
Prior correlation,1357,428,ENSMUSG00000032640,Chsy1,F,0.0276712893912393,285,0.210022107590273,1.24748071134945
Prior correlation,1358,465,ENSMUSG00000035184,Fam124a,F,0.027660998649846,285,0.209867452135493,1.24656209521444
Prior correlation,1359,1350,ENSMUSG00000015806,Qdpr,F,0.0276520860087448,285,0.209713024282561,1.24564483097955
Prior correlation,1360,1037,ENSMUSG00000034648,Lrrn1,F,0.0276496431114061,285,0.209558823529412,1.24472891566265
Prior correlation,1361,483,ENSMUSG00000022421,Nptxr,F,0.027627986967124,285,0.209404849375459,1.24381434629038
Prior correlation,1362,322,ENSMUSG00000021986,Amer2,F,0.027608120666189,285,0.209251101321586,1.24290111989809
Prior correlation,1363,273,ENSMUSG00000027273,Snap25,T,0.0276042863575547,286,0.209831254585473,1.24634709048962
Prior correlation,1364,2109,ENSMUSG00000028648,Ndufs5,F,0.0275693242202306,286,0.209677419354839,1.24543334628838
Prior correlation,1365,1625,ENSMUSG00000024921,Smarca2,T,0.0275632191200479,287,0.21025641025641,1.24887241272783
Prior correlation,1366,2447,ENSMUSG00000115337,AC134414.1,F,0.0275570823240134,287,0.210102489019034,1.24795815766727
Prior correlation,1367,2615,ENSMUSG00000059824,Dbp,F,0.0275419894315305,287,0.209948792977323,1.2470452402147
Prior correlation,1368,939,ENSMUSG00000001761,Smo,F,0.0275197973448028,287,0.209795321637427,1.24613365743676
Prior correlation,1369,366,ENSMUSG00000005583,Mef2c,T,0.0275193543677288,288,0.210372534696859,1.24956216392231
Prior correlation,1370,524,ENSMUSG00000032849,Abcc4,F,0.0275102853143346,288,0.21021897810219,1.24865007475156
Prior correlation,1371,2967,ENSMUSG00000029713,Gnb2,F,0.0274970827675302,288,0.210065645514223,1.24773931612665
Prior correlation,1372,517,ENSMUSG00000004317,Clcn5,F,0.0274845733180602,288,0.209912536443149,1.24682988513822
Prior correlation,1373,2987,ENSMUSG00000032959,Pebp1,F,0.0274583107976319,288,0.209759650400583,1.24592177888539
Prior correlation,1374,2719,ENSMUSG00000009569,Mkl2,F,0.0274572943840045,288,0.209606986899563,1.24501499447572
Prior correlation,1375,2636,ENSMUSG00000113902,AC121965.1,F,0.0274432740345169,288,0.209454545454545,1.24410952902519
Prior correlation,1376,1964,ENSMUSG00000021130,Galnt16,F,0.0274332053256059,288,0.209302325581395,1.24320537965817
Prior correlation,1377,2258,ENSMUSG00000037210,Fam193a,F,0.0274218405782029,288,0.209150326797386,1.24230254350736
Prior correlation,1378,1461,ENSMUSG00000047361,Gm973,F,0.0274137142189128,288,0.20899854862119,1.24140101771382
Prior correlation,1379,1736,ENSMUSG00000037266,Rsrp1,F,0.0274041770687124,288,0.208846990572879,1.24050079942686
Prior correlation,1380,480,ENSMUSG00000040972,Igsf21,F,0.0274022226079995,288,0.208695652173913,1.23960188580409
Prior correlation,1381,446,ENSMUSG00000063558,Aox1,F,0.0274002127055522,288,0.20854453294714,1.23870427401132
Prior correlation,1382,2749,ENSMUSG00000025375,Aatk,F,0.027394658494704,288,0.208393632416787,1.2378079612226
Prior correlation,1383,2596,ENSMUSG00000000416,Cttnbp2,F,0.0273940419196653,288,0.20824295010846,1.23691294462013
Prior correlation,1384,2179,ENSMUSG00000033059,Pygb,F,0.02738950367541,288,0.208092485549133,1.23601922139425
Prior correlation,1385,1028,ENSMUSG00000022449,Adamts20,F,0.0273890444412286,288,0.207942238267148,1.23512678874342
Prior correlation,1386,1224,ENSMUSG00000021756,Il6st,F,0.027369183585714,288,0.207792207792208,1.2342356438742
Prior correlation,1387,958,ENSMUSG00000038178,Slc43a2,F,0.0273615721043172,288,0.207642393655371,1.23334578400118
Prior correlation,1388,1808,ENSMUSG00000028957,Per3,F,0.0273553653571916,288,0.207492795389049,1.232457206347
Prior correlation,1389,2177,ENSMUSG00000045038,Prkce,T,0.0273319749246654,289,0.208063354931605,1.23584619254556
Prior correlation,1390,1499,ENSMUSG00000022883,Robo1,F,0.0272968013199184,289,0.207913669064748,1.23495709456531
Prior correlation,1391,997,ENSMUSG00000030337,Vamp1,F,0.0272937554557875,289,0.207764198418404,1.23406927494305
Prior correlation,1392,1205,ENSMUSG00000116305,AC162302.2,F,0.027289267867892,289,0.207614942528736,1.23318273092369
Prior correlation,1393,566,ENSMUSG00000087620,5330434G04Rik,F,0.0272874108169281,289,0.207465900933238,1.23229745976007
Prior correlation,1394,2428,ENSMUSG00000042207,Kdm5b,T,0.0272603936845904,290,0.208034433285509,1.23567440493682
Prior correlation,1395,1785,ENSMUSG00000029636,Wasf3,F,0.0272530752589139,290,0.207885304659498,1.23478861683292
Prior correlation,1396,1062,ENSMUSG00000037972,Snn,F,0.0272491233739088,290,0.207736389684814,1.23390409776642
Prior correlation,1397,1647,ENSMUSG00000042302,Ehbp1,F,0.0272378840419219,290,0.207587687902649,1.23302084501212
Prior correlation,1398,1481,ENSMUSG00000020354,Sgcd,F,0.027227474235493,290,0.207439198855508,1.23213885585259
Prior correlation,1399,2102,ENSMUSG00000032536,Trak1,F,0.0272210019860467,290,0.207290922087205,1.23125812757822
Prior correlation,1400,2518,ENSMUSG00000040681,Hmgn1,T,0.0272133712369232,291,0.207857142857143,1.23462134251291
Prior correlation,1401,1931,ENSMUSG00000023861,Mpc1,F,0.0272132243645417,291,0.207708779443255,1.23374009958463
Prior correlation,1402,2702,ENSMUSG00000039221,Rpl22l1,F,0.0271806828318623,291,0.20756062767475,1.23286011377894
Prior correlation,1403,1328,ENSMUSG00000048915,Efna5,F,0.0271750722746722,291,0.207412687099073,1.23198138240775
Prior correlation,1404,1109,ENSMUSG00000007989,Fzd3,F,0.0271662176950269,291,0.207264957264957,1.23110390279065
Prior correlation,1405,2354,ENSMUSG00000035933,Cog5,F,0.0271647749754741,291,0.20711743772242,1.23022767225486
Prior correlation,1406,2965,ENSMUSG00000020267,Hint1,F,0.0271612835606311,291,0.20697012802276,1.22935268813519
Prior correlation,1407,2009,ENSMUSG00000039087,Rreb1,T,0.0271486642404623,292,0.207533759772566,1.23270052491416
Prior correlation,1408,2387,ENSMUSG00000022508,Bcl6,F,0.0271394925133425,292,0.207386363636364,1.23182502738226
Prior correlation,1409,2495,ENSMUSG00000028397,Kdm4c,T,0.0271361822943577,293,0.207948899929028,1.23516635740977
Prior correlation,1410,1860,ENSMUSG00000025041,Nt5c2,F,0.0271283312908211,293,0.207801418439716,1.23429035290097
Prior correlation,1411,557,ENSMUSG00000075020,Mir670hg,F,0.0271218995439673,293,0.207654145995748,1.23341559007113
Prior correlation,1412,2006,ENSMUSG00000046312,AI464131,F,0.0270981198358119,293,0.207507082152975,1.23254206628213
Prior correlation,1413,1590,ENSMUSG00000003992,Ssbp2,F,0.0270804255809498,293,0.207360226468507,1.2316697789033
Prior correlation,1414,2144,ENSMUSG00000063406,Tmed5,F,0.0270784116810798,293,0.207213578500707,1.23079872531143
Prior correlation,1415,1711,ENSMUSG00000026721,Rabgap1l,T,0.0270681324855383,294,0.207773851590106,1.23412661245689
Prior correlation,1416,1791,ENSMUSG00000061436,Hipk2,F,0.0270658977943521,294,0.207627118644068,1.23325505411476
Prior correlation,1417,441,ENSMUSG00000017734,Dbndd2,F,0.0270522623658133,294,0.207480592801694,1.23238472591849
Prior correlation,1418,1950,ENSMUSG00000001521,Tulp3,F,0.0270493852453914,294,0.207334273624824,1.23151562526552
Prior correlation,1419,1068,ENSMUSG00000053062,Jam2,F,0.0270320967391129,294,0.207188160676533,1.23064774956061
Prior correlation,1420,1769,ENSMUSG00000033400,Agl,F,0.0270319368226019,294,0.207042253521127,1.22978109621585
Prior correlation,1421,2839,ENSMUSG00000042541,Sem1,F,0.0270209810170415,294,0.206896551724138,1.2289156626506
Prior correlation,1422,1773,ENSMUSG00000022139,Mbnl2,F,0.0270137244400043,294,0.206751054852321,1.2280514462915
Prior correlation,1423,943,ENSMUSG00000045094,Arhgef37,F,0.0270050477431706,294,0.206605762473647,1.22718844457239
Prior correlation,1424,1124,ENSMUSG00000029381,Shroom3,F,0.0270032826329617,294,0.206460674157303,1.22632665493434
Prior correlation,1425,509,ENSMUSG00000038665,Dgki,F,0.0269860432123386,294,0.206315789473684,1.22546607482562
Prior correlation,1426,1904,ENSMUSG00000031596,Slc7a2,F,0.0269390155400777,294,0.20617110799439,1.22460670170162
Prior correlation,1427,520,ENSMUSG00000036158,Prickle1,F,0.0269370884338492,294,0.206026629292221,1.22374853302488
Prior correlation,1428,2002,ENSMUSG00000038784,Cnot4,F,0.0269221149733833,294,0.205882352941176,1.22289156626506
Prior correlation,1429,1030,ENSMUSG00000022425,Enpp2,F,0.0269072760693391,294,0.205738278516445,1.22203579889888
Prior correlation,1430,326,ENSMUSG00000022332,Khdrbs3,F,0.0269009661078288,294,0.205594405594406,1.22118122841014
Prior correlation,1431,1939,ENSMUSG00000032525,Nktr,F,0.0268939673041763,294,0.205450733752621,1.22032785228966
Prior correlation,1432,2685,ENSMUSG00000027893,Ahcyl1,F,0.0268422993805349,294,0.205307262569832,1.21947566803527
Prior correlation,1433,2386,ENSMUSG00000021238,Aldh6a1,F,0.0267947752652777,294,0.20516399162596,1.21862467315178
Prior correlation,1434,1589,ENSMUSG00000020037,Rfx4,F,0.0267935632708816,294,0.205020920502092,1.21777486515098
Prior correlation,1435,1819,ENSMUSG00000005886,Ncoa2,T,0.0267609089662697,295,0.205574912891986,1.22106544645481
Prior correlation,1436,432,ENSMUSG00000029408,Abcb9,F,0.0267531359453295,295,0.205431754874652,1.22021512232775
Prior correlation,1437,2010,ENSMUSG00000027677,Ttc14,F,0.0267397213817416,295,0.205288796102992,1.21936598167199
Prior correlation,1438,2843,ENSMUSG00000075700,Selenot,T,0.0267390606454972,296,0.205841446453408,1.2226485915847
Prior correlation,1439,950,ENSMUSG00000021589,Rhobtb3,T,0.0267178019284691,297,0.206393328700486,1.22592663914867
Prior correlation,1440,2910,ENSMUSG00000040048,Ndufb10,F,0.0267058812629481,297,0.20625,1.22507530120482
Prior correlation,1441,1041,ENSMUSG00000022791,Tnk2,F,0.0266829014608901,297,0.206106870229008,1.22422514485423
Prior correlation,1442,2825,ENSMUSG00000074607,Tox2,F,0.026589418551223,297,0.205963938973648,1.22337616763865
Prior correlation,1443,2291,ENSMUSG00000042682,Selenok,F,0.0265869321640882,297,0.205821205821206,1.22252836710668
Prior correlation,1444,975,ENSMUSG00000047787,Flrt1,F,0.0265863235488979,297,0.205678670360111,1.22168174081367
Prior correlation,1445,1009,ENSMUSG00000070565,Rasal2,F,0.0265779142293205,297,0.205536332179931,1.22083628632176
Prior correlation,1446,448,ENSMUSG00000021259,Cyp46a1,F,0.0265678149871458,297,0.205394190871369,1.21999200119982
Prior correlation,1447,1598,ENSMUSG00000027167,Elp4,F,0.026554671093267,297,0.205252246026261,1.21914888302346
Prior correlation,1448,2118,ENSMUSG00000006191,Cdkal1,F,0.0265507389122104,297,0.205110497237569,1.21830692937496
Prior correlation,1449,1027,ENSMUSG00000021190,Lgmn,F,0.0265214020794675,297,0.204968944099379,1.2174661378433
Prior correlation,1450,526,ENSMUSG00000056531,Ccdc18,F,0.0265114953778823,297,0.204827586206897,1.2166265060241
Prior correlation,1451,399,ENSMUSG00000062257,Opcml,F,0.0265078470205559,297,0.204686423156444,1.2157880315196
Prior correlation,1452,1012,ENSMUSG00000087700,Gm15283,F,0.0265012839042625,297,0.204545454545455,1.21495071193866
Prior correlation,1453,531,ENSMUSG00000037754,Ppp1r16b,F,0.0264819311231678,297,0.204404679972471,1.21411454489672
Prior correlation,1454,504,ENSMUSG00000016477,E2f3,F,0.026478933014683,297,0.204264099037139,1.21327952801578
Prior correlation,1455,1488,ENSMUSG00000105361,AY036118,F,0.0264736480194536,297,0.204123711340206,1.21244565892436
Prior correlation,1456,533,ENSMUSG00000022091,Sorbs3,F,0.0264687836065356,297,0.203983516483516,1.21161293525751
Prior correlation,1457,2455,ENSMUSG00000037062,Sh3glb1,F,0.0264672103739725,297,0.203843514070007,1.21078135465679
Prior correlation,1458,2283,ENSMUSG00000041650,Pcca,F,0.0264311682244155,297,0.203703703703704,1.20995091477019
Prior correlation,1459,984,ENSMUSG00000026594,Ralgps2,F,0.0264191759973444,297,0.203564084989719,1.20912161325219
Prior correlation,1460,1128,ENSMUSG00000029406,Pitpnm2,T,0.026416039521889,298,0.204109589041096,1.21236177587061
Prior correlation,1461,973,ENSMUSG00000097877,Gm26703,F,0.026412959098401,298,0.203969883641342,1.21153195946002
Prior correlation,1462,1614,ENSMUSG00000021065,Fut8,F,0.0264049793998193,298,0.203830369357045,1.2107032782292
Prior correlation,1463,1908,ENSMUSG00000021373,Cap2,F,0.0263881166954567,298,0.203691045796309,1.20987572985037
Prior correlation,1464,1605,ENSMUSG00000029093,Sorcs2,F,0.026378457151766,298,0.203551912568306,1.20904931200211
Prior correlation,1465,1887,ENSMUSG00000022521,Crebbp,T,0.0263562932349225,299,0.204095563139932,1.21227846539743
Prior correlation,1466,2570,ENSMUSG00000079659,Tmem243,T,0.0263270695736358,300,0.204638472032742,1.2155032133993
Prior correlation,1467,1922,ENSMUSG00000056342,Usp34,F,0.026320540502195,300,0.204498977505112,1.21467464951832
Prior correlation,1468,387,ENSMUSG00000092274,Neat1,F,0.0263064103715309,300,0.204359673024523,1.21384721447096
Prior correlation,1469,2972,ENSMUSG00000015932,Dstn,F,0.026284979292125,300,0.204220558202859,1.21302090595192
Prior correlation,1470,467,ENSMUSG00000003948,Mmd,F,0.0262816174035651,300,0.204081632653061,1.21219572166216
Prior correlation,1471,1664,ENSMUSG00000034853,Acot11,F,0.0262787701745064,300,0.203942895989123,1.21137165930889
Prior correlation,1472,1697,ENSMUSG00000003526,Prodh,F,0.0262572446250612,300,0.203804347826087,1.21054871660555
Prior correlation,1473,1071,ENSMUSG00000021559,Dapk1,F,0.0262400271781274,300,0.203665987780041,1.20972689127181
Prior correlation,1474,506,ENSMUSG00000091542,Gm17167,F,0.0262108801514477,300,0.203527815468114,1.2089061810335
Prior correlation,1475,2561,ENSMUSG00000055943,Emc7,F,0.0261974828642437,300,0.203389830508475,1.20808658362263
Prior correlation,1476,2888,ENSMUSG00000037805,Rpl10a,F,0.0261925235888529,300,0.203252032520325,1.20726809677735
Prior correlation,1477,2592,ENSMUSG00000024646,Cyb5a,F,0.0261662581277484,300,0.2031144211239,1.20645071824196
Prior correlation,1478,1798,ENSMUSG00000028080,Lrba,F,0.0261518258802143,300,0.20297699594046,1.20563444576683
Prior correlation,1479,1018,ENSMUSG00000017639,Rab11fip4,T,0.0261334498770647,301,0.203515889114266,1.20883534136546
Prior correlation,1480,491,ENSMUSG00000084910,C630043F03Rik,F,0.0260995860437667,301,0.203378378378378,1.2080185607294
Prior correlation,1481,1016,ENSMUSG00000071679,Rtl4,F,0.0260969769163062,301,0.203241053342336,1.20720288310568
Prior correlation,1482,1856,ENSMUSG00000014592,Camta1,F,0.0260940675276022,301,0.203103913630229,1.20638830626148
Prior correlation,1483,1182,ENSMUSG00000075284,Wipf1,F,0.0260702404138831,301,0.202966958867161,1.20557482797001
Prior correlation,1484,2141,ENSMUSG00000074748,Atxn7l3b,F,0.02605797054186,301,0.202830188679245,1.20476244601046
Prior correlation,1485,2403,ENSMUSG00000048118,Arid4a,F,0.0260530980976209,301,0.202693602693603,1.20395115816803
Prior correlation,1486,2796,ENSMUSG00000025016,Tm9sf3,F,0.0260500246639142,301,0.202557200538358,1.20314096223386
Prior correlation,1487,1644,ENSMUSG00000056515,Rab31,T,0.0260397227102971,302,0.203093476798924,1.20632631399843
Prior correlation,1488,2549,ENSMUSG00000022323,Rida,F,0.0260248265824391,302,0.202956989247312,1.20551561083042
Prior correlation,1489,510,ENSMUSG00000022964,Tmem50b,T,0.0260225599991945,303,0.203492276695769,1.20869508928933
Prior correlation,1490,302,ENSMUSG00000037503,Fam168b,F,0.0260191956570382,303,0.203355704697987,1.20788388453141
Prior correlation,1491,1471,ENSMUSG00000036833,Pnpla7,F,0.0260129881296641,303,0.203219315895372,1.20707376790866
Prior correlation,1492,523,ENSMUSG00000021614,Vcan,F,0.0260040418926234,303,0.203083109919571,1.20626473723311
Prior correlation,1493,2620,ENSMUSG00000035158,Mitf,F,0.0259900308093483,303,0.202947086403215,1.20545679032271
Prior correlation,1494,1587,ENSMUSG00000027452,Acss1,F,0.025974517405609,303,0.20281124497992,1.20464992500121
Prior correlation,1495,1880,ENSMUSG00000022812,Gsk3b,F,0.0259542966468767,303,0.202675585284281,1.2038441390982
Prior correlation,1496,2806,ENSMUSG00000013622,Atraid,F,0.0259541457641474,303,0.202540106951872,1.20303943044907
Prior correlation,1497,1000,ENSMUSG00000027860,Vangl1,F,0.0259183113001764,303,0.202404809619238,1.20223579689499
Prior correlation,1498,515,ENSMUSG00000044117,2900011O08Rik,F,0.0258923180843021,303,0.202269692923899,1.20143323628292
Prior correlation,1499,2599,ENSMUSG00000030057,Cnbp,F,0.0258911553808046,303,0.202134756504336,1.20063174646551
Prior correlation,1500,376,ENSMUSG00000026825,Dnm1,F,0.0258706924018954,303,0.202,1.1998313253012
Prior correlation,1501,1841,ENSMUSG00000021488,Nsd1,T,0.0258596637290278,304,0.20253164556962,1.20298917187738
Prior correlation,1502,1248,ENSMUSG00000001418,Glmp,F,0.0258347575274325,304,0.202396804260985,1.20218824699597
Prior correlation,1503,2093,ENSMUSG00000016559,H3f3b,F,0.0258294005560233,304,0.202262142381903,1.20138838788287
Prior correlation,1504,1849,ENSMUSG00000039952,Dag1,F,0.0258210773033746,304,0.202127659574468,1.2005895924122
Prior correlation,1505,350,ENSMUSG00000086968,4933431E20Rik,F,0.0258047921538751,304,0.201993355481728,1.19979185846376
Prior correlation,1506,2205,ENSMUSG00000029571,Tmem106b,T,0.0257794948067059,305,0.202523240371846,1.20293924702795
Prior correlation,1507,2585,ENSMUSG00000018326,Ywhab,F,0.0257769129990501,305,0.202388852023889,1.20214101262382
Prior correlation,1508,1777,ENSMUSG00000024420,Zfp521,T,0.0257713533543581,306,0.202917771883289,1.20528266913809
Prior correlation,1509,2995,ENSMUSG00000036698,Ago2,F,0.0257163870492356,306,0.202783300198807,1.20448393973508
Prior correlation,1510,2353,ENSMUSG00000000563,Atp5f1,F,0.0257146871108181,306,0.202649006622517,1.20368626825182
Prior correlation,1511,1105,ENSMUSG00000054863,Fam19a5,F,0.0257075033571418,306,0.202514890800794,1.20288965258785
Prior correlation,1512,2947,ENSMUSG00000037894,H2afz,T,0.0256541981634412,307,0.203042328042328,1.20602250270925
Prior correlation,1513,1036,ENSMUSG00000028176,Lrrc7,T,0.0256341934669275,308,0.203569068076669,1.20915121158792
Prior correlation,1514,2792,ENSMUSG00000024899,Papss2,F,0.0256259357654316,308,0.203434610303831,1.20835256481673
Prior correlation,1515,1310,ENSMUSG00000037720,Tmem33,T,0.0256244518766952,309,0.203960396039604,1.21147560539186
Prior correlation,1516,1653,ENSMUSG00000036585,Fgf1,T,0.0256243217649254,310,0.204485488126649,1.2145945258607
Prior correlation,1517,1156,ENSMUSG00000028677,Rnf220,F,0.0256095276624694,310,0.20435069215557,1.21379387027345
Prior correlation,1518,412,ENSMUSG00000024456,Diaph1,F,0.0255822428121715,310,0.204216073781291,1.21299426956839
Prior correlation,1519,1754,ENSMUSG00000037876,Jmjd1c,T,0.0255779547929135,311,0.204739960500329,1.21610603044171
Prior correlation,1520,486,ENSMUSG00000048644,Ctxn1,F,0.0255705950110368,311,0.204605263157895,1.21530596068484
Prior correlation,1521,1984,ENSMUSG00000040506,Ambra1,F,0.0255544642048827,311,0.204470742932281,1.21450694295921
Prior correlation,1522,442,ENSMUSG00000029446,Psph,F,0.0255461354042705,311,0.204336399474376,1.21370897519117
Prior correlation,1523,321,ENSMUSG00000025867,Cplx2,T,0.0255334099599767,312,0.204858831254104,1.21681209407558
Prior correlation,1524,2243,ENSMUSG00000043940,Wdfy3,F,0.0254595212951251,312,0.204724409448819,1.21601366094298
Prior correlation,1525,2988,ENSMUSG00000079065,BC005561,F,0.0254291715865423,312,0.204590163934426,1.21521627493581
Prior correlation,1526,2030,ENSMUSG00000013275,Slc41a1,F,0.025399181668272,312,0.204456094364351,1.21441993399548
Prior correlation,1527,2346,ENSMUSG00000041958,Pigs,F,0.0253956480614698,312,0.204322200392927,1.21362463606883
Prior correlation,1528,1050,ENSMUSG00000001773,Folh1,F,0.0253892460728485,312,0.204188481675393,1.21283037910806
Prior correlation,1529,2143,ENSMUSG00000032582,Rbm6,F,0.0253648913121516,312,0.204054937867888,1.21203716107071
Prior correlation,1530,2271,ENSMUSG00000021846,Peli2,F,0.0253413767633417,312,0.203921568627451,1.21124497991968
Prior correlation,1531,459,ENSMUSG00000039239,Tgfb2,F,0.0253328173906033,312,0.203788373612018,1.21045383362319
Prior correlation,1532,403,ENSMUSG00000051375,Pcdh1,T,0.0253116698065625,313,0.204308093994778,1.21354084746296
Prior correlation,1533,1044,ENSMUSG00000015085,Entpd2,F,0.0252918433610258,313,0.204174820613177,1.21274923569031
Prior correlation,1534,2928,ENSMUSG00000025204,Ndufb8,F,0.0252666258265059,313,0.204041720990874,1.21195865600603
Prior correlation,1535,2588,ENSMUSG00000028514,Usp24,F,0.0252660536099066,313,0.203908794788274,1.211169106393
Prior correlation,1536,2166,ENSMUSG00000032897,Nfyc,F,0.0252278488465048,313,0.203776041666667,1.21038058483936
Prior correlation,1537,1034,ENSMUSG00000053004,Hrh1,T,0.025225488989755,314,0.204294079375407,1.21345760400091
Prior correlation,1538,1113,ENSMUSG00000099964,Gm29514,F,0.025216735912857,314,0.204161248374512,1.21266861986307
Prior correlation,1539,2097,ENSMUSG00000038664,Herc1,F,0.0251995189141829,314,0.204028589993502,1.21188066104574
Prior correlation,1540,1046,ENSMUSG00000027199,Gatm,F,0.0251846138380969,314,0.203896103896104,1.21109372555156
Prior correlation,1541,1090,ENSMUSG00000038400,Pmepa1,F,0.0251622665394148,314,0.203763789746918,1.21030781138832
Prior correlation,1542,1103,ENSMUSG00000112928,Gm47710,F,0.0251347679471768,314,0.203631647211414,1.209522916569
Prior correlation,1543,2077,ENSMUSG00000041444,Arhgap32,F,0.0251182398444034,314,0.20349967595593,1.20873903911173
Prior correlation,1544,2147,ENSMUSG00000043323,Fbrsl1,F,0.025110384314724,314,0.203367875647668,1.20795617703977
Prior correlation,1545,1051,ENSMUSG00000001763,Tspan33,T,0.0250799033185125,315,0.203883495145631,1.211018832612
Prior correlation,1546,2227,ENSMUSG00000025234,Arih1,F,0.025067261311948,315,0.203751617076326,1.21023550865818
Prior correlation,1547,1123,ENSMUSG00000019055,Plod1,F,0.0250589718182524,315,0.203619909502262,1.209453197405
Prior correlation,1548,2043,ENSMUSG00000023845,Lnpep,F,0.025035376816813,315,0.203488372093023,1.20867189688989
Prior correlation,1549,1690,ENSMUSG00000021196,Pfkp,F,0.025033813003982,315,0.203357004519045,1.20789160515529
Prior correlation,1550,1004,ENSMUSG00000026737,Pip4k2a,F,0.0250266278532879,315,0.203225806451613,1.20711232024874
Prior correlation,1551,1007,ENSMUSG00000044037,Als2cl,F,0.0250193324563692,315,0.203094777562863,1.20633404022279
Prior correlation,1552,1894,ENSMUSG00000020661,Dnmt3a,F,0.0250064811716716,315,0.202963917525773,1.20555676313501
Prior correlation,1553,2613,ENSMUSG00000061315,Naca,F,0.0249975783079842,315,0.202833226014166,1.204780487048
Prior correlation,1554,2065,ENSMUSG00000022010,Tsc22d1,T,0.0249952166134842,316,0.203346203346203,1.2078274487913
Prior correlation,1555,1095,ENSMUSG00000045752,Tssc4,F,0.0249936457145157,316,0.203215434083601,1.20705071088211
Prior correlation,1556,371,ENSMUSG00000052957,Gas1,F,0.024981111469,316,0.203084832904884,1.2062749713507
Prior correlation,1557,977,ENSMUSG00000006567,Atp7b,F,0.0249748052672441,316,0.202954399486191,1.2055002282734
Prior correlation,1558,567,ENSMUSG00000056899,Immp2l,F,0.0249641836127481,316,0.202824133504493,1.20472647973151
Prior correlation,1559,1997,ENSMUSG00000019907,Ppp1r12a,F,0.0249369309361969,316,0.202694034637588,1.20395372381122
Prior correlation,1560,513,ENSMUSG00000044707,Ccnjl,F,0.024929832975193,316,0.202564102564103,1.20318195860365
Prior correlation,1561,2253,ENSMUSG00000054823,Nsd3,T,0.0249124453197252,317,0.203074951953876,1.20621628088266
Prior correlation,1562,1955,ENSMUSG00000024140,Epas1,F,0.0249096958091384,317,0.202944942381562,1.20544405535072
Prior correlation,1563,433,ENSMUSG00000115317,AC139845.1,F,0.024905546699511,317,0.202815099168266,1.20467281795127
Prior correlation,1564,579,ENSMUSG00000042228,Lyn,F,0.0248943599793571,317,0.202685421994885,1.20390256678889
Prior correlation,1565,1152,ENSMUSG00000085247,4930545L23Rik,F,0.0248901740054805,317,0.202555910543131,1.20313329997306
Prior correlation,1566,1607,ENSMUSG00000027799,Nbea,T,0.024884598618252,318,0.203065134099617,1.20615796519411
Prior correlation,1567,2693,ENSMUSG00000040943,Tet2,F,0.024873737101039,318,0.20293554562859,1.20538824090235
Prior correlation,1568,685,ENSMUSG00000026824,Kcnj3,F,0.0248705007147718,318,0.20280612244898,1.20461949840177
Prior correlation,1569,2763,ENSMUSG00000024242,Map4k3,T,0.024858815482256,319,0.203314212874442,1.20763743309759
Prior correlation,1570,1799,ENSMUSG00000048264,Dip2c,F,0.0248451939378929,319,0.203184713375796,1.20686823728033
Prior correlation,1571,1896,ENSMUSG00000033004,Mycbp2,T,0.0248385881996187,320,0.203691915977085,1.20988089851449
Prior correlation,1572,964,ENSMUSG00000057530,Ece1,F,0.0248193905787181,320,0.203562340966921,1.20911125417701
Prior correlation,1573,602,ENSMUSG00000062760,1810041L15Rik,F,0.0248141678843324,320,0.203432930705658,1.20834258840831
Prior correlation,1574,1967,ENSMUSG00000059811,Atl2,F,0.0248134743473135,320,0.203303684879288,1.20757489934324
Prior correlation,1575,536,ENSMUSG00000028456,Unc13b,T,0.0248079205493362,321,0.203809523809524,1.21057946069994
Prior correlation,1576,2845,ENSMUSG00000021224,Numb,F,0.0247879502907247,321,0.203680203045685,1.20981132652437
Prior correlation,1577,2173,ENSMUSG00000026932,Nacc2,F,0.0247874265004043,321,0.203551046290425,1.20904416652023
Prior correlation,1578,1287,ENSMUSG00000023960,Enpp5,F,0.0247871712522041,321,0.203422053231939,1.20827797883549
Prior correlation,1579,1039,ENSMUSG00000020272,Stk10,F,0.0247599345120492,321,0.203293223559215,1.20751276162281
Prior correlation,1580,2587,ENSMUSG00000036916,Zfp280c,T,0.0247516373302898,322,0.20379746835443,1.21050785420162
Prior correlation,1581,1059,ENSMUSG00000035637,Grhpr,F,0.024705758338352,322,0.203668564199874,1.20974219458479
Prior correlation,1582,2538,ENSMUSG00000049184,Purg,F,0.0247036988746057,322,0.20353982300885,1.20897750293208
Prior correlation,1583,2365,ENSMUSG00000068742,Cry2,F,0.0246648197399975,322,0.203411244472521,1.20821377740907
Prior correlation,1584,499,ENSMUSG00000024486,Hbegf,F,0.0246610973132625,322,0.203282828282828,1.20745101618596
Prior correlation,1585,2537,ENSMUSG00000026571,Dcaf6,F,0.0246598537800657,322,0.203154574132492,1.20668921743757
Prior correlation,1586,1014,ENSMUSG00000036712,Cyld,F,0.0246579366386686,322,0.203026481715006,1.20592837934335
Prior correlation,1587,2701,ENSMUSG00000058230,Arhgap35,F,0.0246573305341837,322,0.202898550724638,1.20516850008731
Prior correlation,1588,2136,ENSMUSG00000094483,Purb,F,0.0246405950408816,322,0.202770780856423,1.20440957785803
Prior correlation,1589,2364,ENSMUSG00000102869,2900097C17Rik,F,0.0246398840237759,322,0.202643171806167,1.20365161084868
Prior correlation,1590,1962,ENSMUSG00000027803,Wwtr1,F,0.02460614020946,322,0.20251572327044,1.20289459725695
Prior correlation,1591,1060,ENSMUSG00000058153,Sez6l,F,0.0246014108546492,322,0.202388434946574,1.20213853528507
Prior correlation,1592,1637,ENSMUSG00000113029,Gm40578,F,0.024590737221759,322,0.202261306532663,1.2013834231398
Prior correlation,1593,1879,ENSMUSG00000032405,Pias1,F,0.0245794011294619,322,0.202134337727558,1.20062925903236
Prior correlation,1594,2432,ENSMUSG00000025656,Arhgef9,F,0.0245681619105538,322,0.202007528230866,1.19987604117852
Prior correlation,1595,1176,ENSMUSG00000078234,Klhdc7a,F,0.0245369815024126,322,0.201880877742947,1.19912376779847
Prior correlation,1596,2217,ENSMUSG00000037416,Dmxl1,F,0.0245158670555243,322,0.201754385964912,1.19837243711689
Prior correlation,1597,2373,ENSMUSG00000038916,Soga3,F,0.0245142788589213,322,0.201628052598622,1.1976220473629
Prior correlation,1598,2975,ENSMUSG00000040896,Kcnd3,F,0.0245070554850945,322,0.201501877346683,1.19687259677006
Prior correlation,1599,1658,ENSMUSG00000028926,Cdk14,F,0.0244979967692558,322,0.201375859912445,1.19612408357633
Prior correlation,1600,1827,ENSMUSG00000064036,Mro,F,0.024494652660549,322,0.20125,1.1953765060241
Prior correlation,1601,2522,ENSMUSG00000022817,Itgb5,F,0.0244936959912306,322,0.201124297314179,1.19462986236012
Prior correlation,1602,2411,ENSMUSG00000031523,Dlc1,F,0.0244869026566598,322,0.200998751560549,1.19388415083555
Prior correlation,1603,968,ENSMUSG00000035513,Ntng2,F,0.0244773239322304,322,0.200873362445415,1.1931393697059
Prior correlation,1604,2018,ENSMUSG00000034160,Ogt,F,0.0244749507184253,322,0.20074812967581,1.19239551723102
Prior correlation,1605,573,ENSMUSG00000051727,Kctd14,F,0.0244675353139177,322,0.200623052959502,1.19165259167511
Prior correlation,1606,501,ENSMUSG00000036825,Ssx2ip,F,0.0244622101349937,322,0.200498132004981,1.1909105913067
Prior correlation,1607,1470,ENSMUSG00000086155,9430041J12Rik,F,0.0244577562304723,322,0.200373366521469,1.1901695143986
Prior correlation,1608,2539,ENSMUSG00000034341,Wbp2,F,0.0244563319283965,322,0.200248756218905,1.18942935922796
Prior correlation,1609,1669,ENSMUSG00000035045,Zc3h12b,F,0.0244522849903217,322,0.200124300807955,1.18869012407617
Prior correlation,1610,2038,ENSMUSG00000026923,Notch1,T,0.0244207351096075,323,0.200621118012422,1.19164109855571
Prior correlation,1611,1722,ENSMUSG00000022748,Cmss1,F,0.0244142675131518,323,0.200496585971446,1.19090140824004
Prior correlation,1612,2277,ENSMUSG00000087143,A830082K12Rik,F,0.024405535868871,323,0.200372208436725,1.19016263565428
Prior correlation,1613,1781,ENSMUSG00000037235,Mxd4,F,0.024398259813403,323,0.200247985120893,1.18942477909157
Prior correlation,1614,999,ENSMUSG00000010066,Cacna2d2,T,0.0243816770543198,324,0.200743494423792,1.19236798495096
Prior correlation,1615,1730,ENSMUSG00000023923,Tbc1d5,F,0.0243803097602652,324,0.20061919504644,1.19162967660114
Prior correlation,1616,2036,ENSMUSG00000055204,Ankrd17,F,0.0243700595621914,324,0.200495049504951,1.19089228199928
Prior correlation,1617,1892,ENSMUSG00000022816,Fstl1,F,0.0243488534394983,324,0.200371057513915,1.19015579945012
Prior correlation,1618,2439,ENSMUSG00000021686,Ap3b1,F,0.0243400883771474,324,0.200247218788628,1.18942022726257
Prior correlation,1619,583,ENSMUSG00000023087,Noct,F,0.0243225065849134,324,0.20012353304509,1.18868556374975
Prior correlation,1620,1581,ENSMUSG00000026740,Dnajc1,F,0.0243200674975987,324,0.2,1.18795180722892
Prior correlation,1621,2608,ENSMUSG00000027195,Hsd17b12,F,0.0242615701884608,324,0.199876619370759,1.18721895602149
Prior correlation,1622,2648,ENSMUSG00000020402,Vdac1,T,0.0242450315481431,325,0.200369913686806,1.19014900539272
Prior correlation,1623,605,ENSMUSG00000038860,Garnl3,F,0.0242402080462289,325,0.200246457178065,1.18941570347935
Prior correlation,1624,1518,ENSMUSG00000052713,Zfp608,T,0.0242373429603352,326,0.200738916256158,1.19234079173838
Prior correlation,1625,1677,ENSMUSG00000040785,Ttc3,F,0.024231886131854,326,0.200615384615385,1.19160704355885
Prior correlation,1626,1825,ENSMUSG00000026074,Map4k4,T,0.0242311210689811,327,0.201107011070111,1.19452718623572
Prior correlation,1627,1212,ENSMUSG00000025579,Gaa,F,0.0242115684227233,327,0.200983405039951,1.19379299620115
Prior correlation,1628,1126,ENSMUSG00000110156,Gm42067,F,0.0242101714761396,327,0.200859950859951,1.19305970811995
Prior correlation,1629,518,ENSMUSG00000025889,Snca,F,0.0242090328745147,327,0.20073664825046,1.19232732033105
Prior correlation,1630,2414,ENSMUSG00000000088,Cox5a,F,0.0242050011254991,327,0.200613496932515,1.19159583117747
Prior correlation,1631,2282,ENSMUSG00000021720,Rnf180,F,0.0242016881251656,327,0.200490496627836,1.1908652390063
Prior correlation,1632,1588,ENSMUSG00000026004,Kansl1l,T,0.0241518092880852,328,0.200980392156863,1.19377510040161
Prior correlation,1633,2221,ENSMUSG00000027010,Slc25a12,F,0.0241480049465671,328,0.200857317819963,1.19304406849689
Prior correlation,1634,2914,ENSMUSG00000029918,Mrps33,F,0.024141441631699,328,0.200734394124847,1.19231393136807
Prior correlation,1635,419,ENSMUSG00000037824,Tspan14,T,0.0241333736507775,329,0.201223241590214,1.19521756751778
Prior correlation,1636,1416,ENSMUSG00000033510,Otud7a,F,0.0241227680327762,329,0.201100244498778,1.1944869944325
Prior correlation,1637,2134,ENSMUSG00000037234,Hook3,F,0.0241112700300744,329,0.200977397678681,1.19375731392276
Prior correlation,1638,2284,ENSMUSG00000013089,Etv5,F,0.0240813559602058,329,0.200854700854701,1.19302852435383
Prior correlation,1639,2326,ENSMUSG00000021458,2010111I01Rik,F,0.024072121444849,329,0.200732153752288,1.19230062409492
Prior correlation,1640,1681,ENSMUSG00000022469,Rapgef3,F,0.0240714894785233,329,0.200609756097561,1.19157361151925
Prior correlation,1641,1780,ENSMUSG00000031467,Agpat5,F,0.0240662926745191,329,0.200487507617307,1.190847485004
Prior correlation,1642,2035,ENSMUSG00000021248,Tmed10,F,0.0240572971670155,329,0.200365408038977,1.19012224293031
Prior correlation,1643,1206,ENSMUSG00000039717,Ralyl,F,0.0240475259583123,329,0.200243457090688,1.18939788368324
Prior correlation,1644,978,ENSMUSG00000071176,Arhgef10,F,0.0240419858351638,329,0.200121654501217,1.1886744056518
Prior correlation,1645,2107,ENSMUSG00000013033,Adgrl1,T,0.0240412367107859,330,0.200607902735562,1.19156260299557
Prior correlation,1646,1961,ENSMUSG00000110080,Gm6145,F,0.0240295790950868,330,0.20048602673147,1.19083868889897
Prior correlation,1647,2682,ENSMUSG00000008140,Emc10,F,0.0240294241097176,330,0.200364298724954,1.19011565387232
Prior correlation,1648,1649,ENSMUSG00000024104,Washc2,F,0.0240011707041839,330,0.200242718446602,1.18939349631536
Prior correlation,1649,1063,ENSMUSG00000098739,Gm27151,F,0.0239962510365785,330,0.200121285627653,1.18867221463172
Prior correlation,1650,1133,ENSMUSG00000059049,Frem1,F,0.0239864626944668,330,0.2,1.18795180722892
Prior correlation,1651,464,ENSMUSG00000025239,Limd1,F,0.0239638841957933,330,0.199878861296184,1.1872322725183
Prior correlation,1652,1119,ENSMUSG00000022987,Zfp641,T,0.0239543307861416,331,0.200363196125908,1.19010910469967
Prior correlation,1653,1618,ENSMUSG00000036879,Phkb,F,0.0239254771576379,331,0.200241984271022,1.18938913548933
Prior correlation,1654,2956,ENSMUSG00000079477,Rab7,T,0.023922257171526,332,0.200725513905683,1.19226118500605
Prior correlation,1655,1075,ENSMUSG00000029765,Plxna4,F,0.023908159002917,332,0.200604229607251,1.19154078549849
Prior correlation,1656,994,ENSMUSG00000036782,Klhl13,F,0.0238935826348997,332,0.20048309178744,1.19082125603865
Prior correlation,1657,2918,ENSMUSG00000038372,Gmds,F,0.0238777239448942,332,0.20036210018105,1.1901025950513
Prior correlation,1658,2729,ENSMUSG00000021520,Uqcrb,F,0.0238625224061552,332,0.200241254523522,1.18938480096502
Prior correlation,1659,2494,ENSMUSG00000032437,Stt3b,F,0.0238282877390297,332,0.200120554550934,1.18866787221218
Prior correlation,1660,2138,ENSMUSG00000074733,Zfp950,T,0.023814966339871,333,0.200602409638554,1.19152997532298
Prior correlation,1661,2368,ENSMUSG00000020022,Ndufa12,F,0.0238025682790607,333,0.20048163756773,1.19081261832399
Prior correlation,1662,686,ENSMUSG00000025584,Pde8a,T,0.0237817084576418,334,0.200962695547533,1.19366998680643
Prior correlation,1663,1020,ENSMUSG00000020774,Aspa,F,0.02377981578844,334,0.200841852074564,1.1929522056959
Prior correlation,1664,1024,ENSMUSG00000029603,Dtx1,F,0.023776668139795,334,0.200721153846154,1.19223528730306
Prior correlation,1665,1265,ENSMUSG00000029189,Sel1l3,F,0.0237686334672496,334,0.200600600600601,1.19151923007345
Prior correlation,1666,1665,ENSMUSG00000031229,Atrx,F,0.0237686256873812,334,0.200480192076831,1.19080403245636
Prior correlation,1667,1038,ENSMUSG00000085912,Trp53cor1,F,0.0237682299540012,334,0.200359928014397,1.19008969290479
Prior correlation,1668,1187,ENSMUSG00000026463,Atp2b4,T,0.0237649565485558,335,0.20083932853717,1.19293721649187
Prior correlation,1669,2565,ENSMUSG00000054452,Aes,T,0.0237604991919046,336,0.201318154583583,1.19578132782779
Prior correlation,1670,2276,ENSMUSG00000025262,Fam120c,F,0.0237400921506426,336,0.201197604790419,1.19506529110454
Prior correlation,1671,363,ENSMUSG00000036438,Calm2,T,0.0237349584568,337,0.201675643327349,1.19790472482389
Prior correlation,1672,1143,ENSMUSG00000070532,Ccdc190,F,0.0237294726419753,337,0.201555023923445,1.19718827462962
Prior correlation,1673,580,ENSMUSG00000059742,Kcnh7,F,0.0237148415966926,337,0.201434548714883,1.19647268092093
Prior correlation,1674,1052,ENSMUSG00000037762,Slc16a9,F,0.0237138347139642,337,0.20131421744325,1.19575794216292
Prior correlation,1675,1600,ENSMUSG00000034007,Scaper,F,0.0236989212873579,337,0.201194029850746,1.19504405682431
Prior correlation,1676,2586,ENSMUSG00000030539,Sema4b,F,0.0236982637661984,337,0.201073985680191,1.19433102337752
Prior correlation,1677,439,ENSMUSG00000047793,Sned1,F,0.0236853256904528,337,0.200954084675015,1.19361884029858
Prior correlation,1678,1869,ENSMUSG00000000631,Myo18a,F,0.0236716566544852,337,0.200834326579261,1.19290750606718
Prior correlation,1679,1725,ENSMUSG00000022186,Oxct1,F,0.0236621316408861,337,0.200714711137582,1.1921970191666
Prior correlation,1680,1173,ENSMUSG00000027695,Pld1,F,0.0236523857542787,337,0.200595238095238,1.19148737808376
Prior correlation,1681,2323,ENSMUSG00000030199,Etv6,F,0.0236518899536851,337,0.200475907198096,1.19077858130917
Prior correlation,1682,2068,ENSMUSG00000002028,Kmt2a,T,0.0236500311389932,338,0.200951248513674,1.19360199418363
Prior correlation,1683,2758,ENSMUSG00000078202,Nrarp,T,0.023595405362942,339,0.201426024955437,1.19642205184374
Prior correlation,1684,2013,ENSMUSG00000004319,Clcn3,F,0.0235941817605855,339,0.201306413301663,1.19571158744241
Prior correlation,1685,1349,ENSMUSG00000062785,Kcnc3,F,0.023579866920072,339,0.201186943620178,1.19500196632226
Prior correlation,1686,1790,ENSMUSG00000001911,Nfix,F,0.0235674252519038,339,0.201067615658363,1.19429318698281
Prior correlation,1687,2208,ENSMUSG00000022307,Oxr1,F,0.0235301443009241,339,0.200948429164197,1.1935852479271
Prior correlation,1688,2752,ENSMUSG00000048076,Arf1,F,0.0235263729139475,339,0.200829383886256,1.19287814766174
Prior correlation,1689,2342,ENSMUSG00000047888,Tnrc6b,F,0.0235241639445063,339,0.200710479573712,1.19217188469687
Prior correlation,1690,1177,ENSMUSG00000020926,Adam11,F,0.0235219314072735,339,0.200591715976331,1.19146645754616
Prior correlation,1691,1141,ENSMUSG00000032942,Ucp3,F,0.0235168947285242,339,0.200473092844471,1.1907618647268
Prior correlation,1692,627,ENSMUSG00000054423,Cadps,T,0.023495586930183,340,0.200945626477541,1.19356860064371
Prior correlation,1693,619,ENSMUSG00000063450,Syne2,T,0.0234916433139829,341,0.201417601890136,1.19637202086551
Prior correlation,1694,2898,ENSMUSG00000025757,Hspa4l,F,0.0234824458169449,341,0.201298701298701,1.19566578000313
Prior correlation,1695,474,ENSMUSG00000027649,Ctnnbl1,F,0.023469945817943,341,0.20117994100295,1.1949603724633
Prior correlation,1696,2270,ENSMUSG00000039000,Ube3c,F,0.0234652374733004,341,0.201061320754717,1.19425579677199
Prior correlation,1697,609,ENSMUSG00000036111,Lmo1,F,0.0234635144565027,341,0.200942840306423,1.19355205145863
Prior correlation,1698,1742,ENSMUSG00000056870,Gulp1,F,0.023455640516573,341,0.200824499411072,1.19284913505613
Prior correlation,1699,563,ENSMUSG00000008206,Cers4,F,0.0234531814861033,341,0.200706297822248,1.19214704610082
Prior correlation,1700,2632,ENSMUSG00000038467,Chmp4b,F,0.0234309292725469,341,0.200588235294118,1.19144578313253
Prior correlation,1701,1652,ENSMUSG00000044349,Snhg11,F,0.0234305146658847,341,0.200470311581423,1.19074534469447
Prior correlation,1702,1599,ENSMUSG00000059439,Bcas3,F,0.0234268905331562,341,0.200352526439483,1.19004572933331
Prior correlation,1703,2110,ENSMUSG00000027333,Smox,F,0.023411144297598,341,0.200234879624193,1.18934693559912
Prior correlation,1704,687,ENSMUSG00000036611,Eepd1,F,0.0234073680081635,341,0.200117370892019,1.18864896204536
Prior correlation,1705,1708,ENSMUSG00000038538,Ubn2,F,0.0234033112469162,341,0.2,1.18795180722892
Prior correlation,1706,549,ENSMUSG00000116903,Gm19522,F,0.0233943478726886,341,0.199882766705744,1.18725546971002
Prior correlation,1707,525,ENSMUSG00000087579,Hectd2os,F,0.0233608648603515,341,0.199765670767428,1.18655994805231
Prior correlation,1708,996,ENSMUSG00000051323,Pcdh19,T,0.0233501726823997,342,0.200234192037471,1.18934285149968
Prior correlation,1709,2257,ENSMUSG00000002413,Braf,F,0.023330311464323,342,0.200117027501463,1.18864692238821
Prior correlation,1710,534,ENSMUSG00000020893,Per1,F,0.0233256660797511,342,0.2,1.18795180722892
Prior correlation,1711,2759,ENSMUSG00000052428,Tmco1,F,0.023314585484178,342,0.199883109292811,1.18725750459465
Prior correlation,1712,1893,ENSMUSG00000055026,Gabrg3,F,0.0233079436150686,342,0.199766355140187,1.18656401306159
Prior correlation,1713,409,ENSMUSG00000031349,Nsdhl,T,0.0233067895593199,343,0.200233508464682,1.18933879124203
Prior correlation,1714,505,ENSMUSG00000042978,Sbk1,F,0.0233033657594182,343,0.200116686114352,1.18864489463103
Prior correlation,1715,2423,ENSMUSG00000034312,Iqsec1,F,0.0232812139848627,343,0.2,1.18795180722892
Prior correlation,1716,1604,ENSMUSG00000010064,Slc38a3,F,0.0232809163305241,343,0.19988344988345,1.18725952762097
Prior correlation,1717,2203,ENSMUSG00000042446,Zmym4,F,0.0232541759638914,343,0.199767035527082,1.1865680543958
Prior correlation,1718,1458,ENSMUSG00000021268,Meg3,F,0.0232515924603434,343,0.19965075669383,1.18587738614528
Prior correlation,1719,2777,ENSMUSG00000006057,Atp5g1,F,0.0232506725098402,343,0.199534613147179,1.18518752146457
Prior correlation,1720,995,ENSMUSG00000024658,Gm9750,F,0.0232452606720894,343,0.199418604651163,1.18449845895209
Prior correlation,1721,2934,ENSMUSG00000032383,Ppib,F,0.0232434413874903,343,0.199302730970366,1.18381019720952
Prior correlation,1722,2899,ENSMUSG00000063694,Cycs,F,0.023234593990439,343,0.199186991869919,1.18312273484181
Prior correlation,1723,2153,ENSMUSG00000031627,Irf2,F,0.0232320205761993,343,0.199071387115496,1.1824360704571
Prior correlation,1724,2149,ENSMUSG00000034573,Ptpn13,F,0.0232287858115886,343,0.198955916473318,1.18175020266682
Prior correlation,1725,2412,ENSMUSG00000021327,Zkscan3,F,0.0232283623840204,343,0.198840579710145,1.18106513008556
Prior correlation,1726,385,ENSMUSG00000032966,Fkbp1a,F,0.0231607155586112,343,0.198725376593279,1.18038085133116
Prior correlation,1727,1793,ENSMUSG00000034243,Golgb1,F,0.0231520802976501,343,0.198610306890562,1.17969736502466
Prior correlation,1728,1778,ENSMUSG00000018411,Mapt,T,0.0231489564170024,344,0.199074074074074,1.1824520303436
Prior correlation,1729,2120,ENSMUSG00000009013,Dynll1,F,0.0231322416508012,344,0.198958935801041,1.18176813674594
Prior correlation,1730,2200,ENSMUSG00000037656,Slc20a2,F,0.0231097316814025,344,0.198843930635838,1.18108503377673
Prior correlation,1731,544,ENSMUSG00000015745,Plekho1,F,0.0231018273570738,344,0.198729058347776,1.1804027200657
Prior correlation,1732,2135,ENSMUSG00000027605,Acss2,F,0.0230969888907112,344,0.198614318706697,1.17972119424581
Prior correlation,1733,578,ENSMUSG00000046961,Gpr156,F,0.0230768205985009,344,0.198499711482977,1.17904045495311
Prior correlation,1734,1994,ENSMUSG00000000202,Btbd17,F,0.0230719202824541,344,0.19838523644752,1.17836050082684
Prior correlation,1735,546,ENSMUSG00000029156,Sgcb,F,0.0230618232739721,344,0.198270893371758,1.17768133050936
Prior correlation,1736,2543,ENSMUSG00000031808,Slc27a1,F,0.023059878818613,344,0.19815668202765,1.17700294264616
Prior correlation,1737,706,ENSMUSG00000072949,Acot1,F,0.0230537272958134,344,0.19804260218768,1.17632533588586
Prior correlation,1738,1104,ENSMUSG00000026080,Chst10,F,0.0230400337494428,344,0.197928653624856,1.17564850888017
Prior correlation,1739,2557,ENSMUSG00000063810,Alms1,F,0.0230282327381506,344,0.197814836112708,1.17497246028392
Prior correlation,1740,2625,ENSMUSG00000038967,Pdk2,F,0.0230246103989953,344,0.197701149425287,1.17429718875502
Prior correlation,1741,1818,ENSMUSG00000027668,Mfn1,T,0.0230085110376613,345,0.198161975875933,1.17703438682934
Prior correlation,1742,1130,ENSMUSG00000064246,Chil1,F,0.0229994955877287,345,0.19804822043628,1.17635870692875
Prior correlation,1743,1734,ENSMUSG00000002475,Abhd3,F,0.0229885834706196,345,0.197934595524957,1.17568380233499
Prior correlation,1744,1158,ENSMUSG00000078451,Ppil6,F,0.0229836399575212,345,0.197821100917431,1.17500967171438
Prior correlation,1745,529,ENSMUSG00000030729,Pgm2l1,F,0.022969054124445,345,0.197707736389685,1.17433631373632
Prior correlation,1746,437,ENSMUSG00000018474,Chd3,T,0.0229561139110701,346,0.198167239404353,1.17706565091983
Prior correlation,1747,2551,ENSMUSG00000029836,Cbx3,F,0.0229188515012851,346,0.198053806525472,1.1763918869525
Prior correlation,1748,2835,ENSMUSG00000034157,Cipc,F,0.0229017836408374,346,0.197940503432494,1.17571889388216
Prior correlation,1749,1545,ENSMUSG00000028399,Ptprd,T,0.0228848990234042,347,0.198399085191538,1.17844275902926
Prior correlation,1750,1092,ENSMUSG00000020059,Sycp3,F,0.0228771676162069,347,0.198285714285714,1.17776936316695
Prior correlation,1751,1108,ENSMUSG00000037393,Nmur2,F,0.0228723236926012,347,0.198172472872644,1.1770967364604
Prior correlation,1752,1211,ENSMUSG00000015243,Abca1,F,0.0228652670014776,347,0.198059360730594,1.17642487759256
Prior correlation,1753,1121,ENSMUSG00000029190,D5Ertd579e,F,0.0228587999668369,347,0.197946377638334,1.17575378524938
Prior correlation,1754,1703,ENSMUSG00000055320,Tead1,F,0.0228475288088748,347,0.197833523375143,1.17508345811982
Prior correlation,1755,1786,ENSMUSG00000022607,Ptk2,T,0.0228447596152983,348,0.198290598290598,1.1777983729791
Prior correlation,1756,2069,ENSMUSG00000024240,Epc1,F,0.0228361419065945,348,0.198177676537585,1.17712764497626
Prior correlation,1757,1974,ENSMUSG00000015709,Arnt2,F,0.0227973322215761,348,0.198064883323847,1.17645768046574
Prior correlation,1758,1215,ENSMUSG00000020821,Kif1c,F,0.022796945119112,348,0.197952218430034,1.17578847814466
Prior correlation,1759,1107,ENSMUSG00000032418,Me1,F,0.0227896455453303,348,0.197839681637294,1.17512003671308
Prior correlation,1760,1085,ENSMUSG00000063646,Jakmip1,F,0.0227887771067713,348,0.197727272727273,1.17445235487404
Prior correlation,1761,611,ENSMUSG00000114401,Gm38604,F,0.0227365300383803,348,0.197614991482112,1.17378543133351
Prior correlation,1762,2581,ENSMUSG00000036427,Gpi1,F,0.0227000704717899,348,0.197502837684449,1.1731192648004
Prior correlation,1763,2515,ENSMUSG00000036893,Ehmt1,F,0.0226981288764813,348,0.197390811117413,1.17245385398656
Prior correlation,1764,447,ENSMUSG00000058589,Anks1b,F,0.0226628248965212,348,0.197278911564626,1.17178919760675
Prior correlation,1765,1928,ENSMUSG00000026864,Hspa5,F,0.0226572267585857,348,0.197167138810198,1.17112529437865
Prior correlation,1766,1738,ENSMUSG00000025137,Pcyt2,F,0.0226455203262259,348,0.197055492638732,1.17046214302283
Prior correlation,1767,608,ENSMUSG00000028033,Kcnq5,F,0.0226390626448393,348,0.196943972835314,1.16979974226277
Prior correlation,1768,1620,ENSMUSG00000032827,Ppp1r9a,F,0.0226353375442811,348,0.19683257918552,1.16913809082484
Prior correlation,1769,1069,ENSMUSG00000075590,Nrbp2,T,0.0226015043110176,349,0.197286602600339,1.17183488050563
Prior correlation,1770,1998,ENSMUSG00000014602,Kif1a,F,0.0225997817584986,349,0.197175141242938,1.17117282690082
Prior correlation,1771,2556,ENSMUSG00000050730,Arhgap42,F,0.0225947419492828,349,0.197063805759458,1.17051152095678
Prior correlation,1772,1006,ENSMUSG00000086509,Nkx2-2os,F,0.0225656526984089,349,0.196952595936795,1.16985096140771
Prior correlation,1773,575,ENSMUSG00000089940,Gm4117,F,0.022557507985117,349,0.196841511562324,1.16919114699067
Prior correlation,1774,2232,ENSMUSG00000037674,Rfx7,F,0.0225508922929191,349,0.196730552423901,1.16853207644558
Prior correlation,1775,424,ENSMUSG00000028833,Ncdn,F,0.0225413988108913,349,0.196619718309859,1.16787374851519
Prior correlation,1776,1503,ENSMUSG00000091803,Cox16,F,0.0225291369696776,349,0.196509009009009,1.16721616194508
Prior correlation,1777,2873,ENSMUSG00000020483,Dynll2,F,0.0225203175185632,349,0.196398424310636,1.16655931548366
Prior correlation,1778,454,ENSMUSG00000041014,Nrg3,T,0.0225043314962999,350,0.196850393700787,1.16924390475287
Prior correlation,1779,1064,ENSMUSG00000023249,Parp3,F,0.0225006884331866,350,0.196739741427768,1.16858665691434
Prior correlation,1780,1779,ENSMUSG00000026469,Xpr1,F,0.0224918957846652,350,0.196629213483146,1.16793014755652
Prior correlation,1781,508,ENSMUSG00000060240,Cend1,F,0.0224883241905826,350,0.196518809657496,1.16727437543549
Prior correlation,1782,1859,ENSMUSG00000025609,Mkln1,F,0.0224859218736991,350,0.196408529741863,1.1666193393101
Prior correlation,1783,2744,ENSMUSG00000030286,Emc3,F,0.0224538252360668,350,0.196298373527762,1.16596503794201
Prior correlation,1784,1114,ENSMUSG00000003581,Rnf215,F,0.0224468413226936,350,0.196188340807175,1.16531147009563
Prior correlation,1785,2798,ENSMUSG00000020321,Mdh1,F,0.0224415564891693,350,0.196078431372549,1.16465863453815
Prior correlation,1786,1281,ENSMUSG00000032902,Slc16a1,F,0.0224400073620911,350,0.195968645016797,1.16400653003953
Prior correlation,1787,1475,ENSMUSG00000060923,Acyp2,F,0.0224352871110288,350,0.195858981533296,1.16335515537247
Prior correlation,1788,1805,ENSMUSG00000055373,Fut9,F,0.0224306436877844,350,0.195749440715884,1.16270450931242
Prior correlation,1789,1623,ENSMUSG00000033863,Klf9,T,0.022371979682019,351,0.196198993851314,1.16537474661081
Prior correlation,1790,1011,ENSMUSG00000045555,Mettl24,F,0.0223639162149757,351,0.19608938547486,1.16472369926634
Prior correlation,1791,708,ENSMUSG00000041548,Hspb8,F,0.02235871400376,351,0.195979899497487,1.16407337894291
Prior correlation,1792,2055,ENSMUSG00000022201,Zfr,F,0.0223431848772009,351,0.195870535714286,1.16342378442341
Prior correlation,1793,2321,ENSMUSG00000044308,Ubr3,F,0.0223170360714006,351,0.195761293920803,1.16277491449344
Prior correlation,1794,2864,ENSMUSG00000017376,Nlk,F,0.0222851974903583,351,0.195652173913043,1.16212676794133
Prior correlation,1795,2493,ENSMUSG00000046201,Scaf8,F,0.0222825492566722,351,0.195543175487465,1.16147934355808
Prior correlation,1796,1088,ENSMUSG00000020601,Trib2,F,0.0222611392821182,351,0.19543429844098,1.16083264013739
Prior correlation,1797,555,ENSMUSG00000024502,Jakmip2,F,0.0222588648798468,351,0.195325542570952,1.16018665647565
Prior correlation,1798,514,ENSMUSG00000020340,Cyfip2,F,0.0222579425709509,351,0.195216907675195,1.15954139137194
Prior correlation,1799,2848,ENSMUSG00000058672,Tubb2a,T,0.0222487352388373,352,0.195664257921067,1.16219854403718
Prior correlation,1800,2167,ENSMUSG00000015968,Cacna1d,T,0.0222421807103436,353,0.196111111111111,1.16485274431058
Prior correlation,1801,2012,ENSMUSG00000040459,Arglu1,F,0.0222413815230257,353,0.19600222098834,1.1642059632199
Prior correlation,1802,2209,ENSMUSG00000073557,Ppp1r12b,F,0.022205236437707,353,0.195893451720311,1.16355989997727
Prior correlation,1803,1015,ENSMUSG00000060429,Sntb1,F,0.0222014911959489,353,0.195784803105935,1.16291455338826
Prior correlation,1804,2313,ENSMUSG00000059495,Arhgef12,F,0.0221781826653591,353,0.195676274944568,1.16226992226111
Prior correlation,1805,1022,ENSMUSG00000024187,Fam234a,F,0.0221671410805527,353,0.195567867036011,1.16162600540667
Prior correlation,1806,586,ENSMUSG00000063632,Sox11,T,0.0221632420710599,354,0.196013289036545,1.16427170475924
Prior correlation,1807,1166,ENSMUSG00000000295,Hddc2,F,0.022154358344743,354,0.195904814609851,1.16362739280309
Prior correlation,1808,1043,ENSMUSG00000030522,Mtmr10,F,0.0221538984074719,354,0.195796460176991,1.16298379358141
Prior correlation,1809,1112,ENSMUSG00000058328,Xlr5a,F,0.0221460578502428,354,0.195688225538972,1.16234090591221
Prior correlation,1810,2643,ENSMUSG00000025153,Fasn,F,0.0221249982263997,354,0.195580110497238,1.16169872861612
Prior correlation,1811,1554,ENSMUSG00000035376,Hacd2,F,0.0221216347615123,354,0.195472114853672,1.16105726051639
Prior correlation,1812,2255,ENSMUSG00000042444,Mindy2,F,0.0221110981381681,354,0.195364238410596,1.16041650043884
Prior correlation,1813,1314,ENSMUSG00000025854,Fam20c,F,0.022082115326847,354,0.195256480970767,1.1597764472119
Prior correlation,1814,2416,ENSMUSG00000052139,Babam2,F,0.0220473057493021,354,0.195148842337376,1.15913709966658
Prior correlation,1815,2334,ENSMUSG00000039428,Tmem135,T,0.0220453073867227,355,0.195592286501377,1.16177105114674
Prior correlation,1816,1580,ENSMUSG00000044072,Eml6,F,0.0220342060268517,355,0.195484581497797,1.16113130937848
Prior correlation,1817,1934,ENSMUSG00000027332,Ivd,F,0.0220295429908505,355,0.19537699504678,1.16049227178389
Prior correlation,1818,635,ENSMUSG00000028546,Elavl4,F,0.0220203117374548,355,0.195269526952695,1.15985393720095
Prior correlation,1819,1184,ENSMUSG00000056204,Pgpep1,F,0.0220184791245655,355,0.195162177020341,1.15921630447022
Prior correlation,1820,1870,ENSMUSG00000010608,Rbm25,F,0.02198304175162,355,0.195054945054945,1.15857937243479
Prior correlation,1821,1912,ENSMUSG00000025059,Gk,F,0.0219764757366715,355,0.194947830862164,1.15794313994032
Prior correlation,1822,1181,ENSMUSG00000084901,Gm13266,F,0.0219678074662482,355,0.194840834248079,1.15730760583498
Prior correlation,1823,2399,ENSMUSG00000053333,Dis3l2,F,0.0219607933143746,355,0.194733955019199,1.15667276896946
Prior correlation,1824,2846,ENSMUSG00000022551,Cyc1,F,0.021938483775828,355,0.194627192982456,1.156038628197
Prior correlation,1825,2028,ENSMUSG00000036560,Lgi4,F,0.0219317673097164,355,0.194520547945205,1.15540518237333
Prior correlation,1826,553,ENSMUSG00000008658,Rbfox1,F,0.0219275224067928,355,0.194414019715225,1.1547724303567
Prior correlation,1827,2003,ENSMUSG00000062604,Srpk2,F,0.021919209790977,355,0.194307608100712,1.15414037100784
Prior correlation,1828,2787,ENSMUSG00000056268,Dennd1b,F,0.0219120396184663,355,0.194201312910284,1.15350900319
Prior correlation,1829,1797,ENSMUSG00000027351,Spred1,F,0.0219076912381432,355,0.19409513395298,1.1528783257689
Prior correlation,1830,644,ENSMUSG00000038893,Fam117a,F,0.021887884328321,355,0.193989071038251,1.15224833761275
Prior correlation,1831,2474,ENSMUSG00000006699,Cdc42,F,0.021886101870224,355,0.193883123975969,1.1516190375922
Prior correlation,1832,2172,ENSMUSG00000050545,Fam228b,F,0.0218844309380585,355,0.193777292576419,1.15099042458042
Prior correlation,1833,476,ENSMUSG00000040138,Ndp,F,0.021884071143188,355,0.1936715766503,1.15036249745299
Prior correlation,1834,2732,ENSMUSG00000050530,Fam171a1,F,0.0218820031175558,355,0.193565976008724,1.14973525508796
Prior correlation,1835,2808,ENSMUSG00000020612,Prkar1a,F,0.0218707596665791,355,0.193460490463215,1.14910869636584
Prior correlation,1836,1871,ENSMUSG00000024843,Chka,F,0.0218671264368557,355,0.193355119825708,1.14848282016957
Prior correlation,1837,589,ENSMUSG00000067889,Sptbn2,F,0.0218054659387535,355,0.193249863908547,1.1478576253845
Prior correlation,1838,1066,ENSMUSG00000097587,4930578M01Rik,F,0.0218052641744034,355,0.193144722524483,1.14723311089844
Prior correlation,1839,1514,ENSMUSG00000005533,Igf1r,T,0.0217995021628874,356,0.193583469276781,1.14983916088498
Prior correlation,1840,2919,ENSMUSG00000063087,Gm10125,F,0.0217945471895126,356,0.193478260869565,1.14921424829754
Prior correlation,1841,2517,ENSMUSG00000058793,Cds2,F,0.0217886069676278,356,0.193373166757197,1.14859001459395
Prior correlation,1842,1865,ENSMUSG00000040549,Ckap5,F,0.0217797048746471,356,0.193268186753529,1.14796645866855
Prior correlation,1843,2461,ENSMUSG00000037710,Cisd1,F,0.0217794511575223,356,0.193163320672816,1.14734357941805
Prior correlation,1844,1972,ENSMUSG00000038371,Sbf2,F,0.0217785922285743,356,0.193058568329718,1.14672137574158
Prior correlation,1845,1829,ENSMUSG00000020671,Rab10,T,0.0217765733742477,357,0.19349593495935,1.14931922813204
Prior correlation,1846,2131,ENSMUSG00000032621,Srek1,F,0.0217722406311219,357,0.193391115926327,1.14869662833349
Prior correlation,1847,537,ENSMUSG00000041708,Mpped1,F,0.0217675756447352,357,0.193286410395236,1.14807470270905
Prior correlation,1848,1031,ENSMUSG00000025037,Maoa,F,0.0217583791426121,357,0.193181818181818,1.14745345016429
Prior correlation,1849,2797,ENSMUSG00000029207,Apbb2,F,0.0217047970322268,357,0.193077339102217,1.14683286960715
Prior correlation,1850,2269,ENSMUSG00000027522,Stx16,F,0.0217003678289293,357,0.192972972972973,1.1462129599479
Prior correlation,1851,2573,ENSMUSG00000032328,Tmem30a,T,0.0216997340877347,358,0.193408968125338,1.14880266609387
Prior correlation,1852,2650,ENSMUSG00000001627,Ifrd1,F,0.0216824400543525,358,0.193304535637149,1.14818236227849
Prior correlation,1853,489,ENSMUSG00000027603,Ggt7,F,0.0216553835998656,358,0.193200215866163,1.14756272797612
Prior correlation,1854,587,ENSMUSG00000022419,Deptor,F,0.021652375330543,358,0.193096008629989,1.14694376210343
Prior correlation,1855,2128,ENSMUSG00000037608,Bclaf1,F,0.0216403848364145,358,0.192991913746631,1.14632546357938
Prior correlation,1856,2813,ENSMUSG00000028639,Ybx1,F,0.0216394608432693,358,0.192887931034483,1.1457078313253
Prior correlation,1857,1118,ENSMUSG00000053641,Dennd4a,F,0.0216292149194958,358,0.192784060312332,1.14509086426481
Prior correlation,1858,2714,ENSMUSG00000028538,St3gal3,F,0.0216243191953277,358,0.192680301399354,1.14447456132387
Prior correlation,1859,1878,ENSMUSG00000058835,Abi1,F,0.0216236662775942,358,0.192576654115116,1.14385892143075
Prior correlation,1860,2756,ENSMUSG00000025583,Rptor,F,0.0216119523312617,358,0.19247311827957,1.143243943516
Prior correlation,1861,498,ENSMUSG00000105489,Gm38562,F,0.0215853104240366,358,0.192369693713057,1.1426296265125
Prior correlation,1862,2840,ENSMUSG00000017677,Wsb1,F,0.0215670482271536,358,0.192266380236305,1.1420159693554
Prior correlation,1863,2183,ENSMUSG00000022801,Lrch3,F,0.0215583970716348,358,0.192163177670424,1.14140297098216
Prior correlation,1864,2574,ENSMUSG00000025019,Lcor,F,0.0215583824857546,358,0.19206008583691,1.14079063033249
Prior correlation,1865,1847,ENSMUSG00000027087,Itgav,F,0.0215565703484627,358,0.191957104557641,1.1401789463484
Prior correlation,1866,1915,ENSMUSG00000022141,Nipbl,F,0.0215356878521144,358,0.191854233654877,1.13956791797415
Prior correlation,1867,2491,ENSMUSG00000073725,Lmbrd1,F,0.0215324714409995,358,0.191751472951259,1.13895754415627
Prior correlation,1868,470,ENSMUSG00000031938,4931406C07Rik,F,0.021505315892917,358,0.191648822269807,1.13834782384355
Prior correlation,1869,1541,ENSMUSG00000039852,Rere,F,0.0214898675409382,358,0.191546281433922,1.13773875598703
Prior correlation,1870,1207,ENSMUSG00000028782,Adgrb2,T,0.0214897704028082,359,0.191978609625668,1.14030668127054
Prior correlation,1871,1918,ENSMUSG00000030447,Cyfip1,F,0.0214878725761575,359,0.191876002137894,1.13969721751785
Prior correlation,1872,1029,ENSMUSG00000045795,Whamm,F,0.0214867866988782,359,0.191773504273504,1.13908840490166
Prior correlation,1873,2039,ENSMUSG00000024073,Birc6,F,0.0214713495826116,359,0.191671115856914,1.13848024237902
Prior correlation,1874,2413,ENSMUSG00000003119,Cdk12,F,0.0214675062703311,359,0.191568836712914,1.13787272890923
Prior correlation,1875,2638,ENSMUSG00000041297,Cdk13,F,0.0214560440602008,359,0.191466666666667,1.13726586345382
Prior correlation,1876,597,ENSMUSG00000025576,Rbfox3,F,0.0214391826334608,359,0.19136460554371,1.13665964497649
Prior correlation,1877,2319,ENSMUSG00000037486,Asxl2,F,0.0214332987283362,359,0.191262653169952,1.13605407244321
Prior correlation,1878,1174,ENSMUSG00000025997,Ikzf2,F,0.0214282872115888,359,0.191160809371672,1.1354491448221
Prior correlation,1879,2083,ENSMUSG00000020745,Pafah1b1,F,0.0213915391412555,359,0.191059073975519,1.1348448610835
Prior correlation,1880,620,ENSMUSG00000044768,D1Ertd622e,F,0.0213904156774973,359,0.190957446808511,1.13424122019995
Prior correlation,1881,592,ENSMUSG00000027952,Pmvk,F,0.0213869510038622,359,0.190855927698033,1.13363822114615
Prior correlation,1882,640,ENSMUSG00000007207,Stx1a,F,0.0213452774652129,359,0.190754516471838,1.13303586289899
Prior correlation,1883,2023,ENSMUSG00000005871,Apc,F,0.0213328899237437,359,0.190653212958046,1.13243414443755
Prior correlation,1884,2249,ENSMUSG00000035992,Fnip1,F,0.0213081673347167,359,0.190552016985138,1.13183306474305
Prior correlation,1885,2663,ENSMUSG00000037287,Tbcel,F,0.0213002115761376,359,0.190450928381963,1.13123262279889
Prior correlation,1886,2520,ENSMUSG00000022897,Dyrk1a,F,0.0212974365814197,359,0.190349946977731,1.13063281759062
Prior correlation,1887,2190,ENSMUSG00000031700,Gpt2,F,0.0212889677827704,359,0.190249072602014,1.13003364810594
Prior correlation,1888,2175,ENSMUSG00000046138,9930021J03Rik,F,0.0212777173205222,359,0.190148305084746,1.12943511333469
Prior correlation,1889,2052,ENSMUSG00000057133,Chd6,T,0.0212725090888285,360,0.190577024880889,1.13198160561781
Prior correlation,1890,664,ENSMUSG00000022462,Slc38a2,F,0.0212717911497318,360,0.19047619047619,1.13138267355135
Prior correlation,1891,2264,ENSMUSG00000005534,Insr,F,0.0212707602132322,360,0.190375462718139,1.13078437494027
Prior correlation,1892,1706,ENSMUSG00000033209,Ttc28,F,0.0212615858370181,360,0.190274841437632,1.13018670878015
Prior correlation,1893,2202,ENSMUSG00000028842,Ago3,F,0.0212335089329041,360,0.190174326465927,1.1295896740687
Prior correlation,1894,1520,ENSMUSG00000063600,Egfem1,F,0.0212300084478898,360,0.190073917634636,1.12899326980573
Prior correlation,1895,1764,ENSMUSG00000036766,Dner,F,0.0212230326238143,360,0.189973614775726,1.12839749499317
Prior correlation,1896,530,ENSMUSG00000007950,Abhd8,F,0.0212073115783523,360,0.189873417721519,1.12780234863505
Prior correlation,1897,2809,ENSMUSG00000039967,Zfp292,T,0.0212024053931715,361,0.190300474433316,1.13033896259789
Prior correlation,1898,601,ENSMUSG00000033066,Gas7,F,0.0211944045351463,361,0.190200210748156,1.12974342046796
Prior correlation,1899,1065,ENSMUSG00000025348,Itga7,F,0.0211781832068333,361,0.190100052659294,1.1291485055546
Prior correlation,1900,1147,ENSMUSG00000002897,Il17ra,F,0.0211669736716268,361,0.19,1.12855421686747
Prior correlation,1901,2378,ENSMUSG00000010095,Slc3a2,F,0.0211662378325676,361,0.189900052603893,1.1279605534183
Prior correlation,1902,1097,ENSMUSG00000055430,Nap1l5,F,0.021157047818903,361,0.189800210304942,1.12736751422092
Prior correlation,1903,658,ENSMUSG00000001240,Ramp2,F,0.0211407520001186,361,0.189700472937467,1.12677509829122
Prior correlation,1904,2357,ENSMUSG00000002625,Akap8l,T,0.0211288622938763,362,0.190126050420168,1.12930292598967
Prior correlation,1905,1608,ENSMUSG00000034647,Ankrd12,F,0.0211194110085328,362,0.19002624671916,1.12871011605477
Prior correlation,1906,2408,ENSMUSG00000075701,Selenos,F,0.021106427890133,362,0.189926547743966,1.12811792816597
Prior correlation,1907,2020,ENSMUSG00000073147,5031425E22Rik,F,0.0210742685068346,362,0.189826953329837,1.1275263613447
Prior correlation,1908,2690,ENSMUSG00000020894,Vamp2,F,0.0210413295551242,362,0.189727463312369,1.12693541461443
Prior correlation,1909,2410,ENSMUSG00000047126,Cltc,F,0.0210220614708079,362,0.189628077527501,1.1263450870007
Prior correlation,1910,1101,ENSMUSG00000030336,Cd27,F,0.0210215490565219,362,0.189528795811518,1.12575537753107
Prior correlation,1911,2170,ENSMUSG00000040387,Klhl32,F,0.0209977343319062,362,0.189429618001047,1.12516628523513
Prior correlation,1912,1258,ENSMUSG00000022197,Pdzd2,F,0.0209956923234164,362,0.189330543933054,1.12457780914453
Prior correlation,1913,618,ENSMUSG00000026014,Raph1,F,0.0209885690591199,362,0.189231573444851,1.12398994829291
Prior correlation,1914,1083,ENSMUSG00000034614,Pik3ip1,F,0.0209715806368815,362,0.189132706374086,1.12340270171595
Prior correlation,1915,1718,ENSMUSG00000030352,Tspan9,T,0.0209655170799809,363,0.189556135770235,1.1259177702979
Prior correlation,1916,625,ENSMUSG00000056004,9330182L06Rik,F,0.0209593664762403,363,0.189457202505219,1.12533013054305
Prior correlation,1917,2422,ENSMUSG00000001687,Ubl3,F,0.0209591929473382,363,0.189358372456964,1.12474310387088
Prior correlation,1918,2838,ENSMUSG00000033335,Dnm2,F,0.0209533532612781,363,0.189259645464025,1.12415668932246
Prior correlation,1919,2822,ENSMUSG00000030315,Vgll4,F,0.020935487537561,363,0.189161021365294,1.12357088594085
Prior correlation,1920,569,ENSMUSG00000028347,Tmeff1,F,0.0209349540892409,363,0.1890625,1.12298569277108
Prior correlation,1921,1154,ENSMUSG00000062210,Tnfaip8,F,0.0209317605543364,363,0.188964081207704,1.12240110886022
Prior correlation,1922,2049,ENSMUSG00000030016,Zfp638,T,0.0209172581975918,364,0.189386056191467,1.12490753858305
Prior correlation,1923,2938,ENSMUSG00000056612,Ppp1r14b,F,0.0209158993622638,364,0.18928757150286,1.12432256326398
Prior correlation,1924,2952,ENSMUSG00000054766,Set,F,0.020888349766329,364,0.189189189189189,1.12373819602735
Prior correlation,1925,2826,ENSMUSG00000020889,Nr1d1,T,0.0208866627097093,365,0.18961038961039,1.12624002503521
Prior correlation,1926,2062,ENSMUSG00000037646,Vps13b,F,0.0208742622274765,365,0.18951194184839,1.12565526905128
Prior correlation,1927,1268,ENSMUSG00000033585,Ndn,F,0.0208455690527135,365,0.189413596263622,1.12507111997549
Prior correlation,1928,543,ENSMUSG00000062480,Acat3,F,0.020839337166967,365,0.189315352697095,1.12448757686347
Prior correlation,1929,2713,ENSMUSG00000085793,Lin52,F,0.0208353675481021,365,0.18921721099015,1.12390463877282
Prior correlation,1930,2678,ENSMUSG00000030555,Ttc23,F,0.0208294116994977,365,0.189119170984456,1.12332230476309
Prior correlation,1931,2973,ENSMUSG00000037426,Depdc5,F,0.0208293416540655,365,0.189021232522009,1.12274057389579
Prior correlation,1932,725,ENSMUSG00000022490,Ppp1r1a,F,0.0208201291643489,365,0.188923395445135,1.12215944523435
Prior correlation,1933,1214,ENSMUSG00000030256,Bhlhe41,F,0.0208175494218138,365,0.188825659596482,1.12157891784417
Prior correlation,1934,2070,ENSMUSG00000059474,Mbtd1,F,0.020800873300059,365,0.188728024819028,1.12099899079254
Prior correlation,1935,2244,ENSMUSG00000053470,Kdm3a,T,0.020786220262897,366,0.189147286821705,1.12348930606146
Prior correlation,1936,1115,ENSMUSG00000020290,Xpo1,F,0.0207483363616014,366,0.18904958677686,1.12290899133725
Prior correlation,1937,2633,ENSMUSG00000028149,Rap1gds1,F,0.0207380827812574,366,0.188951987609706,1.12232927580223
Prior correlation,1938,1839,ENSMUSG00000020716,Nf1,F,0.0207166520411779,366,0.188854489164087,1.12175015852885
Prior correlation,1939,1676,ENSMUSG00000061601,Pclo,F,0.020703834697155,366,0.188757091284167,1.1211716385915
Prior correlation,1940,582,ENSMUSG00000041670,Rims1,T,0.0206998452976501,367,0.189175257731959,1.12365544652838
Prior correlation,1941,1932,ENSMUSG00000019843,Fyn,F,0.0206852181095738,367,0.189077794951056,1.12307654109483
Prior correlation,1942,2033,ENSMUSG00000027346,Gpcpd1,F,0.0206806268837661,367,0.188980432543769,1.12249823185636
Prior correlation,1943,551,ENSMUSG00000086429,Gt(ROSA)26Sor,F,0.0206695463866769,367,0.188883170355121,1.12192051789247
Prior correlation,1944,2656,ENSMUSG00000031024,St5,F,0.0206661354363761,367,0.188786008230453,1.1213433982845
Prior correlation,1945,2105,ENSMUSG00000033379,Atp6v0b,T,0.0206608298766824,368,0.189203084832905,1.12382073280268
Prior correlation,1946,2484,ENSMUSG00000041702,Btbd7,F,0.0206553648727121,368,0.189105858170606,1.12324322985673
Prior correlation,1947,656,ENSMUSG00000047419,Cmya5,F,0.0206530307451886,368,0.189008731381613,1.12266632013416
Prior correlation,1948,2074,ENSMUSG00000020390,Ube2b,F,0.0206511432551084,368,0.188911704312115,1.12209000272136
Prior correlation,1949,1074,ENSMUSG00000026986,Hnmt,F,0.0206463911393633,368,0.18881477680862,1.12151427670662
Prior correlation,1950,650,ENSMUSG00000025981,Coq10b,F,0.0206410144678319,368,0.188717948717949,1.12093914118011
Prior correlation,1951,2889,ENSMUSG00000079834,Tmlhe,F,0.0206385512435344,368,0.188621219887237,1.12036459523383
Prior correlation,1952,2159,ENSMUSG00000039671,Zmynd8,F,0.0206220673865522,368,0.188524590163934,1.11979063796168
Prior correlation,1953,1096,ENSMUSG00000020486,Sept4,F,0.0206210127166028,368,0.188428059395801,1.1192172684594
Prior correlation,1954,2045,ENSMUSG00000020640,Itsn2,F,0.0206106195439924,368,0.188331627430911,1.11864448582457
Prior correlation,1955,540,ENSMUSG00000038738,Shank1,T,0.0205980842755181,369,0.188746803069054,1.12111052907281
Prior correlation,1956,2441,ENSMUSG00000019437,Tlcd1,F,0.0205748137727339,369,0.188650306748466,1.12053736418065
Prior correlation,1957,1373,ENSMUSG00000090247,Bloc1s1,F,0.020552553374462,369,0.188553909044456,1.11996478504719
Prior correlation,1958,1747,ENSMUSG00000042348,Arl15,F,0.0205463093350175,369,0.188457609805924,1.11939279077495
Prior correlation,1959,2379,ENSMUSG00000030894,Tpp1,F,0.0205427079070561,369,0.188361408882083,1.11882138046827
Prior correlation,1960,591,ENSMUSG00000026959,Grin1,T,0.0205157520588855,370,0.188775510204082,1.1212810425375
Prior correlation,1961,568,ENSMUSG00000025738,Fbxl16,F,0.0205122009022285,370,0.188679245283019,1.12070925210275
Prior correlation,1962,2268,ENSMUSG00000039607,Rbms3,F,0.0204986869849256,370,0.188583078491335,1.12013804453287
Prior correlation,1963,2169,ENSMUSG00000001768,Rin2,F,0.020496251437762,370,0.188487009679063,1.11956741893708
Prior correlation,1964,1959,ENSMUSG00000040711,Sh3pxd2b,F,0.0204902671418714,370,0.188391038696538,1.11899737442642
Prior correlation,1965,614,ENSMUSG00000053046,Brsk2,F,0.020479707492785,370,0.188295165394402,1.11842791011374
Prior correlation,1966,2498,ENSMUSG00000034557,Zfyve9,F,0.0204647367610266,370,0.188199389623601,1.11785902511368
Prior correlation,1967,2103,ENSMUSG00000095139,Pou3f2,F,0.0204529954318063,370,0.188103711235384,1.1172907185427
Prior correlation,1968,1201,ENSMUSG00000039474,Wfs1,F,0.0204454193541648,370,0.188008130081301,1.11672298951905
Prior correlation,1969,1720,ENSMUSG00000026587,Astn1,F,0.0204356680178242,370,0.187912646013205,1.11615583716277
Prior correlation,1970,2308,ENSMUSG00000028207,Asph,T,0.0204248562060471,371,0.188324873096447,1.1186043667054
Prior correlation,1971,1753,ENSMUSG00000020532,Acaca,F,0.0204185024381509,371,0.188229325215627,1.11803683531691
Prior correlation,1972,2852,ENSMUSG00000063358,Mapk1,T,0.0204181360441574,372,0.188640973630832,1.12048192771084
Prior correlation,1973,1091,ENSMUSG00000026042,Col5a2,F,0.020404530716885,372,0.188545362392296,1.11991401999279
Prior correlation,1974,2025,ENSMUSG00000024483,Ankhd1,F,0.0204040126198261,372,0.188449848024316,1.1193466876625
Prior correlation,1975,2689,ENSMUSG00000022000,Zc3h13,F,0.0203932004239959,372,0.188354430379747,1.11877992984597
Prior correlation,1976,528,ENSMUSG00000052125,F730043M19Rik,F,0.0203771547486156,372,0.188259109311741,1.11821374567094
Prior correlation,1977,2347,ENSMUSG00000032329,Hmg20a,F,0.0203540886862416,372,0.188163884673748,1.11764813426696
Prior correlation,1978,626,ENSMUSG00000010461,Eya4,F,0.020349076791737,372,0.188068756319515,1.11708309476531
Prior correlation,1979,2737,ENSMUSG00000042298,Ttc19,F,0.0203486245384318,372,0.187973724103082,1.11651862629903
Prior correlation,1980,2940,ENSMUSG00000006276,Eps15l1,F,0.0203219740730727,372,0.187878787878788,1.11595472800292
Prior correlation,1981,2146,ENSMUSG00000030660,Pik3c2a,F,0.0203101365606195,372,0.187783947501262,1.11539139901352
Prior correlation,1982,1260,ENSMUSG00000024534,Sncaip,F,0.020309686867596,372,0.187689202825429,1.11482863846911
Prior correlation,1983,2161,ENSMUSG00000022114,Spry2,F,0.0203093744192516,372,0.187594553706505,1.11426644550972
Prior correlation,1984,1288,ENSMUSG00000061298,Agbl4,F,0.0203040900473734,372,0.1875,1.11370481927711
Prior correlation,1985,1433,ENSMUSG00000058317,Ube2e2,F,0.0203001255524557,372,0.187405541561713,1.11314375891475
Prior correlation,1986,2467,ENSMUSG00000020719,Ddx5,F,0.0202866056746537,372,0.187311178247734,1.11258326356787
Prior correlation,1987,1960,ENSMUSG00000020220,Vps13d,F,0.020279820952614,372,0.187216909914444,1.11202333238338
Prior correlation,1988,2252,ENSMUSG00000040850,Psme4,F,0.0202757817383416,372,0.187122736418511,1.11146396450995
Prior correlation,1989,2298,ENSMUSG00000026878,Rab14,T,0.0202592594589878,373,0.18753142282554,1.11389146328905
Prior correlation,1990,1422,ENSMUSG00000034755,Pcdh11x,T,0.0202469240352271,374,0.187939698492462,1.11631652237089
Prior correlation,1991,612,ENSMUSG00000033964,Zbtb41,F,0.0202332702208285,374,0.187845303867403,1.11575584104373
Prior correlation,1992,2272,ENSMUSG00000040964,Arhgef10l,F,0.0202186394259771,374,0.187751004016064,1.11519572264963
Prior correlation,1993,1866,ENSMUSG00000020611,Gna13,F,0.0202116671362446,374,0.187656798795785,1.11463616634123
Prior correlation,1994,1132,ENSMUSG00000027276,Jag1,F,0.0202061449774386,374,0.187562688064193,1.11407717127285
Prior correlation,1995,2053,ENSMUSG00000033629,Hacd3,F,0.0201978474920607,374,0.187468671679198,1.11351873660054
Prior correlation,1996,1991,ENSMUSG00000055932,Fto,F,0.0201686821057253,374,0.187374749498998,1.112960861482
Prior correlation,1997,1766,ENSMUSG00000024978,Gpam,F,0.020162080654813,374,0.187280921382073,1.11240354507665
Prior correlation,1998,2801,ENSMUSG00000019854,Reps1,F,0.0201615831364186,374,0.187187187187187,1.11184678654558
Prior correlation,1999,2679,ENSMUSG00000027782,Kpna4,F,0.0201544794778679,374,0.187093546773387,1.11129058505156
Prior correlation,2000,2703,ENSMUSG00000057738,Sptan1,F,0.0201214143783871,374,0.187,1.11073493975904
Prior correlation,2001,1178,ENSMUSG00000040363,Bcor,F,0.0200776091217435,374,0.186906546726637,1.11017984983412
Prior correlation,2002,552,ENSMUSG00000063931,Pepd,F,0.0200745426655448,374,0.186813186813187,1.10962531444459
Prior correlation,2003,2295,ENSMUSG00000007411,Mark3,F,0.0200739050996894,374,0.18671992011982,1.1090713327599
Prior correlation,2004,1884,ENSMUSG00000020319,Wdpcp,F,0.0200722184538048,374,0.186626746506986,1.10851790395113
Prior correlation,2005,648,ENSMUSG00000097071,4930544I03Rik,F,0.0200387267938294,374,0.186533665835411,1.10796502719106
Prior correlation,2006,2185,ENSMUSG00000039716,Dock3,T,0.0200353205269829,375,0.186939182452642,1.11037369818256
Prior correlation,2007,571,ENSMUSG00000037217,Syn1,T,0.0200176423738795,376,0.187344294967613,1.11277996890402
Prior correlation,2008,2220,ENSMUSG00000056851,Pcbp2,F,0.0200034740770362,376,0.187250996015936,1.11222579561273
Prior correlation,2009,1025,ENSMUSG00000096014,Sox1,T,0.0200022087622439,377,0.187655550024888,1.11462874894301
Prior correlation,2010,2478,ENSMUSG00000027634,Ndrg3,F,0.0200019728753723,377,0.187562189054726,1.11407420727687
Prior correlation,2011,547,ENSMUSG00000001552,Jup,F,0.0200013259881713,377,0.187468920934858,1.1135202171191
Prior correlation,2012,570,ENSMUSG00000022353,Mtss1,F,0.0199862459381986,377,0.187375745526839,1.11296677764737
Prior correlation,2013,2057,ENSMUSG00000024654,Asrgl1,F,0.0199714131991644,377,0.187282662692499,1.11241388804099
Prior correlation,2014,2578,ENSMUSG00000038546,Ranbp9,F,0.0199536257198504,377,0.187189672293942,1.11186154748089
Prior correlation,2015,2602,ENSMUSG00000052917,Senp7,F,0.0199521253099694,377,0.187096774193548,1.11130975514963
Prior correlation,2016,2351,ENSMUSG00000019920,Lims1,F,0.0199476742140485,377,0.187003968253968,1.1107585102314
Prior correlation,2017,2814,ENSMUSG00000021047,Nova1,F,0.0199451618789328,377,0.186911254338126,1.110207811912
Prior correlation,2018,1828,ENSMUSG00000025978,Rftn2,F,0.0199370401436433,377,0.186818632309217,1.10965765937884
Prior correlation,2019,1148,ENSMUSG00000009073,Nf2,F,0.019927945215022,377,0.186726102030708,1.10910805182095
Prior correlation,2020,2279,ENSMUSG00000073664,Nbeal1,T,0.0199245435223293,378,0.187128712871287,1.11149946319933
Prior correlation,2021,1695,ENSMUSG00000078671,Chd2,T,0.0199029027415145,379,0.187530925284513,1.11388850801524
Prior correlation,2022,2767,ENSMUSG00000028919,Arhgef19,F,0.0198977463801929,379,0.187438180019782,1.113337623491
Prior correlation,2023,1609,ENSMUSG00000037999,Arap2,F,0.0198780247298832,379,0.187345526445872,1.11278728358813
Prior correlation,2024,560,ENSMUSG00000049791,Fzd4,F,0.0198739273225433,379,0.187252964426877,1.1122374874994
Prior correlation,2025,2339,ENSMUSG00000038024,Dennd4c,F,0.0198228880424915,379,0.18716049382716,1.11168823441916
Prior correlation,2026,2154,ENSMUSG00000029705,Cux1,F,0.0198220244538611,379,0.187068114511352,1.11113952354333
Prior correlation,2027,2958,ENSMUSG00000039531,Zufsp,F,0.0198209337338468,379,0.186975826344351,1.11059135406946
Prior correlation,2028,1049,ENSMUSG00000035472,Slc25a21,F,0.0198165737799752,379,0.186883629191322,1.11004372519664
Prior correlation,2029,1151,ENSMUSG00000051469,Zfp24,T,0.0198154127882648,380,0.187284376540168,1.11242406788316
Prior correlation,2030,2123,ENSMUSG00000021282,Eif5,F,0.0198148476745389,380,0.187192118226601,1.1118760757315
Prior correlation,2031,2604,ENSMUSG00000038240,Pdss2,F,0.0198133778447006,380,0.187099950763171,1.11132862320775
Prior correlation,2032,2684,ENSMUSG00000050608,Minos1,F,0.0198131010307555,380,0.187007874015748,1.11078170951523
Prior correlation,2033,1750,ENSMUSG00000045817,Zfp36l2,T,0.0198115609660126,381,0.187407771765863,1.11315700579001
Prior correlation,2034,2266,ENSMUSG00000026219,Trip12,F,0.0197897674713308,381,0.187315634218289,1.11260973095924
Prior correlation,2035,2619,ENSMUSG00000022400,Rbx1,F,0.0197771005288587,381,0.187223587223587,1.1120629939907
Prior correlation,2036,2421,ENSMUSG00000000600,Krit1,F,0.0197761645386707,381,0.18713163064833,1.11151679409189
Prior correlation,2037,2029,ENSMUSG00000058756,Thra,F,0.0197745911703535,381,0.187039764359352,1.11097113047181
Prior correlation,2038,1944,ENSMUSG00000040111,Gramd1b,F,0.0197542160044059,381,0.186947988223749,1.11042600234106
Prior correlation,2039,2790,ENSMUSG00000048410,Zfp407,T,0.0197530271415039,382,0.187346738597352,1.11279448347584
Prior correlation,2040,1289,ENSMUSG00000062980,Cped1,F,0.019750533295208,382,0.187254901960784,1.11224899598394
Prior correlation,2041,1657,ENSMUSG00000022957,Itsn1,F,0.0197294373696735,382,0.187163155316022,1.11170404302167
Prior correlation,2042,2655,ENSMUSG00000050945,Zfp438,T,0.019725071785747,383,0.187561214495593,1.11406841863045
Prior correlation,2043,713,ENSMUSG00000097634,Gm26827,F,0.019685253537691,383,0.187469407733725,1.11352310858706
Prior correlation,2044,1140,ENSMUSG00000042616,Oscp1,F,0.0196515492205534,383,0.187377690802348,1.11297833211515
Prior correlation,2045,2210,ENSMUSG00000067336,Bmpr2,F,0.0196467323127813,383,0.187286063569682,1.11243408843197
Prior correlation,2046,2718,ENSMUSG00000029455,Aldh2,F,0.0196455876512961,383,0.187194525904203,1.11189037675629
Prior correlation,2047,2481,ENSMUSG00000055116,Arntl,F,0.0196410484773331,383,0.187103077674646,1.11134719630844
Prior correlation,2048,484,ENSMUSG00000018196,Glrx2,F,0.019635171362747,383,0.18701171875,1.11080454631024
Prior correlation,2049,574,ENSMUSG00000035640,Cbarp,F,0.019633645350959,383,0.186920448999512,1.11026242598505
Prior correlation,2050,615,ENSMUSG00000051098,Mblac2,F,0.0196315850451406,383,0.186829268292683,1.10972083455774
Prior correlation,2051,2805,ENSMUSG00000053510,Nrd1,T,0.0196101060450215,384,0.187225743539737,1.11207580198904
Prior correlation,2052,2704,ENSMUSG00000033423,Eri3,F,0.0196097982896083,384,0.187134502923977,1.11153385471711
Prior correlation,2053,2111,ENSMUSG00000032724,Abtb2,F,0.0196017884357684,384,0.187043351193376,1.11099243540162
Prior correlation,2054,1506,ENSMUSG00000052512,Nav2,F,0.0195908628756251,384,0.186952288218111,1.11045154327143
Prior correlation,2055,1298,ENSMUSG00000040010,Slc7a5,F,0.0195572608681215,384,0.186861313868613,1.10991117755694
Prior correlation,2056,2920,ENSMUSG00000041225,Arhgap12,F,0.019538630151361,384,0.186770428015564,1.10937133749004
Prior correlation,2057,2733,ENSMUSG00000028452,Vcp,F,0.0195290659908782,384,0.186679630529898,1.10883202230409
Prior correlation,2058,1241,ENSMUSG00000027895,Kcnc4,F,0.019515368817597,384,0.186588921282799,1.10829323123397
Prior correlation,2059,731,ENSMUSG00000097039,Pvt1,F,0.0194671784459033,384,0.186498300145702,1.10775496351604
Prior correlation,2060,2783,ENSMUSG00000033632,AW554918,F,0.0194631360419933,384,0.186407766990291,1.10721721838812
Prior correlation,2061,2195,ENSMUSG00000025224,Gbf1,F,0.0194260387124863,384,0.186317321688501,1.10667999508953
Prior correlation,2062,2286,ENSMUSG00000022811,Zfp148,T,0.0194063159648992,385,0.186711930164888,1.10902387435289
Prior correlation,2063,2278,ENSMUSG00000040147,Maob,F,0.0194048783125104,385,0.186621425109064,1.10848629612974
Prior correlation,2064,2262,ENSMUSG00000024400,Wdr33,F,0.0194018112183021,385,0.186531007751938,1.10794923881573
Prior correlation,2065,2372,ENSMUSG00000021375,Kif13a,F,0.0193918924019362,385,0.186440677966102,1.10741270165407
Prior correlation,2066,1142,ENSMUSG00000020424,Gatsl3,F,0.019388543534777,385,0.186350435624395,1.10687668388948
Prior correlation,2067,1276,ENSMUSG00000030341,Tnfrsf1a,F,0.019323708232529,385,0.186260280599903,1.1063411847681
Prior correlation,2068,1131,ENSMUSG00000055917,Zfp277,T,0.0193201332411313,386,0.186653771760155,1.10867842744285
Prior correlation,2069,1694,ENSMUSG00000025959,Klf7,T,0.0193070819915907,387,0.187046882551957,1.11101341082066
Prior correlation,2070,1135,ENSMUSG00000047907,Tshz2,F,0.0193006117858725,387,0.18695652173913,1.11047668936616
Prior correlation,2071,1812,ENSMUSG00000018378,Cuedc1,F,0.0192946617230628,387,0.186866248189281,1.10994048623271
Prior correlation,2072,1552,ENSMUSG00000038481,Cdk19,F,0.019291231885029,387,0.186776061776062,1.10940480066986
Prior correlation,2073,584,ENSMUSG00000087698,Gm13031,F,0.0192850493260526,387,0.186685962373372,1.10886963192858
Prior correlation,2074,2048,ENSMUSG00000022119,Rbm26,F,0.0192729796106351,387,0.186595949855352,1.10833497926131
Prior correlation,2075,628,ENSMUSG00000037126,Psd,F,0.019269572366556,387,0.186506024096386,1.1078008419219
Prior correlation,2076,1251,ENSMUSG00000109284,B230311B06Rik,F,0.0192597262605031,387,0.186416184971098,1.10726721916568
Prior correlation,2077,2037,ENSMUSG00000038290,Smg6,F,0.0192252592040998,387,0.186326432354357,1.10673411024937
Prior correlation,2078,588,ENSMUSG00000026640,Plxna2,F,0.0192106026110795,387,0.18623676612127,1.10620151443116
Prior correlation,2079,2917,ENSMUSG00000020349,Ppp2ca,F,0.01921002315079,387,0.186147186147186,1.10566943097064
Prior correlation,2080,2086,ENSMUSG00000016534,Lamp2,F,0.0192070231497241,387,0.186057692307692,1.10513785912882
Prior correlation,2081,693,ENSMUSG00000086308,G630016G05Rik,F,0.0191963117743945,387,0.185968284478616,1.10460679816817
Prior correlation,2082,2645,ENSMUSG00000053644,Aldh7a1,F,0.0191872540763439,387,0.185878962536023,1.10407624735252
Prior correlation,2083,1193,ENSMUSG00000023809,Rps6ka2,F,0.0191838211108297,387,0.185789726356217,1.10354620594717
Prior correlation,2084,2207,ENSMUSG00000059586,Nsmce2,F,0.0191781241211106,387,0.185700575815739,1.10301667321879
Prior correlation,2085,2916,ENSMUSG00000047804,Akap10,T,0.0191716931456937,388,0.186091127098321,1.10533645372858
Prior correlation,2086,2974,ENSMUSG00000056999,Ide,F,0.0191685789046513,388,0.186001917545542,1.10480657048135
Prior correlation,2087,2184,ENSMUSG00000001089,Luzp1,F,0.0191623776257314,388,0.185912793483469,1.10427719502832
Prior correlation,2088,2647,ENSMUSG00000051515,Fam181b,F,0.0191550023233813,388,0.185823754789272,1.10374832663989
Prior correlation,2089,2887,ENSMUSG00000054843,Atrnl1,F,0.019111526585622,388,0.185734801340354,1.10321996458789
Prior correlation,2090,1952,ENSMUSG00000032010,Usp2,F,0.0190842523996611,388,0.185645933014354,1.1026921081455
Prior correlation,2091,2301,ENSMUSG00000024810,Il33,F,0.0190672641048371,388,0.185557149689144,1.10216475658732
Prior correlation,2092,1137,ENSMUSG00000099988,1700054A03Rik,F,0.0190510014557488,388,0.18546845124283,1.10163790918934
Prior correlation,2093,2942,ENSMUSG00000047213,Ythdf3,F,0.0190509011977077,388,0.185379837553751,1.1011115652289
Prior correlation,2094,2762,ENSMUSG00000026426,Arl8a,F,0.0190470429629868,388,0.185291308500478,1.10058572398476
Prior correlation,2095,2366,ENSMUSG00000063511,Snrnp70,F,0.019043516000936,388,0.185202863961814,1.10006038473704
Prior correlation,2096,701,ENSMUSG00000033355,Rtp4,F,0.0190371777322669,388,0.185114503816794,1.09953554676722
Prior correlation,2097,1164,ENSMUSG00000098557,Kctd12,F,0.0190356749784442,388,0.185026227944683,1.09901120935818
Prior correlation,2098,593,ENSMUSG00000030104,Edem1,F,0.0190322301677594,388,0.184938036224976,1.09848737179414
Prior correlation,2099,2776,ENSMUSG00000039210,Gpatch2,F,0.0190299873950292,388,0.184849928537399,1.09796403336069
Prior correlation,2100,610,ENSMUSG00000066877,Nck2,F,0.0190144322281203,388,0.184761904761905,1.09744119334481
Prior correlation,2101,1424,ENSMUSG00000038872,Zfhx3,F,0.0190123205190121,388,0.184673964778677,1.09691885103479
Prior correlation,2102,2150,ENSMUSG00000027598,Itch,F,0.0190066328081457,388,0.184586108468126,1.09639700572031
Prior correlation,2103,507,ENSMUSG00000018965,Ywhah,F,0.0189833692019011,388,0.184498335710889,1.09587565669239
Prior correlation,2104,654,ENSMUSG00000003746,Man1a,F,0.0189803533149863,388,0.184410646387833,1.09535480324339
Prior correlation,2105,1321,ENSMUSG00000090129,Olfr287,F,0.0189456682483222,388,0.184323040380048,1.09483444466703
Prior correlation,2106,2289,ENSMUSG00000034612,Chst11,F,0.0189452636877878,388,0.184235517568851,1.09431458025836
Prior correlation,2107,2299,ENSMUSG00000021738,Atxn7,F,0.0189313380136097,388,0.184148077835785,1.09379520931376
Prior correlation,2108,2300,ENSMUSG00000026596,Abl2,F,0.0189033686572845,388,0.184060721062619,1.09327633113098
Prior correlation,2109,1330,ENSMUSG00000021256,Vash1,F,0.0188921987458408,388,0.183973447131342,1.09275794500905
Prior correlation,2110,2081,ENSMUSG00000041235,Chd7,T,0.0188695246157428,389,0.18436018957346,1.09505510192428
Prior correlation,2111,485,ENSMUSG00000047617,Paxx,F,0.0188288033711075,389,0.18427285646613,1.09453636431087
Prior correlation,2112,665,ENSMUSG00000028843,Sh3bgrl3,F,0.0188280795725328,389,0.184185606060606,1.09401811792625
Prior correlation,2113,1480,ENSMUSG00000025283,Sat1,F,0.0188279779774848,389,0.18409843823947,1.093500362073
Prior correlation,2114,1339,ENSMUSG00000019810,Fuca2,F,0.0188157217550694,389,0.184011352885525,1.09298309605499
Prior correlation,2115,660,ENSMUSG00000009418,Nav1,F,0.0188091449723857,389,0.183924349881797,1.09246631917742
Prior correlation,2116,2333,ENSMUSG00000050812,AI314180,F,0.0188036346286652,389,0.183837429111531,1.09195003074681
Prior correlation,2117,2936,ENSMUSG00000031246,Sh3bgrl,F,0.0188009081342333,389,0.183750590458196,1.09143423007097
Prior correlation,2118,1516,ENSMUSG00000109394,A230057D06Rik,F,0.0188006281712877,389,0.183663833805477,1.09091891645904
Prior correlation,2119,1129,ENSMUSG00000087231,E230016M11Rik,F,0.0187998066952619,389,0.183577159037282,1.09040408922144
Prior correlation,2120,2329,ENSMUSG00000007880,Arid1a,F,0.0187644438928339,389,0.183490566037736,1.08988974766992
Prior correlation,2121,2459,ENSMUSG00000021782,Dlg5,T,0.0187519797347228,390,0.183875530410184,1.09217634327977
Prior correlation,2122,1190,ENSMUSG00000085715,Tsix,F,0.0187507601252403,390,0.183788878416588,1.09166165131781
Prior correlation,2123,1284,ENSMUSG00000038776,Ephx1,T,0.0187506256471502,391,0.184173339613754,1.09394525818772
Prior correlation,2124,598,ENSMUSG00000063146,Clip2,F,0.0187476752877806,391,0.184086629001883,1.09343021804733
Prior correlation,2125,1150,ENSMUSG00000022687,Boc,F,0.0187273180100149,391,0.184,1.0929156626506
Prior correlation,2126,2332,ENSMUSG00000024566,Atp9b,F,0.0187152996898709,391,0.183913452492944,1.09240159131351
Prior correlation,2127,2231,ENSMUSG00000062270,Morf4l1,F,0.0187029291924197,391,0.183826986365773,1.09188800335333
Prior correlation,2128,2593,ENSMUSG00000041977,Arhgef11,F,0.01869103920849,391,0.183740601503759,1.09137489808859
Prior correlation,2129,1774,ENSMUSG00000037685,Atp8a1,F,0.0186861872367306,391,0.183654297792391,1.09086227483914
Prior correlation,2130,2024,ENSMUSG00000027002,Nckap1,F,0.0186425992172688,391,0.183568075117371,1.09035013292607
Prior correlation,2131,2780,ENSMUSG00000022892,App,T,0.0186367695342839,392,0.183951196621305,1.092625782341
Prior correlation,2132,2180,ENSMUSG00000036278,Macrod1,F,0.0186296962288302,392,0.183864915572233,1.09211329370013
Prior correlation,2133,2544,ENSMUSG00000022403,St13,F,0.0186007125933432,392,0.183778715424285,1.09160128559244
Prior correlation,2134,634,ENSMUSG00000070476,Fam217b,F,0.0185999839666264,392,0.18369259606373,1.0910897573424
Prior correlation,2135,1134,ENSMUSG00000055013,Agap1,F,0.018597891127825,392,0.183606557377049,1.09057870827573
Prior correlation,2136,638,ENSMUSG00000029482,Aacs,F,0.018588247699017,392,0.183520599250936,1.09006813771942
Prior correlation,2137,2067,ENSMUSG00000022389,Tef,F,0.0185729846383128,392,0.183434721572298,1.08955804500172
Prior correlation,2138,2384,ENSMUSG00000030275,Etnk1,F,0.0185502590437342,392,0.183348924228251,1.08904842945214
Prior correlation,2139,2875,ENSMUSG00000022329,Stk3,F,0.0185205900151348,392,0.183263207106124,1.08853929040144
Prior correlation,2140,1111,ENSMUSG00000037410,Tbc1d2b,F,0.0185140951288063,392,0.183177570093458,1.08803062718162
Prior correlation,2141,2328,ENSMUSG00000028229,Rmdn1,F,0.0185040525989834,392,0.183092013078001,1.08752243912596
Prior correlation,2142,2622,ENSMUSG00000032050,Rdx,F,0.0185037756941914,392,0.183006535947712,1.08701472556894
Prior correlation,2143,2553,ENSMUSG00000004071,Cdip1,F,0.0184994459334586,392,0.182921138590761,1.08650748584633
Prior correlation,2144,677,ENSMUSG00000033377,Palmd,F,0.0184800465144527,392,0.182835820895522,1.08600071929509
Prior correlation,2145,1162,ENSMUSG00000036641,Ccdc148,F,0.0184781254052569,392,0.182750582750583,1.08549442525346
Prior correlation,2146,495,ENSMUSG00000033953,Ppp3r1,T,0.0184618265828098,393,0.183131407269338,1.08775643112993
Prior correlation,2147,2598,ENSMUSG00000059834,Sclt1,F,0.0184529145962701,393,0.183046110852352,1.08724979096638
Prior correlation,2148,2824,ENSMUSG00000025277,Abhd6,F,0.0184524101218114,393,0.182960893854749,1.08674362253483
Prior correlation,2149,2152,ENSMUSG00000042605,Atxn2,F,0.018447418394614,393,0.182875756165658,1.08623792517674
Prior correlation,2150,2395,ENSMUSG00000026179,Pnkd,F,0.0184436816366793,393,0.182790697674419,1.0857326982348
Prior correlation,2151,663,ENSMUSG00000027495,Fam210b,F,0.0184426112749317,393,0.182705718270572,1.08522794105291
Prior correlation,2152,2915,ENSMUSG00000028410,Dnaja1,F,0.0184406934811357,393,0.182620817843866,1.08472365297622
Prior correlation,2153,603,ENSMUSG00000029471,Camkk2,T,0.0184224600626843,394,0.183000464468184,1.08697866244355
Prior correlation,2154,2997,ENSMUSG00000032249,Anp32a,F,0.0184159295010461,394,0.182915506035283,1.08647402982403
Prior correlation,2155,2859,ENSMUSG00000029202,Pds5a,F,0.0184041616881132,394,0.182830626450116,1.08596986554105
Prior correlation,2156,2452,ENSMUSG00000010277,2610507B11Rik,F,0.0183826689644695,394,0.182745825602968,1.08546616894293
Prior correlation,2157,2755,ENSMUSG00000020134,Peli1,F,0.0183819541685317,394,0.18266110338433,1.08496293937921
Prior correlation,2158,2757,ENSMUSG00000020076,Ddx50,F,0.0183709563246016,394,0.182576459684893,1.08446017620063
Prior correlation,2159,2322,ENSMUSG00000021577,Sdha,F,0.0183676235273618,394,0.182491894395553,1.08395787875913
Prior correlation,2160,1099,ENSMUSG00000074794,Arrdc3,F,0.018357488078373,394,0.182407407407407,1.08345604640785
Prior correlation,2161,2986,ENSMUSG00000046727,Cystm1,F,0.0183541610025688,394,0.182322998611754,1.08295467850114
Prior correlation,2162,2976,ENSMUSG00000029913,Prdm5,F,0.0183487622397089,394,0.182238667900092,1.08245377439453
Prior correlation,2163,1081,ENSMUSG00000039911,Spsb1,F,0.0183342267725561,394,0.182154415164124,1.08195333344474
Prior correlation,2164,1180,ENSMUSG00000015090,Ptgds,F,0.0183278059827925,394,0.182070240295749,1.08145335500969
Prior correlation,2165,2310,ENSMUSG00000035437,Rabgap1,T,0.0183259007604818,395,0.182448036951501,1.08369737610952
Prior correlation,2166,561,ENSMUSG00000024268,Celf4,F,0.0183222184014749,395,0.182363804247461,1.08319705414456
Prior correlation,2167,565,ENSMUSG00000019577,Pdk4,F,0.0183201905347437,395,0.182279649284725,1.08269719394421
Prior correlation,2168,1116,ENSMUSG00000075254,Heg1,F,0.0183196134879405,395,0.18219557195572,1.08219779486951
Prior correlation,2169,1810,ENSMUSG00000041889,Shisa4,F,0.0183152235512081,395,0.182111572153066,1.08169885628267
Prior correlation,2170,2443,ENSMUSG00000030663,1110004F10Rik,F,0.0183147965442522,395,0.182027649769585,1.08120037754705
Prior correlation,2171,2463,ENSMUSG00000062232,Rapgef2,F,0.018300287864435,395,0.181943804698296,1.08070235802723
Prior correlation,2172,1384,ENSMUSG00000118380,Gm36037,F,0.0182934085454649,395,0.181860036832413,1.08020479708891
Prior correlation,2173,621,ENSMUSG00000074466,Gm15417,F,0.0182579008916272,395,0.181776346065347,1.07970769409899
Prior correlation,2174,659,ENSMUSG00000098720,Gm27239,F,0.0182270617637635,395,0.181692732290708,1.07921104842553
Prior correlation,2175,1295,ENSMUSG00000040479,Dgkz,F,0.0182210453248238,395,0.181609195402299,1.07871485943775
Prior correlation,2176,2466,ENSMUSG00000032263,Bckdhb,F,0.0182057403870344,395,0.181525735294118,1.07821912650602
Prior correlation,2177,1145,ENSMUSG00000026821,Ralgds,F,0.0182049851786688,395,0.181442351860358,1.07772384900189
Prior correlation,2178,2583,ENSMUSG00000022064,Pibf1,F,0.0181977803348276,395,0.181359044995409,1.07722902629803
Prior correlation,2179,2513,ENSMUSG00000028015,Ctso,F,0.0181619969262087,395,0.18127581459385,1.07673465776829
Prior correlation,2180,1249,ENSMUSG00000025425,St8sia5,F,0.0181581448655796,395,0.181192660550459,1.07624074278766
Prior correlation,2181,595,ENSMUSG00000021752,Kctd6,F,0.0181539087514125,395,0.181109582760202,1.07574728073228
Prior correlation,2182,2775,ENSMUSG00000055670,Zzef1,F,0.0181528452044333,395,0.18102658111824,1.07525427097943
Prior correlation,2183,673,ENSMUSG00000098188,Sowahc,F,0.0181476675961627,395,0.180943655519927,1.07476171290752
Prior correlation,2184,680,ENSMUSG00000042213,Zfand4,F,0.0181391441424021,395,0.180860805860806,1.07426960589611
Prior correlation,2185,1453,ENSMUSG00000020844,Nxn,F,0.0181376924829661,395,0.180778032036613,1.07377794932591
Prior correlation,2186,2457,ENSMUSG00000040524,Zfp609,T,0.0181280258651922,396,0.181152790484904,1.07600392420551
Prior correlation,2187,697,ENSMUSG00000019775,Rgs17,F,0.0181251017759663,396,0.181069958847737,1.07551192424017
Prior correlation,2188,2774,ENSMUSG00000039968,Rsbn1l,F,0.0181020474264992,396,0.180987202925046,1.07502037400057
Prior correlation,2189,1675,ENSMUSG00000037286,Stag1,F,0.0180844987351768,396,0.180904522613065,1.07452927287038
Prior correlation,2190,1936,ENSMUSG00000036333,Kidins220,F,0.0180743701989975,396,0.180821917808219,1.07403862023436
Prior correlation,2191,2994,ENSMUSG00000017831,Rab5a,T,0.0180694310589946,397,0.181195801004108,1.0762593963256
Prior correlation,2192,545,ENSMUSG00000026764,Kif5c,F,0.0180569822780936,397,0.181113138686131,1.07576840207545
Prior correlation,2193,1864,ENSMUSG00000030020,Prickle2,F,0.0180418924869834,397,0.181030551755586,1.07527785560848
Prior correlation,2194,2926,ENSMUSG00000052889,Prkcb,T,0.0180402105082871,398,0.181403828623519,1.07749503025777
Prior correlation,2195,581,ENSMUSG00000052214,Opa3,F,0.0180291017981738,398,0.181321184510251,1.0770041441392
Prior correlation,2196,2654,ENSMUSG00000071226,Cecr2,F,0.0180249151542313,398,0.181238615664845,1.0765137050936
Prior correlation,2197,2546,ENSMUSG00000017843,Ppp2r5c,F,0.0180133414620276,398,0.181156121984524,1.07602371251049
Prior correlation,2198,2815,ENSMUSG00000033720,Sfxn5,F,0.0180102625632683,398,0.181073703366697,1.0755341657805
Prior correlation,2199,2186,ENSMUSG00000029068,Ccnl2,F,0.0180015106312563,398,0.180991359708959,1.07504506429538
Prior correlation,2200,2098,ENSMUSG00000027993,Trim2,F,0.0179998438917731,398,0.180909090909091,1.07455640744797
Prior correlation,2201,2519,ENSMUSG00000036371,Serbp1,F,0.0179951995091813,398,0.180826896865061,1.07406819463223
Prior correlation,2202,2181,ENSMUSG00000087413,Gm11266,F,0.0179884283403119,398,0.180744777475023,1.07358042524321
Prior correlation,2203,1209,ENSMUSG00000006526,Tmem110,T,0.0179854284484866,399,0.181116659101226,1.07578931249282
Prior correlation,2204,2263,ENSMUSG00000000804,Usp32,F,0.0179812001194752,399,0.181034482758621,1.07530120481928
Prior correlation,2205,2420,ENSMUSG00000038145,Snrk,F,0.0179738982327556,399,0.180952380952381,1.07481353987378
Prior correlation,2206,1414,ENSMUSG00000060579,Fhit,F,0.0179708697060523,399,0.180870353581142,1.07432631705425
Prior correlation,2207,2968,ENSMUSG00000058761,Rnf169,F,0.0179597833288102,399,0.180788400543725,1.07383953575971
Prior correlation,2208,1837,ENSMUSG00000022272,Myo10,F,0.0179568623317983,399,0.18070652173913,1.07335319539026
Prior correlation,2209,617,ENSMUSG00000061911,Myt1l,F,0.0179562881180269,399,0.180624717066546,1.07286729534707
Prior correlation,2210,639,ENSMUSG00000048007,Timm8a1,F,0.0179559740336373,399,0.180542986425339,1.07238183503244
Prior correlation,2211,2830,ENSMUSG00000019210,Atp6v1e1,T,0.0179339797622302,400,0.180913613749435,1.07458327202977
Prior correlation,2212,1300,ENSMUSG00000001506,Col1a1,F,0.0178864867648497,400,0.180831826401447,1.07409747489052
Prior correlation,2213,1534,ENSMUSG00000037509,Arhgef4,F,0.0178846743294232,400,0.180750112968821,1.07361211679071
Prior correlation,2214,1326,ENSMUSG00000024940,Ltbp3,F,0.0178835853099337,400,0.1806684733514,1.07312719713543
Prior correlation,2215,2896,ENSMUSG00000093904,Tomm20,F,0.0178502258185842,400,0.18058690744921,1.07264271533085
Prior correlation,2216,1804,ENSMUSG00000040407,Akap9,T,0.0178286518154811,401,0.180956678700361,1.07483906746118
Prior correlation,2217,2182,ENSMUSG00000086539,Gm16759,F,0.0178280406057194,401,0.180875056382499,1.07435425056111
Prior correlation,2218,1410,ENSMUSG00000004637,Wwox,F,0.0178192717899792,401,0.180793507664563,1.07386987082686
Prior correlation,2219,558,ENSMUSG00000022898,Dscr3,F,0.0178161506936751,401,0.180712032447048,1.07338592766741
Prior correlation,2220,2637,ENSMUSG00000027620,Rbm39,F,0.0177959209821681,401,0.180630630630631,1.07290242049278
Prior correlation,2221,1172,ENSMUSG00000042010,Acacb,F,0.0177854432995839,401,0.180549302116164,1.07241934871408
Prior correlation,2222,2419,ENSMUSG00000030213,Atf7ip,F,0.0177803860826259,401,0.18046804680468,1.07193671174346
Prior correlation,2223,2623,ENSMUSG00000045671,Spred2,F,0.0177720034898259,401,0.180386864597391,1.07145450899414
Prior correlation,2224,1153,ENSMUSG00000058070,Eml1,F,0.0177697260265225,401,0.180305755395683,1.07097273988038
Prior correlation,2225,2571,ENSMUSG00000029775,Klhdc10,F,0.0177571866567996,401,0.180224719101124,1.07049140381752
Prior correlation,2226,2460,ENSMUSG00000022914,Brwd1,F,0.0177486336545485,401,0.180143755615454,1.07001050022191
Prior correlation,2227,1261,ENSMUSG00000026556,Vangl2,F,0.0177356016675139,401,0.180062864840593,1.06953002851099
Prior correlation,2228,2044,ENSMUSG00000032216,Nedd4,F,0.0177292290451927,401,0.179982046678636,1.06904998810322
Prior correlation,2229,2728,ENSMUSG00000031788,Kifc3,F,0.0177286819554043,401,0.179901301031853,1.06857037841811
Prior correlation,2230,1165,ENSMUSG00000046352,Gjb2,F,0.0177040289155841,401,0.179820627802691,1.06809119887622
Prior correlation,2231,1245,ENSMUSG00000089774,Slc5a3,F,0.0176819406568551,401,0.17974002689377,1.06761244889914
Prior correlation,2232,1186,ENSMUSG00000005417,Mprip,F,0.0176686707198996,401,0.179659498207885,1.06713412790949
Prior correlation,2233,2316,ENSMUSG00000070733,Fryl,F,0.0176584885465902,401,0.179579041648007,1.06665623533093
Prior correlation,2234,590,ENSMUSG00000019194,Scn1b,F,0.0176538688655586,401,0.179498657117278,1.06617877058817
Prior correlation,2235,1923,ENSMUSG00000022763,Aifm3,F,0.0176485716389099,401,0.179418344519016,1.06570173310692
Prior correlation,2236,2793,ENSMUSG00000054387,Mdm4,F,0.0176010559907047,401,0.179338103756708,1.06522512231394
Prior correlation,2237,2820,ENSMUSG00000021725,Parp8,F,0.0175892103535338,401,0.179257934734019,1.064748937637
Prior correlation,2238,606,ENSMUSG00000001986,Gria3,T,0.0175676028049586,402,0.179624664879357,1.0669272263316
Prior correlation,2239,2218,ENSMUSG00000055799,Tcf7l1,T,0.0175669210646817,403,0.179991067440822,1.06910356925693
Prior correlation,2240,2296,ENSMUSG00000027365,Trpm7,T,0.0175629605114136,404,0.180357142857143,1.07127796901893
Prior correlation,2241,1337,ENSMUSG00000037089,Slc35b2,F,0.0175579239820888,404,0.180276662204373,1.07079993333441
Prior correlation,2242,2530,ENSMUSG00000027397,Slc20a1,F,0.0175578669456559,404,0.180196253345227,1.07032232408671
Prior correlation,2243,1603,ENSMUSG00000053907,Mat2a,F,0.01754462374625,404,0.180115916183683,1.06984514070549
Prior correlation,2244,2222,ENSMUSG00000025781,Atp5c1,F,0.0175408394527205,404,0.180035650623886,1.06936838262139
Prior correlation,2245,643,ENSMUSG00000063659,Zbtb18,F,0.01752983865851,404,0.179955456570156,1.06889204926611
Prior correlation,2246,1163,ENSMUSG00000068015,Lrch1,F,0.0175249021542015,404,0.179875333926981,1.06841614007231
Prior correlation,2247,2823,ENSMUSG00000027189,Trim44,F,0.0175234994215626,404,0.179795282599021,1.0679406544737
Prior correlation,2248,596,ENSMUSG00000054733,Msra,F,0.0175224031599187,404,0.179715302491103,1.06746559190499
Prior correlation,2249,2430,ENSMUSG00000033671,Cep350,T,0.0175142209710216,405,0.180080035571365,1.06963201851425
Prior correlation,2250,562,ENSMUSG00000041926,Rnpep,F,0.0175055746014698,405,0.18,1.06915662650602
Prior correlation,2251,607,ENSMUSG00000034675,Dbn1,F,0.0174998064265426,405,0.17992003553976,1.06868165688074
Prior correlation,2252,585,ENSMUSG00000024403,Atp6v1g2,T,0.0174819835943008,406,0.180284191829485,1.07084465749321
Prior correlation,2253,1817,ENSMUSG00000037487,Ubr5,F,0.0174787918230964,406,0.180204172214825,1.07036936026396
Prior correlation,2254,577,ENSMUSG00000023156,Rpp14,F,0.017470548275394,406,0.180124223602484,1.06989448477138
Prior correlation,2255,2872,ENSMUSG00000020149,Rab1,T,0.0174684539526636,407,0.180487804878049,1.07205406993829
Prior correlation,2256,1146,ENSMUSG00000046985,Tapt1,F,0.0174653458368012,407,0.18040780141844,1.07157886866615
Prior correlation,2257,2795,ENSMUSG00000040560,Wdr7,F,0.0174586545716631,407,0.180327868852459,1.07110408848509
Prior correlation,2258,564,ENSMUSG00000026797,Stxbp1,T,0.0174537561020646,408,0.180690876882197,1.07326026870991
Prior correlation,2259,2031,ENSMUSG00000044229,Nxpe4,F,0.0174522464768475,408,0.180610889774236,1.07278516456263
Prior correlation,2260,666,ENSMUSG00000055725,Paqr3,F,0.0174502096043446,408,0.180530973451327,1.0723104808615
Prior correlation,2261,707,ENSMUSG00000117450,Gm15422,F,0.0174394355562579,408,0.180451127819549,1.07183621704865
Prior correlation,2262,2935,ENSMUSG00000031639,Tlr3,F,0.0173881068334835,408,0.180371352785146,1.07136237256719
Prior correlation,2263,2377,ENSMUSG00000049470,Aff4,F,0.0173863299000868,408,0.180291648254529,1.07088894686124
Prior correlation,2264,2337,ENSMUSG00000024283,Wac,F,0.0173856561514971,408,0.180212014134276,1.07041593937588
Prior correlation,2265,1937,ENSMUSG00000032186,Tmod2,F,0.0173815488040352,408,0.180132450331126,1.06994334955717
Prior correlation,2266,2858,ENSMUSG00000029478,Ncor2,F,0.0173667583680595,408,0.180052956751986,1.06947117685216
Prior correlation,2267,622,ENSMUSG00000046688,Tifa,F,0.0173663746893665,408,0.179973533303926,1.06899942070886
Prior correlation,2268,1969,ENSMUSG00000024039,Cbs,F,0.0173602936996573,408,0.17989417989418,1.06852808057627
Prior correlation,2269,2176,ENSMUSG00000026748,Plxdc2,F,0.0173586265586305,408,0.179814896430145,1.06805715590436
Prior correlation,2270,2442,ENSMUSG00000033565,Rbfox2,F,0.0173533677339987,408,0.179735682819383,1.06758664614405
Prior correlation,2271,1244,ENSMUSG00000067787,Blcap,F,0.0173500649287825,408,0.179656538969617,1.06711655074724
Prior correlation,2272,2998,ENSMUSG00000019726,Lyst,F,0.0173342668308788,408,0.179577464788732,1.06664686916681
Prior correlation,2273,2817,ENSMUSG00000018076,Med13l,F,0.0173127162382123,408,0.179498460184778,1.06617760085657
Prior correlation,2274,678,ENSMUSG00000041974,Spidr,F,0.0172930127399273,408,0.179419525065963,1.06570874527132
Prior correlation,2275,2117,ENSMUSG00000071252,2210408I21Rik,F,0.0172787858596946,408,0.179340659340659,1.06524030186681
Prior correlation,2276,675,ENSMUSG00000036834,Plch1,T,0.01726738253821,409,0.179701230228471,1.06738200605586
Prior correlation,2277,1279,ENSMUSG00000089840,Gm4491,F,0.017254201386324,409,0.179622310057093,1.06691323925478
Prior correlation,2278,2462,ENSMUSG00000024002,Brd4,F,0.0172496063060118,409,0.179543459174715,1.06644488401367
Prior correlation,2279,1970,ENSMUSG00000029629,Phf14,T,0.0172446470371399,410,0.179903466432646,1.06858324037704
Prior correlation,2280,2566,ENSMUSG00000030022,Adamts9,F,0.0172434684012243,410,0.179824561403509,1.06811456351723
Prior correlation,2281,2595,ENSMUSG00000040451,Sgms1,F,0.0172408439189577,410,0.179745725558965,1.06764629759723
Prior correlation,2282,1719,ENSMUSG00000028121,Bcar3,F,0.0172282662459502,410,0.179666958808063,1.06717844207681
Prior correlation,2283,1358,ENSMUSG00000053930,Shisa6,F,0.0172157870002894,410,0.179588261060009,1.06671099641668
Prior correlation,2284,599,ENSMUSG00000023022,Lima1,F,0.0172021446899115,410,0.179509632224168,1.06624396007849
Prior correlation,2285,2506,ENSMUSG00000036667,Tcaf1,F,0.0172004009727974,410,0.179431072210066,1.06577733252485
Prior correlation,2286,2807,ENSMUSG00000038116,Phf20,T,0.0172002702251149,411,0.179790026246719,1.06790943300762
Prior correlation,2287,2954,ENSMUSG00000020132,Rab21,T,0.0171872572398801,412,0.180148666375164,1.07003966895128
Prior correlation,2288,631,ENSMUSG00000033883,D3Ertd254e,F,0.0171858988196339,412,0.18006993006993,1.06957199427079
Prior correlation,2289,1404,ENSMUSG00000086503,Xist,F,0.0171851914991799,412,0.17999126256007,1.06910472821825
Prior correlation,2290,2834,ENSMUSG00000026568,Mpc2,F,0.017156497510851,412,0.179912663755459,1.06863787025833
Prior correlation,2291,2957,ENSMUSG00000024176,Sox8,T,0.0171442614582174,413,0.18027062418158,1.07076406893396
Prior correlation,2292,1125,ENSMUSG00000020156,Mum1,F,0.0171326357583154,413,0.180191972076789,1.07029689438382
Prior correlation,2293,2139,ENSMUSG00000021188,Trip11,F,0.0170922797931219,413,0.180113388573921,1.06983012731256
Prior correlation,2294,1167,ENSMUSG00000071103,1700029J07Rik,F,0.0170892208036407,413,0.180034873583261,1.06936376718732
Prior correlation,2295,2786,ENSMUSG00000038535,Zfp280d,T,0.0170809452594752,414,0.180392156862745,1.0714859437751
Prior correlation,2296,2724,ENSMUSG00000000787,Ddx3x,F,0.0170725789605957,414,0.180313588850174,1.07101926871248
Prior correlation,2297,2725,ENSMUSG00000027248,Pdia3,T,0.0170705417794467,415,0.180670439703962,1.07313887679582
Prior correlation,2298,1868,ENSMUSG00000045962,Wnk1,F,0.0170654948618045,415,0.18059181897302,1.07267188859878
Prior correlation,2299,662,ENSMUSG00000014245,Pigl,F,0.0170635126053034,415,0.180513266637669,1.07220530665507
Prior correlation,2300,2904,ENSMUSG00000005501,Usp40,F,0.0170506802435256,415,0.180434782608696,1.07173913043478
Prior correlation,2301,624,ENSMUSG00000026389,Steap3,F,0.0170300520776267,415,0.180356366797045,1.07127335940895
Prior correlation,2302,1309,ENSMUSG00000001909,Trmt1,F,0.0169920855017088,415,0.180278019113814,1.07080799304952
Prior correlation,2303,2932,ENSMUSG00000038495,Otud7b,F,0.0169824647949857,415,0.180199739470256,1.07034303082935
Prior correlation,2304,2489,ENSMUSG00000055239,Kcmf1,F,0.0169793888314479,415,0.180121527777778,1.06987847222222
Prior correlation,2305,1907,ENSMUSG00000005683,Cs,F,0.016966550857539,415,0.180043383947939,1.06941431670282
Prior correlation,2306,669,ENSMUSG00000026204,Ptprn,T,0.0169609550429128,416,0.180398959236774,1.0715263482377
Prior correlation,2307,651,ENSMUSG00000045312,Lhfpl2,F,0.0169206870217916,416,0.180320762895535,1.07106188081324
Prior correlation,2308,667,ENSMUSG00000022456,Sept3,F,0.0169180991309608,416,0.180242634315425,1.07059781587355
Prior correlation,2309,1094,ENSMUSG00000044365,Cxxc4,F,0.0169081075022372,416,0.180164573408402,1.07013415289569
Prior correlation,2310,2921,ENSMUSG00000021771,Vdac2,T,0.0169037562888981,417,0.180519480519481,1.07224221561571
Prior correlation,2311,2534,ENSMUSG00000048000,Gigyf2,F,0.0169004228775541,417,0.180441367373431,1.07177824235062
Prior correlation,2312,2948,ENSMUSG00000000708,Kat2b,T,0.0168901120247662,418,0.180795847750865,1.07388377037562
Prior correlation,2313,2723,ENSMUSG00000030087,Klf15,T,0.0168892556873882,419,0.181150021616948,1.07598747779705
Prior correlation,2314,2842,ENSMUSG00000038291,Snx25,T,0.0168876176850169,420,0.181503889369058,1.07808936697525
Prior correlation,2315,1195,ENSMUSG00000018377,Vezf1,F,0.0168770555653433,420,0.181425485961123,1.0776236696245
Prior correlation,2316,2564,ENSMUSG00000047866,Lonp2,F,0.0168705452047389,420,0.181347150259067,1.07715837443036
Prior correlation,2317,1783,ENSMUSG00000026173,Plcd4,T,0.0168651695121224,421,0.181700474751834,1.07925703677897
Prior correlation,2318,2104,ENSMUSG00000034390,Cmip,F,0.0168458601316582,421,0.181622088006902,1.07879143840244
Prior correlation,2319,1188,ENSMUSG00000031770,Herpud1,F,0.0168436548465893,421,0.18154376886589,1.07832624157692
Prior correlation,2320,2651,ENSMUSG00000017485,Top2b,F,0.0168305337478052,421,0.181465517241379,1.07786144578313
Prior correlation,2321,2248,ENSMUSG00000024294,Mib1,F,0.016810618250493,421,0.181387333046101,1.07739705050274
Prior correlation,2322,1257,ENSMUSG00000051048,P4ha3,F,0.016788624960876,421,0.181309216192937,1.07693305521829
Prior correlation,2323,2050,ENSMUSG00000026626,Ppp2r5a,F,0.0167686061773942,421,0.18123116659492,1.0764694594132
Prior correlation,2324,2396,ENSMUSG00000019943,Atp2b1,T,0.0167594294563378,422,0.1815834767642,1.0785620969247
Prior correlation,2325,1283,ENSMUSG00000038393,Txnip,F,0.016758313757322,422,0.181505376344086,1.07809819924861
Prior correlation,2326,2238,ENSMUSG00000054556,Gm4876,F,0.0167288470582299,422,0.181427343078246,1.07763470045271
Prior correlation,2327,2747,ENSMUSG00000044791,Setd2,F,0.0167168609456914,422,0.181349376880103,1.07717160002278
Prior correlation,2328,2425,ENSMUSG00000054611,Kdm2a,T,0.0167129570833258,423,0.181701030927835,1.07926034033039
Prior correlation,2329,613,ENSMUSG00000026675,Hsd17b7,F,0.0167123948195675,423,0.181623014169171,1.07879693958315
Prior correlation,2330,653,ENSMUSG00000039693,Msantd3,F,0.0166830935242019,423,0.181545064377682,1.07833393660479
Prior correlation,2331,2945,ENSMUSG00000043535,Setx,F,0.016676132732978,423,0.181467181467181,1.07787133088338
Prior correlation,2332,2101,ENSMUSG00000039585,Myo9a,F,0.0166616254532959,423,0.18138936535163,1.07740912190787
Prior correlation,2333,1872,ENSMUSG00000035545,Leng8,F,0.0166028274561433,423,0.181311615945135,1.07694730916809
Prior correlation,2334,2575,ENSMUSG00000037818,Abhd18,F,0.0165986922980415,423,0.181233933161954,1.07648589215474
Prior correlation,2335,647,ENSMUSG00000033900,Map9,T,0.0165864521280829,424,0.181584582441114,1.07856866437914
Prior correlation,2336,2533,ENSMUSG00000056476,Med12l,F,0.016585844920617,424,0.181506849315068,1.07810694834131
Prior correlation,2337,623,ENSMUSG00000061666,Gdpd1,F,0.0165832916490413,424,0.18142918271288,1.07764562743915
Prior correlation,2338,676,ENSMUSG00000048895,Cdk5r1,T,0.0165766844303607,425,0.181779298545766,1.07972523112123
Prior correlation,2339,1966,ENSMUSG00000026586,Prrx1,F,0.0165085004624512,425,0.181701581872595,1.07926361280951
Prior correlation,2340,2341,ENSMUSG00000029655,N4bp2l2,F,0.0165072557706431,425,0.181623931623932,1.07880238904335
Prior correlation,2341,2854,ENSMUSG00000041624,Gucy1a2,F,0.0164942272375764,425,0.181546347714652,1.07834155931715
Prior correlation,2342,1192,ENSMUSG00000022235,Cmbl,F,0.0164876520780569,425,0.181468830059778,1.07788112312615
Prior correlation,2343,637,ENSMUSG00000054459,Vsnl1,T,0.0164857378010127,426,0.181818181818182,1.07995618838992
Prior correlation,2344,2059,ENSMUSG00000009575,Cbx5,F,0.016455224473811,426,0.181740614334471,1.07949545622764
Prior correlation,2345,1941,ENSMUSG00000036591,Arhgap21,F,0.0164507323724371,426,0.181663113006397,1.0790351170139
Prior correlation,2346,2007,ENSMUSG00000025571,Tnrc6c,F,0.0164371026161491,426,0.181585677749361,1.0785751702462
Prior correlation,2347,2458,ENSMUSG00000021916,Glt8d1,F,0.0164272794119799,426,0.181508308478909,1.07811561542292
Prior correlation,2348,2361,ENSMUSG00000071037,Camkmt,F,0.0164239505997802,426,0.181431005110733,1.07765645204327
Prior correlation,2349,646,ENSMUSG00000031119,Gpc4,F,0.01639673286066,426,0.181353767560664,1.07719767960732
Prior correlation,2350,2174,ENSMUSG00000004980,Hnrnpa2b1,F,0.0163958227927405,426,0.181276595744681,1.076739297616
Prior correlation,2351,1183,ENSMUSG00000034401,Spata6,F,0.0163923302091467,426,0.181199489578903,1.07628130557107
Prior correlation,2352,1194,ENSMUSG00000042073,Abhd14b,F,0.0163766547675995,426,0.181122448979592,1.07582370297517
Prior correlation,2353,2375,ENSMUSG00000005371,Fbxo11,F,0.0163752265829368,426,0.181045473863153,1.07536648933174
Prior correlation,2354,1191,ENSMUSG00000044674,Fzd1,F,0.0163716062606863,426,0.180968564146134,1.07490966414511
Prior correlation,2355,655,ENSMUSG00000085148,Mir22hg,F,0.0163581252562172,426,0.180891719745223,1.07445322692042
Prior correlation,2356,1333,ENSMUSG00000021665,Hexb,F,0.0163553220639937,426,0.18081494057725,1.07399717716366
Prior correlation,2357,2964,ENSMUSG00000074656,Eif2s2,F,0.0163511319699586,426,0.180738226559185,1.07354151438167
Prior correlation,2358,683,ENSMUSG00000057315,Arhgap24,F,0.0163383736071924,426,0.180661577608142,1.0730862380821
Prior correlation,2359,594,ENSMUSG00000022887,Masp1,F,0.016333561758129,426,0.180584993641373,1.07263134777346
Prior correlation,2360,2929,ENSMUSG00000035919,Bbs9,F,0.0163314212877192,426,0.180508474576271,1.07217684296508
Prior correlation,2361,2635,ENSMUSG00000045078,Rnf216,F,0.0163174714938872,426,0.180432020330368,1.07172272316713
Prior correlation,2362,2280,ENSMUSG00000023026,Dip2b,F,0.016315667779481,426,0.180355630821338,1.0712689878906
Prior correlation,2363,1862,ENSMUSG00000024290,Rock1,F,0.0163120007978474,426,0.180279305966991,1.07081563664731
Prior correlation,2364,1247,ENSMUSG00000037990,Sh3rf3,F,0.0162944133099824,426,0.180203045685279,1.07036266894991
Prior correlation,2365,1149,ENSMUSG00000072663,Spef2,F,0.0162939159053415,426,0.180126849894292,1.06991008431188
Prior correlation,2366,2212,ENSMUSG00000057522,Spop,F,0.0162545330436546,426,0.180050718512257,1.0694578822475
Prior correlation,2367,2832,ENSMUSG00000028221,Tmem55a,T,0.0162502121105294,427,0.180397127165188,1.07151546617395
Prior correlation,2368,2345,ENSMUSG00000021838,Samd4,F,0.0162395062479838,427,0.180320945945946,1.07106296808857
Prior correlation,2369,2168,ENSMUSG00000020458,Rtn4,F,0.0162377901590379,427,0.18024482904179,1.07061085201931
Prior correlation,2370,2314,ENSMUSG00000039219,Arid4b,F,0.0162242496890627,427,0.180168776371308,1.07015911748259
Prior correlation,2371,1977,ENSMUSG00000049076,Acap2,F,0.0162039374972467,427,0.180092787853226,1.06970776399567
Prior correlation,2372,2726,ENSMUSG00000030655,Smg1,F,0.0162003839720403,427,0.180016863406408,1.06925679107662
Prior correlation,2373,2722,ENSMUSG00000014956,Ppp1cb,F,0.0161797109326786,427,0.179941002949853,1.0688061982443
Prior correlation,2374,1290,ENSMUSG00000040209,Zfp704,T,0.0161788868948408,428,0.180286436394271,1.07085798966718
Prior correlation,2375,1702,ENSMUSG00000022790,Igsf11,F,0.0161647641672984,428,0.180210526315789,1.07040710209258
Prior correlation,2376,2880,ENSMUSG00000026434,Nucks1,F,0.0161529732568744,428,0.18013468013468,1.06995659405298
Prior correlation,2377,2865,ENSMUSG00000031540,Kat6a,T,0.0161471437983729,429,0.180479596129575,1.07200531195037
Prior correlation,2378,1990,ENSMUSG00000028173,Wls,F,0.0161380037527167,429,0.18040370058873,1.07155451072583
Prior correlation,2379,704,ENSMUSG00000036959,Bcorl1,F,0.0161305669233542,429,0.180327868852459,1.07110408848509
Prior correlation,2380,1888,ENSMUSG00000070056,Mfhas1,F,0.0161193759274796,429,0.180252100840336,1.07065404475043
Prior correlation,2381,691,ENSMUSG00000051335,Gfod1,F,0.0161162223257973,429,0.180176396472071,1.07020437904495
Prior correlation,2382,1920,ENSMUSG00000027303,Ptpra,T,0.0161138863558729,430,0.180520570948783,1.07224869250301
Prior correlation,2383,2454,ENSMUSG00000026153,Fam135a,F,0.0161125525203722,430,0.180444817456987,1.0717987350156
Prior correlation,2384,2521,ENSMUSG00000015087,Rabl6,T,0.0161029116071889,431,0.180788590604027,1.07384066467211
Prior correlation,2385,2228,ENSMUSG00000055067,Smyd3,F,0.0160790948421849,431,0.180712788259958,1.07339041701397
Prior correlation,2386,1897,ENSMUSG00000019873,Reep3,T,0.0160627245226294,432,0.18105616093881,1.07542996798594
Prior correlation,2387,2429,ENSMUSG00000032410,Xrn1,F,0.0160544299629164,432,0.180980310012568,1.0749794317614
Prior correlation,2388,2245,ENSMUSG00000041720,Pi4ka,F,0.0160045853477003,432,0.180904522613065,1.07452927287038
Prior correlation,2389,1297,ENSMUSG00000022838,Eaf2,F,0.0159889147184509,432,0.180828798660527,1.07407949083904
Prior correlation,2390,2502,ENSMUSG00000036503,Rnf13,F,0.0159668965093027,432,0.180753138075314,1.07363008519433
Prior correlation,2391,636,ENSMUSG00000032589,Bsn,F,0.0159538714498741,432,0.180677540777917,1.07318105546401
Prior correlation,2392,1354,ENSMUSG00000001942,Siae,F,0.0159504388457561,432,0.180602006688963,1.07273240117661
Prior correlation,2393,2955,ENSMUSG00000033499,Larp4b,F,0.0159329657925737,432,0.18052653572921,1.07228412186145
Prior correlation,2394,695,ENSMUSG00000024924,Vldlr,F,0.0159114711613522,432,0.180451127819549,1.07183621704865
Prior correlation,2395,2893,ENSMUSG00000020516,Rps6kb1,F,0.0159033400822957,432,0.180375782881002,1.07138868626908
Prior correlation,2396,2140,ENSMUSG00000072501,Phf20l1,T,0.0158953399680207,433,0.180717863105175,1.0734205603717
Prior correlation,2397,1169,ENSMUSG00000097911,Gm26691,F,0.0158766217881154,433,0.180642469753859,1.07297274203196
Prior correlation,2398,1175,ENSMUSG00000050989,Selenon,F,0.0158733555615083,433,0.180567139282736,1.07252529718541
Prior correlation,2399,2082,ENSMUSG00000040481,Bptf,F,0.0158579466818295,433,0.180491871613172,1.07207822536499
Prior correlation,2400,2558,ENSMUSG00000041408,Wapl,F,0.0158527751471445,433,0.180416666666667,1.07163152610442
Prior correlation,2401,2696,ENSMUSG00000057649,Brd9,F,0.0158360222576149,433,0.180341524364848,1.07118519893819
Prior correlation,2402,2951,ENSMUSG00000020459,Mtif2,F,0.0158312868552912,433,0.180266444629475,1.07073924340158
Prior correlation,2403,2079,ENSMUSG00000026034,Clk1,F,0.0158311489835871,433,0.180191427382439,1.07029365903063
Prior correlation,2404,2687,ENSMUSG00000038914,Dido1,F,0.0158272886272615,433,0.180116472545757,1.06984844536215
Prior correlation,2405,2405,ENSMUSG00000052738,Suclg1,F,0.0158220873214739,433,0.18004158004158,1.06940360193372
Prior correlation,2406,1120,ENSMUSG00000066258,Trim12a,F,0.0158105300542564,433,0.179966749792186,1.06895912828371
Prior correlation,2407,2908,ENSMUSG00000005514,Por,F,0.0158003139681605,433,0.179891981719983,1.06851502395123
Prior correlation,2408,2193,ENSMUSG00000026510,Trp53bp2,F,0.0157969927704467,433,0.179817275747508,1.06807128847616
Prior correlation,2409,2275,ENSMUSG00000040415,Dtx3,F,0.0157874152809356,433,0.179742631797426,1.06762792139917
Prior correlation,2410,671,ENSMUSG00000030411,Nova2,F,0.0157768744828784,433,0.179668049792531,1.06718492226166
Prior correlation,2411,670,ENSMUSG00000027956,Tmem144,T,0.0157653809714451,434,0.180008295313148,1.06920589866725
Prior correlation,2412,604,ENSMUSG00000032121,Tmem218,T,0.0157457415801484,435,0.180348258706468,1.07122519930468
Prior correlation,2413,1334,ENSMUSG00000025289,Prdx4,F,0.0157401701014515,435,0.180273518441774,1.0707812601421
Prior correlation,2414,1916,ENSMUSG00000038332,Sesn1,F,0.0157236311526873,435,0.18019884009942,1.0703376887833
Prior correlation,2415,2760,ENSMUSG00000013160,Atp6v0d1,T,0.0157176535479198,436,0.180538302277433,1.07235401232258
Prior correlation,2416,699,ENSMUSG00000034799,Unc13a,T,0.015699272695547,437,0.180877483443709,1.07436866671986
Prior correlation,2417,641,ENSMUSG00000059743,Fdps,F,0.0156926718123266,437,0.180802647910633,1.07392416168605
Prior correlation,2418,1285,ENSMUSG00000048731,Ggnbp1,F,0.0156925861186585,437,0.180727874276261,1.07348002431562
Prior correlation,2419,2274,ENSMUSG00000025404,R3hdm2,F,0.0156921421961358,437,0.180653162463828,1.07303625415262
Prior correlation,2420,2471,ENSMUSG00000022253,Nadk2,F,0.0156845270543289,437,0.180578512396694,1.07259285074181
Prior correlation,2421,1437,ENSMUSG00000029088,Kcnip4,F,0.0156709644445451,437,0.180503923998348,1.07214981362874
Prior correlation,2422,2401,ENSMUSG00000047085,Lrrc4b,T,0.0156677503444308,438,0.180842279108175,1.07415956144976
Prior correlation,2423,1256,ENSMUSG00000038305,Spats2l,F,0.0156609083426936,438,0.180767643417251,1.07371624343018
Prior correlation,2424,1306,ENSMUSG00000058656,Samd12,F,0.0156407001790169,438,0.180693069306931,1.07327329118454
Prior correlation,2425,2939,ENSMUSG00000022974,Paxbp1,F,0.0156393391103004,438,0.180618556701031,1.07283070426034
Prior correlation,2426,690,ENSMUSG00000020282,Rhbdf1,F,0.0156371933190752,438,0.180544105523495,1.07238848220582
Prior correlation,2427,2157,ENSMUSG00000032290,Ptpn9,F,0.0156228496835522,438,0.180469715698393,1.07194662456997
Prior correlation,2428,1948,ENSMUSG00000018909,Arrb1,F,0.0155897122189221,438,0.180395387149918,1.07150513090252
Prior correlation,2429,2336,ENSMUSG00000024425,Ndfip1,F,0.015580837001133,438,0.180321119802388,1.07106400075394
Prior correlation,2430,657,ENSMUSG00000002881,Nab1,F,0.0155727943239146,438,0.180246913580247,1.07062323367544
Prior correlation,2431,1168,ENSMUSG00000015846,Rxra,F,0.0155584324315711,438,0.180172768408063,1.07018282921897
Prior correlation,2432,1253,ENSMUSG00000026566,Mpzl1,F,0.0155575934093569,438,0.180098684210526,1.06974278693722
Prior correlation,2433,1246,ENSMUSG00000021948,Prkcd,T,0.0155514009580819,439,0.180435676120016,1.07174443767672
Prior correlation,2434,700,ENSMUSG00000024427,Spry4,F,0.0155493882996989,439,0.180361544782251,1.07130411539337
Prior correlation,2435,698,ENSMUSG00000023088,Abcc1,F,0.0155184429169313,439,0.180287474332649,1.07086415477103
Prior correlation,2436,1775,ENSMUSG00000026502,Desi2,F,0.0155118320306269,439,0.180213464696223,1.07042455536431
Prior correlation,2437,2356,ENSMUSG00000055053,Nfic,F,0.0155060800750415,439,0.180139515798112,1.06998531672855
Prior correlation,2438,2740,ENSMUSG00000021111,Papola,F,0.0155030503075213,439,0.180065627563577,1.0695464384198
Prior correlation,2439,2563,ENSMUSG00000030704,Rab6a,T,0.0154748427632163,440,0.18040180401804,1.07154324555294
Prior correlation,2440,649,ENSMUSG00000021400,Wrnip1,F,0.0154639305374819,440,0.180327868852459,1.07110408848509
Prior correlation,2441,709,ENSMUSG00000037035,Inhbb,F,0.0154588814038555,440,0.180253994264646,1.07066529123458
Prior correlation,2442,2330,ENSMUSG00000087177,E130307A14Rik,F,0.0154570907098267,440,0.18018018018018,1.07022685335938
Prior correlation,2443,1198,ENSMUSG00000001995,Sipa1l2,F,0.0154240583334954,440,0.180106426524765,1.06978877441818
Prior correlation,2444,1803,ENSMUSG00000007817,Zmiz1,F,0.01542271959672,440,0.180032733224223,1.06935105397038
Prior correlation,2445,2099,ENSMUSG00000071337,Tia1,F,0.0153952099313258,440,0.179959100204499,1.06891369157612
Prior correlation,2446,692,ENSMUSG00000097379,Gm26873,F,0.0153725512374147,440,0.17988552739166,1.06847668679624
Prior correlation,2447,2014,ENSMUSG00000015575,Atp6v0e,T,0.0153654300973347,441,0.180220678381692,1.07046740291776
Prior correlation,2448,2949,ENSMUSG00000020883,Fbxl20,F,0.0153494782407864,441,0.180147058823529,1.07003012048193
Prior correlation,2449,2391,ENSMUSG00000039801,2410089E03Rik,F,0.0153398227889924,441,0.180073499387505,1.06959319515711
Prior correlation,2450,2234,ENSMUSG00000037475,Thoc2,F,0.0153373586628438,441,0.18,1.06915662650602
Prior correlation,2451,688,ENSMUSG00000059363,Fxn,F,0.0153312317694846,441,0.179926560587515,1.06872041409211
Prior correlation,2452,2047,ENSMUSG00000051285,Pcmtd1,F,0.0153182066925521,441,0.179853181076672,1.06828455747951
Prior correlation,2453,1982,ENSMUSG00000022048,Dpysl2,F,0.0153176520436915,441,0.179779861394211,1.06784905623309
Prior correlation,2454,1243,ENSMUSG00000028082,Sh3d19,F,0.0153134688996549,441,0.179706601466993,1.0674139099184
Prior correlation,2455,2090,ENSMUSG00000047187,Rab2a,T,0.0152917905737995,442,0.180040733197556,1.06939857188428
Prior correlation,2456,2225,ENSMUSG00000047368,Abhd17b,F,0.0152882131995351,442,0.179967426710098,1.06896314901299
Prior correlation,2457,2078,ENSMUSG00000055538,Zcchc24,F,0.015275940786669,442,0.17989417989418,1.06852808057627
Prior correlation,2458,1727,ENSMUSG00000032340,Neo1,F,0.0152667130324011,442,0.179820992676973,1.06809336614154
Prior correlation,2459,2393,ENSMUSG00000047789,Slc38a9,F,0.0152566266169117,442,0.179747864985767,1.0676590052769
Prior correlation,2460,630,ENSMUSG00000062661,Ncs1,T,0.0152276342165181,443,0.180081300813008,1.06963953374474
Prior correlation,2461,2601,ENSMUSG00000048874,Phf3,T,0.0152175685313355,444,0.180414465664364,1.0716184526811
Prior correlation,2462,2629,ENSMUSG00000029203,Ube2k,F,0.0152131685820284,444,0.18034118602762,1.07118318929659
Prior correlation,2463,1831,ENSMUSG00000032479,Map4,T,0.0151762855718247,445,0.180673974827446,1.07315987457748
Prior correlation,2464,2281,ENSMUSG00000056486,Chn1,F,0.0151650154939011,445,0.180600649350649,1.0727243389141
Prior correlation,2465,600,ENSMUSG00000026158,Ogfrl1,F,0.0151606244542338,445,0.18052738336714,1.07228915662651
Prior correlation,2466,1250,ENSMUSG00000002524,Puf60,F,0.0151581458522046,445,0.180454176804542,1.07185432728481
Prior correlation,2467,2223,ENSMUSG00000021087,Rtn1,F,0.0151572606612357,445,0.180381029590596,1.0714198504598
Prior correlation,2468,2507,ENSMUSG00000024908,Ppp6r3,F,0.0151561035835548,445,0.18030794165316,1.07098572572299
Prior correlation,2469,1273,ENSMUSG00000042050,Wdr60,F,0.0151280297489455,445,0.180234912920211,1.07055195264655
Prior correlation,2470,2317,ENSMUSG00000039159,Ube2h,F,0.01511825956882,445,0.180161943319838,1.07011853080338
Prior correlation,2471,716,ENSMUSG00000097727,F630040K05Rik,F,0.0151147786094736,445,0.180089032780251,1.06968545976703
Prior correlation,2472,1366,ENSMUSG00000030688,Stard10,F,0.0150997100883622,445,0.180016181229773,1.06925273911179
Prior correlation,2473,2525,ENSMUSG00000031708,Tecr,F,0.0150818994311147,445,0.179943388596846,1.06882036841259
Prior correlation,2474,2913,ENSMUSG00000004364,Cul3,F,0.0150737330648741,445,0.179870654810024,1.06838834724508
Prior correlation,2475,2860,ENSMUSG00000026155,Smap1,F,0.0150589005534624,445,0.17979797979798,1.06795667518559
Prior correlation,2476,645,ENSMUSG00000033088,Triobp,F,0.0150464515972621,445,0.179725363489499,1.06752535181112
Prior correlation,2477,1159,ENSMUSG00000042428,Mgat3,F,0.0150382202971196,445,0.179652805813484,1.06709437669937
Prior correlation,2478,1259,ENSMUSG00000022095,Fam160b2,F,0.0150356441867919,445,0.179580306698951,1.06666374942871
Prior correlation,2479,2673,ENSMUSG00000027194,Ttc17,F,0.0150084752625771,445,0.17950786607503,1.06623346957819
Prior correlation,2480,2201,ENSMUSG00000022263,Trio,F,0.015002595550396,445,0.179435483870968,1.06580353672756
Prior correlation,2481,2145,ENSMUSG00000036568,Bicral,F,0.0149926118752254,445,0.179363160016123,1.06537395045721
Prior correlation,2482,1272,ENSMUSG00000038074,Fkbp14,F,0.0149889822948251,445,0.179290894439968,1.06494471034824
Prior correlation,2483,721,ENSMUSG00000018740,Slc25a35,F,0.0149836480270662,445,0.17921868707209,1.06451581598242
Prior correlation,2484,1979,ENSMUSG00000055782,Abcd2,F,0.0149823948773034,445,0.17914653784219,1.06408726694216
Prior correlation,2485,2734,ENSMUSG00000036112,Metap2,F,0.0149415882824075,445,0.17907444668008,1.0636590628106
Prior correlation,2486,2779,ENSMUSG00000021244,Ylpm1,F,0.0149368878325799,445,0.179002413515688,1.0632312031715
Prior correlation,2487,2694,ENSMUSG00000002808,Epdr1,F,0.0149237360031244,445,0.178930438279051,1.0628036876093
Prior correlation,2488,2527,ENSMUSG00000024083,Pja2,F,0.0149192949442544,445,0.178858520900322,1.06237651570914
Prior correlation,2489,1426,ENSMUSG00000102758,Naaladl2,F,0.0149089769761857,445,0.178786661309763,1.06194968705678
Prior correlation,2490,2402,ENSMUSG00000029291,Rufy3,F,0.0148936232843191,445,0.178714859437751,1.06152320123869
Prior correlation,2491,2966,ENSMUSG00000034801,Sos2,F,0.0148930143740465,445,0.178643115214773,1.06109705784197
Prior correlation,2492,2171,ENSMUSG00000020541,Tom1l1,F,0.0148752123498322,445,0.178571428571429,1.06067125645439
Prior correlation,2493,2631,ENSMUSG00000013663,Pten,F,0.0148732759026151,445,0.178499799438428,1.0602457966644
Prior correlation,2494,1303,ENSMUSG00000072966,Gprasp2,F,0.0148286855397831,445,0.178428227746592,1.05982067806108
Prior correlation,2495,703,ENSMUSG00000031767,Nudt7,F,0.0148215188552964,445,0.178356713426854,1.0593959002342
Prior correlation,2496,2617,ENSMUSG00000021709,Erbin,F,0.0148109031526449,445,0.178285256410256,1.05897146277417
Prior correlation,2497,1157,ENSMUSG00000031511,Arhgef7,F,0.0148094661735939,445,0.178213856627954,1.05854736527206
Prior correlation,2498,1767,ENSMUSG00000036885,Arhgef26,F,0.0148034289990626,445,0.178142514011209,1.05812360731959
Prior correlation,2499,1667,ENSMUSG00000043154,Ppp2r3a,F,0.0148015151478481,445,0.178071228491397,1.05770018850914
Prior correlation,2500,674,ENSMUSG00000097328,Tnfsf12,F,0.0147777220991713,445,0.178,1.05727710843373
Prior correlation,2501,1403,ENSMUSG00000039539,Sgcz,F,0.0147713877753549,445,0.177928828468613,1.05685436668706
Prior correlation,2502,2343,ENSMUSG00000032336,Nptn,F,0.014763493623446,445,0.177857713828937,1.05643196286344
Prior correlation,2503,2504,ENSMUSG00000015755,Tab2,F,0.0147494426581795,445,0.177786656012785,1.05600989655787
Prior correlation,2504,1721,ENSMUSG00000022261,Sdc2,F,0.0147468897845647,445,0.177715654952077,1.05558816736595
Prior correlation,2505,1219,ENSMUSG00000039298,Cdk5rap2,F,0.0147465000989732,445,0.177644710578842,1.05516677488397
Prior correlation,2506,1270,ENSMUSG00000021048,Mthfd1,F,0.0147284106075936,445,0.177573822825219,1.05474571870883
Prior correlation,2507,1398,ENSMUSG00000039057,Myo16,F,0.0147238888437615,445,0.177502991623454,1.05432499843811
Prior correlation,2508,672,ENSMUSG00000031778,Cx3cl1,F,0.0147236783670962,445,0.177432216905901,1.05390461366999
Prior correlation,2509,2189,ENSMUSG00000032580,Rbm5,F,0.0147045711428462,445,0.177361498605022,1.05348456400332
Prior correlation,2510,2882,ENSMUSG00000045294,Insig1,F,0.0147006711542746,445,0.177290836653386,1.05306484903758
Prior correlation,2511,714,ENSMUSG00000028630,Dyrk2,F,0.0146863297597699,445,0.177220230983672,1.05264546837289
Prior correlation,2512,2241,ENSMUSG00000020422,Tns3,F,0.0146520902513254,445,0.177149681528662,1.05222642161001
Prior correlation,2513,2235,ENSMUSG00000025911,Adhfe1,F,0.0146507486913935,445,0.177079188221249,1.05180770835031
Prior correlation,2514,1336,ENSMUSG00000022443,Myh9,F,0.014650596250947,445,0.177008750994431,1.05138932819584
Prior correlation,2515,2468,ENSMUSG00000032741,Tpcn1,T,0.0146276778179229,446,0.177335984095427,1.05333301396441
Prior correlation,2516,2879,ENSMUSG00000020590,Snx13,T,0.0146221011537343,447,0.177662957074722,1.05527515467274
Prior correlation,2517,2909,ENSMUSG00000036104,Rab3gap1,T,0.014621902152047,448,0.177989670242352,1.0572157521624
Prior correlation,2518,2641,ENSMUSG00000036241,Ube2r2,F,0.0146033964868507,448,0.177918983320095,1.05679588887719
Prior correlation,2519,2312,ENSMUSG00000034610,Zcchc11,F,0.014595025597279,448,0.177848352520842,1.0563763589491
Prior correlation,2520,1171,ENSMUSG00000024052,Lpin2,F,0.0145884906289218,448,0.177777777777778,1.05595716198126
Prior correlation,2521,661,ENSMUSG00000036745,Ttll7,F,0.0145876327957347,448,0.177707259024197,1.05553829757746
Prior correlation,2522,2066,ENSMUSG00000028532,Cachd1,F,0.0145436605584758,448,0.177636796193497,1.0551197653421
Prior correlation,2523,1347,ENSMUSG00000019124,Scrn1,F,0.0145406694332742,448,0.177566389219184,1.05470156488021
Prior correlation,2524,1299,ENSMUSG00000024339,Tap2,F,0.0145260467695119,448,0.177496038034865,1.05428369579745
Prior correlation,2525,1304,ENSMUSG00000042684,Npl,F,0.0144968463862465,448,0.177425742574257,1.05386615770011
Prior correlation,2526,710,ENSMUSG00000023036,Pcdhgc4,T,0.0144966597670628,449,0.177751385589865,1.05580039874462
Prior correlation,2527,2985,ENSMUSG00000040565,Btaf1,F,0.0144933996886364,449,0.177681044717056,1.05538259090974
Prior correlation,2528,1308,ENSMUSG00000011257,Pabpc4,F,0.0144811113129117,449,0.177610759493671,1.05496511361903
Prior correlation,2529,2827,ENSMUSG00000030557,Mef2a,T,0.0144732980612863,450,0.177935943060498,1.0568966256485
Prior correlation,2530,2374,ENSMUSG00000026509,Capn2,T,0.0144674111819206,451,0.178260869565217,1.05882661079099
Prior correlation,2531,2861,ENSMUSG00000048546,Tob2,F,0.0144625869837421,451,0.178190438561833,1.05840826760221
Prior correlation,2532,1275,ENSMUSG00000090336,4932443I19Rik,F,0.0144180960914283,451,0.178120063191153,1.0579902548583
Prior correlation,2533,2127,ENSMUSG00000025261,Huwe1,F,0.0144136799665597,451,0.178049743387288,1.05757257216787
Prior correlation,2534,2436,ENSMUSG00000045983,Eif4g1,F,0.0144132793391328,451,0.177979479084451,1.05715521914018
Prior correlation,2535,2400,ENSMUSG00000024219,Anks1,F,0.0144082095775925,451,0.177909270216963,1.05673819538509
Prior correlation,2536,2618,ENSMUSG00000079557,March2,F,0.0144032864627078,451,0.177839116719243,1.05632150051309
Prior correlation,2537,2196,ENSMUSG00000032212,Sltm,F,0.0143850459318557,451,0.177769018525818,1.05590513413528
Prior correlation,2538,1315,ENSMUSG00000033488,Cryzl2,F,0.0143649382504594,451,0.177698975571316,1.05548909586336
Prior correlation,2539,1882,ENSMUSG00000020863,Luc7l3,F,0.0143402443366031,451,0.177628987790469,1.05507338530965
Prior correlation,2540,2739,ENSMUSG00000020580,Rock2,F,0.0143237726583743,451,0.17755905511811,1.05465800208709
Prior correlation,2541,2426,ENSMUSG00000016541,Atxn10,F,0.0143072882540205,451,0.177489177489178,1.05424294580921
Prior correlation,2542,2250,ENSMUSG00000029635,Cdk8,F,0.0142993921657028,451,0.17741935483871,1.05382821609017
Prior correlation,2543,2741,ENSMUSG00000039089,L3mbtl3,F,0.0142880367587837,451,0.177349587101848,1.05341381254471
Prior correlation,2544,2990,ENSMUSG00000049680,Urgcp,F,0.0142796489570526,451,0.177279874213836,1.05299973478821
Prior correlation,2545,2819,ENSMUSG00000007659,Bcl2l1,T,0.0142677497536165,452,0.177603143418468,1.05491987596752
Prior correlation,2546,2891,ENSMUSG00000024750,Zfand5,F,0.0142499805564697,452,0.177533385703064,1.05450553194711
Prior correlation,2547,2164,ENSMUSG00000026021,Sumo1,F,0.0142383251652869,452,0.177463682764036,1.05409151328518
Prior correlation,2548,1357,ENSMUSG00000002885,Adgre5,T,0.0142368491467334,453,0.177786499215071,1.05600896521723
Prior correlation,2549,1816,ENSMUSG00000095041,AC149090.1,F,0.0142351857100661,453,0.177716751667321,1.05559468159023
Prior correlation,2550,642,ENSMUSG00000026207,Speg,F,0.0142306995994484,453,0.177647058823529,1.05518072289157
Prior correlation,2551,2691,ENSMUSG00000026839,Upp2,F,0.0142273413845227,453,0.177577420619365,1.05476708873912
Prior correlation,2552,1902,ENSMUSG00000029004,Kmt2e,T,0.0142253396405633,454,0.177899686520376,1.05668127053669
Prior correlation,2553,1262,ENSMUSG00000038233,Fam198a,F,0.0142116525018021,454,0.17783000391696,1.05626737266339
Prior correlation,2554,2979,ENSMUSG00000038456,Dennd2a,F,0.0142098961338868,454,0.177760375880971,1.05585379890745
Prior correlation,2555,1255,ENSMUSG00000066643,Wdr35,F,0.0142014490344387,454,0.177690802348337,1.05544054888831
Prior correlation,2556,2720,ENSMUSG00000034354,Mtmr3,F,0.0142011634381348,454,0.177621283255086,1.05502762222599
Prior correlation,2557,2526,ENSMUSG00000028556,Dock7,T,0.0141957114095666,455,0.177942901838092,1.05693795911059
Prior correlation,2558,2315,ENSMUSG00000026790,Odf2,F,0.0141546750373216,455,0.177873338545739,1.05652476991626
Prior correlation,2559,2624,ENSMUSG00000028820,Sfpq,F,0.0141428897389867,455,0.177803829620946,1.05611190365212
Prior correlation,2560,2876,ENSMUSG00000055296,Tmem245,T,0.0140820726964251,456,0.178125,1.05801957831325
Prior correlation,2561,1210,ENSMUSG00000034412,Tbc1d10a,F,0.0140734572852094,456,0.17805544709098,1.05760645079341
Prior correlation,2562,2542,ENSMUSG00000022822,Abcc5,F,0.0140711685250112,456,0.177985948477752,1.05719364577749
Prior correlation,2563,2863,ENSMUSG00000002748,Baz1b,F,0.0140464084415719,456,0.177916504096762,1.05678116288799
Prior correlation,2564,2591,ENSMUSG00000042390,Gatad2b,F,0.0140078446832627,456,0.177847113884555,1.05636900174802
Prior correlation,2565,2427,ENSMUSG00000037331,Larp1,F,0.0140002947820559,456,0.177777777777778,1.05595716198126
Prior correlation,2566,1447,ENSMUSG00000096768,Gm47283,F,0.013996991528455,456,0.177708495713172,1.05554564321197
Prior correlation,2567,2831,ENSMUSG00000041921,Metap1d,F,0.0139910023788932,456,0.177639267627581,1.05513444506503
Prior correlation,2568,2628,ENSMUSG00000020069,Hnrnph3,F,0.0139506357619525,456,0.177570093457944,1.05472356716586
Prior correlation,2569,1889,ENSMUSG00000006740,Kif5b,F,0.0139473592695089,456,0.1775009731413,1.05431300914049
Prior correlation,2570,2236,ENSMUSG00000055137,Sugct,F,0.0139368967328002,456,0.177431906614786,1.05390277061554
Prior correlation,2571,2697,ENSMUSG00000020964,Sel1l,F,0.0139347795828443,456,0.177362893815636,1.05349285121817
Prior correlation,2572,1362,ENSMUSG00000033257,Ttll4,F,0.0139200485643471,456,0.177293934681182,1.05308325057618
Prior correlation,2573,2770,ENSMUSG00000027457,Snph,F,0.0138696696638996,456,0.177225029148853,1.05267396831789
Prior correlation,2574,2743,ENSMUSG00000029104,Htt,F,0.0138658475273125,456,0.177156177156177,1.05226500407223
Prior correlation,2575,1252,ENSMUSG00000078490,Cfap74,F,0.0138519740399826,456,0.177087378640777,1.05185635746871
Prior correlation,2576,2923,ENSMUSG00000017686,Rhot1,T,0.0138162362898786,457,0.177406832298137,1.05375383521664
Prior correlation,2577,1832,ENSMUSG00000035104,Eva1a,F,0.0137913363200923,457,0.177337989910749,1.05334492802409
Prior correlation,2578,2764,ENSMUSG00000026229,Psmd1,F,0.0137830603385374,457,0.177269200930954,1.05293633805976
Prior correlation,2579,2667,ENSMUSG00000045098,Kmt5b,T,0.0137804051488042,458,0.177588212485459,1.05483118982327
Prior correlation,2580,1278,ENSMUSG00000035172,Plekhh3,F,0.0137795271652448,458,0.177519379844961,1.05442234052489
Prior correlation,2581,679,ENSMUSG00000024743,Syt7,T,0.0137609058286835,459,0.177838047268501,1.05631514823338
Prior correlation,2582,1965,ENSMUSG00000032253,Phip,F,0.0137555265085732,459,0.177769171185128,1.0559060408948
Prior correlation,2583,1940,ENSMUSG00000000420,Galnt1,F,0.0137502607699501,459,0.177700348432056,1.05549725032534
Prior correlation,2584,684,ENSMUSG00000034891,Sncb,F,0.0137482860389823,459,0.177631578947368,1.05508877615726
Prior correlation,2585,2524,ENSMUSG00000031714,Gab1,F,0.013741218910488,459,0.177562862669246,1.05468061802335
Prior correlation,2586,2547,ENSMUSG00000034297,Med13,F,0.0137296038843546,459,0.177494199535963,1.05427277555698
Prior correlation,2587,705,ENSMUSG00000078794,Dact3,F,0.0137295367700336,459,0.177425589485891,1.0538652483921
Prior correlation,2588,1292,ENSMUSG00000021913,Ogdhl,F,0.0137191645527994,459,0.177357032457496,1.0534580361632
Prior correlation,2589,1957,ENSMUSG00000052632,Asap2,T,0.0136979371856966,460,0.177674777906528,1.05534536756528
Prior correlation,2590,2772,ENSMUSG00000059263,Usp47,F,0.0136914344937036,460,0.177606177606178,1.05493789831139
Prior correlation,2591,2213,ENSMUSG00000042323,Pbrm1,F,0.0136904276826269,460,0.177537630258587,1.05453074358414
Prior correlation,2592,2464,ENSMUSG00000046442,Ppm1e,F,0.0136851211762984,460,0.177469135802469,1.05412390301949
Prior correlation,2593,1385,ENSMUSG00000015829,Tnr,F,0.0136849418731297,460,0.177400694176629,1.05371737625396
Prior correlation,2594,2707,ENSMUSG00000020546,Stxbp4,F,0.0136819384540025,460,0.177332305319969,1.05331116292464
Prior correlation,2595,2496,ENSMUSG00000028917,Plekhm2,F,0.0136738623754029,460,0.177263969171484,1.05290526266917
Prior correlation,2596,1282,ENSMUSG00000027676,Ccdc39,F,0.0136688909988789,460,0.177195685670262,1.05249967512577
Prior correlation,2597,2992,ENSMUSG00000020463,Ppp4r3b,F,0.013657878043418,460,0.177127454755487,1.05209439993319
Prior correlation,2598,2490,ENSMUSG00000025544,Tm9sf2,F,0.0136258820376119,460,0.177059276366436,1.05168943673076
Prior correlation,2599,1311,ENSMUSG00000041035,Gm17018,F,0.0136129781144688,460,0.176991150442478,1.05128478515833
Prior correlation,2600,2881,ENSMUSG00000037815,Ctnna1,F,0.013589409392639,460,0.176923076923077,1.05088044485635
Prior correlation,2601,2155,ENSMUSG00000060227,Casc4,F,0.0135708109936385,460,0.176855055747789,1.05047641546578
Prior correlation,2602,2828,ENSMUSG00000026349,Ccnt2,F,0.013563701552432,460,0.176787086856264,1.05007269662817
Prior correlation,2603,2769,ENSMUSG00000052748,Swt1,F,0.0135280399248713,460,0.176719170188244,1.0496692879856
Prior correlation,2604,682,ENSMUSG00000040563,Plppr2,F,0.0135243577795284,460,0.176651305683564,1.04926618918069
Prior correlation,2605,616,ENSMUSG00000031840,Rab3a,T,0.013474033538096,461,0.176967370441459,1.0511435376824
Prior correlation,2606,681,ENSMUSG00000030545,Pex11a,F,0.0134531388294846,461,0.176899462778204,1.05074018252596
Prior correlation,2607,736,ENSMUSG00000033083,Tbc1d4,F,0.0134393248303621,461,0.176831607211354,1.05033713680961
Prior correlation,2608,1359,ENSMUSG00000055567,Unc80,F,0.0134325550927023,461,0.176763803680982,1.0499344001774
Prior correlation,2609,2288,ENSMUSG00000025907,Rb1cc1,F,0.0134148376592139,461,0.176696052127252,1.04953197227392
Prior correlation,2610,2609,ENSMUSG00000031453,Rasa3,F,0.0134113258069687,461,0.176628352490421,1.04912985274431
Prior correlation,2611,1301,ENSMUSG00000032939,Nup93,F,0.0133913368136199,461,0.176560704710839,1.04872804123426
Prior correlation,2612,2680,ENSMUSG00000061136,Prpf40a,F,0.0133892985474542,461,0.176493108728943,1.04832653738999
Prior correlation,2613,689,ENSMUSG00000031833,Mast3,T,0.0133850623964852,462,0.176808266360505,1.05019849777987
Prior correlation,2614,2999,ENSMUSG00000038708,Golga4,F,0.0133802128183048,462,0.176740627390972,1.04979673859939
Prior correlation,2615,2675,ENSMUSG00000009470,Tnpo1,F,0.0133721617184086,462,0.176673040152964,1.0493952866917
Prior correlation,2616,720,ENSMUSG00000027834,Serpini1,F,0.0133593114320623,462,0.176605504587156,1.04899414170443
Prior correlation,2617,1208,ENSMUSG00000089704,Galnt2,F,0.0133482939834259,462,0.176538020634314,1.04859330328575
Prior correlation,2618,2803,ENSMUSG00000026585,Kifap3,F,0.013341590310796,462,0.176470588235294,1.04819277108434
Prior correlation,2619,1352,ENSMUSG00000026611,Spata17,F,0.0133331298804787,462,0.176403207331042,1.04779254474944
Prior correlation,2620,1294,ENSMUSG00000042589,Cux2,F,0.0133313426036847,462,0.176335877862595,1.04739262393084
Prior correlation,2621,723,ENSMUSG00000053825,Ppfia2,F,0.01333059403164,462,0.17626859977108,1.04699300827882
Prior correlation,2622,2112,ENSMUSG00000002265,Peg3,F,0.0133078184979016,462,0.176201372997712,1.04659369744424
Prior correlation,2623,2448,ENSMUSG00000028530,Jak1,F,0.0133060657167555,462,0.176134197483797,1.04619469107846
Prior correlation,2624,1280,ENSMUSG00000037138,Aff3,F,0.0132986121872585,462,0.176067073170732,1.04579598883338
Prior correlation,2625,2611,ENSMUSG00000033237,Arid2,F,0.0132873253914684,462,0.176,1.04539759036145
Prior correlation,2626,668,ENSMUSG00000037996,Slc24a2,T,0.01328660233772,463,0.176313785224676,1.04726139898513
Prior correlation,2627,2594,ENSMUSG00000039765,Cc2d2a,F,0.0132839411238912,463,0.176246669204416,1.04686274599731
Prior correlation,2628,1473,ENSMUSG00000039519,Cyp7b1,F,0.0132835474101306,463,0.176179604261796,1.04646439639838
Prior correlation,2629,1302,ENSMUSG00000117901,Gm54798,F,0.0132775975368918,463,0.176112590338532,1.04606634984212
Prior correlation,2630,2554,ENSMUSG00000028034,Fubp1,F,0.0132741021415557,463,0.176045627376426,1.04566860598287
Prior correlation,2631,2700,ENSMUSG00000027104,Atf2,F,0.0132599142222313,463,0.17597871531737,1.04527116447546
Prior correlation,2632,2705,ENSMUSG00000028759,Hp1bp3,F,0.0132519176632503,463,0.175911854103343,1.04487402497528
Prior correlation,2633,2445,ENSMUSG00000044252,Osbpl1a,T,0.0132337608232472,464,0.176224838587163,1.04673307739122
Prior correlation,2634,2902,ENSMUSG00000027176,Cstf3,F,0.0132249503309904,464,0.176157934700076,1.04633568442334
Prior correlation,2635,2121,ENSMUSG00000025326,Ube3a,F,0.0132194041550221,464,0.176091081593928,1.04593859308201
Prior correlation,2636,2878,ENSMUSG00000078578,Ube2d3,F,0.0132041692886427,464,0.176024279210926,1.04554180302393
Prior correlation,2637,2500,ENSMUSG00000038095,Sbno1,F,0.0131977084833114,464,0.175957527493364,1.04514531390636
Prior correlation,2638,2674,ENSMUSG00000049606,Zfp644,T,0.0131781948621541,465,0.176269901440485,1.04700073988144
Prior correlation,2639,728,ENSMUSG00000035653,Lrfn5,F,0.0131728013135092,465,0.17620310723759,1.04660399841123
Prior correlation,2640,702,ENSMUSG00000058486,Wdr91,F,0.0131711318576833,465,0.176136363636364,1.04620755750274
Prior correlation,2641,2318,ENSMUSG00000022185,Acin1,F,0.0131703986929351,465,0.176069670579326,1.04581141681455
Prior correlation,2642,1319,ENSMUSG00000034771,Tle2,F,0.0131599847135186,465,0.176003028009084,1.04541557600576
Prior correlation,2643,2477,ENSMUSG00000024695,Zfp91,T,0.0131569422003998,466,0.17631479379493,1.0472673896494
Prior correlation,2644,2535,ENSMUSG00000034187,Nsf,F,0.0131415603340931,466,0.17624810892587,1.04687129759583
Prior correlation,2645,652,ENSMUSG00000016349,Eef1a2,F,0.0131405464793688,466,0.176181474480151,1.04647550504475
Prior correlation,2646,2215,ENSMUSG00000031673,Cdh11,T,0.0131392570583671,467,0.176492819349962,1.04832481854857
Prior correlation,2647,1391,ENSMUSG00000024909,Efemp2,F,0.0131335115212523,467,0.176426142803173,1.04792877592728
Prior correlation,2648,2829,ENSMUSG00000026361,Cdc73,F,0.0131069528396788,467,0.176359516616314,1.04753303243184
Prior correlation,2649,1264,ENSMUSG00000049657,Zbtb5,F,0.0131057440762002,467,0.176292940732352,1.04713758772349
Prior correlation,2650,2589,ENSMUSG00000025860,Xiap,F,0.0131047349676268,467,0.17622641509434,1.04674244146397
Prior correlation,2651,2125,ENSMUSG00000039218,Srrm2,F,0.013102847443112,467,0.176159939645417,1.04634759331555
Prior correlation,2652,1313,ENSMUSG00000028469,Npr2,F,0.0130985329341183,467,0.176093514328808,1.04595304294099
Prior correlation,2653,1291,ENSMUSG00000019842,Traf3ip2,F,0.0130969665767749,467,0.176027139087825,1.04555879000359
Prior correlation,2654,694,ENSMUSG00000021951,Eef1akmt1,F,0.0130861883617815,467,0.175960813865863,1.04516483416711
Prior correlation,2655,1286,ENSMUSG00000031758,Cdyl2,F,0.0130750669976421,467,0.175894538606403,1.04477117509586
Prior correlation,2656,2073,ENSMUSG00000034377,Tulp4,F,0.0130534337417433,467,0.175828313253012,1.04437781245464
Prior correlation,2657,2359,ENSMUSG00000047193,Dync2h1,F,0.0130514082189492,467,0.175762137749341,1.04398474590874
Prior correlation,2658,2456,ENSMUSG00000032570,Atp2c1,T,0.0130399906295329,468,0.17607223476298,1.04582664744758
Prior correlation,2659,1895,ENSMUSG00000021796,Bmpr1a,F,0.0130338066681057,468,0.176006017299737,1.04543333167193
Prior correlation,2660,696,ENSMUSG00000038453,Srcin1,F,0.0130296558416599,468,0.17593984962406,1.04504031162243
Prior correlation,2661,2766,ENSMUSG00000084957,Bbip1,F,0.0130083465729551,468,0.17587373167982,1.04464758696568
Prior correlation,2662,1371,ENSMUSG00000021591,Glrx,F,0.0129812351160165,468,0.175807663410969,1.04425515736877
Prior correlation,2663,1346,ENSMUSG00000026819,Slc25a25,F,0.01294654611301,468,0.175741644761547,1.04386302249931
Prior correlation,2664,1331,ENSMUSG00000087368,BC065397,F,0.0129380448296667,468,0.175675675675676,1.0434711820254
Prior correlation,2665,724,ENSMUSG00000055540,Epha6,T,0.0129287653690908,469,0.175984990619137,1.04530843825584
Prior correlation,2666,1834,ENSMUSG00000033763,Mtss1l,F,0.0128610577414334,469,0.175918979744936,1.04491634956932
Prior correlation,2667,719,ENSMUSG00000004451,Ralb,F,0.012843322405473,469,0.175853018372703,1.04452455491256
Prior correlation,2668,2398,ENSMUSG00000054256,Msi1,F,0.0128094167801338,469,0.175787106446777,1.04413305395495
Prior correlation,2669,2933,ENSMUSG00000027665,Pik3ca,F,0.0128047982076981,469,0.175721243911577,1.04374184636636
Prior correlation,2670,2621,ENSMUSG00000032575,Manf,F,0.0128025661404301,469,0.17565543071161,1.04335093181716
Prior correlation,2671,2505,ENSMUSG00000037270,4932438A13Rik,F,0.0127867284844097,469,0.175589666791464,1.04296030997821
Prior correlation,2672,1383,ENSMUSG00000009281,Rarres2,F,0.0127294543119356,469,0.175523952095808,1.04256998052089
Prior correlation,2673,2124,ENSMUSG00000026466,Tor1aip1,F,0.0127228545651564,469,0.175458286569398,1.04217994311702
Prior correlation,2674,2849,ENSMUSG00000020589,Fam49a,F,0.0127219424089329,469,0.175392670157068,1.04179019743897
Prior correlation,2675,2984,ENSMUSG00000041688,Amot,F,0.0127058524065123,469,0.175327102803738,1.04140074315955
Prior correlation,2676,2662,ENSMUSG00000042670,Immp1l,F,0.012697158986407,469,0.17526158445441,1.0410115799521
Prior correlation,2677,2305,ENSMUSG00000030451,Herc2,F,0.0126888656333253,469,0.175196115054165,1.0406227074904
Prior correlation,2678,1266,ENSMUSG00000019996,Map7,T,0.0126888568179696,470,0.175504107542942,1.04245210865868
Prior correlation,2679,2906,ENSMUSG00000043962,Thrap3,F,0.0126774240746664,470,0.175438596491228,1.04206298879729
Prior correlation,2680,1325,ENSMUSG00000064202,4430402I18Rik,F,0.0126618728051829,470,0.175373134328358,1.04167415932386
Prior correlation,2681,1254,ENSMUSG00000019971,Cep290,T,0.0126561194694873,471,0.17568071615069,1.04350112123241
Prior correlation,2682,2394,ENSMUSG00000031393,Mecp2,F,0.0126560219443607,471,0.175615212527964,1.04311204549743
Prior correlation,2683,1324,ENSMUSG00000063564,Col23a1,F,0.0126512851211225,471,0.17554975773388,1.04272325979281
Prior correlation,2684,2482,ENSMUSG00000034544,Rsrc1,F,0.0126197556022654,471,0.17548435171386,1.04233476379437
Prior correlation,2685,2894,ENSMUSG00000004535,Tax1bp1,F,0.0125798245703532,471,0.175418994413408,1.04194655717843
Prior correlation,2686,2162,ENSMUSG00000065954,Tacc1,F,0.0125414905486159,471,0.175353685778109,1.04155863962178
Prior correlation,2687,1263,ENSMUSG00000034121,Mks1,F,0.0125129202747428,471,0.175288425753629,1.04117101080167
Prior correlation,2688,2941,ENSMUSG00000055531,Cpsf6,F,0.0124725736537591,471,0.175223214285714,1.04078367039587
Prior correlation,2689,1296,ENSMUSG00000059708,Akap17b,T,0.0124645750928586,472,0.175529936779472,1.04260552809975
Prior correlation,2690,2352,ENSMUSG00000053838,Nudcd3,F,0.0124622278340177,472,0.17546468401487,1.04221794240158
Prior correlation,2691,1987,ENSMUSG00000029461,Fam168a,F,0.0124306357065853,472,0.175399479747306,1.04183064476412
Prior correlation,2692,2883,ENSMUSG00000067851,Arfgef1,F,0.0124222977451883,472,0.175334323922734,1.04144363486636
Prior correlation,2693,2555,ENSMUSG00000030002,Dusp11,F,0.0124222349471395,472,0.175269216487189,1.04105691238776
Prior correlation,2694,1307,ENSMUSG00000025357,Dgka,F,0.0124116470231719,472,0.175204157386785,1.04067047700826
Prior correlation,2695,2644,ENSMUSG00000025862,Stag2,F,0.0124086427189899,472,0.175139146567718,1.04028432840825
Prior correlation,2696,2646,ENSMUSG00000034602,Mon2,F,0.0123921588355019,472,0.175074183976261,1.03989846626864
Prior correlation,2697,2064,ENSMUSG00000054920,Klhl5,F,0.0123814500871589,472,0.175009269558769,1.03951289027076
Prior correlation,2698,2710,ENSMUSG00000022884,Eif4a2,F,0.0123564956531442,472,0.174944403261675,1.03912760009646
Prior correlation,2699,1271,ENSMUSG00000062444,Ap3b2,F,0.0123537002275901,472,0.174879585031493,1.03874259542803
Prior correlation,2700,1293,ENSMUSG00000071604,Fam189a2,F,0.0123428288547349,472,0.174814814814815,1.03835787594824
Prior correlation,2701,1267,ENSMUSG00000048814,Lonrf2,F,0.0123333221058805,472,0.174750092558312,1.03797344134033
Prior correlation,2702,2911,ENSMUSG00000044197,Gpr146,F,0.0123204535818071,472,0.174685418208734,1.03758929128802
Prior correlation,2703,1364,ENSMUSG00000056458,Mok,F,0.0123069338032873,472,0.174620791712912,1.03720542547549
Prior correlation,2704,2773,ENSMUSG00000036644,Tbc1d9b,F,0.0123019754415062,472,0.174556213017751,1.03682184358737
Prior correlation,2705,1929,ENSMUSG00000024431,Nr3c1,T,0.0122975581224418,473,0.174861367837338,1.03863438968443
Prior correlation,2706,2194,ENSMUSG00000024780,Cdc37l1,F,0.0122946235798415,473,0.17479674796748,1.03825056322852
Prior correlation,2707,2944,ENSMUSG00000026150,Mff,F,0.0122920002055572,473,0.174732175840414,1.0378670203533
Prior correlation,2708,2699,ENSMUSG00000044573,Acp1,F,0.0122723572415361,473,0.17466765140325,1.0374837607446
Prior correlation,2709,1329,ENSMUSG00000030847,Bag3,F,0.0122713958072583,473,0.174603174603175,1.03710078408874
Prior correlation,2710,1402,ENSMUSG00000027674,Pex5l,F,0.0122604226617614,473,0.174538745387454,1.03671809007247
Prior correlation,2711,1269,ENSMUSG00000074782,4833422C13Rik,F,0.0122404249944786,473,0.17447436370343,1.03633567838303
Prior correlation,2712,1372,ENSMUSG00000044122,Proca1,F,0.0122315583227273,473,0.174410029498525,1.03595354870811
Prior correlation,2713,2229,ENSMUSG00000055436,Srsf11,F,0.0121735024973406,473,0.174345742720236,1.03557170073586
Prior correlation,2714,1242,ENSMUSG00000019789,Hey2,F,0.0121702021806356,473,0.174281503316139,1.0351901341549
Prior correlation,2715,2569,ENSMUSG00000061755,Bod1l,F,0.0121601240740451,473,0.174217311233886,1.03480884865429
Prior correlation,2716,2302,ENSMUSG00000043384,Gprasp1,F,0.0121206415232627,473,0.174153166421208,1.03442784392356
Prior correlation,2717,1343,ENSMUSG00000043556,Fbxl7,F,0.0121184828573146,473,0.174089068825911,1.0340471196527
Prior correlation,2718,2750,ENSMUSG00000015149,Sirt2,F,0.0121085203688105,473,0.174025018395879,1.03366667553215
Prior correlation,2719,2971,ENSMUSG00000085438,1700020I14Rik,F,0.0121035732244564,473,0.173961015079073,1.03328651125281
Prior correlation,2720,2514,ENSMUSG00000028127,Abcd3,F,0.0120743111040688,473,0.173897058823529,1.03290662650602
Prior correlation,2721,2980,ENSMUSG00000024969,Mark2,F,0.0120450908584743,473,0.173833149577361,1.0325270209836
Prior correlation,2722,1367,ENSMUSG00000091586,Cyp4f17,F,0.0120300644447364,473,0.173769287288758,1.0321476943778
Prior correlation,2723,1351,ENSMUSG00000024085,Man2a1,F,0.012012320604098,473,0.173705471905986,1.03176864638134
Prior correlation,2724,2688,ENSMUSG00000029439,Sfswap,F,0.011993801306006,473,0.173641703377386,1.03138987668737
Prior correlation,2725,1980,ENSMUSG00000022194,Pabpn1,F,0.011968860752052,473,0.173577981651376,1.0310113849895
Prior correlation,2726,729,ENSMUSG00000044442,N6amt1,F,0.011967914352842,473,0.173514306676449,1.0306331709818
Prior correlation,2727,2903,ENSMUSG00000040865,Ino80d,F,0.011936485485298,473,0.173450678401173,1.03025523435878
Prior correlation,2728,2660,ENSMUSG00000097616,1110019D14Rik,F,0.0119249848534581,473,0.173387096774194,1.02987757481539
Prior correlation,2729,2119,ENSMUSG00000021156,Zmynd11,F,0.011912672404482,473,0.173323561744229,1.02950019204704
Prior correlation,2730,2216,ENSMUSG00000004270,Lpcat3,F,0.0119092982509119,473,0.173260073260073,1.02912308574959
Prior correlation,2731,2560,ENSMUSG00000020271,Fbxw11,F,0.0118981408964076,473,0.173196631270597,1.02874625561933
Prior correlation,2732,2851,ENSMUSG00000040423,Rc3h1,F,0.0118934665282984,473,0.173133235724744,1.028369701353
Prior correlation,2733,2088,ENSMUSG00000049800,Sertad2,F,0.0118909677351126,473,0.173069886571533,1.02799342264778
Prior correlation,2734,2937,ENSMUSG00000020594,Pum2,F,0.0118901480946716,473,0.173006583760059,1.02761741920131
Prior correlation,2735,1323,ENSMUSG00000042121,Ssh1,F,0.0118889323160613,473,0.172943327239488,1.02724169071166
Prior correlation,2736,2453,ENSMUSG00000024805,Pcgf5,F,0.0118831763104874,473,0.172880116959064,1.02686623687733
Prior correlation,2737,2499,ENSMUSG00000027012,Dync1i2,F,0.0118815732460041,473,0.172816952868104,1.02649105739729
Prior correlation,2738,2692,ENSMUSG00000033943,Mga,F,0.0118789807138646,473,0.172753834915997,1.02611615197092
Prior correlation,2739,1363,ENSMUSG00000091119,Ccdc152,F,0.0118779255701012,473,0.172690763052209,1.02574152029806
Prior correlation,2740,722,ENSMUSG00000013367,Iglon5,F,0.0118745570572329,473,0.172627737226277,1.02536716207897
Prior correlation,2741,2900,ENSMUSG00000020827,Mink1,F,0.0118679475026657,473,0.172564757387815,1.02499307701437
Prior correlation,2742,1318,ENSMUSG00000037960,Card19,F,0.0118649023998325,473,0.172501823486506,1.02461926480539
Prior correlation,2743,2765,ENSMUSG00000032656,March3,F,0.0118498405460336,473,0.172438935472111,1.02424572515362
Prior correlation,2744,2388,ENSMUSG00000027878,Notch2,T,0.011846947308525,474,0.172740524781341,1.02603709297833
Prior correlation,2745,2970,ENSMUSG00000027130,Slc12a6,F,0.0118333187271303,474,0.172677595628415,1.0256633089736
Prior correlation,2746,2451,ENSMUSG00000021978,Extl3,F,0.0118078418864826,474,0.172614712308813,1.02528979720777
Prior correlation,2747,2977,ENSMUSG00000033228,Scaf11,F,0.0117881244066458,474,0.172551874772479,1.02491655738352
Prior correlation,2748,2536,ENSMUSG00000020074,Ccar1,F,0.0117707844576,474,0.172489082969432,1.02454358920398
Prior correlation,2749,2742,ENSMUSG00000040651,Fam208a,F,0.0117507793664677,474,0.172426336849764,1.02417089237269
Prior correlation,2750,2871,ENSMUSG00000020642,Rnf144a,F,0.0117123150276069,474,0.172363636363636,1.02379846659365
Prior correlation,2751,1945,ENSMUSG00000001260,Gabrg1,F,0.0116780944601,474,0.172300981461287,1.02342631157126
Prior correlation,2752,2781,ENSMUSG00000003865,Gys1,F,0.0116626996337126,474,0.172238372093023,1.02305442701037
Prior correlation,2753,2095,ENSMUSG00000027488,Snta1,F,0.0116284888724083,474,0.172175808209226,1.02268281261625
Prior correlation,2754,2754,ENSMUSG00000032386,Trip4,F,0.0116265069267863,474,0.172113289760349,1.0223114680946
Prior correlation,2755,727,ENSMUSG00000026623,Lpgat1,F,0.0116160672492641,474,0.172050816696915,1.02194039315155
Prior correlation,2756,1378,ENSMUSG00000039851,4932438H23Rik,F,0.011613733845904,474,0.171988388969521,1.02156958749366
Prior correlation,2757,1374,ENSMUSG00000004788,Eif2b2,F,0.0115903120713361,474,0.171926006528836,1.0211990508279
Prior correlation,2758,2392,ENSMUSG00000030629,Zfand6,F,0.0115616792341254,474,0.171863669325598,1.02082878286169
Prior correlation,2759,2251,ENSMUSG00000021764,Ndufs4,F,0.0115549569117463,474,0.17180137731062,1.02045878330284
Prior correlation,2760,1327,ENSMUSG00000053553,3110082I17Rik,F,0.0115521685375233,474,0.171739130434783,1.02008905185961
Prior correlation,2761,1340,ENSMUSG00000038729,Akap2,T,0.0115490070442677,475,0.172039116262224,1.02187089538887
Prior correlation,2762,2996,ENSMUSG00000048756,Foxo3,T,0.0115304199138514,476,0.172338884866039,1.02365144866214
Prior correlation,2763,717,ENSMUSG00000097080,1700086O06Rik,F,0.0115136180835877,476,0.172276511038726,1.02328096315773
Prior correlation,2764,2041,ENSMUSG00000061740,Cyp2d22,F,0.0114847094073614,476,0.172214182344428,1.02291074573257
Prior correlation,2765,1316,ENSMUSG00000041483,Zfp281,T,0.0114382730758595,477,0.17251356238698,1.02468899104556
Prior correlation,2766,2925,ENSMUSG00000086859,Snhg20,F,0.0114293098266419,477,0.172451193058568,1.02431853226354
Prior correlation,2767,2874,ENSMUSG00000003378,Grik5,T,0.011428713615244,478,0.172750271051681,1.02609498347564
Prior correlation,2768,2434,ENSMUSG00000023977,Ubr2,F,0.011402343611381,478,0.172687861271676,1.02572428442092
Prior correlation,2769,735,ENSMUSG00000048978,Nrsn1,T,0.01137690779612,479,0.17298663777537,1.02749894485852
Prior correlation,2770,1395,ENSMUSG00000028967,Errfi1,F,0.0113491298454846,479,0.172924187725632,1.02712800661128
Prior correlation,2771,2659,ENSMUSG00000032097,Ddx6,F,0.0113169427611025,479,0.17286178274991,1.02675733609284
Prior correlation,2772,2991,ENSMUSG00000020680,Taf15,F,0.0112868836097414,479,0.172799422799423,1.02638693301344
Prior correlation,2773,2550,ENSMUSG00000040022,Rab11fip2,T,0.0112453267425536,480,0.173097728092319,1.02815879457245
Prior correlation,2774,2653,ENSMUSG00000018379,Srsf1,F,0.0112440248143766,480,0.173035328046143,1.02778815333432
Prior correlation,2775,726,ENSMUSG00000019082,Slc25a22,F,0.0112217716274563,480,0.172972972972973,1.02741777922501
Prior correlation,2776,1397,ENSMUSG00000002289,Angptl4,F,0.0112051091293902,480,0.172910662824208,1.02704767195583
Prior correlation,2777,1335,ENSMUSG00000000278,Scpep1,F,0.01120481423064,480,0.172848397551314,1.02667783123853
Prior correlation,2778,2751,ENSMUSG00000025898,Cwf19l2,F,0.011199529277564,480,0.172786177105832,1.02630825678524
Prior correlation,2779,1396,ENSMUSG00000048970,C1galt1c1,F,0.0111955321009704,480,0.172724001439367,1.02593894830853
Prior correlation,2780,1355,ENSMUSG00000024913,Lrp5,F,0.0111852439436793,480,0.172661870503597,1.02556990552137
Prior correlation,2781,3000,ENSMUSG00000024054,Smchd,F,0.0111401275603021,480,0.17259978425027,1.02520112813714
Prior correlation,2782,1387,ENSMUSG00000084950,Gm5577,F,0.0111297729541843,480,0.172537742631201,1.02483261586966
Prior correlation,2783,734,ENSMUSG00000036353,P2ry12,T,0.0111261252536076,481,0.172835070068272,1.0265986692007
Prior correlation,2784,2922,ENSMUSG00000030861,Acadsb,F,0.0111209529074921,481,0.172772988505747,1.02622991967871
Prior correlation,2785,1320,ENSMUSG00000041633,Kctd12b,F,0.0110906073953233,481,0.172710951526032,1.02586143496788
Prior correlation,2786,2523,ENSMUSG00000020994,Pnn,F,0.0110805303626633,481,0.17264895908112,1.02549321478304
Prior correlation,2787,2727,ENSMUSG00000026554,Dcaf8,F,0.0110634599004336,481,0.172587011123071,1.02512525883945
Prior correlation,2788,2597,ENSMUSG00000022016,Akap11,T,0.011058388978346,482,0.172883787661406,1.02688803996474
Prior correlation,2789,2087,ENSMUSG00000060261,Gtf2i,F,0.0110521148339126,482,0.17282179992829,1.02651984776683
Prior correlation,2790,1377,ENSMUSG00000040189,Ccdc114,F,0.0110339265474747,482,0.172759856630824,1.02615191950598
Prior correlation,2791,2969,ENSMUSG00000037822,Smim14,F,0.0110116956285878,482,0.172697957721247,1.02578425489849
Prior correlation,2792,1332,ENSMUSG00000051427,Ccdc157,F,0.0110112928689123,482,0.172636103151862,1.02541685366106
Prior correlation,2793,2658,ENSMUSG00000018707,Dync1h1,F,0.0110053566363119,482,0.172574292875045,1.02504971551081
Prior correlation,2794,1376,ENSMUSG00000032352,Lrrc1,T,0.0110023126157369,483,0.172870436649964,1.02680873817388
Prior correlation,2795,1365,ENSMUSG00000108175,Gm16499,F,0.0109815111872634,483,0.172808586762075,1.02644136474341
Prior correlation,2796,2607,ENSMUSG00000038696,Mapkap1,T,0.0109689427815714,484,0.17310443490701,1.02819863143561
Prior correlation,2797,2465,ENSMUSG00000032503,Arpp21,F,0.0109550386277188,484,0.173042545584555,1.02783102377332
Prior correlation,2798,1312,ENSMUSG00000022500,Litaf,F,0.010942816481447,484,0.172980700500357,1.02746367887562
Prior correlation,2799,1360,ENSMUSG00000029228,Lnx1,F,0.0109089073872102,484,0.172918899607002,1.02709659646087
Prior correlation,2800,2297,ENSMUSG00000022136,Dnajc3,F,0.0108915817989095,484,0.172857142857143,1.02672977624785
Prior correlation,2801,2324,ENSMUSG00000034252,Senp6,F,0.0108589631658262,484,0.172795430203499,1.02636321795572
Prior correlation,2802,2294,ENSMUSG00000024603,Dctn4,F,0.0108541604339333,484,0.172733761598858,1.02599692130406
Prior correlation,2803,2437,ENSMUSG00000024812,Tjp2,F,0.0108378267597492,484,0.172672136996076,1.02563088601283
Prior correlation,2804,2670,ENSMUSG00000020530,Ggnbp2,F,0.0108362760941324,484,0.172610556348074,1.02526511180242
Prior correlation,2805,2686,ENSMUSG00000040761,Spen,F,0.010804471013838,484,0.172549019607843,1.02489959839357
Prior correlation,2806,1353,ENSMUSG00000048537,Phldb1,F,0.0107935572954762,484,0.172487526728439,1.02453434550748
Prior correlation,2807,2446,ENSMUSG00000022528,Hes1,F,0.0107859048179136,484,0.172426077662985,1.02416935286568
Prior correlation,2808,1993,ENSMUSG00000031592,Pcm1,F,0.0107708843385894,484,0.172364672364672,1.02380462019016
Prior correlation,2809,1369,ENSMUSG00000030255,Sspn,F,0.0107682184465139,484,0.172303310786757,1.02344014720327
Prior correlation,2810,2731,ENSMUSG00000068823,Csde1,F,0.010768047725581,484,0.172241992882562,1.02307593362775
Prior correlation,2811,2349,ENSMUSG00000036790,Slitrk2,F,0.0107534464284413,484,0.172180718605478,1.02271197918676
Prior correlation,2812,2475,ENSMUSG00000032547,Ryk,F,0.0107047023819757,484,0.172119487908962,1.02234828360383
Prior correlation,2813,1322,ENSMUSG00000042155,Klhl23,F,0.0106957838511115,484,0.172058300746534,1.02198484660291
Prior correlation,2814,2616,ENSMUSG00000031010,Usp9x,F,0.010684721259724,484,0.171997157071784,1.02162166790831
Prior correlation,2815,1379,ENSMUSG00000075419,Dolk,F,0.0106816545040337,484,0.171936056838366,1.02125874724475
Prior correlation,2816,2582,ENSMUSG00000046329,Slc25a23,F,0.0106720301010073,484,0.171875,1.02089608433735
Prior correlation,2817,2370,ENSMUSG00000041685,Fcho2,F,0.0106615188600175,484,0.171813986510472,1.0205336789116
Prior correlation,2818,2905,ENSMUSG00000027272,Ubr1,F,0.010657345410381,484,0.171753016323634,1.02017153069339
Prior correlation,2819,2711,ENSMUSG00000009739,Pou6f1,F,0.010619221412105,484,0.171692089393402,1.019809639409
Prior correlation,2820,1382,ENSMUSG00000097280,AI849053,F,0.0105893240304153,484,0.171631205673759,1.0194480047851
Prior correlation,2821,2237,ENSMUSG00000021910,Nisch,F,0.0105699765407461,484,0.171570365118752,1.01908662654873
Prior correlation,2822,2338,ENSMUSG00000027763,Mbnl1,F,0.0105667802739306,484,0.171509567682495,1.01872550442735
Prior correlation,2823,1877,ENSMUSG00000028552,Eps15,F,0.0105565081361566,484,0.171448813319164,1.01836463814877
Prior correlation,2824,1344,ENSMUSG00000021583,Erap1,F,0.0105443193141988,484,0.171388101983003,1.01800402744121
Prior correlation,2825,2529,ENSMUSG00000026867,Gapvd1,F,0.0105296626873425,484,0.171327433628319,1.01764367203327
Prior correlation,2826,1515,ENSMUSG00000035566,Pcdh17,T,0.0104843099718046,485,0.171620665251239,1.01938539721519
Prior correlation,2827,1341,ENSMUSG00000039976,Tbc1d16,F,0.0104058651298841,485,0.171559957552175,1.01902480811111
Prior correlation,2828,2240,ENSMUSG00000025035,Arl3,F,0.0103769510246148,485,0.171499292786422,1.01866447402055
Prior correlation,2829,2778,ENSMUSG00000026393,Nek7,F,0.0103722220694963,485,0.171438670908448,1.01830439467307
Prior correlation,2830,2385,ENSMUSG00000030779,Rbbp6,F,0.010315972649919,485,0.171378091872792,1.01794456979863
Prior correlation,2831,2348,ENSMUSG00000037857,Nufip2,F,0.0102974556530165,485,0.171317555634052,1.01758499912756
Prior correlation,2832,2866,ENSMUSG00000039262,Prrc2b,F,0.0102827209586269,485,0.171257062146893,1.01722568239058
Prior correlation,2833,2901,ENSMUSG00000035401,Emsy,F,0.0102471504463704,485,0.171196611366043,1.01686661931879
Prior correlation,2834,2363,ENSMUSG00000042133,Ppig,F,0.0102429052458273,485,0.171136203246295,1.01650780964366
Prior correlation,2835,1999,ENSMUSG00000019916,P4ha1,F,0.0101745241276221,485,0.171075837742504,1.01614925309704
Prior correlation,2836,1392,ENSMUSG00000037936,Scarb1,F,0.0101578007235701,485,0.171015514809591,1.01579094941118
Prior correlation,2837,1361,ENSMUSG00000035206,Sppl2b,F,0.0101458190454118,485,0.170955234402538,1.01543289831869
Prior correlation,2838,2857,ENSMUSG00000000149,Gna12,F,0.0101316560388796,485,0.170894996476392,1.01507509955254
Prior correlation,2839,1958,ENSMUSG00000040225,Prrc2c,F,0.0100948405260751,485,0.170834800986263,1.01471755284611
Prior correlation,2840,1348,ENSMUSG00000069835,Sat2,F,0.0100747864364753,485,0.170774647887324,1.01436025793314
Prior correlation,2841,2981,ENSMUSG00000029684,Wasl,F,0.0100516003600393,485,0.170714537134812,1.01400321454774
Prior correlation,2842,2187,ENSMUSG00000033597,Caskin1,F,0.0100203800398613,485,0.170654468684025,1.01364642242439
Prior correlation,2843,2133,ENSMUSG00000039630,Hnrnpu,F,0.0100163850063604,485,0.170594442490327,1.01328988129797
Prior correlation,2844,2672,ENSMUSG00000074698,Csnk2a1,F,0.0100100930437146,485,0.170534458509142,1.0129335909037
Prior correlation,2845,2485,ENSMUSG00000048747,E130114P18Rik,F,0.0100098334152265,485,0.170474516695958,1.0125775509772
Prior correlation,2846,2708,ENSMUSG00000020721,Helz,F,0.0099963450077175,485,0.170414617006325,1.01222176125443
Prior correlation,2847,2360,ENSMUSG00000048249,Crebrf,T,0.0099961360630925,486,0.170706006322445,1.01395254357789
Prior correlation,2848,2046,ENSMUSG00000043991,Pura,F,0.00998564064656683,486,0.17064606741573,1.01359652091512
Prior correlation,2849,2716,ENSMUSG00000002064,Sdf2,F,0.009970564627934,486,0.170586170586171,1.01324074818051
Prior correlation,2850,2600,ENSMUSG00000031563,Wwc2,F,0.00995844604061616,486,0.170526315789474,1.01288522511097
Prior correlation,2851,2076,ENSMUSG00000055065,Ddx17,F,0.00995151988193173,486,0.17046650298141,1.0125299514438
Prior correlation,2852,2626,ENSMUSG00000062901,Klhl24,F,0.00994930458368352,486,0.170406732117812,1.01217492691664
Prior correlation,2853,2142,ENSMUSG00000030795,Fus,F,0.0099457502510346,486,0.170347003154574,1.01182015126753
Prior correlation,2854,2791,ENSMUSG00000024096,Ralbp1,F,0.00992438799141758,486,0.170287316047652,1.01146562423485
Prior correlation,2855,1345,ENSMUSG00000014353,Tmem87b,T,0.00988432814682163,487,0.170577933450088,1.01319182157703
Prior correlation,2856,2771,ENSMUSG00000035901,Dennd5a,F,0.00987794775671415,487,0.170518207282913,1.01283706253586
Prior correlation,2857,1875,ENSMUSG00000063870,Chd4,T,0.0098503044790831,488,0.170808540427021,1.01456157145207
Prior correlation,2858,2089,ENSMUSG00000017291,Taok1,F,0.00983983848145984,488,0.17074877536739,1.01420658139907
Prior correlation,2859,2610,ENSMUSG00000044164,Rnf182,F,0.00977544193691825,488,0.170689052116125,1.0138518396777
Prior correlation,2860,2931,ENSMUSG00000047036,Zfp445,T,0.00977152870527051,489,0.170979020979021,1.01557418485129
Prior correlation,2861,2640,ENSMUSG00000029776,Hibadh,F,0.00976563041105401,489,0.17091925900035,1.01521921309846
Prior correlation,2862,2606,ENSMUSG00000028180,Zranb2,F,0.00972500682680969,489,0.170859538784067,1.01486448940416
Prior correlation,2863,2855,ENSMUSG00000020385,Clk4,F,0.009717237813543,489,0.170799860286413,1.01451001350845
Prior correlation,2864,2761,ENSMUSG00000029328,Hnrnpdl,F,0.00971326284845368,489,0.170740223463687,1.01415578515178
Prior correlation,2865,2051,ENSMUSG00000024576,Csnk1a1,F,0.00970496588164742,489,0.170680628272251,1.01380180407494
Prior correlation,2866,1338,ENSMUSG00000097729,2310015A10Rik,F,0.0096836316783863,489,0.170621074668528,1.01344807001909
Prior correlation,2867,2562,ENSMUSG00000029686,Cul1,F,0.00963612894237683,489,0.170561562608999,1.01309458272574
Prior correlation,2868,2788,ENSMUSG00000037111,Setd7,F,0.00961718946008567,489,0.170502092050209,1.01274134193678
Prior correlation,2869,2811,ENSMUSG00000024991,Eif3a,F,0.00958809282850215,489,0.170442662948763,1.01238834739446
Prior correlation,2870,1356,ENSMUSG00000037259,Dzank1,F,0.00957171213477045,489,0.170383275261324,1.01203559884136
Prior correlation,2871,1394,ENSMUSG00000028617,Lrrc42,T,0.00954572512950356,490,0.170672239637757,1.0137519776074
Prior correlation,2872,2784,ENSMUSG00000024423,Impact,F,0.00950073823459434,490,0.170612813370474,1.01339899989932
Prior correlation,2873,2868,ENSMUSG00000017548,Suz12,F,0.00948861851447154,490,0.170553428471981,1.01304626791188
Prior correlation,2874,2927,ENSMUSG00000028064,Sema4a,F,0.00948837938888043,490,0.170494084899095,1.0126937813886
Prior correlation,2875,2350,ENSMUSG00000019986,Ahi1,F,0.00946401853580358,490,0.170434782608696,1.01234154007334
Prior correlation,2876,2476,ENSMUSG00000028580,Pum1,F,0.009379693793598,490,0.170375521557719,1.01198954371031
Prior correlation,2877,1988,ENSMUSG00000021843,Ktn1,F,0.00937013130856822,490,0.170316301703163,1.01163779204409
Prior correlation,2878,2531,ENSMUSG00000039100,March6,F,0.00936018155438558,490,0.170257123002085,1.01128628481961
Prior correlation,2879,2924,ENSMUSG00000001036,Epn2,F,0.00932659473484584,490,0.170197985411601,1.01093502178216
Prior correlation,2880,2841,ENSMUSG00000042520,Ubap2l,F,0.00932616144484655,490,0.170138888888889,1.01058400267738
Prior correlation,2881,1390,ENSMUSG00000061322,Dnaic1,F,0.00931791211785769,490,0.170079833391184,1.01023322725125
Prior correlation,2882,1375,ENSMUSG00000046079,Lrrc8d,T,0.0093097703333438,491,0.170367800138793,1.01194368034247
Prior correlation,2883,2953,ENSMUSG00000054693,Adam10,F,0.00928828089009113,491,0.17030870620881,1.01159267663787
Prior correlation,2884,2584,ENSMUSG00000007850,Hnrnph1,F,0.00927472883112608,491,0.170249653259362,1.01124191634778
Prior correlation,2885,2717,ENSMUSG00000060373,Hnrnpc,F,0.00925855533264107,491,0.170190641247834,1.01089139921906
Prior correlation,2886,1368,ENSMUSG00000034487,Kdelc2,F,0.00918501088864242,491,0.17013167013167,1.01054112499896
Prior correlation,2887,2661,ENSMUSG00000035851,Ythdc1,F,0.00918395350556498,491,0.170072739868375,1.01019109343505
Prior correlation,2888,2509,ENSMUSG00000000326,Comt,F,0.0091761885822855,491,0.170013850415512,1.00984130427527
Prior correlation,2889,1400,ENSMUSG00000049555,Tmie,F,0.00916749647080623,491,0.169955001730703,1.00949175726791
Prior correlation,2890,1381,ENSMUSG00000033029,1700088E04Rik,F,0.0091517768004015,491,0.169896193771626,1.00914245216159
Prior correlation,2891,1927,ENSMUSG00000001441,Npepps,F,0.00911191103055756,491,0.169837426496022,1.00879338870529
Prior correlation,2892,1386,ENSMUSG00000018809,Smyd4,F,0.00906125175658536,491,0.169778699861687,1.00844456664834
Prior correlation,2893,2869,ENSMUSG00000066306,Numa1,F,0.00905968791912317,491,0.169720013826478,1.0080959857404
Prior correlation,2894,1370,ENSMUSG00000040936,Ulk4,F,0.00903251752862773,491,0.169661368348307,1.00774764573151
Prior correlation,2895,2885,ENSMUSG00000028134,Ptbp2,F,0.00902714351565692,491,0.169602763385147,1.00739954637202
Prior correlation,2896,2404,ENSMUSG00000027312,Atrn,F,0.00899709895746285,491,0.169544198895028,1.00705168741263
Prior correlation,2897,2962,ENSMUSG00000021824,Ap3m1,F,0.00898038837768296,491,0.169485674836037,1.00670406860441
Prior correlation,2898,2676,ENSMUSG00000020456,Ogdh,F,0.00897473907598078,491,0.169427191166322,1.00635668969875
Prior correlation,2899,1393,ENSMUSG00000070972,Dnajc25,F,0.00893513088510152,491,0.169368747844084,1.00600955044739
Prior correlation,2900,2063,ENSMUSG00000001472,Tcf25,T,0.00889507491342624,492,0.169655172413793,1.00771084337349
Prior correlation,2901,2327,ENSMUSG00000003316,Glg1,F,0.00882620227325411,492,0.169596690796277,1.00736347665741
Prior correlation,2902,2884,ENSMUSG00000027288,Zfp106,T,0.00881525208240007,493,0.169882839421089,1.00906313053731
Prior correlation,2903,2892,ENSMUSG00000037058,Paip2,F,0.00880504805363261,493,0.169824319669308,1.00871553731288
Prior correlation,2904,2431,ENSMUSG00000028809,Srrm1,F,0.00874049323191758,493,0.169765840220386,1.00836818347771
Prior correlation,2905,2677,ENSMUSG00000022781,Pak2,F,0.0087076590109153,493,0.169707401032702,1.0080210687846
Prior correlation,2906,2950,ENSMUSG00000025103,Btbd1,F,0.00868954016621392,493,0.169649002064694,1.00767419298667
Prior correlation,2907,2056,ENSMUSG00000021134,Srsf5,F,0.00866624909537101,493,0.169590643274854,1.00732755583738
Prior correlation,2908,2847,ENSMUSG00000042870,Tom1,F,0.00862560717979061,493,0.169532324621733,1.00698115709054
Prior correlation,2909,2721,ENSMUSG00000020107,Anapc16,F,0.00853604505497791,493,0.16947404606394,1.00663499650027
Prior correlation,2910,2605,ENSMUSG00000021552,Gkap1,F,0.00851556603744109,493,0.169415807560137,1.00628907382106
Prior correlation,2911,2516,ENSMUSG00000024811,Tnks2,F,0.00850908676144771,493,0.169357609069048,1.00594338880772
Prior correlation,2912,1388,ENSMUSG00000028093,Acp6,F,0.00850848648780742,493,0.169299450549451,1.00559794121541
Prior correlation,2913,2021,ENSMUSG00000026600,Soat1,F,0.00848240750687738,493,0.169241331960179,1.00525273079961
Prior correlation,2914,2548,ENSMUSG00000032046,Abhd12,F,0.00842705521674052,493,0.169183253260124,1.00490775731616
Prior correlation,2915,2837,ENSMUSG00000015291,Gdi1,F,0.00840234682634693,493,0.169125214408233,1.00456302052119
Prior correlation,2916,2634,ENSMUSG00000028522,Mier1,F,0.00834388715939765,493,0.169067215363512,1.00421852017122
Prior correlation,2917,2307,ENSMUSG00000004591,Pkn2,F,0.00827935133972974,493,0.169009256085019,1.00387425602306
Prior correlation,2918,2698,ENSMUSG00000026083,Eif5b,F,0.00825242322466399,493,0.168951336531871,1.00353022783389
Prior correlation,2919,1399,ENSMUSG00000049036,Tmem121,T,0.0079331984388921,494,0.169236039739637,1.00522129628483
Prior correlation,2920,1389,ENSMUSG00000031095,Cul4b,F,0.00790733738700478,494,0.169178082191781,1.00487704241624
Prior correlation,2921,2853,ENSMUSG00000025220,Mgea5,F,0.00783067241094664,494,0.169120164327285,1.00453302425725
Prior correlation,2922,2418,ENSMUSG00000020376,Rnf130,F,0.00782899602361752,494,0.169062286105407,1.00418924156585
Prior correlation,2923,2612,ENSMUSG00000038733,Wdr26,F,0.00768442207997506,494,0.16900444748546,1.00384569410038
Prior correlation,2924,2311,ENSMUSG00000019302,Atp6v0a1,T,0.00767172144492919,495,0.169288645690834,1.00553376295881
Prior correlation,2925,2897,ENSMUSG00000021000,Mia2,F,0.00759896602161599,495,0.169230769230769,1.00518999073216
Prior correlation,2926,2930,ENSMUSG00000019883,Echdc1,F,0.00753070336321014,495,0.169172932330827,1.00484645348311
Prior correlation,2927,2706,ENSMUSG00000066037,Hnrnpr,F,0.00752907612348086,495,0.169115134950461,1.00450315097081
Prior correlation,2928,2590,ENSMUSG00000036257,Pnpla8,F,0.00746048558889425,495,0.16905737704918,1.00416008295477
Prior correlation,2929,2862,ENSMUSG00000068040,Tm9sf4,F,0.00744688739684502,495,0.168999658586548,1.0038172491948
Prior correlation,2930,1380,ENSMUSG00000033904,Ccp110,F,0.00743267528750893,495,0.168941979522184,1.00347464945105
Prior correlation,2931,2568,ENSMUSG00000026353,Ubxn4,F,0.00739969489693563,495,0.168884339815763,1.00313228348399
Prior correlation,2932,2344,ENSMUSG00000059005,Hnrnpa3,F,0.00734341473531498,495,0.168826739427012,1.00279015105442
Prior correlation,2933,2669,ENSMUSG00000059208,Hnrnpm,F,0.00732560076344397,495,0.168769178315718,1.00244825192348
Prior correlation,2934,2406,ENSMUSG00000026781,Acbd5,F,0.00720403955253532,495,0.168711656441718,1.00210658585261
Prior correlation,2935,2978,ENSMUSG00000021288,Klc1,F,0.00713199107929434,495,0.168654173764906,1.0017651526036
Prior correlation,2936,2034,ENSMUSG00000070544,Top1,F,0.00709193559090488,495,0.168596730245232,1.00142395193854
Prior correlation,2937,2382,ENSMUSG00000034120,Srsf2,F,0.00695157421494574,495,0.168539325842697,1.00108298361987
Prior correlation,2938,2989,ENSMUSG00000035152,Ap2b1,F,0.00694533730973741,495,0.168481960517359,1.00074224741034
Prior correlation,2939,1909,ENSMUSG00000022255,Mtdh,F,0.00693786205286033,495,0.16842463422933,1.00040174307301
Prior correlation,2940,2512,ENSMUSG00000025982,Sf3b1,F,0.00683727930799404,495,0.168367346938776,1.00006147037128
Prior correlation,2941,2355,ENSMUSG00000029422,Rsrc2,F,0.00674878449948471,495,0.168310098605916,0.999721429068877
Prior correlation,2942,2470,ENSMUSG00000031703,Itfg1,F,0.0067460557656788,495,0.168252889191027,0.999381618929832
Prior correlation,2943,2836,ENSMUSG00000060657,Marf1,F,0.00665375030090542,495,0.168195718654434,0.999042039718507
Prior correlation,2944,2735,ENSMUSG00000015165,Hnrnpl,F,0.00646392959885574,495,0.168138586956522,0.998702691199581
Prior correlation,2945,2367,ENSMUSG00000006005,Tpr,F,0.00639597080080198,495,0.168081494057725,0.998363573138053
Prior correlation,2946,2983,ENSMUSG00000064061,Dzip3,F,0.00629814380298976,495,0.168024439918534,0.998024685299242
Prior correlation,2947,2818,ENSMUSG00000014195,Dnajc7,F,0.0062819773667985,495,0.167967424499491,0.997686027448784
Prior correlation,2948,2870,ENSMUSG00000022858,Tra2b,F,0.00624191812562483,495,0.167910447761194,0.997347599352634
Prior correlation,2949,2473,ENSMUSG00000001127,Araf,F,0.0060347687950098,495,0.167853509664293,0.997009400777066
Prior correlation,2950,2800,ENSMUSG00000038324,Trpc4ap,T,0.0059645909755188,496,0.168135593220339,0.998684909128038
Prior correlation,2951,2890,ENSMUSG00000032594,Ip6k1,F,0.00582168127197435,496,0.168078617417824,0.99834648659021
Prior correlation,2952,2768,ENSMUSG00000035247,Hectd1,F,0.00579923920765406,496,0.168021680216802,0.998008293335945
Prior correlation,2953,2433,ENSMUSG00000027770,Dhx36,F,0.00555776466993685,496,0.167964781578056,0.99767032913231
Prior correlation,2954,2567,ENSMUSG00000004798,Ulk2,F,0.00550612036825805,496,0.167907921462424,0.997332593746686
Prior correlation,2955,2753,ENSMUSG00000028797,Tmem234,T,0.00535621853871683,497,0.168189509306261,0.999005157686584
Prior correlation,2956,2541,ENSMUSG00000025369,Smarcc2,T,0.00524831504297139,498,0.168470906630582,1.00067658998647
Prior correlation,2957,2748,ENSMUSG00000032407,U2surp,F,0.00437482889811161,498,0.168413933040243,1.00033818058843
Prior correlation,2958,2508,ENSMUSG00000060073,Psma3,F,0.00399340588230178,498,0.168356997971602,1
